;id;note;text_final;author;header;text_raw
1;12083;ok;"Где наша роза, 
 Друзья мои? 
 Увяла роза, 
 Дитя зари. 
 Не говори: 
 Так вянет младость! 
 Не говори: 
 Вот жизни радость! 
 Цветку скажи: 
 Прости, жалею! 
 И на лилею 
 Нам укажи.


";А. С. Пушкин;Роза : «Где наша роза...»;"Где наша роза, 
 Друзья мои? 
 Увяла роза, 
 Дитя зари. 
 Не говори: 
 Так вянет младость! 
 Не говори: 
 Вот жизни радость! 
 Цветку скажи: 
 Прости, жалею! 
 И на лилею 
 Нам укажи.


"
2;12085;ok;"Слыхали ль вы за рощей глас ночной 
 Певца любви, певца своей печали? 
 Когда поля в час утренний молчали, 
 Свирели звук унылый и простой 
 Слыхали ль вы?


Встречали ль вы в пустынной тьме лесной 
 Певца любви, певца своей печали? 
 Следы ли слез, улыбку ль замечали, 
 Иль тихий взор, исполненный тоской, 
 Встречали вы?


Вздохнули ль вы, внимая тихой глас 
 Певца любви, певца своей печали? 
 Когда в лесах вы юношу видали; 
 Встречая взор его потухших глаз, 
 Вздохнули ль вы?


";А. С. Пушкин;Певец : «Слыхали ль вы за рощей глас ночной...»;"Слыхали ль вы за рощей глас ночной 
 Певца любви, певца своей печали? 
 Когда поля в час утренний молчали, 
 Свирели звук унылый и простой 
 Слыхали ль вы?


Встречали ль вы в пустынной тьме лесной 
 Певца любви, певца своей печали? 
 Следы ли слез, улыбку ль замечали, 
 Иль тихий взор, исполненный тоской, 
 Встречали вы?


Вздохнули ль вы, внимая тихой глас 
 Певца любви, певца своей печали? 
 Когда в лесах вы юношу видали; 
 Встречая взор его потухших глаз, 
 Вздохнули ль вы?


"
3;12036;ok;"Медлительно влекутся дни мои, 
 И каждый миг в унылом сердце множит 
 Все горести несчастливой любви 
 И все мечты безумия тревожит. 
 Но я молчу; не слышен ропот мой; 
 Я слезы лью; мне слезы утешенье; 
 Моя душа, плененная тоской, 
 В них горькое находит наслажденье. 
 О жизни час! лети, не жаль тебя, 
 Исчезни в тьме, пустое привиденье; 
 Мне дорого любви моей мученье -- 
 Пускай умру, но пусть умру любя!


";А. С. Пушкин;Желание : «Медлительно влекутся дни мои...»;"Медлительно влекутся дни мои, 
 И каждый миг в унылом сердце множит 
 Все горести несчастливой любви 
 И все мечты безумия тревожит. 
 Но я молчу; не слышен ропот мой; 
 Я слезы лью; мне слезы утешенье; 
 Моя душа, плененная тоской, 
 В них горькое находит наслажденье. 
 О жизни час! лети, не жаль тебя, 
 Исчезни в тьме, пустое привиденье; 
 Мне дорого любви моей мученье -- 
 Пускай умру, но пусть умру любя!


"
4;12105;ok;"Беги, сокройся от очей, 
 Цитеры слабая царица! 
 Где ты, где ты, гроза царей, 
 Свободы гордая певица? -- 
 Приди, сорви с меня венок, 
 Разбей изнеженную лиру... 
 Хочу воспеть Свободу миру, 
 На тронах поразить порок.


Открой мне благородный след 
 Того возвышенного галла, 
 Кому сама средь славных бед 
 Ты гимны смелые внушала. 
 Питомцы ветреной Судьбы, 
 Тираны мира! трепещите! 
 А вы, мужайтесь и внемлите, 
 Восстаньте, падшие рабы!


Увы! куда ни брошу взор -- 
 Везде бичи, везде железы, 
 Законов гибельный позор, 
 Неволи немощные слезы; 
 Везде неправедная Власть 
 В сгущенной мгле предрассуждений 
 Воссела -- Рабства грозный Гений 
 И Славы роковая страсть.


Лишь там над царскою главой 
 Народов не легло страданье, 
 Где крепко с Вольностью святой 
 Законов мощных сочетанье; 
 Где всем простерт их твердый щит, 
 Где сжатый верными руками 
 Граждан над равными главами 
 Их меч без выбора скользит


И преступленье с высока 
 Сражает праведным размахом; 
 Где не подкупна их рука 
 Ни алчной скупостью, ни страхом. 
 Владыки! вам венец и трон 
 Дает Закон -- а не природа; 
 Стоите выше вы народа, 
 Но вечный выше вас Закон.


И горе, горе племенам, 
 Где дремлет он неосторожно, 
 Где иль народу иль царям 
 Законом властвовать возможно! 
 Тебя в свидетели зову, 
 О мученик ошибок славных, 
 За предков в шуме бурь недавных 
 Сложивший царскую главу.


Восходит к смерти Людовик 
 В виду безмолвного потомства, 
 Главой развенчанной приник 
 К кровавой плахе Вероломства. 
 Молчит Закон -- народ молчит, 
 Падет преступная секира..... 
 И се -- злодейская порфира 
 На галлах скованных лежит.


Самовластительный Злодей! 
 Тебя, твой трон я ненавижу, 
 Твою погибель, смерть детей 
 С жестокой радостию вижу. 
 Читают на твоем челе 
 Печать проклятия народы, 
 Ты ужас мира, стыд природы, 
 Упрек ты богу на земле.


Когда на мрачную Неву 
 Звезда полуночи сверкает, 
 И беззаботную главу 
 Спокойный сон отягощает, 
 Глядит задумчивый певец 
 На грозно спящий средь тумана 
 Пустынный памятник тирана, 
 Забвенью брошенный дворец --


И слышит Клии страшный глас 
 За сими страшными стенами, 
 Калигуллы последний час 
 Он видит живо пред очами, 
 Он видит -- в лентах и звездах, 
 Вином и злобой упоенны 
 Идут убийцы потаенны, 
 На лицах дерзость, в сердце страх.


Молчит неверный часовой, 
 Опущен молча мост подъемный, 
 Врата отверсты в тьме ночной 
 Рукой предательства наемной.... 
 О стыд! о ужас наших дней! 
 Как звери, вторглись янычары!... 
 Падут бесславные удары... 
 Погиб увенчанный злодей.


И днесь учитесь, о цари: 
 Ни наказанья, ни награды, 
 Ни кров темниц, ни алтари 
 Не верные для вас ограды. 
 Склонитесь первые главой 
 Под сень надежную Закона, 
 И станут вечной стражей трона 
 Народов вольность и покой.


";А. С. Пушкин;Вольность (ода) : «Беги, сокройся от очей...»;"Беги, сокройся от очей, 
 Цитеры слабая царица! 
 Где ты, где ты, гроза царей, 
 Свободы гордая певица? -- 
 Приди, сорви с меня венок, 
 Разбей изнеженную лиру... 
 Хочу воспеть Свободу миру, 
 На тронах поразить порок.


Открой мне благородный след 
 Того возвышенного галла, 
 Кому сама средь славных бед 
 Ты гимны смелые внушала. 
 Питомцы ветреной Судьбы, 
 Тираны мира! трепещите! 
 А вы, мужайтесь и внемлите, 
 Восстаньте, падшие рабы!


Увы! куда ни брошу взор -- 
 Везде бичи, везде железы, 
 Законов гибельный позор, 
 Неволи немощные слезы; 
 Везде неправедная Власть 
 В сгущенной мгле предрассуждений 
 Воссела -- Рабства грозный Гений 
 И Славы роковая страсть.


Лишь там над царскою главой 
 Народов не легло страданье, 
 Где крепко с Вольностью святой 
 Законов мощных сочетанье; 
 Где всем простерт их твердый щит, 
 Где сжатый верными руками 
 Граждан над равными главами 
 Их меч без выбора скользит


И преступленье с высока 
 Сражает праведным размахом; 
 Где не подкупна их рука 
 Ни алчной скупостью, ни страхом. 
 Владыки! вам венец и трон 
 Дает Закон -- а не природа; 
 Стоите выше вы народа, 
 Но вечный выше вас Закон.


И горе, горе племенам, 
 Где дремлет он неосторожно, 
 Где иль народу иль царям 
 Законом властвовать возможно! 
 Тебя в свидетели зову, 
 О мученик ошибок славных, 
 За предков в шуме бурь недавных 
 Сложивший царскую главу.


Восходит к смерти Людовик 
 В виду безмолвного потомства, 
 Главой развенчанной приник 
 К кровавой плахе Вероломства. 
 Молчит Закон -- народ молчит, 
 Падет преступная секира..... 
 И се -- злодейская порфира 
 На галлах скованных лежит.


Самовластительный Злодей! 
 Тебя, твой трон я ненавижу, 
 Твою погибель, смерть детей 
 С жестокой радостию вижу. 
 Читают на твоем челе 
 Печать проклятия народы, 
 Ты ужас мира, стыд природы, 
 Упрек ты богу на земле.


Когда на мрачную Неву 
 Звезда полуночи сверкает, 
 И беззаботную главу 
 Спокойный сон отягощает, 
 Глядит задумчивый певец 
 На грозно спящий средь тумана 
 Пустынный памятник тирана, 
 Забвенью брошенный дворец --


И слышит Клии страшный глас 
 За сими страшными стенами, 
 Калигуллы последний час 
 Он видит живо пред очами, 
 Он видит -- в лентах и звездах, 
 Вином и злобой упоенны 
 Идут убийцы потаенны, 
 На лицах дерзость, в сердце страх.


Молчит неверный часовой, 
 Опущен молча мост подъемный, 
 Врата отверсты в тьме ночной 
 Рукой предательства наемной.... 
 О стыд! о ужас наших дней! 
 Как звери, вторглись янычары!... 
 Падут бесславные удары... 
 Погиб увенчанный злодей.


И днесь учитесь, о цари: 
 Ни наказанья, ни награды, 
 Ни кров темниц, ни алтари 
 Не верные для вас ограды. 
 Склонитесь первые главой 
 Под сень надежную Закона, 
 И станут вечной стражей трона 
 Народов вольность и покой.


"
5;12112;ok;"Когда, к мечтательному миру 
 Стремясь возвышенной душой, 
 Ты держишь на коленях лиру 
 Нетерпеливою рукой; 
 Когда сменяются виденья 
 Перед тобой в волшебной мгле, 
 И быстрый холод вдохновенья 
 Власы подъемлет на челе, -- 
 Ты прав, творишь ты для немногих, 
 Не для завистливых судей, 
 Не для сбирателей убогих 
 Чужих суждений и вестей, 
 Но для друзей таланта строгих, 
 Священной истины друзей. 
 Не всякого полюбит счастье, 
 Не все родились для венцов. 
 Блажен, кто знает сладострастье 
 Высоких мыслей и стихов! 
 Кто наслаждение прекрасным 
 В прекрасный получил удел 
 И твой восторг уразумел 
 Восторгом пламенным и ясным.


";А. С. Пушкин;Жуковскому : «Когда, к мечтательному миру...»;"Когда, к мечтательному миру 
 Стремясь возвышенной душой, 
 Ты держишь на коленях лиру 
 Нетерпеливою рукой; 
 Когда сменяются виденья 
 Перед тобой в волшебной мгле, 
 И быстрый холод вдохновенья 
 Власы подъемлет на челе, -- 
 Ты прав, творишь ты для немногих, 
 Не для завистливых судей, 
 Не для сбирателей убогих 
 Чужих суждений и вестей, 
 Но для друзей таланта строгих, 
 Священной истины друзей. 
 Не всякого полюбит счастье, 
 Не все родились для венцов. 
 Блажен, кто знает сладострастье 
 Высоких мыслей и стихов! 
 Кто наслаждение прекрасным 
 В прекрасный получил удел 
 И твой восторг уразумел 
 Восторгом пламенным и ясным.


"
;;;"В Дориде нравятся и локоны златые,
И бледное лицо, и очи голубые….
Вчера, друзей моих оставя пир ночной,
В ее объятиях я негу пил душой;
Восторги быстрые восторгами сменялись,
Желанья гасли вдруг и снова разгорались;
Я таял; но среди неверной темноты
Другие милые мне виделись черты,
И весь я полон был таинственной печали,
И имя чуждое уста мои шептали.";А. С. Пушкин;Дорида : «В Дориде нравятся и локоны златые…»;
6;12136;ok;"Приветствую тебя, пустынный уголок, 
 Приют спокойствия, трудов и вдохновенья, 
 Где льется дней моих невидимый поток 
 На лоне счастья и забвенья. 
 Я твой -- я променял порочный двор Цирцей, 
 Роскошные пиры, забавы, заблужденья 
 На мирный шум дубров, на тишину полей, 
 На праздность вольную, подругу размышленья.


Я твой -- люблю сей темный сад 
 С его прохладой и цветами, 
 Сей луг, уставленный душистыми скирдами, 
 Где светлые ручьи в кустарниках шумят. 
 Везде передо мной подвижные картины: 
 Здесь вижу двух озер лазурные равнины, 
 Где парус рыбаря белеет иногда, 
 За ними ряд холмов и нивы полосаты, 
 Вдали рассыпанные хаты, 
 На влажных берегах бродящие стада, 
 Овины дымные и мельницы крилаты; 
 Везде следы довольства и труда...


Я здесь, от суетных оков освобожденный, 
 Учуся в Истинне блаженство находить, 
 Свободною душой Закон боготворить, 
 Роптанью не внимать толпы непросвещенной, 
 Участьем отвечать застенчивой Мольбе 
 И не завидывать судьбе 
 Злодея иль глупца -- в величии неправом.


Оракулы веков, здесь вопрошаю вас! 
 В уединеньи величавом 
 Слышнее ваш отрадный глас. 
 Он гонит лени сон угрюмый, 
 К трудам рождает жар во мне, 
 И ваши творческие думы 
 В душевной зреют глубине.


Но мысль ужасная здесь душу омрачает: 
 Среди цветущих нив и гор 
 Друг человечества печально замечает 
 Везде Невежества убийственный Позор. 
 Не видя слез, не внемля стона, 
 На пагубу людей избранное Судьбой, 
 Здесь Барство дикое, без чувства, без закона, 
 Присвоило себе насильственной лозой 
 И труд, и собственность, и время земледельца. 
 Склонясь на чуждый плуг, покорствуя бичам, 
 Здесь Рабство тощее влачится по браздам 
 Неумолимого Владельца. 
 Здесь тягостный ярем до гроба все влекут, 
 Надежд и склонностей в душе питать не смея, 
 Здесь девы юные цветут 
 Для прихоти бесчувственной злодея. 
 Опора милая стареющих отцов, 
 Младые сыновья, товарищи трудов, 
 Из хижины родной идут собой умножить 
 Дворовые толпы измученных рабов. 
 О, если б голос мой умел сердца тревожить! 
 Почто в груди моей горит бесплодный жар, 
 И не дан мне судьбой Витийства грозный дар? 
 Увижу ль, о друзья! народ неугнетенный 
 И Рабство, падшее по манию царя, 
 И над отечеством Свободы просвещенной 
 Взойдет ли наконец прекрасная Заря?


";А. С. Пушкин;Деревня : «Приветствую тебя, пустынный уголок...»;"Приветствую тебя, пустынный уголок, 
 Приют спокойствия, трудов и вдохновенья, 
 Где льется дней моих невидимый поток 
 На лоне счастья и забвенья. 
 Я твой -- я променял порочный двор Цирцей, 
 Роскошные пиры, забавы, заблужденья 
 На мирный шум дубров, на тишину полей, 
 На праздность вольную, подругу размышленья.


Я твой -- люблю сей темный сад 
 С его прохладой и цветами, 
 Сей луг, уставленный душистыми скирдами, 
 Где светлые ручьи в кустарниках шумят. 
 Везде передо мной подвижные картины: 
 Здесь вижу двух озер лазурные равнины, 
 Где парус рыбаря белеет иногда, 
 За ними ряд холмов и нивы полосаты, 
 Вдали рассыпанные хаты, 
 На влажных берегах бродящие стада, 
 Овины дымные и мельницы крилаты; 
 Везде следы довольства и труда...


Я здесь, от суетных оков освобожденный, 
 Учуся в Истинне блаженство находить, 
 Свободною душой Закон боготворить, 
 Роптанью не внимать толпы непросвещенной, 
 Участьем отвечать застенчивой Мольбе 
 И не завидывать судьбе 
 Злодея иль глупца -- в величии неправом.


Оракулы веков, здесь вопрошаю вас! 
 В уединеньи величавом 
 Слышнее ваш отрадный глас. 
 Он гонит лени сон угрюмый, 
 К трудам рождает жар во мне, 
 И ваши творческие думы 
 В душевной зреют глубине.


Но мысль ужасная здесь душу омрачает: 
 Среди цветущих нив и гор 
 Друг человечества печально замечает 
 Везде Невежества убийственный Позор. 
 Не видя слез, не внемля стона, 
 На пагубу людей избранное Судьбой, 
 Здесь Барство дикое, без чувства, без закона, 
 Присвоило себе насильственной лозой 
 И труд, и собственность, и время земледельца. 
 Склонясь на чуждый плуг, покорствуя бичам, 
 Здесь Рабство тощее влачится по браздам 
 Неумолимого Владельца. 
 Здесь тягостный ярем до гроба все влекут, 
 Надежд и склонностей в душе питать не смея, 
 Здесь девы юные цветут 
 Для прихоти бесчувственной злодея. 
 Опора милая стареющих отцов, 
 Младые сыновья, товарищи трудов, 
 Из хижины родной идут собой умножить 
 Дворовые толпы измученных рабов. 
 О, если б голос мой умел сердца тревожить! 
 Почто в груди моей горит бесплодный жар, 
 И не дан мне судьбой Витийства грозный дар? 
 Увижу ль, о друзья! народ неугнетенный 
 И Рабство, падшее по манию царя, 
 И над отечеством Свободы просвещенной 
 Взойдет ли наконец прекрасная Заря?


"
7;12154;ok;"Художник-варвар кистью сонной 
 Картину гения чернит 
 И свой рисунок беззаконный 
 Над ней бессмысленно чертит.


Но краски чуждые, с летами, 
 Спадают ветхой чешуей; 
 Созданье гения пред нами 
 Выходит с прежней красотой.


Так исчезают заблужденья 
 С измученной души моей, 
 И возникают в ней виденья 
 Первоначальных, чистых дней.


";А. С. Пушкин;Возрождение : «Художник-варвар кистью сонной...»;"Художник-варвар кистью сонной 
 Картину гения чернит 
 И свой рисунок беззаконный 
 Над ней бессмысленно чертит.


Но краски чуждые, с летами, 
 Спадают ветхой чешуей; 
 Созданье гения пред нами 
 Выходит с прежней красотой.


Так исчезают заблужденья 
 С измученной души моей, 
 И возникают в ней виденья 
 Первоначальных, чистых дней.


"
8;12182;ok;"Погасло дневное светило; 
 На море синее вечерний пал туман. 
 Шуми, шуми, послушное ветрило, 
 Волнуйся подо мной, угрюмый океан. 
 Я вижу берег отдаленный, 
 Земли полуденной волшебные края; 
 С волненьем и тоской туда стремлюся я, 
 Воспоминаньем упоенный... 
 И чувствую: в очах родились слезы вновь; 
 Душа кипит и замирает; 
 Мечта знакомая вокруг меня летает; 
 Я вспомнил прежних лет безумную любовь, 
 И всё, чем я страдал, и всё, что сердцу мило, 
 Желаний и надежд томительный обман... 
 Шуми, шуми, послушное ветрило, 
 Волнуйся подо мной, угрюмый океан. 
 Лети, корабль, неси меня к пределам дальным 
 По грозной прихоти обманчивых морей, 
 Но только не к брегам печальным 
 Туманной родины моей, 
 Страны, где пламенем страстей 
 Впервые чувства разгарались, 
 Где музы нежные мне тайно улыбались, 
 Где рано в бурях отцвела 
 Моя потерянная младость, 
 Где легкокрылая мне изменила радость 
 И сердце хладное страданью предала. 
 Искатель новых впечатлений, 
 Я вас бежал, отечески края; 
 Я вас бежал, питомцы наслаждений, 
 Минутной младости минутные друзья; 
 И вы, наперсницы порочных заблуждений, 
 Которым без любви я жертвовал собой, 
 Покоем, славою, свободой и душой, 
 И вы забыты мной, изменницы младые, 
 Подруги тайные моей весны златыя, 
 И вы забыты мной... Но прежних сердца ран, 
 Глубоких ран любви, ничто не излечило... 
 Шуми, шуми, послушное ветрило, 
 Волнуйся подо мной, угрюмый океан...


";А. С. Пушкин;«Погасло дневное светило...»;"Погасло дневное светило; 
 На море синее вечерний пал туман. 
 Шуми, шуми, послушное ветрило, 
 Волнуйся подо мной, угрюмый океан. 
 Я вижу берег отдаленный, 
 Земли полуденной волшебные края; 
 С волненьем и тоской туда стремлюся я, 
 Воспоминаньем упоенный... 
 И чувствую: в очах родились слезы вновь; 
 Душа кипит и замирает; 
 Мечта знакомая вокруг меня летает; 
 Я вспомнил прежних лет безумную любовь, 
 И всё, чем я страдал, и всё, что сердцу мило, 
 Желаний и надежд томительный обман... 
 Шуми, шуми, послушное ветрило, 
 Волнуйся подо мной, угрюмый океан. 
 Лети, корабль, неси меня к пределам дальным 
 По грозной прихоти обманчивых морей, 
 Но только не к брегам печальным 
 Туманной родины моей, 
 Страны, где пламенем страстей 
 Впервые чувства разгарались, 
 Где музы нежные мне тайно улыбались, 
 Где рано в бурях отцвела 
 Моя потерянная младость, 
 Где легкокрылая мне изменила радость 
 И сердце хладное страданью предала. 
 Искатель новых впечатлений, 
 Я вас бежал, отечески края; 
 Я вас бежал, питомцы наслаждений, 
 Минутной младости минутные друзья; 
 И вы, наперсницы порочных заблуждений, 
 Которым без любви я жертвовал собой, 
 Покоем, славою, свободой и душой, 
 И вы забыты мной, изменницы младые, 
 Подруги тайные моей весны златыя, 
 И вы забыты мной... Но прежних сердца ран, 
 Глубоких ран любви, ничто не излечило... 
 Шуми, шуми, послушное ветрило, 
 Волнуйся подо мной, угрюмый океан...


"
9;12264;ok;"Сижу за решеткой в темнице сырой. 
 Вскормленный в неволе орел молодой, 
 Мой грустный товарищ, махая крылом, 
 Кровавую пищу клюет под окном,


Клюет, и бросает, и смотрит в окно, 
 Как будто со мною задумал одно. 
 Зовет меня взглядом и криком своим 
 И вымолвить хочет: «Давай, улетим!


Мы вольные птицы; пора, брат, пора! 
 Туда, где за тучей белеет гора, 
 Туда, где синеют морские края, 
 Туда, где гуляем лишь ветер... да я!...»


";А. С. Пушкин;Узник : «Сижу за решеткой в темнице сырой...»;"Сижу за решеткой в темнице сырой. 
 Вскормленный в неволе орел молодой, 
 Мой грустный товарищ, махая крылом, 
 Кровавую пищу клюет под окном,


Клюет, и бросает, и смотрит в окно, 
 Как будто со мною задумал одно. 
 Зовет меня взглядом и криком своим 
 И вымолвить хочет: «Давай, улетим!


Мы вольные птицы; пора, брат, пора! 
 Туда, где за тучей белеет гора, 
 Туда, где синеют морские края, 
 Туда, где гуляем лишь ветер... да я!...»


"
10;12275;ok;"Мой голос для тебя и ласковый и томный 
 Тревожит поздное молчанье ночи темной. 
 Близ ложа моего печальная свеча 
 Горит; мои стихи, сливаясь и журча, 
 Текут, ручьи любви; текут полны тобою. 
 Во тьме твои глаза блистают предо мною, 
 Мне улыбаются -- и звуки слышу я: 
 Мой друг, мой нежный друг... люблю... твоя... твоя!..


";А. С. Пушкин;Ночь : «Мой голос для тебя и ласковый и томный...»;"Мой голос для тебя и ласковый и томный 
 Тревожит поздное молчанье ночи темной. 
 Близ ложа моего печальная свеча 
 Горит; мои стихи, сливаясь и журча, 
 Текут, ручьи любви; текут полны тобою. 
 Во тьме твои глаза блистают предо мною, 
 Мне улыбаются -- и звуки слышу я: 
 Мой друг, мой нежный друг... люблю... твоя... твоя!..


"
11;12302;ok;"Прощай, свободная стихия! 
 В последний раз передо мной 
 Ты катишь волны голубые 
 И блещешь гордою красой.


Как друга ропот заунывный, 
 Как зов его в прощальный час, 
 Твой грустный шум, твой шум призывный 
 Услышал я в последний раз.


Моей души предел желанный! 
 Как часто по брегам твоим 
 Бродил я тихий и туманный, 
 Заветным умыслом томим!


Как я любил твои отзывы, 
 Глухие звуки, бездны глас 
 И тишину в вечерний час, 
 И своенравные порывы!


Смиренный парус рыбарей, 
 Твоею прихотью хранимый, 
 Скользит отважно средь зыбей: 
 Но ты взыграл, неодолимый, 
 И стая тонет кораблей.


Не удалось навек оставить 
 Мне скучный, неподвижный брег, 
 Тебя восторгами поздравить 
 И по хребтам твоим направить 
 Мой поэтической побег!


Ты ждал, ты звал... я был окован; 
 Вотще рвалась душа моя: 
 Могучей страстью очарован, 
 У берегов остался я...


О чем жалеть? Куда бы ныне 
 Я путь беспечный устремил? 
 Один предмет в твоей пустыне 
 Мою бы душу поразил.


Одна скала, гробница славы... 
 Там погружались в хладный сон 
 Воспоминанья величавы: 
 Там угасал Наполеон.


Там он почил среди мучений. 
 И вслед за ним, как бури шум, 
 Другой от нас умчался гений, 
 Другой властитель наших дум.


Исчез, оплаканный свободой, 
 Оставя миру свой венец. 
 Шуми, взволнуйся непогодой: 
 Он был, о море, твой певец.


Твой образ был на нем означен, 
 Он духом создан был твоим: 
 Как ты, могущ, глубок и мрачен, 
 Как ты, ничем неукротим.


Мир опустел... Теперь куда же 
 Меня б ты вынес, океан? 
 Судьба людей повсюду та же: 
 Где благо, там уже на страже 
 Иль просвещенье, иль тиран.


Прощай же, море! Не забуду 
 Твоей торжественной красы 
 И долго, долго слышать буду 
 Твой гул в вечерние часы.


В леса, в пустыни молчаливы 
 Перенесу, тобою полн, 
 Твои скалы, твои заливы, 
 И блеск, и тень, и говор волн.


";А. С. Пушкин;К морю : «Прощай, свободная стихия!..»;"Прощай, свободная стихия! 
 В последний раз передо мной 
 Ты катишь волны голубые 
 И блещешь гордою красой.


Как друга ропот заунывный, 
 Как зов его в прощальный час, 
 Твой грустный шум, твой шум призывный 
 Услышал я в последний раз.


Моей души предел желанный! 
 Как часто по брегам твоим 
 Бродил я тихий и туманный, 
 Заветным умыслом томим!


Как я любил твои отзывы, 
 Глухие звуки, бездны глас 
 И тишину в вечерний час, 
 И своенравные порывы!


Смиренный парус рыбарей, 
 Твоею прихотью хранимый, 
 Скользит отважно средь зыбей: 
 Но ты взыграл, неодолимый, 
 И стая тонет кораблей.


Не удалось навек оставить 
 Мне скучный, неподвижный брег, 
 Тебя восторгами поздравить 
 И по хребтам твоим направить 
 Мой поэтической побег!


Ты ждал, ты звал... я был окован; 
 Вотще рвалась душа моя: 
 Могучей страстью очарован, 
 У берегов остался я...


О чем жалеть? Куда бы ныне 
 Я путь беспечный устремил? 
 Один предмет в твоей пустыне 
 Мою бы душу поразил.


Одна скала, гробница славы... 
 Там погружались в хладный сон 
 Воспоминанья величавы: 
 Там угасал Наполеон.


Там он почил среди мучений. 
 И вслед за ним, как бури шум, 
 Другой от нас умчался гений, 
 Другой властитель наших дум.


Исчез, оплаканный свободой, 
 Оставя миру свой венец. 
 Шуми, взволнуйся непогодой: 
 Он был, о море, твой певец.


Твой образ был на нем означен, 
 Он духом создан был твоим: 
 Как ты, могущ, глубок и мрачен, 
 Как ты, ничем неукротим.


Мир опустел... Теперь куда же 
 Меня б ты вынес, океан? 
 Судьба людей повсюду та же: 
 Где благо, там уже на страже 
 Иль просвещенье, иль тиран.


Прощай же, море! Не забуду 
 Твоей торжественной красы 
 И долго, долго слышать буду 
 Твой гул в вечерние часы.


В леса, в пустыни молчаливы 
 Перенесу, тобою полн, 
 Твои скалы, твои заливы, 
 И блеск, и тень, и говор волн.


"
12;12360;ok;"Я помню чудное мгновенье: 
 Передо мной явилась ты, 
 Как мимолетное виденье, 
 Как гений чистой красоты.


В томленьях грусти безнадежной, 
 В тревогах шумной суеты, 
 Звучал мне долго голос нежный, 
 И снились милые черты.


Шли годы. Бурь порыв мятежный 
 Рассеял прежние мечты, 
 И я забыл твой голос нежный, 
 Твои небесные черты.


В глуши, во мраке заточенья 
 Тянулись тихо дни мои 
 Без божества, без вдохновенья, 
 Без слез, без жизни, без любви.


Душе настало пробужденье: 
 И вот опять явилась ты, 
 Как мимолетное виденье, 
 Как гений чистой красоты.


И сердце бьется в упоенье, 
 И для него воскресли вновь 
 И божество и вдохновенье, 
 И жизнь, и слезы, и любовь.


";А. С. Пушкин;К*** (Керн) : «Я помню чудное мгновенье...»;"Я помню чудное мгновенье: 
 Передо мной явилась ты, 
 Как мимолетное виденье, 
 Как гений чистой красоты.


В томленьях грусти безнадежной, 
 В тревогах шумной суеты, 
 Звучал мне долго голос нежный, 
 И снились милые черты.


Шли годы. Бурь порыв мятежный 
 Рассеял прежние мечты, 
 И я забыл твой голос нежный, 
 Твои небесные черты.


В глуши, во мраке заточенья 
 Тянулись тихо дни мои 
 Без божества, без вдохновенья, 
 Без слез, без жизни, без любви.


Душе настало пробужденье: 
 И вот опять явилась ты, 
 Как мимолетное виденье, 
 Как гений чистой красоты.


И сердце бьется в упоенье, 
 И для него воскресли вновь 
 И божество и вдохновенье, 
 И жизнь, и слезы, и любовь.


"
13;12459;ok;"Духовной жаждою томим, 
 В пустыне мрачной я влачился, -- 
 И шестикрылый серафим 
 На перепутьи мне явился. 
 Перстами легкими как сон 
 Моих зениц коснулся он. 
 Отверзлись вещие зеницы, 
 Как у испуганной орлицы. 
 Моих ушей коснулся он, -- 
 И их наполнил шум и звон: 
 И внял я неба содроганье, 
 И горний ангелов полет, 
 И гад морских подводный ход, 
 И дольней лозы прозябанье. 
 И он к устам моим приник, 
 И вырвал грешный мой язык, 
 И празднословный, и лукавый, 
 И жало мудрыя змеи 
 В уста замершие мои 
 Вложил десницею кровавой. 
 И он мне грудь рассек мечом, 
 И сердце трепетное вынул 
 И угль, пылающий огнем, 
 Во грудь отверстую водвинул. 
 Как труп в пустыне я лежал, 
 И бога глас ко мне воззвал: 
 «Восстань, пророк, и виждь, и внемли, 
 Исполнись волею моей, 
 И, обходя моря и земли, 
 Глаголом жги сердца людей».


";А. С. Пушкин;Пророк : «Духовной жаждою томим...»;"Духовной жаждою томим, 
 В пустыне мрачной я влачился, -- 
 И шестикрылый серафим 
 На перепутьи мне явился. 
 Перстами легкими как сон 
 Моих зениц коснулся он. 
 Отверзлись вещие зеницы, 
 Как у испуганной орлицы. 
 Моих ушей коснулся он, -- 
 И их наполнил шум и звон: 
 И внял я неба содроганье, 
 И горний ангелов полет, 
 И гад морских подводный ход, 
 И дольней лозы прозябанье. 
 И он к устам моим приник, 
 И вырвал грешный мой язык, 
 И празднословный, и лукавый, 
 И жало мудрыя змеи 
 В уста замершие мои 
 Вложил десницею кровавой. 
 И он мне грудь рассек мечом, 
 И сердце трепетное вынул 
 И угль, пылающий огнем, 
 Во грудь отверстую водвинул. 
 Как труп в пустыне я лежал, 
 И бога глас ко мне воззвал: 
 «Восстань, пророк, и виждь, и внемли, 
 Исполнись волею моей, 
 И, обходя моря и земли, 
 Глаголом жги сердца людей».


"
14;12461;ok;"Подруга дней моих суровых, 
 Голубка дряхлая моя! 
 Одна в глуши лесов сосновых 
 Давно, давно ты ждешь меня. 
 Ты под окном своей светлицы 
 Горюешь, будто на часах, 
 И медлят поминутно спицы 
 В твоих наморщенных руках. 
 Глядишь в забытые вороты 
 На черный отдаленный путь: 
 Тоска, предчувствия, заботы 
 Теснят твою всечасно грудь. 
 То чудится тебе


";А. С. Пушкин;Няне : «Подруга дней моих суровых...»;"Подруга дней моих суровых, 
 Голубка дряхлая моя! 
 Одна в глуши лесов сосновых 
 Давно, давно ты ждешь меня. 
 Ты под окном своей светлицы 
 Горюешь, будто на часах, 
 И медлят поминутно спицы 
 В твоих наморщенных руках. 
 Глядишь в забытые вороты 
 На черный отдаленный путь: 
 Тоска, предчувствия, заботы 
 Теснят твою всечасно грудь. 
 То чудится тебе


"
15;12480;ok;"В степи мирской, печальной и безбрежной 
 Таинственно пробились три ключа: 
 Ключ Юности, ключ быстрый и мятежный, 
 Кипит, бежит, сверкая и журча. 
 Кастальской ключ волною вдохновенья 
 В степи мирской изгнанников поит. 
 Последний ключ -- холодный ключ Забвенья, 
 Он слаще всех жар сердца утолит.


";А. С. Пушкин;«В степи мирской, печальной и безбрежной...»;"В степи мирской, печальной и безбрежной 
 Таинственно пробились три ключа: 
 Ключ Юности, ключ быстрый и мятежный, 
 Кипит, бежит, сверкая и журча. 
 Кастальской ключ волною вдохновенья 
 В степи мирской изгнанников поит. 
 Последний ключ -- холодный ключ Забвенья, 
 Он слаще всех жар сердца утолит.


"
16;12481;ok;"Нас было много на челне; 
 Иные парус напрягали, 
 Другие дружно упирали 
 В глубь мощны веслы. В тишине 
 На руль склонясь, наш кормщик умный 
 В молчаньи правил грузный чолн; 
 А я -- беспечной веры полн -- 
 Пловцам я пел.... Вдруг лоно волн 
 Измял с налету вихорь шумный.... 
 Погиб и кормщик и пловец! -- 
 Лишь я, таинственный певец, 
 На берег выброшен грозою, 
 Я гимны прежние пою 
 И ризу влажную мою 
 Сушу на солнце под скалою.


";А. С. Пушкин;Арион : «Нас было много на челне...»;"Нас было много на челне; 
 Иные парус напрягали, 
 Другие дружно упирали 
 В глубь мощны веслы. В тишине 
 На руль склонясь, наш кормщик умный 
 В молчаньи правил грузный чолн; 
 А я -- беспечной веры полн -- 
 Пловцам я пел.... Вдруг лоно волн 
 Измял с налету вихорь шумный.... 
 Погиб и кормщик и пловец! -- 
 Лишь я, таинственный певец, 
 На берег выброшен грозою, 
 Я гимны прежние пою 
 И ризу влажную мою 
 Сушу на солнце под скалою.


"
17;12487;ok;"Пока не требует поэта 
 К священной жертве Аполлон, 
 В заботах суетного света 
 Он малодушно погружен; 
 Молчит его святая лира; 
 Душа вкушает хладный сон, 
 И меж детей ничтожных мира, 
 Быть может, всех ничтожней он.


Но лишь божественный глагол 
 До слуха чуткого коснется, 
 Душа поэта встрепенется, 
 Как пробудившийся орел. 
 Тоскует он в забавах мира, 
 Людской чуждается молвы, 
 К ногам народного кумира 
 Не клонит гордой головы; 
 Бежит он, дикой и суровый, 
 И звуков и смятенья полн, 
 На берега пустынных волн, 
 В широкошумные дубровы...


";А. С. Пушкин;Поэт : «Пока не требует поэта...»;"Пока не требует поэта 
 К священной жертве Аполлон, 
 В заботах суетного света 
 Он малодушно погружен; 
 Молчит его святая лира; 
 Душа вкушает хладный сон, 
 И меж детей ничтожных мира, 
 Быть может, всех ничтожней он.


Но лишь божественный глагол 
 До слуха чуткого коснется, 
 Душа поэта встрепенется, 
 Как пробудившийся орел. 
 Тоскует он в забавах мира, 
 Людской чуждается молвы, 
 К ногам народного кумира 
 Не клонит гордой головы; 
 Бежит он, дикой и суровый, 
 И звуков и смятенья полн, 
 На берега пустынных волн, 
 В широкошумные дубровы...


"
18;12508;ok;"Когда для смертного умолкнет шумный день, 
 И на немые стогны града 
 Полупрозрачная наляжет ночи тень 
 И сон, дневных трудов награда, 
 В то время для меня влачатся в тишине 
 Часы томительного бденья: 
 В бездействии ночном живей горят во мне 
 Змеи сердечной угрызенья; 
 Мечты кипят; в уме, подавленном тоской, 
 Теснится тяжких дум избыток; 
 Воспоминание безмолвно предо мной 
 Свой длинный развивает свиток; 
 И с отвращением читая жизнь мою, 
 Я трепещу и проклинаю, 
 И горько жалуюсь, и горько слезы лью, 
 Но строк печальных не смываю.


";А. С. Пушкин;Воспоминание : «Когда для смертного умолкнет шумный день...»;"Когда для смертного умолкнет шумный день, 
 И на немые стогны града 
 Полупрозрачная наляжет ночи тень 
 И сон, дневных трудов награда, 
 В то время для меня влачатся в тишине 
 Часы томительного бденья: 
 В бездействии ночном живей горят во мне 
 Змеи сердечной угрызенья; 
 Мечты кипят; в уме, подавленном тоской, 
 Теснится тяжких дум избыток; 
 Воспоминание безмолвно предо мной 
 Свой длинный развивает свиток; 
 И с отвращением читая жизнь мою, 
 Я трепещу и проклинаю, 
 И горько жалуюсь, и горько слезы лью, 
 Но строк печальных не смываю.


"
19;12510;ok;"Дар напрасный, дар случайный, 
 Жизнь, зачем ты мне дана? 
 Иль зачем судьбою тайной 
 Ты на казнь осуждена?


Кто меня враждебной властью 
 Из ничтожества воззвал, 
 Душу мне наполнил страстью, 
 Ум сомненьем взволновал?...


Цели нет передо мною: 
 Сердце пусто, празден ум, 
 И томит меня тоскою 
 Однозвучный жизни шум.


";А. С. Пушкин;«Дар напрасный, дар случайный...»;"Дар напрасный, дар случайный, 
 Жизнь, зачем ты мне дана? 
 Иль зачем судьбою тайной 
 Ты на казнь осуждена?


Кто меня враждебной властью 
 Из ничтожества воззвал, 
 Душу мне наполнил страстью, 
 Ум сомненьем взволновал?...


Цели нет передо мною: 
 Сердце пусто, празден ум, 
 И томит меня тоскою 
 Однозвучный жизни шум.


"
20;12521;ok;"Снова тучи надо мною 
 Собралися в тишине; 
 Рок завистливый бедою 
 Угрожает снова мне... 
 Сохраню ль к судьбе презренье? 
 Понесу ль навстречу ей 
 Непреклонность и терпенье 
 Гордой юности моей?


Бурной жизнью утомленный, 
 Равнодушно бури жду: 
 Может быть, еще спасенный, 
 Снова пристань я найду.... 
 Но предчувствуя разлуку, 
 Неизбежный, грозный час, 
 Сжать твою, мой ангел, руку 
 Я спешу в последний раз.


Ангел кроткий, безмятежный, 
 Тихо молви мне: прости, 
 Опечалься: взор свой нежный 
 Подыми иль опусти; 
 И твое воспоминанье 
 Заменит душе моей 
 Силу, гордость, упованье 
 И отвагу юных дней.


";А. С. Пушкин;Предчувствие : «Снова тучи надо мною...»;"Снова тучи надо мною 
 Собралися в тишине; 
 Рок завистливый бедою 
 Угрожает снова мне... 
 Сохраню ль к судьбе презренье? 
 Понесу ль навстречу ей 
 Непреклонность и терпенье 
 Гордой юности моей?


Бурной жизнью утомленный, 
 Равнодушно бури жду: 
 Может быть, еще спасенный, 
 Снова пристань я найду.... 
 Но предчувствуя разлуку, 
 Неизбежный, грозный час, 
 Сжать твою, мой ангел, руку 
 Я спешу в последний раз.


Ангел кроткий, безмятежный, 
 Тихо молви мне: прости, 
 Опечалься: взор свой нежный 
 Подыми иль опусти; 
 И твое воспоминанье 
 Заменит душе моей 
 Силу, гордость, упованье 
 И отвагу юных дней.


"
21;12557;ok;"На холмах Грузии лежит ночная мгла; 
 Шумит Арагва предо мною. 
 Мне грустно и легко; печаль моя светла; 
 Печаль моя полна тобою, 
 Тобой, одной тобой... Унынья моего 
 Ничто не мучит, не тревожит, 
 И сердце вновь горит и любит -- оттого, 
 Что не любить оно не может.


";А. С. Пушкин;«На холмах Грузии лежит ночная мгла...»;"На холмах Грузии лежит ночная мгла; 
 Шумит Арагва предо мною. 
 Мне грустно и легко; печаль моя светла; 
 Печаль моя полна тобою, 
 Тобой, одной тобой... Унынья моего 
 Ничто не мучит, не тревожит, 
 И сердце вновь горит и любит -- оттого, 
 Что не любить оно не может.


"
;;;"Мороз и солнце; день чудесный!
Еще ты дремлешь, друг прелестный -
Пора, красавица, проснись:
Открой сомкнуты негой взоры
Навстречу северной Авроры,
Звездою севера явись!

Вечор, ты помнишь, вьюга злилась,
На мутном небе мгла носилась;
Луна, как бледное пятно,
Сквозь тучи мрачные желтела,
И ты печальная сидела ―
А нынче….. погляди в окно:

Под голубыми небесами
Великолепными коврами,
Блестя на солнце, снег лежит;
Прозрачный лес один чернеет,
И ель сквозь иней зеленеет,
И речка подо льдом блестит.

Вся комната янтарным блеском
Озарена.  Веселым треском
Трещит затопленная печь.
Приятно думать у лежанки.
Но знаешь: не велеть ли в санки
Кобылку бурую запречь?

Скользя по утреннему снегу,
Друг милый, предадимся бегу
Нетерпеливого коня
И навестим поля пустые,
Леса, недавно столь густые,
И берег, милый для меня.";А. С. Пушкин;Зимнее утро : «Мороз и солнце день чудесный!..»;
22;12584;ok;"Я вас любил: любовь еще, быть может, 
 В душе моей угасла не совсем; 
 Но пусть она вас больше не тревожит; 
 Я не хочу печалить вас ничем. 
 Я вас любил безмолвно, безнадежно, 
 То робостью, то ревностью томим; 
 Я вас любил так искренно, так нежно, 
 Как дай вам бог любимой быть другим.


";А. С. Пушкин;«Я вас любил: любовь еще, быть может...»;"Я вас любил: любовь еще, быть может, 
 В душе моей угасла не совсем; 
 Но пусть она вас больше не тревожит; 
 Я не хочу печалить вас ничем. 
 Я вас любил безмолвно, безнадежно, 
 То робостью, то ревностью томим; 
 Я вас любил так искренно, так нежно, 
 Как дай вам бог любимой быть другим.


"
23;12588;ok;"Брожу ли я вдоль улиц шумных, 
 Вхожу ль во многолюдный храм, 
 Сижу ль меж юношей безумных, 
 Я предаюсь моим мечтам.


Я говорю: промчатся годы, 
 И сколько здесь ни видно нас, 
 Мы все сойдем под вечны своды -- 
 И чей-нибудь уж близок час.


Гляжу ль на дуб уединенный, 
 Я мыслю: патриарх лесов 
 Переживет мой век забвенный, 
 Как пережил он век отцов.


Младенца ль милого ласкаю, 
 Уже я думаю: прости! 
 Тебе я место уступаю; 
 Мне время тлеть, тебе цвести.


День каждый, каждую годину 
 Привык я думой провождать, 
 Грядущей смерти годовщину 
 Меж их стараясь угадать.


И где мне смерть пошлет судьбина? 
 В бою ли, в странствии, в волнах? 
 Или соседняя долина 
 Мой примет охладелый прах?


И хоть бесчувственному телу 
 Равно повсюду истлевать, 
 Но ближе к милому пределу 
 Мне всё б хотелось почивать.


И пусть у гробового входа 
 Младая будет жизнь играть, 
 И равнодушная природа 
 Красою вечною сиять.


";А. С. Пушкин;«Брожу ли я вдоль улиц шумных...»;"Брожу ли я вдоль улиц шумных, 
 Вхожу ль во многолюдный храм, 
 Сижу ль меж юношей безумных, 
 Я предаюсь моим мечтам.


Я говорю: промчатся годы, 
 И сколько здесь ни видно нас, 
 Мы все сойдем под вечны своды -- 
 И чей-нибудь уж близок час.


Гляжу ль на дуб уединенный, 
 Я мыслю: патриарх лесов 
 Переживет мой век забвенный, 
 Как пережил он век отцов.


Младенца ль милого ласкаю, 
 Уже я думаю: прости! 
 Тебе я место уступаю; 
 Мне время тлеть, тебе цвести.


День каждый, каждую годину 
 Привык я думой провождать, 
 Грядущей смерти годовщину 
 Меж их стараясь угадать.


И где мне смерть пошлет судьбина? 
 В бою ли, в странствии, в волнах? 
 Или соседняя долина 
 Мой примет охладелый прах?


И хоть бесчувственному телу 
 Равно повсюду истлевать, 
 Но ближе к милому пределу 
 Мне всё б хотелось почивать.


И пусть у гробового входа 
 Младая будет жизнь играть, 
 И равнодушная природа 
 Красою вечною сиять.


"
24;12589;ok;"Кавказ подо мною. Один в вышине 
 Стою над снегами у края стремнины; 
 Орел, с отдаленной поднявшись вершины, 
 Парит неподвижно со мной наравне. 
 Отселе я вижу потоков рожденье 
 И первое грозных обвалов движенье.


Здесь тучи смиренно идут подо мной; 
 Сквозь них, низвергаясь, шумят водопады; 
 Под ними утесов нагие громады; 
 Там ниже мох тощий, кустарник сухой; 
 А там уже рощи, зеленые сени, 
 Где птицы щебечут, где скачут олени.


А там уж и люди гнездятся в горах, 
 И ползают овцы по злачным стремнинам, 
 И пастырь нисходит к веселым долинам, 
 Где мчится Арагва в тенистых брегах, 
 И нищий наездник таится в ущельи, 
 Где Терек играет в свирепом весельи;


Играет и воет, как зверь молодой, 
 Завидевший пищу из клетки железной; 
 И бьется о берег в вражде бесполезной, 
 И лижет утесы голодной волной..... 
 Вотще! нет ни пищи ему, ни отрады: 
 Теснят его грозно немые громады.


";А. С. Пушкин;Кавказ : «Кавказ подо мною. Один в вышине...»;"Кавказ подо мною. Один в вышине 
 Стою над снегами у края стремнины; 
 Орел, с отдаленной поднявшись вершины, 
 Парит неподвижно со мной наравне. 
 Отселе я вижу потоков рожденье 
 И первое грозных обвалов движенье.


Здесь тучи смиренно идут подо мной; 
 Сквозь них, низвергаясь, шумят водопады; 
 Под ними утесов нагие громады; 
 Там ниже мох тощий, кустарник сухой; 
 А там уже рощи, зеленые сени, 
 Где птицы щебечут, где скачут олени.


А там уж и люди гнездятся в горах, 
 И ползают овцы по злачным стремнинам, 
 И пастырь нисходит к веселым долинам, 
 Где мчится Арагва в тенистых брегах, 
 И нищий наездник таится в ущельи, 
 Где Терек играет в свирепом весельи;


Играет и воет, как зверь молодой, 
 Завидевший пищу из клетки железной; 
 И бьется о берег в вражде бесполезной, 
 И лижет утесы голодной волной..... 
 Вотще! нет ни пищи ему, ни отрады: 
 Теснят его грозно немые громады.


"
25;12614;ok;"Безумных лет угасшее веселье 
 Мне тяжело, как смутное похмелье. 
 Но, как вино -- печаль минувших дней 
 В моей душе чем старе, тем сильней. 
 Мой путь уныл. Сулит мне труд и горе 
 Грядущего волнуемое море.


Но не хочу, о други, умирать; 
 Я жить хочу, чтоб мыслить и страдать; 
 И ведаю, мне будут наслажденья 
 Меж горестей, забот и треволненья: 
 Порой опять гармонией упьюсь, 
 Над вымыслом слезами обольюсь, 
 И может быть -- на мой закат печальный 
 Блеснет любовь улыбкою прощальной.


";А. С. Пушкин;Элегия : «Безумных лет угасшее веселье...»;"Безумных лет угасшее веселье 
 Мне тяжело, как смутное похмелье. 
 Но, как вино -- печаль минувших дней 
 В моей душе чем старе, тем сильней. 
 Мой путь уныл. Сулит мне труд и горе 
 Грядущего волнуемое море.


Но не хочу, о други, умирать; 
 Я жить хочу, чтоб мыслить и страдать; 
 И ведаю, мне будут наслажденья 
 Меж горестей, забот и треволненья: 
 Порой опять гармонией упьюсь, 
 Над вымыслом слезами обольюсь, 
 И может быть -- на мой закат печальный 
 Блеснет любовь улыбкою прощальной.


"
26;12619;ok;"В последний раз твой образ милый 
 Дерзаю мысленно ласкать, 
 Будить мечту сердечной силой 
 И с негой робкой и унылой 
 Твою любовь воспоминать.


Бегут меняясь наши лета, 
 Меняя всё, меняя нас, 
 Уж ты для своего поэта 
 Могильным сумраком одета, 
 И для тебя твой друг угас.


Прими же, дальная подруга, 
 Прощанье сердца моего, 
 Как овдовевшая супруга, 
 Как друг, обнявший молча друга 
 Пред заточением его.


";А. С. Пушкин;Прощание : «В последний раз твой образ милый...»;"В последний раз твой образ милый 
 Дерзаю мысленно ласкать, 
 Будить мечту сердечной силой 
 И с негой робкой и унылой 
 Твою любовь воспоминать.


Бегут меняясь наши лета, 
 Меняя всё, меняя нас, 
 Уж ты для своего поэта 
 Могильным сумраком одета, 
 И для тебя твой друг угас.


Прими же, дальная подруга, 
 Прощанье сердца моего, 
 Как овдовевшая супруга, 
 Как друг, обнявший молча друга 
 Пред заточением его.


"
27;12653;ok;"С Гомером долго ты беседовал один, 
 Тебя мы долго ожидали, 
 И светел ты сошел с таинственных вершин 
 И вынес нам свои скрижали. 
 И что ж? ты нас обрел в пустыне под шатром, 
 В безумстве суетного пира, 
 Поющих буйну песнь и скачущих кругом 
 От нас созданного кумира. 
 Смутились мы, твоих чуждаяся лучей. 
 В порыве гнева и печали 
 Ты проклял ли, пророк, бессмысленных детей, 
 Разбил ли ты свои скрижали? 
 О, ты не проклял нас. Ты любишь с высоты 
 Скрываться в тень долины малой, 
 Ты любишь гром небес, но также внемлешь ты 
 Жужжанью пчел над розой алой. 
 [Таков прямой поэт. Он сетует душой 
 На пышных играх Мельпомены, 
 И улыбается забаве площадной 
 И вольности лубочной сцены,] 
 То Рим его зовет, то гордый Илион, 
 То скалы старца Оссиана, 
 И с дивной легкостью меж тем летает он 
 Во след Бовы иль Еруслана.


";А. С. Пушкин;Гнедичу : «С Гомером долго ты беседовал один...»;"С Гомером долго ты беседовал один, 
 Тебя мы долго ожидали, 
 И светел ты сошел с таинственных вершин 
 И вынес нам свои скрижали. 
 И что ж? ты нас обрел в пустыне под шатром, 
 В безумстве суетного пира, 
 Поющих буйну песнь и скачущих кругом 
 От нас созданного кумира. 
 Смутились мы, твоих чуждаяся лучей. 
 В порыве гнева и печали 
 Ты проклял ли, пророк, бессмысленных детей, 
 Разбил ли ты свои скрижали? 
 О, ты не проклял нас. Ты любишь с высоты 
 Скрываться в тень долины малой, 
 Ты любишь гром небес, но также внемлешь ты 
 Жужжанью пчел над розой алой. 
 [Таков прямой поэт. Он сетует душой 
 На пышных играх Мельпомены, 
 И улыбается забаве площадной 
 И вольности лубочной сцены,] 
 То Рим его зовет, то гордый Илион, 
 То скалы старца Оссиана, 
 И с дивной легкостью меж тем летает он 
 Во след Бовы иль Еруслана.


"
28;12654;ok;"Всё в ней гармония, всё диво, 
 Всё выше мира и страстей; 
 Она покоится стыдливо 
 В красе торжественной своей; 
 Она кругом себя взирает: 
 Ей нет соперниц, нет подруг; 
 Красавиц наших бледный круг 
 В ее сияньи исчезает.


Куда бы ты ни поспешал, 
 Хоть на любовное свиданье, 
 Какое б в сердце ни питал 
 Ты сокровенное мечтанье, -- 
 Но встретясь с ней, смущенный, ты 
 Вдруг остановишься невольно, 
 Благоговея богомольно 
 Перед святыней красоты.


";А. С. Пушкин;Красавица : «Все в ней гармония, все диво...»;"Всё в ней гармония, всё диво, 
 Всё выше мира и страстей; 
 Она покоится стыдливо 
 В красе торжественной своей; 
 Она кругом себя взирает: 
 Ей нет соперниц, нет подруг; 
 Красавиц наших бледный круг 
 В ее сияньи исчезает.


Куда бы ты ни поспешал, 
 Хоть на любовное свиданье, 
 Какое б в сердце ни питал 
 Ты сокровенное мечтанье, -- 
 Но встретясь с ней, смущенный, ты 
 Вдруг остановишься невольно, 
 Благоговея богомольно 
 Перед святыней красоты.


"
29;12674;beginning;"""Октябрь уж наступил -- уж роща отряхает 
 Последние листы с нагих своих ветвей; 
 Дохнул осенний хлад -- дорога промерзает. 
 Журча еще бежит за мельницу ручей, 
 Но пруд уже застыл; сосед мой поспешает 
 В отъезжие поля с охотою своей, 
 И страждут озими от бешеной забавы, 
 И будит лай собак уснувшие дубравы.


Теперь моя пора: я не люблю весны; 
 Скучна мне оттепель; вонь, грязь -- весной я болен; 
 Кровь бродит; чувства, ум тоскою стеснены. 
 Суровою зимой я более доволен, 
 Люблю ее снега; в присутствии луны 
 Как легкий бег саней с подругой быстр и волен, 
 Когда под соболем, согрета и свежа, 
 Она вам руку жмет, пылая и дрожа!


Как весело, обув железом острым ноги, 
 Скользить по зеркалу стоячих, ровных рек! 
 А зимних праздников блестящие тревоги?... 
 Но надо знать и честь; полгода снег да снег, 
 Ведь это наконец и жителю берлоги, 
 Медведю надоест. Нельзя же целый век 
 Кататься нам в санях с Армидами младыми, 
 Иль киснуть у печей за стеклами двойными.


Ох, лето красное! любил бы я тебя, 
 Когда б не зной, да пыль, да комары, да мухи. 
 Ты, все душевные способности губя, 
 Нас мучишь; как поля, мы страждем от засухи; 
 Лишь как бы напоить, да освежить себя -- 
 Иной в нас мысли нет, и жаль зимы старухи, 
 И, проводив ее блинами и вином, 
 Поминки ей творим мороженым и льдом.


Дни поздней осени бранят обыкновенно, 
 Но мне она мила, читатель дорогой, 
 Красою тихою, блистающей смиренно. 
 Так нелюбимое дитя в семье родной 
 К себе меня влечет. Сказать вам откровенно, 
 Из годовых времен я рад лишь ей одной, 
 В ней много доброго; любовник не тщеславный, 
 Я нечто в ней нашел мечтою своенравной.


Как это объяснить? Мне нравится она, 
 Как, вероятно, вам чахоточная дева 
 Порою нравится. На смерть осуждена, 
 Бедняжка клонится без ропота, без гнева. 
 Улыбка на устах увянувших видна; 
 Могильной пропасти она не слышит зева; 
 Играет на лице еще багровый цвет. 
 Она жива еще сегодня, завтра нет.


Унылая пора! очей очарованье! 
 Приятна мне твоя прощальная краса -- 
 Люблю я пышное природы увяданье, 
 В багрец и в золото одетые леса, 
 В их сенях ветра шум и свежее дыханье, 
 И мглой волнистою покрыты небеса, 
 И редкий солнца луч, и первые морозы, 
 И отдаленные седой зимы угрозы.


И с каждой осенью я расцветаю вновь; 
 Здоровью моему полезен русской холод; 
 К привычкам бытия вновь чувствую любовь: 
 Чредой слетает сон, чредой находит голод; 
 Легко и радостно играет в сердце кровь, 
 Желания кипят -- я снова счастлив, молод, 
 Я снова жизни полн -- таков мой организм 
 (Извольте мне простить ненужный прозаизм).
";А. С. Пушкин;Осень (Отрывок) : «Октябрь уж наступил»;"Октябрь уж наступил -- уж роща отряхает 
 Последние листы с нагих своих ветвей; 
 Дохнул осенний хлад -- дорога промерзает. 
 Журча еще бежит за мельницу ручей, 
 Но пруд уже застыл; сосед мой поспешает 
 В отъезжие поля с охотою своей, 
 И страждут озими от бешеной забавы, 
 И будит лай собак уснувшие дубравы.


Теперь моя пора: я не люблю весны; 
 Скучна мне оттепель; вонь, грязь -- весной я болен; 
 Кровь бродит; чувства, ум тоскою стеснены. 
 Суровою зимой я более доволен, 
 Люблю ее снега; в присутствии луны 
 Как легкий бег саней с подругой быстр и волен, 
 Когда под соболем, согрета и свежа, 
 Она вам руку жмет, пылая и дрожа!


Как весело, обув железом острым ноги, 
 Скользить по зеркалу стоячих, ровных рек! 
 А зимних праздников блестящие тревоги?... 
 Но надо знать и честь; полгода снег да снег, 
 Ведь это наконец и жителю берлоги, 
 Медведю надоест. Нельзя же целый век 
 Кататься нам в санях с Армидами младыми, 
 Иль киснуть у печей за стеклами двойными.


Ох, лето красное! любил бы я тебя, 
 Когда б не зной, да пыль, да комары, да мухи. 
 Ты, все душевные способности губя, 
 Нас мучишь; как поля, мы страждем от засухи; 
 Лишь как бы напоить, да освежить себя -- 
 Иной в нас мысли нет, и жаль зимы старухи, 
 И, проводив ее блинами и вином, 
 Поминки ей творим мороженым и льдом.


Дни поздней осени бранят обыкновенно, 
 Но мне она мила, читатель дорогой, 
 Красою тихою, блистающей смиренно. 
 Так нелюбимое дитя в семье родной 
 К себе меня влечет. Сказать вам откровенно, 
 Из годовых времен я рад лишь ей одной, 
 В ней много доброго; любовник не тщеславный, 
 Я нечто в ней нашел мечтою своенравной.


Как это объяснить? Мне нравится она, 
 Как, вероятно, вам чахоточная дева 
 Порою нравится. На смерть осуждена, 
 Бедняжка клонится без ропота, без гнева. 
 Улыбка на устах увянувших видна; 
 Могильной пропасти она не слышит зева; 
 Играет на лице еще багровый цвет. 
 Она жива еще сегодня, завтра нет.


Унылая пора! очей очарованье! 
 Приятна мне твоя прощальная краса -- 
 Люблю я пышное природы увяданье, 
 В багрец и в золото одетые леса, 
 В их сенях ветра шум и свежее дыханье, 
 И мглой волнистою покрыты небеса, 
 И редкий солнца луч, и первые морозы, 
 И отдаленные седой зимы угрозы.


И с каждой осенью я расцветаю вновь; 
 Здоровью моему полезен русской холод; 
 К привычкам бытия вновь чувствую любовь: 
 Чредой слетает сон, чредой находит голод; 
 Легко и радостно играет в сердце кровь, 
 Желания кипят -- я снова счастлив, молод, 
 Я снова жизни полн -- таков мой организм 
 (Извольте мне простить ненужный прозаизм).


Ведут ко мне коня; в раздолии открытом, 
 Махая гривою, он всадника несет, 
 И звонко под его блистающим копытом 
 Звенит промерзлый дол, и трескается лед. 
 Но гаснет краткий день, и в камельке забытом 
 Огонь опять горит -- то яркий свет лиет, 
 То тлеет медленно -- а я пред ним читаю, 
 Иль думы долгие в душе моей питаю.


И забываю мир -- и в сладкой тишине 
 Я сладко усыплен моим воображеньем, 
 И пробуждается поэзия во мне: 
 Душа стесняется лирическим волненьем, 
 Трепещет и звучит, и ищет, как во сне, 
 Излиться наконец свободным проявленьем -- 
 И тут ко мне идет незримый рой гостей, 
 Знакомцы давние, плоды мечты моей.


И мысли в голове волнуются в отваге, 
 И рифмы легкие навстречу им бегут, 
 И пальцы просятся к перу, перо к бумаге, 
 Минута -- и стихи свободно потекут. 
 Так дремлет недвижим корабль в недвижной влаге, 
 Но чу! -- матросы вдруг кидаются, ползут 
 Вверх, вниз -- и паруса надулись, ветра полны; 
 Громада двинулась и рассекает волны.


Плывет. Куда ж нам плыть?....


"
30;12675;ok;"Не дай мне бог сойти с ума. 
 Нет, легче посох и сума; 
 Нет, легче труд и глад. 
 Не то, чтоб разумом моим 
 Я дорожил; не то, чтоб с ним 
 Расстаться был не рад:


Когда б оставили меня 
 На воле, как бы резво я 
 Пустился в темный лес! 
 Я пел бы в пламенном бреду, 
 Я забывался бы в чаду 
 Нестройных, чудных грез.


И я б заслушивался волн, 
 И я глядел бы, счастья полн, 
 В пустые небеса; 
 И силен, волен был бы я, 
 Как вихорь, роющий поля, 
 Ломающий леса.


Да вот беда: сойди с ума, 
 И страшен будешь как чума, 
 Как раз тебя запрут, 
 Посадят на цепь дурака 
 И сквозь решетку как зверка 
 Дразнить тебя придут.


А ночью слышать буду я 
 Не голос яркий соловья, 
 Не шум глухой дубров -- 
 А крик товарищей моих 
 Да брань смотрителей ночных, 
 Да визг, да звон оков.


";А. С. Пушкин;«Не дай мне бог сойти с ума...»;"Не дай мне бог сойти с ума. 
 Нет, легче посох и сума; 
 Нет, легче труд и глад. 
 Не то, чтоб разумом моим 
 Я дорожил; не то, чтоб с ним 
 Расстаться был не рад:


Когда б оставили меня 
 На воле, как бы резво я 
 Пустился в темный лес! 
 Я пел бы в пламенном бреду, 
 Я забывался бы в чаду 
 Нестройных, чудных грез.


И я б заслушивался волн, 
 И я глядел бы, счастья полн, 
 В пустые небеса; 
 И силен, волен был бы я, 
 Как вихорь, роющий поля, 
 Ломающий леса.


Да вот беда: сойди с ума, 
 И страшен будешь как чума, 
 Как раз тебя запрут, 
 Посадят на цепь дурака 
 И сквозь решетку как зверка 
 Дразнить тебя придут.


А ночью слышать буду я 
 Не голос яркий соловья, 
 Не шум глухой дубров -- 
 А крик товарищей моих 
 Да брань смотрителей ночных, 
 Да визг, да звон оков.


"
31;12679;ok;"Пора, мой друг, пора! [покоя] сердце просит -- 
 Летят за днями дни, и каждый час уносит 
 Частичку бытия, а мы с тобой вдвоем 
 Предполагаем жить, и глядь -- как раз -- умрем. 
 На свете счастья нет, но есть покой и воля. 
 Давно завидная мечтается мне доля -- 
 Давно, усталый раб, замыслил я побег 
 В обитель дальную трудов и чистых нег.


";А. С. Пушкин;«Пора, мой друг, пора! [покоя] сердце просит...»;"Пора, мой друг, пора! [покоя] сердце просит -- 
 Летят за днями дни, и каждый час уносит 
 Частичку бытия, а мы с тобой вдвоем 
 Предполагаем жить, и глядь -- как раз -- умрем. 
 На свете счастья нет, но есть покой и воля. 
 Давно завидная мечтается мне доля -- 
 Давно, усталый раб, замыслил я побег 
 В обитель дальную трудов и чистых нег.


"
32;12705;ok;"Последняя туча рассеянной бури! 
 Одна ты несешься по ясной лазури, 
 Одна ты наводишь унылую тень, 
 Одна ты печалишь ликующий день.


Ты небо недавно кругом облегала, 
 И молния грозно тебя обвивала; 
 И ты издавала таинственный гром 
 И алчную землю поила дождем.


Довольно, сокройся! Пора миновалась, 
 Земля освежилась, и буря промчалась, 
 И ветер, лаская листочки древес, 
 Тебя с успокоенных гонит небес.


";А. С. Пушкин;Туча : «Последняя туча рассеянной бури...»;"Последняя туча рассеянной бури! 
 Одна ты несешься по ясной лазури, 
 Одна ты наводишь унылую тень, 
 Одна ты печалишь ликующий день.


Ты небо недавно кругом облегала, 
 И молния грозно тебя обвивала; 
 И ты издавала таинственный гром 
 И алчную землю поила дождем.


Довольно, сокройся! Пора миновалась, 
 Земля освежилась, и буря промчалась, 
 И ветер, лаская листочки древес, 
 Тебя с успокоенных гонит небес.


"
33;12716;ok;"...Вновь я посетил 
 Тот уголок земли, где я провел 
 Изгнанником два года незаметных. 
 Уж десять лет ушло с тех пор -- и много 
 Переменилось в жизни для меня, 
 И сам, покорный общему закону, 
 Переменился я -- но здесь опять 
 Минувшее меня объемлет живо, 
 И, кажется, вечор еще бродил 
 Я в этих рощах. / Вот опальный домик, 
 Где жил я с бедной нянею моей. 
 Уже старушки нет -- уж за стеною 
 Не слышу я шагов ее тяжелых, 
 Ни кропотливого ее дозора.


Вот холм лесистый, над которым часто 
 Я сиживал недвижим -- и глядел 
 На озеро, воспоминая с грустью 
 Иные берега, иные волны... 
 Меж нив златых и пажитей зеленых 
 Оно синея стелется широко; 
 Через его неведомые воды 
 Плывет рыбак и тянет за собой 
 Убогой невод. По брегам отлогим 
 Рассеяны деревни -- там за ними 
 Скривилась мельница, насилу крылья 
 Ворочая при ветре... / На границе 
 Владений дедовских, на месте том, 
 Где в гору подымается дорога, 
 Изрытая дождями, три сосны 
 Стоят -- одна поодаль, две другие 
 Друг к дружке близко, -- здесь, когда их мимо 
 Я проезжал верхом при свете лунном, 
 Знакомым шумом шорох их вершин 
 Меня приветствовал. По той дороге 
 Теперь поехал я, и пред собою 
 Увидел их опять. Они всё те же, 
 Всё тот же их, знакомый уху шорох -- 
 Но около корней их устарелых 
 (Где некогда всё было пусто, голо) 
 Теперь младая роща разрослась, 
 Зеленая семья; [кусты] теснятся 
 [Под сенью их как дети.] А вдали 
 Стоит один угрюмый их товарищ 
 Как старый холостяк, и вкруг него 
 По-прежнему всё пусто. / Здравствуй, племя 
 Младое, незнакомое! не я 
 Увижу твой могучий поздний возраст, 
 Когда перерастешь моих знакомцев 
 И старую главу их заслонишь 
 От глаз прохожего. Но пусть мой внук 
 Услышит ваш приветный шум, когда, 
 С приятельской беседы возвращаясь, 
 Веселых и приятных мыслей полон, 
 Пройдет он мимо вас во мраке ночи 
 И обо мне вспомянет.


";А. С. Пушкин;«... Вновь я посетил...»;"...Вновь я посетил 
 Тот уголок земли, где я провел 
 Изгнанником два года незаметных. 
 Уж десять лет ушло с тех пор -- и много 
 Переменилось в жизни для меня, 
 И сам, покорный общему закону, 
 Переменился я -- но здесь опять 
 Минувшее меня объемлет живо, 
 И, кажется, вечор еще бродил 
 Я в этих рощах. / Вот опальный домик, 
 Где жил я с бедной нянею моей. 
 Уже старушки нет -- уж за стеною 
 Не слышу я шагов ее тяжелых, 
 Ни кропотливого ее дозора.


Вот холм лесистый, над которым часто 
 Я сиживал недвижим -- и глядел 
 На озеро, воспоминая с грустью 
 Иные берега, иные волны... 
 Меж нив златых и пажитей зеленых 
 Оно синея стелется широко; 
 Через его неведомые воды 
 Плывет рыбак и тянет за собой 
 Убогой невод. По брегам отлогим 
 Рассеяны деревни -- там за ними 
 Скривилась мельница, насилу крылья 
 Ворочая при ветре... / На границе 
 Владений дедовских, на месте том, 
 Где в гору подымается дорога, 
 Изрытая дождями, три сосны 
 Стоят -- одна поодаль, две другие 
 Друг к дружке близко, -- здесь, когда их мимо 
 Я проезжал верхом при свете лунном, 
 Знакомым шумом шорох их вершин 
 Меня приветствовал. По той дороге 
 Теперь поехал я, и пред собою 
 Увидел их опять. Они всё те же, 
 Всё тот же их, знакомый уху шорох -- 
 Но около корней их устарелых 
 (Где некогда всё было пусто, голо) 
 Теперь младая роща разрослась, 
 Зеленая семья; [кусты] теснятся 
 [Под сенью их как дети.] А вдали 
 Стоит один угрюмый их товарищ 
 Как старый холостяк, и вкруг него 
 По-прежнему всё пусто. / Здравствуй, племя 
 Младое, незнакомое! не я 
 Увижу твой могучий поздний возраст, 
 Когда перерастешь моих знакомцев 
 И старую главу их заслонишь 
 От глаз прохожего. Но пусть мой внук 
 Услышит ваш приветный шум, когда, 
 С приятельской беседы возвращаясь, 
 Веселых и приятных мыслей полон, 
 Пройдет он мимо вас во мраке ночи 
 И обо мне вспомянет.


"
34;12717;ok;"Я думал, сердце позабыло 
 Способность легкую страдать, 
 Я говорил: тому, что было, 
 Уж не бывать! уж не бывать! 
 Прошли восторги, и печали, 
 И легковерные мечты..... 
 Но вот опять затрепетали 
 Пред мощной властью красоты.


";А. С. Пушкин;«Я думал, сердце позабыло...»;"Я думал, сердце позабыло 
 Способность легкую страдать, 
 Я говорил: тому, что было, 
 Уж не бывать! уж не бывать! 
 Прошли восторги, и печали, 
 И легковерные мечты..... 
 Но вот опять затрепетали 
 Пред мощной властью красоты.


"
35;12734;ok;"Я памятник себе воздвиг нерукотворный, 
 К нему не заростет народная тропа, 
 Вознесся выше он главою непокорной 
 Александрийского столпа.


Нет, весь я не умру -- душа в заветной лире 
 Мой прах переживет и тленья убежит -- 
 И славен буду я, доколь в подлунном мире 
 Жив будет хоть один пиит.


Слух обо мне пройдет по всей Руси великой, 
 И назовет меня всяк сущий в ней язык, 
 И гордый внук славян, и финн, и ныне дикой 
 Тунгуз, и друг степей калмык.


И долго буду тем любезен я народу, 
 Что чувства добрые я лирой пробуждал, 
 Что в мой жестокой век восславил я Свободу 
 И милость к падшим призывал.


Веленью божию, о муза, будь послушна, 
 Обиды не страшась, не требуя венца, 
 Хвалу и клевету приемли равнодушно, 
 И не оспоривай глупца.


";А. С. Пушкин;«Я памятник себе воздвиг нерукотворный...»;"Я памятник себе воздвиг нерукотворный, 
 К нему не заростет народная тропа, 
 Вознесся выше он главою непокорной 
 Александрийского столпа.


Нет, весь я не умру -- душа в заветной лире 
 Мой прах переживет и тленья убежит -- 
 И славен буду я, доколь в подлунном мире 
 Жив будет хоть один пиит.


Слух обо мне пройдет по всей Руси великой, 
 И назовет меня всяк сущий в ней язык, 
 И гордый внук славян, и финн, и ныне дикой 
 Тунгуз, и друг степей калмык.


И долго буду тем любезен я народу, 
 Что чувства добрые я лирой пробуждал, 
 Что в мой жестокой век восславил я Свободу 
 И милость к падшим призывал.


Веленью божию, о муза, будь послушна, 
 Обиды не страшась, не требуя венца, 
 Хвалу и клевету приемли равнодушно, 
 И не оспоривай глупца.


"
36;7412;ok;"Дробись, дробись, волна ночная, 
 И пеной орошай брега в туманной мгле. 
 Я здесь, стою близ моря на скале, 
 Стою, задумчивость питая. 
 Один; покинув свет и чуждый для людей 
 И никому тоски поверить не желая. 
 Вблизи меня палатки рыбарей; 
 Меж них блестит огонь гостеприимный; 
 Семья беспечная сидит вкруг огонька; 
 И, внемля повесть старика, 
 Себе готовит ужин дымный! 
 Но я далек от счастья их душой, 
 Я помню блеск обманчивой столицы, 
 Веселий пагубных невозвратимый рой. 
 И что ж? -- слеза бежит с ресницы, 
 И сожаление мою тревожит грудь, 
 Года погибшие являются всечасно; 
 И этот взор, задумчивый и ясный -- 
 Твержу, твержу душе: забудь. 
 Он всё передо мной: я всё твержу напрасно!.. 
 О если б я в сем месте был рожден, 
 Где не живет среди людей коварность: 
 Как много бы я был судьбою одолжен -- 
 Теперь у ней нет прав на благодарность! 
 Как жалок тот, чья младость принесла 
 Морщину лишнюю для старого чела. 
 И отобрав все милые желанья, 
 Одно печальное раскаянье дала; 
 Кто чувствовал как я -- чтоб чувствовать страданья. 
 Кто рано свет узнал -- и с страшной пустотой 
 Как я оставил брег земли своей родной 
 Для добровольного изгнанья!


";М. Ю. Лермонтов;Элегия : «Дробись, дробись, волна ночная...»;"Дробись, дробись, волна ночная, 
 И пеной орошай брега в туманной мгле. 
 Я здесь, стою близ моря на скале, 
 Стою, задумчивость питая. 
 Один; покинув свет и чуждый для людей 
 И никому тоски поверить не желая. 
 Вблизи меня палатки рыбарей; 
 Меж них блестит огонь гостеприимный; 
 Семья беспечная сидит вкруг огонька; 
 И, внемля повесть старика, 
 Себе готовит ужин дымный! 
 Но я далек от счастья их душой, 
 Я помню блеск обманчивой столицы, 
 Веселий пагубных невозвратимый рой. 
 И что ж? -- слеза бежит с ресницы, 
 И сожаление мою тревожит грудь, 
 Года погибшие являются всечасно; 
 И этот взор, задумчивый и ясный -- 
 Твержу, твержу душе: забудь. 
 Он всё передо мной: я всё твержу напрасно!.. 
 О если б я в сем месте был рожден, 
 Где не живет среди людей коварность: 
 Как много бы я был судьбою одолжен -- 
 Теперь у ней нет прав на благодарность! 
 Как жалок тот, чья младость принесла 
 Морщину лишнюю для старого чела. 
 И отобрав все милые желанья, 
 Одно печальное раскаянье дала; 
 Кто чувствовал как я -- чтоб чувствовать страданья. 
 Кто рано свет узнал -- и с страшной пустотой 
 Как я оставил брег земли своей родной 
 Для добровольного изгнанья!


"
37;7426;ok;"Настанет год, России черный год, 
 Когда царей корона упадет; 
 Забудет чернь к ним прежнюю любовь, 
 И пища многих будет смерть и кровь; 
 Когда детей, когда невинных жен 
 Низвергнутый не защитит закон; 
 Когда чума от смрадных, мертвых тел 
 Начнет бродить среди печальных сел, 
 Чтобы платком из хижин вызывать, 
 И станет глад сей бедный край терзать; 
 И зарево окрасит волны рек: 
 В тот день явится мощный человек, 
 И ты его узнаешь -- и поймешь, 
 Зачем в руке его булатный нож: 
 И горе для тебя! -- твой плач, твой стон 
 Ему тогда покажется смешон; 
 И будет всё ужасно, мрачно в нем, 
 Как плащ его с возвышенным челом.


";М. Ю. Лермонтов;Предсказание : «Настанет год, России черный год...»;"Настанет год, России черный год, 
 Когда царей корона упадет; 
 Забудет чернь к ним прежнюю любовь, 
 И пища многих будет смерть и кровь; 
 Когда детей, когда невинных жен 
 Низвергнутый не защитит закон; 
 Когда чума от смрадных, мертвых тел 
 Начнет бродить среди печальных сел, 
 Чтобы платком из хижин вызывать, 
 И станет глад сей бедный край терзать; 
 И зарево окрасит волны рек: 
 В тот день явится мощный человек, 
 И ты его узнаешь -- и поймешь, 
 Зачем в руке его булатный нож: 
 И горе для тебя! -- твой плач, твой стон 
 Ему тогда покажется смешон; 
 И будет всё ужасно, мрачно в нем, 
 Как плащ его с возвышенным челом.


"
38;7480;ok;"Чисто вечернее небо, 
 Ясны далекие звезды, 
 Ясны как счастье ребенка; 
 О! для чего мне нельзя я подумать: 
 Звезды, вы ясны, как счастье мое!


Чем ты несчастлив, 
 Скажут мне люди? 
 Тем я несчастлив, 
 Добрые люди, что звезды и небо -- 
 Звезды и небо! -- а я человек!..


Люди друг к другу 
 Зависть питают; 
 Я же, напротив, 
 Только завидую звездам прекрасным, 
 Только их место занять бы хотел.


";М. Ю. Лермонтов;Небо и звезды : «Чисто вечернее небо...»;"Чисто вечернее небо, 
 Ясны далекие звезды, 
 Ясны как счастье ребенка; 
 О! для чего мне нельзя я подумать: 
 Звезды, вы ясны, как счастье мое!


Чем ты несчастлив, 
 Скажут мне люди? 
 Тем я несчастлив, 
 Добрые люди, что звезды и небо -- 
 Звезды и небо! -- а я человек!..


Люди друг к другу 
 Зависть питают; 
 Я же, напротив, 
 Только завидую звездам прекрасным, 
 Только их место занять бы хотел.


"
39;7489;ok;"По небу полуночи ангел летел 
 И тихую песню он пел; 
 И месяц, и звезды, и тучи толпой 
 Внимали той песне святой.


Он пел о блаженстве безгрешных духов 
 Под кущами райских садов; 
 О боге великом он пел, и хвала 
 Его непритворна была.


Он душу младую в объятиях нес 
 Для мира печали и слез; 
 И звук его песни в душе молодой 
 Остался -- без слов, но живой.


И долго на свете томилась она, 
 Желанием чудным полна; 
 И звуков небес заменить не могли 
 Ей скучные песни земли.


";М. Ю. Лермонтов;Ангел : «По небу полуночи ангел летел...»;"По небу полуночи ангел летел 
 И тихую песню он пел; 
 И месяц, и звезды, и тучи толпой 
 Внимали той песне святой.


Он пел о блаженстве безгрешных духов 
 Под кущами райских садов; 
 О боге великом он пел, и хвала 
 Его непритворна была.


Он душу младую в объятиях нес 
 Для мира печали и слез; 
 И звук его песни в душе молодой 
 Остался -- без слов, но живой.


И долго на свете томилась она, 
 Желанием чудным полна; 
 И звуков небес заменить не могли 
 Ей скучные песни земли.


"
40;7545;ok;"В ребячестве моем тоску любови знойной 
 Уж стал я понимать душою беспокойной; 
 На мягком ложе сна не раз во тьме ночной, 
 При свете трепетном лампады образной, 
 Воображением, предчувствием томимый, 
 Я предавал свой ум мечте непобедимой. 
 Я видел женский лик, он хладен был, как лед, 
 И очи -- этот взор в груди моей живет; 
 Как совесть душу он хранит от преступлений; 
 Он след единственный младенческих видений. 
 И деву чудную любил я, как любить 
 Не мог еще с тех пор, не стану, может быть. 
 Когда же улетал мой призрак драгоценный, 
 Я в одиночестве кидал свой взгляд смущенный 
 На стены желтые, и мнилось, тени с них 
 Сходили медленно до самых ног моих. 
 И мрачно, как они, воспоминанье было 
 О том, что лишь мечта и между тем так мило.


";М. Ю. Лермонтов;Первая любовь : «В ребячестве моем тоску любови знойной...»;"В ребячестве моем тоску любови знойной 
 Уж стал я понимать душою беспокойной; 
 На мягком ложе сна не раз во тьме ночной, 
 При свете трепетном лампады образной, 
 Воображением, предчувствием томимый, 
 Я предавал свой ум мечте непобедимой. 
 Я видел женский лик, он хладен был, как лед, 
 И очи -- этот взор в груди моей живет; 
 Как совесть душу он хранит от преступлений; 
 Он след единственный младенческих видений. 
 И деву чудную любил я, как любить 
 Не мог еще с тех пор, не стану, может быть. 
 Когда же улетал мой призрак драгоценный, 
 Я в одиночестве кидал свой взгляд смущенный 
 На стены желтые, и мнилось, тени с них 
 Сходили медленно до самых ног моих. 
 И мрачно, как они, воспоминанье было 
 О том, что лишь мечта и между тем так мило.


"
41;7589;ok;"Нет, я не Байрон, я другой, 
 Еще неведомый избранник, 
 Как он гонимый миром странник, 
 Но только с русскою душой. 
 Я раньше начал, кончу ране, 
 Мой ум не много совершит, 
 В душе моей, как в океане, 
 Надежд разбитых груз лежит. 
 Кто может, океан угрюмый, 
 Твои изведать тайны? кто 
 Толпе мои расскажет думы? 
 Я -- или бог -- или никто!


";М. Ю. Лермонтов;«Нет, я не Байрон, я другой...»;"Нет, я не Байрон, я другой, 
 Еще неведомый избранник, 
 Как он гонимый миром странник, 
 Но только с русскою душой. 
 Я раньше начал, кончу ране, 
 Мой ум не много совершит, 
 В душе моей, как в океане, 
 Надежд разбитых груз лежит. 
 Кто может, океан угрюмый, 
 Твои изведать тайны? кто 
 Толпе мои расскажет думы? 
 Я -- или бог -- или никто!


"
42;7614;ok;"Белеет парус одинокой 
 В тумане моря голубом!.. 
 Что ищет он в стране далекой? 
 Что кинул он в краю родном?..


Играют волны -- ветер свищет, 
 И мачта гнется и скрыпит... 
 Увы! он счастия не ищет, 
 И не от счастия бежит!


Под ним струя светлей лазури, 
 Над ним луч солнца золотой... 
 А он, мятежный, просит бури, 
 Как будто в бурях есть покой!


";М. Ю. Лермонтов;Парус : «Белеет парус одинокой...»;"Белеет парус одинокой 
 В тумане моря голубом!.. 
 Что ищет он в стране далекой? 
 Что кинул он в краю родном?..


Играют волны -- ветер свищет, 
 И мачта гнется и скрыпит... 
 Увы! он счастия не ищет, 
 И не от счастия бежит!


Под ним струя светлей лазури, 
 Над ним луч солнца золотой... 
 А он, мятежный, просит бури, 
 Как будто в бурях есть покой!


"
43;7617;ok;"Русалка плыла по реке голубой, 
 Озаряема полной луной; 
 И старалась она доплеснуть до луны 
 Серебристую пену волны.


И шумя и крутясь, колебала река 
 Отраженные в ней облака; 
 И пела русалка -- и звук ее слов 
 Долетал до крутых берегов.


И пела русалка: «На дне у меня 
 Играет мерцание дня; 
 Там рыбок златые гуляют стада, 
 Там хрустальные есть города.


«И там на подушке из ярких песков, 
 Под тенью густых тростников, 
 Спит витязь, добыча ревнивой волны, 
 Спит витязь чужой стороны.



«Расчесывать кольца шелковых кудрей 
 Мы любим во мраке ночей, 
 И в чело и в уста мы, в полуденный час, 
 Целовали красавца не раз.


«Но к страстным лобзаньям, не знаю зачем, 
 Остается он хладен и нем; 
 Он спит, -- и склонившись на перси ко мне, 
 Он не дышит, не шепчет во сне!..»


Так пела русалка над синей рекой, 
 Полна непонятной тоской; 
 И, шумно катясь, колебала река 
 Отраженные в ней облака.


";М. Ю. Лермонтов;Русалка : «Русалка плыла по реке голубой...»;"Русалка плыла по реке голубой, 
 Озаряема полной луной; 
 И старалась она доплеснуть до луны 
 Серебристую пену волны.


И шумя и крутясь, колебала река 
 Отраженные в ней облака; 
 И пела русалка -- и звук ее слов 
 Долетал до крутых берегов.


И пела русалка: «На дне у меня 
 Играет мерцание дня; 
 Там рыбок златые гуляют стада, 
 Там хрустальные есть города.


«И там на подушке из ярких песков, 
 Под тенью густых тростников, 
 Спит витязь, добыча ревнивой волны, 
 Спит витязь чужой стороны.



«Расчесывать кольца шелковых кудрей 
 Мы любим во мраке ночей, 
 И в чело и в уста мы, в полуденный час, 
 Целовали красавца не раз.


«Но к страстным лобзаньям, не знаю зачем, 
 Остается он хладен и нем; 
 Он спит, -- и склонившись на перси ко мне, 
 Он не дышит, не шепчет во сне!..»


Так пела русалка над синей рекой, 
 Полна непонятной тоской; 
 И, шумно катясь, колебала река 
 Отраженные в ней облака.


"
44;7628;ok;"Погиб поэт! -- невольник чести -- 
 Пал, оклеветанный молвой, 
 С свинцом в груди и жаждой мести, 
 Поникнув гордой головой!.. 
 Не вынесла душа поэта 
 Позора мелочных обид, 
 Восстал он против мнений света 
 Один как прежде... и убит! 
 Убит!.. к чему теперь рыданья, 
 Пустых похвал ненужный хор, 
 И жалкий лепет оправданья? 
 Судьбы свершился приговор! 
 Не вы ль сперва так злобно гнали 
 Его свободный, смелый дар 
 И для потехи раздували 
 Чуть затаившийся пожар? 
 Что ж? веселитесь... -- он мучений 
 Последних вынести не мог: 
 Угас, как светоч, дивный гений, 
 Увял торжественный венок.


Его убийца хладнокровно 
 Навел удар... спасенья нет: 
 Пустое сердце бьется ровно, 
 В руке не дрогнул пистолет. 
 И что за диво?.. издалёка, 
 Подобный сотням беглецов, 
 На ловлю счастья и чинов 
 Заброшен к нам по воле рока; 
 Смеясь, он дерзко презирал 
 Земли чужой язык и нравы; 
 Не мог щадить он нашей славы; 
 Не мог понять в сей миг кровавый, 
 На что́ он руку поднимал!..


И он убит -- и взят могилой, 
 Как тот певец, неведомый, но милый, 
 Добыча ревности глухой, 
 Воспетый им с такою чудной силой, 
 Сраженный, как и он, безжалостной рукой.


Зачем от мирных нег и дружбы простодушной 
 Вступил он в этот свет завистливый и душный 
 Для сердца вольного и пламенных страстей? 
 Зачем он руку дал клеветникам ничтожным, 
 Зачем поверил он словам и ласкам ложным, 
 Он, с юных лет постигнувший людей?..


И прежний сняв венок -- они венец терновый, 
 Увитый лаврами, надели на него: 
 Но иглы тайные сурово 
 Язвили славное чело; 
 Отравлены его последние мгновенья 
 Коварным шопотом насмешливых невежд, 
 И умер он -- с напрасной жаждой мщенья, 
 С досадой тайною обманутых надежд. 
 Замолкли звуки чудных песен, 
 Не раздаваться им опять: 
 Приют певца угрюм и тесен, 
 И на устах его печать. --


А вы, надменные потомки 
 Известной подлостью прославленных отцов, 
 Пятою рабскою поправшие обломки 
 Игрою счастия обиженных родов! 
 Вы, жадною толпой стоящие у трона, 
 Свободы, Гения и Славы палачи! 
 Таитесь вы под сению закона, 
 Пред вами суд и правда -- всё молчи!.. 
 Но есть и божий суд, наперсники разврата! 
 Есть грозный суд: он ждет; 
 Он не доступен звону злата, 
 И мысли и дела он знает наперед. 
 Тогда напрасно вы прибегнете к злословью: 
 Оно вам не поможет вновь, 
 И вы не смоете всей вашей черной кровью 
 Поэта праведную кровь!


";М. Ю. Лермонтов;Смерть Поэта : «Погиб поэт! -- невольник чести...»;"Погиб поэт! -- невольник чести -- 
 Пал, оклеветанный молвой, 
 С свинцом в груди и жаждой мести, 
 Поникнув гордой головой!.. 
 Не вынесла душа поэта 
 Позора мелочных обид, 
 Восстал он против мнений света 
 Один как прежде... и убит! 
 Убит!.. к чему теперь рыданья, 
 Пустых похвал ненужный хор, 
 И жалкий лепет оправданья? 
 Судьбы свершился приговор! 
 Не вы ль сперва так злобно гнали 
 Его свободный, смелый дар 
 И для потехи раздували 
 Чуть затаившийся пожар? 
 Что ж? веселитесь... -- он мучений 
 Последних вынести не мог: 
 Угас, как светоч, дивный гений, 
 Увял торжественный венок.


Его убийца хладнокровно 
 Навел удар... спасенья нет: 
 Пустое сердце бьется ровно, 
 В руке не дрогнул пистолет. 
 И что за диво?.. издалёка, 
 Подобный сотням беглецов, 
 На ловлю счастья и чинов 
 Заброшен к нам по воле рока; 
 Смеясь, он дерзко презирал 
 Земли чужой язык и нравы; 
 Не мог щадить он нашей славы; 
 Не мог понять в сей миг кровавый, 
 На что́ он руку поднимал!..


И он убит -- и взят могилой, 
 Как тот певец, неведомый, но милый, 
 Добыча ревности глухой, 
 Воспетый им с такою чудной силой, 
 Сраженный, как и он, безжалостной рукой.


Зачем от мирных нег и дружбы простодушной 
 Вступил он в этот свет завистливый и душный 
 Для сердца вольного и пламенных страстей? 
 Зачем он руку дал клеветникам ничтожным, 
 Зачем поверил он словам и ласкам ложным, 
 Он, с юных лет постигнувший людей?..


И прежний сняв венок -- они венец терновый, 
 Увитый лаврами, надели на него: 
 Но иглы тайные сурово 
 Язвили славное чело; 
 Отравлены его последние мгновенья 
 Коварным шопотом насмешливых невежд, 
 И умер он -- с напрасной жаждой мщенья, 
 С досадой тайною обманутых надежд. 
 Замолкли звуки чудных песен, 
 Не раздаваться им опять: 
 Приют певца угрюм и тесен, 
 И на устах его печать. --


А вы, надменные потомки 
 Известной подлостью прославленных отцов, 
 Пятою рабскою поправшие обломки 
 Игрою счастия обиженных родов! 
 Вы, жадною толпой стоящие у трона, 
 Свободы, Гения и Славы палачи! 
 Таитесь вы под сению закона, 
 Пред вами суд и правда -- всё молчи!.. 
 Но есть и божий суд, наперсники разврата! 
 Есть грозный суд: он ждет; 
 Он не доступен звону злата, 
 И мысли и дела он знает наперед. 
 Тогда напрасно вы прибегнете к злословью: 
 Оно вам не поможет вновь, 
 И вы не смоете всей вашей черной кровью 
 Поэта праведную кровь!


"
45;7632;ok;"Когда волнуется желтеющая нива 
 И свежий лес шумит при звуке ветерка, 
 И прячется в саду малиновая слива 
 Под тенью сладостной зеленого листка;


Когда росой обрызганный душистой, 
 Румяным вечером иль утра в час златой, 
 Из-под куста мне ландыш серебристый 
 Приветливо кивает головой;


Когда студеный ключ играет по оврагу 
 И, погружая мысль в какой-то смутный сон, 
 Лепечет мне таинственную сагу 
 Про мирный край, откуда мчится он, --


Тогда смиряется души моей тревога, 
 Тогда расходятся морщины на челе, -- 
 И счастье я могу постигнуть на земле, 
 И в небесах я вижу бога...


";М. Ю. Лермонтов;«Когда волнуется желтеющая нива...»;"Когда волнуется желтеющая нива 
 И свежий лес шумит при звуке ветерка, 
 И прячется в саду малиновая слива 
 Под тенью сладостной зеленого листка;


Когда росой обрызганный душистой, 
 Румяным вечером иль утра в час златой, 
 Из-под куста мне ландыш серебристый 
 Приветливо кивает головой;


Когда студеный ключ играет по оврагу 
 И, погружая мысль в какой-то смутный сон, 
 Лепечет мне таинственную сагу 
 Про мирный край, откуда мчится он, --


Тогда смиряется души моей тревога, 
 Тогда расходятся морщины на челе, -- 
 И счастье я могу постигнуть на земле, 
 И в небесах я вижу бога...


"
46;7633;ok;"Я, матерь божия, ныне с молитвою 
 Пред твоим образом, ярким сиянием, 
 Не о спасении, не перед битвою, 
 Не с благодарностью иль покаянием,


Не за свою молю душу пустынную, 
 За душу странника в свете безродного; 
 Но я вручить хочу деву невинную 
 Теплой заступнице мира холодного.


Окружи счастием душу достойную; 
 Дай ей сопутников, полных внимания, 
 Молодость светлую, старость покойную, 
 Сердцу незлобному мир упования.


Срок ли приблизится часу прощальному 
 В утро ли шумное, в ночь ли безгласную, 
 Ты восприять пошли к ложу печальному 
 Лучшего ангела душу прекрасную.


";М. Ю. Лермонтов;Молитва : «Я, матерь божия, ныне с молитвою...»;"Я, матерь божия, ныне с молитвою 
 Пред твоим образом, ярким сиянием, 
 Не о спасении, не перед битвою, 
 Не с благодарностью иль покаянием,


Не за свою молю душу пустынную, 
 За душу странника в свете безродного; 
 Но я вручить хочу деву невинную 
 Теплой заступнице мира холодного.


Окружи счастием душу достойную; 
 Дай ей сопутников, полных внимания, 
 Молодость светлую, старость покойную, 
 Сердцу незлобному мир упования.


Срок ли приблизится часу прощальному 
 В утро ли шумное, в ночь ли безгласную, 
 Ты восприять пошли к ложу печальному 
 Лучшего ангела душу прекрасную.


"
47;7651;ok;"Она поет -- и звуки тают, 
 Как поцелуи на устах, 
 Глядит -- и небеса играют 
 В ее божественных глазах; 
 Идет ли -- все ее движенья, 
 Иль молвит слово -- все черты 
 Так полны чувства, выраженья, 
 Так полны дивной простоты.


";М. Ю. Лермонтов;«Она поет -- и звуки тают...»;"Она поет -- и звуки тают, 
 Как поцелуи на устах, 
 Глядит -- и небеса играют 
 В ее божественных глазах; 
 Идет ли -- все ее движенья, 
 Иль молвит слово -- все черты 
 Так полны чувства, выраженья, 
 Так полны дивной простоты.


"
48;7652;ok;"Печально я гляжу на наше поколенье! 
 Его грядущее -- иль пусто, иль темно, 
 Меж тем, под бременем познанья и сомненья, 
 В бездействии состарится оно. 
 Богаты мы, едва из колыбели, 
 Ошибками отцов и поздним их умом, 
 И жизнь уж нас томит, как ровный путь без цели, 
 Как пир на празднике чужом. 
 К добру и злу постыдно равнодушны, 
 В начале поприща мы вянем без борьбы; 
 Перед опасностью позорно-малодушны, 
 И перед властию -- презренные рабы. 
 Так тощий плод, до времени созрелый, 
 Ни вкуса нашего не радуя, ни глаз, 
 Висит между цветов, пришлец осиротелый, 
 И час их красоты -- его паденья час!


Мы иссушили ум наукою бесплодной, 
 Тая завистливо от ближних и друзей 
 Надежды лучшие и голос благородный 
 Неверием осмеянных страстей. 
 Едва касались мы до чаши наслажденья, 
 Но юных сил мы тем не сберегли; 
 Из каждой радости, бояся пресыщенья, 
 Мы лучший сок навеки извлекли. 
 Мечты поэзии, создания искусства 
 Восторгом сладостным наш ум не шевелят; 
 Мы жадно бережем в груди остаток чувства -- 
 Зарытый скупостью и бесполезный клад. 
 И ненавидим мы, и любим мы случайно, 
 Ничем не жертвуя ни злобе, ни любви, 
 И царствует в душе какой-то холод тайный, 
 Когда огонь кипит в крови. 
 И предков скучны нам роскошные забавы, 
 Их добросовестный, ребяческий разврат; 
 И к гробу мы спешим без счастья и без славы, 
 Глядя насмешливо назад.


Толпой угрюмою и скоро позабытой, 
 Над миром мы пройдем без шума и следа, 
 Не бросивши векам ни мысли плодовитой, 
 Ни гением начатого труда. 
 И прах наш, с строгостью судьи и гражданина, 
 Потомок оскорбит презрительным стихом, 
 Насмешкой горькою обманутого сына 
 Над промотавшимся отцом.


";М. Ю. Лермонтов;Дума : «Печально я гляжу на наше поколенье!..»;"Печально я гляжу на наше поколенье! 
 Его грядущее -- иль пусто, иль темно, 
 Меж тем, под бременем познанья и сомненья, 
 В бездействии состарится оно. 
 Богаты мы, едва из колыбели, 
 Ошибками отцов и поздним их умом, 
 И жизнь уж нас томит, как ровный путь без цели, 
 Как пир на празднике чужом. 
 К добру и злу постыдно равнодушны, 
 В начале поприща мы вянем без борьбы; 
 Перед опасностью позорно-малодушны, 
 И перед властию -- презренные рабы. 
 Так тощий плод, до времени созрелый, 
 Ни вкуса нашего не радуя, ни глаз, 
 Висит между цветов, пришлец осиротелый, 
 И час их красоты -- его паденья час!


Мы иссушили ум наукою бесплодной, 
 Тая завистливо от ближних и друзей 
 Надежды лучшие и голос благородный 
 Неверием осмеянных страстей. 
 Едва касались мы до чаши наслажденья, 
 Но юных сил мы тем не сберегли; 
 Из каждой радости, бояся пресыщенья, 
 Мы лучший сок навеки извлекли. 
 Мечты поэзии, создания искусства 
 Восторгом сладостным наш ум не шевелят; 
 Мы жадно бережем в груди остаток чувства -- 
 Зарытый скупостью и бесполезный клад. 
 И ненавидим мы, и любим мы случайно, 
 Ничем не жертвуя ни злобе, ни любви, 
 И царствует в душе какой-то холод тайный, 
 Когда огонь кипит в крови. 
 И предков скучны нам роскошные забавы, 
 Их добросовестный, ребяческий разврат; 
 И к гробу мы спешим без счастья и без славы, 
 Глядя насмешливо назад.


Толпой угрюмою и скоро позабытой, 
 Над миром мы пройдем без шума и следа, 
 Не бросивши векам ни мысли плодовитой, 
 Ни гением начатого труда. 
 И прах наш, с строгостью судьи и гражданина, 
 Потомок оскорбит презрительным стихом, 
 Насмешкой горькою обманутого сына 
 Над промотавшимся отцом.


"
49;7660;ok;"В минуту жизни трудную 
 Теснится ль в сердце грусть: 
 Одну молитву чудную 
 Твержу я наизусть.


Есть сила благодатная 
 В созвучьи слов живых, 
 И дышит непонятная, 
 Святая прелесть в них.


С души как бремя скатится, 
 Сомненье далеко -- 
 И верится, и плачется, 
 И так легко, легко...


";М. Ю. Лермонтов;Молитва : «В минуту жизни трудную...»;"В минуту жизни трудную 
 Теснится ль в сердце грусть: 
 Одну молитву чудную 
 Твержу я наизусть.


Есть сила благодатная 
 В созвучьи слов живых, 
 И дышит непонятная, 
 Святая прелесть в них.


С души как бремя скатится, 
 Сомненье далеко -- 
 И верится, и плачется, 
 И так легко, легко...


"
50;7662;beginning;"Я знал его: мы странствовали с ним 
 В горах востока, и тоску изгнанья 
 Делили дружно; но к полям родным 
 Вернулся я, и время испытанья 
 Промчалося законной чередой; 
 А он не дождался минуты сладкой: 
 Под бедною походною палаткой 
 Болезнь его сразила, и с собой 
 В могилу он унес летучий рой 
 Еще незрелых, темных вдохновений, 
 Обманутых надежд и горьких сожалений!


Он был рожден для них, для тех надежд, 
 Поэзии и счастья... Но, безумный -- 
 Из детских рано вырвался одежд 
 И сердце бросил в море жизни шумной, 
 И свет не пощадил -- и бог не спас! 
 Но до конца среди волнений трудных, 
 В толпе людской и средь пустынь безлюдных, 
 В нем тихий пламень чувства не угас: 
 Он сохранил и блеск лазурных глаз, 
 И звонкий детский смех, и речь живую, 
 И веру гордую в людей и жизнь иную.



Но он погиб далеко от друзей... 
 Мир сердцу твоему, мой милый Саша! 
 Покрытое землей чужих полей, 
 Пусть тихо спит оно, как дружба наша 
 В немом кладбище памяти моей! 
 Ты умер, как и многие, без шума, 
 Но с твердостью. Таинственная дума 
 Еще блуждала на челе твоем, 
 Когда глаза закрылись вечным сном; 
 И то, что ты сказал перед кончиной, 
 Из слушавших тебя не понял ни единый...


И было ль то привет стране родной, 
 Названье ли оставленного друга, 
 Или тоска по жизни молодой, 
 Иль просто крик последнего недуга, 
 Кто скажет нам?.. Твоих последних слов 
 Глубокое и горькое значенье 
 Потеряно... Дела твои, и мненья, 
 И думы, -- всё исчезло без следов, 
 Как легкий пар вечерних облаков: 
 Едва блеснут, их ветер вновь уносит; 
 Куда они? зачем? откуда? -- кто их спросит...


И после их на небе нет следа, 
 Как от любви ребенка безнадежной, 
 Как от мечты, которой никогда 
 Он не вверял заботам дружбы нежной... 
 Что за нужда? Пускай забудет свет 
 Столь чуждое ему существованье: 
 Зачем тебе венцы его вниманья 
 И терния пустых его клевет? 
 Ты не служил ему. Ты с юных лет 
 Коварные его отвергнул цепи: 
 Любил ты моря шум, молчанье синей степи --


И мрачных гор зубчатые хребты... 
 И, вкруг твоей могилы неизвестной, 
 Всё, чем при жизни радовался ты, 
 Судьба соединила так чудесно: 
 Немая степь синеет, и венцом 
 Серебряным Кавказ ее объемлет; 
 Над морем он, нахмурясь, тихо дремлет, 
 Как великан, склонившись над щитом, 
 Рассказам волн кочующих внимая, 
 А море Черное шумит не умолкая.


";М. Ю. Лермонтов;Памяти А. И. Одоевского : «Я знал его: мы странствовали с ним...»;"Я знал его: мы странствовали с ним 
 В горах востока, и тоску изгнанья 
 Делили дружно; но к полям родным 
 Вернулся я, и время испытанья 
 Промчалося законной чередой; 
 А он не дождался минуты сладкой: 
 Под бедною походною палаткой 
 Болезнь его сразила, и с собой 
 В могилу он унес летучий рой 
 Еще незрелых, темных вдохновений, 
 Обманутых надежд и горьких сожалений!


Он был рожден для них, для тех надежд, 
 Поэзии и счастья... Но, безумный -- 
 Из детских рано вырвался одежд 
 И сердце бросил в море жизни шумной, 
 И свет не пощадил -- и бог не спас! 
 Но до конца среди волнений трудных, 
 В толпе людской и средь пустынь безлюдных, 
 В нем тихий пламень чувства не угас: 
 Он сохранил и блеск лазурных глаз, 
 И звонкий детский смех, и речь живую, 
 И веру гордую в людей и жизнь иную.



Но он погиб далеко от друзей... 
 Мир сердцу твоему, мой милый Саша! 
 Покрытое землей чужих полей, 
 Пусть тихо спит оно, как дружба наша 
 В немом кладбище памяти моей! 
 Ты умер, как и многие, без шума, 
 Но с твердостью. Таинственная дума 
 Еще блуждала на челе твоем, 
 Когда глаза закрылись вечным сном; 
 И то, что ты сказал перед кончиной, 
 Из слушавших тебя не понял ни единый...


И было ль то привет стране родной, 
 Названье ли оставленного друга, 
 Или тоска по жизни молодой, 
 Иль просто крик последнего недуга, 
 Кто скажет нам?.. Твоих последних слов 
 Глубокое и горькое значенье 
 Потеряно... Дела твои, и мненья, 
 И думы, -- всё исчезло без следов, 
 Как легкий пар вечерних облаков: 
 Едва блеснут, их ветер вновь уносит; 
 Куда они? зачем? откуда? -- кто их спросит...


И после их на небе нет следа, 
 Как от любви ребенка безнадежной, 
 Как от мечты, которой никогда 
 Он не вверял заботам дружбы нежной... 
 Что за нужда? Пускай забудет свет 
 Столь чуждое ему существованье: 
 Зачем тебе венцы его вниманья 
 И терния пустых его клевет? 
 Ты не служил ему. Ты с юных лет 
 Коварные его отвергнул цепи: 
 Любил ты моря шум, молчанье синей степи --


И мрачных гор зубчатые хребты... 
 И, вкруг твоей могилы неизвестной, 
 Всё, чем при жизни радовался ты, 
 Судьба соединила так чудесно: 
 Немая степь синеет, и венцом 
 Серебряным Кавказ ее объемлет; 
 Над морем он, нахмурясь, тихо дремлет, 
 Как великан, склонившись над щитом, 
 Рассказам волн кочующих внимая, 
 А море Черное шумит не умолкая.


"
51;17206;first 400 words;"Раз в крещенский вечерок 
 Девушки гадали: 
 За ворота башмачок, 
 Сняв с ноги, бросали; 
 Снег пололи; под окном 
 Слушали; кормили 
 Счетным курицу зерном; 
 Ярый воск топили; 
 В чашу с чистою водой 
 Клали перстень золотой, 
 Серьги изумрудны; 
 Расстилали белый плат 
 И над чашей пели в лад 
 Песенки подблюдны.


Тускло светится луна 
 В сумраке тумана -- 
 Молчалива и грустна 
 Милая Светлана. 
 «Что, подруженька, с тобой? 
 Вымолви словечко; 
 Слушай песни круговой; 
 Вынь себе колечко. 
 Пой, красавица: «Кузнец, 
 Скуй мне злат и нов венец, 
 Скуй кольцо златое; 
 Мне венчаться тем венцом, 
 Обручаться тем кольцом 
 При святом налое».


«Как могу, подружки, петь? 
 Милый друг далёко; 
 Мне судьбина умереть 
 В грусти одинокой. 
 Год промчался -- вести нет; 
 Он ко мне не пишет; 
 Ах! а им лишь красен свет, 
 Им лишь сердце дышит... 
 Иль не вспомнишь обо мне? 
 Где, в какой ты стороне? 
 Где твоя обитель? 
 Я молюсь и слезы лью! 
 Утоли печаль мою, 
 Ангел-утешитель».


Вот, в светлице стол накрыт 
 Белой пеленою; 
 И на том столе стоит 
 Зеркало с свечою; 
 Два прибора на столе. 
 «Загадай, Светлана; 
 В чистом зеркала стекле 
 В полночь, без обмана 
 Ты узнаешь жребий свой: 
 Стукнет в двери милый твой 
 Легкою рукою; 
 Упадет с дверей запор; 
 Сядет он за свой прибор 
 Ужинать с тобою».


Вот красавица одна; 
 К зеркалу садится; 
 С тайной робостью она 
 В зеркало глядится; 
 Темно в зеркале; кругом 
 Мертвое молчанье; 
 Свечка трепетным огнем 
 Чуть лиет сиянье... 
 Робость в ней волнует грудь, 
 Страшно ей назад взглянуть, 
 Страх туманит очи... 
 С треском пыхнул огонек, 
 Крикнул жалобно сверчок, 
 Вестник полуночи.


Подпершися локотком, 
 Чуть Светлана дышит... 
 Вот... легохонько замком 
 Кто-то стукнул, слышит; 
 Робко в зеркало глядит: 
 За ее плечами 
 Кто-то, чудилось, блестит 
 Яркими глазами... 
 Занялся от страха дух... 
 Вдруг в ее влетает слух 
 Тихий, легкий шёпот: 
 «Я с тобой, моя краса; 
 Укротились небеса; 
 Твой услышан ропот!»


Оглянулась... милый к ней 
 Простирает руки. 
 «Радость, свет моих очей, 
 Нет для нас разлуки. 
 Едем! Поп уж в церкви ждет 
 С дьяконом, дьячками; 
 Хор венчальну песнь поет; 
 Храм блестит свечами». 
 Был в ответ умильный взор; 
 Идут на широкий двор, 
 В ворота тесовы; 
 У ворот их санки ждут; 
 С нетерпенья кони рвут 
 Повода шелковы.


Сели... кони с места враз; 
 Пышут дым ноздрями; 
 От копыт их поднялась 
 Вьюга над санями. 
 Скачут... пусто все вокруг, 
 Степь в очах Светланы; 
 На луне туманный круг; 
 Чуть блестят поляны. 
 Сердце вещее дрожит; 
 Робко дева говорит: 
 «Что ты смолкнул, милый?» 
 Ни полслова ей в ответ: 
 Он глядит на лунный свет, 
 Бледен и унылый.


Кони мчатся по буграм; 
 
";В. А. Жуковский;Светлана : «Раз в крещенский вечерок ...»;"Раз в крещенский вечерок 
 Девушки гадали: 
 За ворота башмачок, 
 Сняв с ноги, бросали; 
 Снег пололи; под окном 
 Слушали; кормили 
 Счетным курицу зерном; 
 Ярый воск топили; 
 В чашу с чистою водой 
 Клали перстень золотой, 
 Серьги изумрудны; 
 Расстилали белый плат 
 И над чашей пели в лад 
 Песенки подблюдны.


Тускло светится луна 
 В сумраке тумана -- 
 Молчалива и грустна 
 Милая Светлана. 
 «Что, подруженька, с тобой? 
 Вымолви словечко; 
 Слушай песни круговой; 
 Вынь себе колечко. 
 Пой, красавица: «Кузнец, 
 Скуй мне злат и нов венец, 
 Скуй кольцо златое; 
 Мне венчаться тем венцом, 
 Обручаться тем кольцом 
 При святом налое».


«Как могу, подружки, петь? 
 Милый друг далёко; 
 Мне судьбина умереть 
 В грусти одинокой. 
 Год промчался -- вести нет; 
 Он ко мне не пишет; 
 Ах! а им лишь красен свет, 
 Им лишь сердце дышит... 
 Иль не вспомнишь обо мне? 
 Где, в какой ты стороне? 
 Где твоя обитель? 
 Я молюсь и слезы лью! 
 Утоли печаль мою, 
 Ангел-утешитель».


Вот, в светлице стол накрыт 
 Белой пеленою; 
 И на том столе стоит 
 Зеркало с свечою; 
 Два прибора на столе. 
 «Загадай, Светлана; 
 В чистом зеркала стекле 
 В полночь, без обмана 
 Ты узнаешь жребий свой: 
 Стукнет в двери милый твой 
 Легкою рукою; 
 Упадет с дверей запор; 
 Сядет он за свой прибор 
 Ужинать с тобою».


Вот красавица одна; 
 К зеркалу садится; 
 С тайной робостью она 
 В зеркало глядится; 
 Темно в зеркале; кругом 
 Мертвое молчанье; 
 Свечка трепетным огнем 
 Чуть лиет сиянье... 
 Робость в ней волнует грудь, 
 Страшно ей назад взглянуть, 
 Страх туманит очи... 
 С треском пыхнул огонек, 
 Крикнул жалобно сверчок, 
 Вестник полуночи.


Подпершися локотком, 
 Чуть Светлана дышит... 
 Вот... легохонько замком 
 Кто-то стукнул, слышит; 
 Робко в зеркало глядит: 
 За ее плечами 
 Кто-то, чудилось, блестит 
 Яркими глазами... 
 Занялся от страха дух... 
 Вдруг в ее влетает слух 
 Тихий, легкий шёпот: 
 «Я с тобой, моя краса; 
 Укротились небеса; 
 Твой услышан ропот!»


Оглянулась... милый к ней 
 Простирает руки. 
 «Радость, свет моих очей, 
 Нет для нас разлуки. 
 Едем! Поп уж в церкви ждет 
 С дьяконом, дьячками; 
 Хор венчальну песнь поет; 
 Храм блестит свечами». 
 Был в ответ умильный взор; 
 Идут на широкий двор, 
 В ворота тесовы; 
 У ворот их санки ждут; 
 С нетерпенья кони рвут 
 Повода шелковы.


Сели... кони с места враз; 
 Пышут дым ноздрями; 
 От копыт их поднялась 
 Вьюга над санями. 
 Скачут... пусто все вокруг, 
 Степь в очах Светланы; 
 На луне туманный круг; 
 Чуть блестят поляны. 
 Сердце вещее дрожит; 
 Робко дева говорит: 
 «Что ты смолкнул, милый?» 
 Ни полслова ей в ответ: 
 Он глядит на лунный свет, 
 Бледен и унылый.


Кони мчатся по буграм; 
 Топчут снег глубокий... 
 Вот в сторонке Божий храм 
 Виден одинокий; 
 Двери вихорь отворил; 
 Тьма людей во храме; 
 Яркий свет паникадил 
 Тускнет в фимиаме; 
 На средине черный гроб; 
 И гласит протяжно поп: 
 «Буди взят могилой!» 
 Пуще девица дрожит; 
 Кони мимо; друг молчит, 
 Бледен и унылой.


Вдруг метелица кругом; 
 Снег валит клоками; 
 Черный вран, свистя крылом, 
 Вьется над санями; 
 Ворон каркает: печаль! 
 Кони торопливы 
 Чутко смотрят в темну даль, 
 Подымая гривы; 
 Брезжит в поле огонек; 
 Виден мирный уголок, 
 Хижинка под снегом. 
 Кони борзые быстрей, 
 Снег взрывая, прямо к ней 
 Мчатся дружным бегом.


Вот примчалися... и вмиг 
 Из очей пропали: 
 Кони, сани и жених 
 Будто не бывали. 
 Одинокая впотьмах 
 Брошена от друга 
 В страшных девица местах; 
 Вкруг метель и вьюга. 
 Возвратиться -- следу нет… 
 Виден ей в избушке свет: 
 Вот перекрестилась; 
 В дверь с молитвою стучит... 
 Дверь шатнулася... скрыпит... 
 Тихо растворилась.


Что ж?.. В избушке гроб; накрыт 
 Белою запоной; 
 Спасов лик в ногах стоит; 
 Свечка пред иконой... 
 Ах! Светлана, что с тобой? 
 В чью зашла обитель? 
 Страшен хижины пустой 
 Безответный житель. 
 Входит с трепетом, в слезах; 
 Пред иконой пала в прах, 
 Спасу помолилась; 
 И с крестом своим в руке, 
 Под Святыми в уголке 
 Робко притаилась.


Все утихло... вьюги нет... 
 Слабо свечка тлится, 
 То прольет дрожащий свет, 
 То опять затмится... 
 Все в глубоком, мертвом сне, 
 Страшное молчанье... 
 Чу, Светлана!.. в тишине 
 Легкое журчанье... 
 Вот, глядит: к ней в уголок 
 Белоснежный голубок 
 С светлыми глазами, 
 Тихо вея, прилетел, 
 К ней на перси тихо сел, 
 Обнял их крылами.


Смолкло все опять кругом... 
 Вот, Светлане мнится, 
 Что под белым полотном 
 Мертвый шевелится... 
 Сорвался покров; мертвец 
 (Лик мрачнее ночи) 
 Виден весь -- на лбу венец, 
 Затворены очи. 
 Вдруг... в устах сомкнутых стон; 
 Силится раздвинуть он 
 Руки охладелы... 
 Что же девица?.. Дрожит.. 
 Гибель близко... но не спит 
 Голубочек белый.


Встрепенулся, развернул 
 Легкие он крилы; 
 К мертвецу на грудь вспорхнул... 
 Всей лишенный силы, 
 Простонав, заскрежетал 
 Страшно он зубами 
 И на деву засверкал 
 Грозными очами... 
 Снова бледность на устах; 
 В закатившихся глазах 
 Смерть изобразилась... 
 Глядь, Светлана... о Творец! 
 Милый друг ее -- мертвец! 
 Ах!.. и пробудилась.


Где ж?.. У зеркала, одна 
 Посреди светлицы; 
 В тонкий занавес окна 
 Светит луч денницы; 
 Шумным бьет крылом петух, 
 День встречая пеньем; 
 Все блестит... Светланин дух 
 Смутен сновиденьем. 
 «Ах! ужасный, грозный сон! 
 Не добро вещает он -- 
 Горькую судьбину; 
 Тайный мрак грядущих дней, 
 Что сулишь душе моей, 
 Радость иль кручину?»


Села (тяжко ноет грудь) 
 Под окном Светлана; 
 Из окна широкий путь 
 Виден сквозь тумана; 
 Снег на солнышке блестит, 
 Пар алеет тонкий... 
 Чу!.. в дали пустой гремит 
 Колокольчик звонкий; 
 На дороге снежный прах; 
 Мчат, как будто на крылах, 
 Санки кони рьяны; 
 Ближе; вот уж у ворот; 
 Статный гость к крыльцу идет. 
 Кто?.. Жених Светланы.


Что же твой, Светлана, сон, 
 Прорицатель муки? 
 Друг с тобой; все тот же он 
 В опыте разлуки; 
 Та ж любовь в его очах, 
 Те ж приятны взоры; 
 Те ж на сладостных устах 
 Милы разговоры. 
 Отворяйся ж, Божий храм; 
 Вы летите к небесам, 
 Верные обеты; 
 Соберитесь, стар и млад; 
 Сдвинув звонки чаши, в лад 
 Пойте: многи леты!


Улыбнись, моя краса, 
 На мою балладу; 
 В ней большие чудеса, 
 Очень мало складу. 
 Взором счастливый твоим, 
 Не хочу и славы; 
 Слава -- нас учили -- дым; 
 Свет -- судья лукавый. 
 Вот баллады толк моей: 
 «Лучший друг нам в жизни сей 
 Вера в Провиденье. 
 Благ зиждителя закон: 
 Здесь несчастье -- лживый сон; 
 Счастье -- пробужденье».


О! не знай сих страшных снов 
 Ты, моя Светлана... 
 Будь, Создатель, ей покров! 
 Ни печали рана, 
 Ни минутной грусти тень 
 К ней да не коснется; 
 В ней душа как ясный день; 
 Ах! да пронесется 
 Мимо -- Бедствия рука; 
 Как приятный ручейка 
 Блеск на лоне луга, 
 Будь вся жизнь ее светла, 
 Будь веселость, как была, 
 Дней ее подруга.


"
52;16766;strophes 9-11, 44-48;"""Отчизне кубок сей, друзья! 
 Страна, где мы впервые 
 Вкусили сладость бытия, 
 Поля, холмы родные, 
 Родного неба милый свет, 
 Знакомые потоки, 
 Златые игры первых лет 
 И первых лет уроки, 
 Что вашу прелесть заменит? 
 О родина святая, 
 Какое сердце не дрожит, 
 Тебя благословляя?


Там все -- там родших милый дом; 
 Там наши жены, чада; 
 О нас их слезы пред Творцом; 
 Мы жизни их ограда; 
 Там девы -- прелесть наших дней, 
 И сонм друзей бесценный, 
 И царский трон, и прах Царей, 
 И предков прах священный. 
 За них, друзья, всю нашу кровь! 
 На вражьи грянем силы; 
 Да в чадах к родине любовь 
 Зажгут отцов могилы.


За них, за них всю нашу кровь! 
 На вражьи грянем силы; 
 Да в чадах к родине любовь 
 Зажгут отцов могилы. 

<...>

 Любви сей полный кубок в дар! 
 Среди борьбы кровавой, 
 Друзья, святой питайте жар: 
 Любовь одно со славой. 
 Кому здесь жребий уделен 
 Знать тайну страсти милой, 
 Кто сердцем сердцу обручен: 
 Тот смело, с бодрой силой 
 На все великое летит; 
 Нет страха; нет преграды; 
 Чего, чего не совершит 
 Для сладостной награды?


Ах! мысль о той, кто все для нас, 
 Нам спутник неизменный; 
 Везде знакомый слышим глас, 
 Зрим образ незабвенный! 
 Она на бранных знаменах, 
 Она в пылу сраженья; 
 И в шуме стана и в мечтах 
 Веселых сновиденья. 
 Отведай, враг, исторгнуть щит, 
 Рукою данный милой; 
 Святой обет на нем горит: 
 Твоя и за могилой!


О сладость тайныя мечты! 
 Там, там за синей далью 
 Твой ангел, дева красоты, 
 Одна с своей печалью, 
 Грустит, о друге слезы льет; 
 Душа ее в молитве, 
 Боится вести, вести ждет: 
 „Увы! не пал ли в битве?“ 
 И мыслит: „Скоро ль, дружний глас, 
 Твои мне слышать звуки? 
 Лети, лети, свиданья час, 
 Сменить тоску разлуки“.


Друзья! блаженнейшая часть: 
 Любезных быть спасеньем. 
 Когда ж предел наш в битве пасть -- 
 Погибнем с наслажденьем; 
 Святое имя призовем 
 В минуту смертной муки; 
 Кем мы дышали в мире сем, 
 С той нет и там разлуки: 
 Туда душа перенесет 
 Любовь и образ милой... 
 О други, смерть не все возьмет; 
 Есть жизнь и за могилой.


В тот мир душа перенесет 
 Любовь и образ милой... 
 О други, смерть не все возьмет; 
 Есть жизнь и за могилой.""";В. А. Жуковский;Певец во стане русских воинов : «На поле бранном тишина...»;"На поле бранном тишина; 
 Огни между шатрами; 
 Друзья, здесь светит нам луна, 
 Здесь кров небес над нами, 
 Наполним кубок круговой! 
 Дружнее! руку в руку! 
 Запьем вином кровавый бой 
 И с падшими разлуку. 
 Кто любит видеть в чашах дно, 
 Тот бодро ищет боя... 
 О всемогущее вино, 
 Веселие героя!


Кто любит видеть в чашах дно, 
 Тот бодро ищет боя... 
 О всемогущее вино, 
 Веселие героя!


Сей кубок чадам древних лет! 
 Вам слава, наши деды! 
 Друзья, уже могущих нет; 
 Уж нет вождей победы; 
 Их домы вихорь разметал; 
 Их гробы срыли плуги; 
 И пламень ржавчины сожрал 
 Их шлемы и кольчуги; 
 Но дух отцов воскрес в сынах; 
 Их поприще пред нами... 
 Мы там найдем их славный прах 
 С их славными делами.


Смотрите, в грозной красоте, 
 Воздушными полками, 
 Их тени мчатся в высоте 
 Над нашими шатрами... 
 О Святослав, бич древних лет, 
 Се твой полет орлиной. 
 „Погибнем! мертвым срама нет!“ 
 Гремит перед дружиной. 
 И ты, неверных страх, Донской, 
 С четой двух соименных, 
 Летишь погибельной грозой 
 На рать иноплеменных.


И ты, наш Петр, в толпе вождей. 
 Внимайте клич: Полтава! 
 Орды пришельца, снедь мечей, 
 И мир взывает: слава! 
 Давно ль, о хищник, пожирал 
 Ты взором наши грады? 
 Беги! твой конь и всадник пал: 
 Твой след -- костей громады; 
 Беги! и стыд и страх сокрой 
 В лесу с твоим Сарматом; 
 Отчизны враг сопутник твой; 
 Злодей владыке братом.


Но кто сей рьяный великан, 
 Сей витязь полуночи? 
 Друзья, на спящий вражий стан 
 Вперил он страшны очи; 
 Его завидя в облаках, 
 Шумящим, смутным роем 
 На снежных Альпов высотах 
 Взлетели тени с воем; 
 Бледнеет Галл, дрожит Сармат 
 В шатрах от гневных взоров... 
 О горе! горе, супостат! 
 То грозный наш Суворов!


Хвала вам, чада прежних лет, 
 Хвала вам, чада славы! 
 Дружиной смелой вам вослед 
 Бежим на пир кровавый; 
 Да мчится ваш победный строй 
 Пред нашими орлами; 
 Да сеет, нам предтеча в бой, 
 Погибель над врагами; 
 Наполним кубок! меч во длань! 
 Внимай нам, вечный мститель! 
 За гибель -- гибель, брань -- за брань, 
 И казнь тебе, губитель!


Наполним кубок! меч во длань! 
 Внимай нам, вечный мститель! 
 За гибель -- гибель, брань -- за брань, 
 И казнь тебе, губитель!


Отчизне кубок сей, друзья! 
 Страна, где мы впервые 
 Вкусили сладость бытия, 
 Поля, холмы родные, 
 Родного неба милый свет, 
 Знакомые потоки, 
 Златые игры первых лет 
 И первых лет уроки, 
 Что вашу прелесть заменит? 
 О родина святая, 
 Какое сердце не дрожит, 
 Тебя благословляя?


Там все -- там родших милый дом; 
 Там наши жены, чада; 
 О нас их слезы пред Творцом; 
 Мы жизни их ограда; 
 Там девы -- прелесть наших дней, 
 И сонм друзей бесценный, 
 И царский трон, и прах Царей, 
 И предков прах священный. 
 За них, друзья, всю нашу кровь! 
 На вражьи грянем силы; 
 Да в чадах к родине любовь 
 Зажгут отцов могилы.


За них, за них всю нашу кровь! 
 На вражьи грянем силы; 
 Да в чадах к родине любовь 
 Зажгут отцов могилы.


Тебе сей кубок, Русский царь! 
 Цвети, Твоя Держава; 
 Священный трон Твой наш алтарь; 
 Пред ним обет наш: слава. 
 Не изменим; мы от отцов 
 Прияли верность с кровью; 
 О Царь, здесь сонм Твоих сынов, 
 К Тебе горим любовью; 
 Наш каждый ратник Славянин; 
 Все долгу здесь послушны; 
 Бежит предатель сих дружин, 
 И чужд нам малодушный.


Не изменим; мы от отцов 
 Прияли верность с кровью; 
 О Царь, здесь сонм Твоих сынов, 
 К Тебе горим любовью.


Сей кубок ратным и вождям! 
 В шатрах, на поле чести, 
 И жизнь и смерть -- все пополам; 
 Там дружество без лести, 
 Решимость, правда, простота, 
 И нравов непритворство, 
 И смелость -- бранных красота, 
 И твердость, и покорство. 
 Друзья, мы чужды низких уз; 
 К венцам стезею правой! 
 Опасность -- твердый наш союз; 
 Одной пылаем славой.


Тот наш, кто первый в бой летит 
 На гибель супостата, 
 Кто слабость падшего щадит 
 И грозно мстит за брата; 
 Он взором жизнь дает полкам; 
 Он махом мощной длани 
 Их мчит во сретенье врагам, 
 В средину шумной брани; 
 Ему веселье битвы глас, 
 Спокоен под громами: 
 Он свой последний видит час 
 Бесстрашными очами.


Хвала тебе, наш бодрый вождь, 
 Герой под сединами! 
 Как юный ратник, вихрь, и дождь, 
 И труд он делит с нами. 
 О сколь с израненным челом 
 Пред стpоем он прекрасен! 
 И сколь он хладен пред врагом 
 И сколь врагу ужасен! 
 О диво! се орел пронзил 
 Над ним небес равнины... 
 Могущий вождь главу склонил; 
 Ура! кричат дружины.


Лети ко прадедам, орел, 
 Пророком славной мести! 
 Мы тверды: вождь наш перешел 
 Путь гибели и чести; 
 С ним опыт, сын труда и лет; 
 Он бодр и с сединою; 
 Ему знаком победы след... 
 Доверенность к герою! 
 Нет, други, нет! не предана 
 Москва на расхищенье; 
 Там стены!.. в Россах вся она; 
 Мы здесь -- и Бог наш мщенье.


Хвала сподвижникам-вождям! 
 Ермолов, витязь юный, 
 Ты ратным брат, ты жизнь полкам, 
 И страх твои перуны. 
 Раевский, слава наших дней, 
 Хвала! перед рядами 
 Он первый грудь против мечей 
 С отважными сынами. 
 Наш Милорадович, хвала! 
 Где он промчался с бранью, 
 Там, мнится, смерть сама прошла 
 С губительною дланью.


Наш Витгенштеин, вождь-герой, 
 Петрополя спаситель, 
 Хвала!.. Он щит стране родной, 
 Он хищных истребитель. 
 О сколь величественный вид, 
 Когда перед рядами, 
 Один, склонясь на твердый щит, 
 Он грозными очами 
 Блюдет противников полки, 
 Им гибель устрояет 
 И вдруг... движением руки 
 Их сонмы рассыпает.


Хвала тебе, Славян любовь, 
 Наш Коновницын смелый!.. 
 Ничто ему толпы врагов, 
 Ничто мечи и стрелы; 
 Пред ним, за ним перун гремит, 
 И пышет пламень боя... 
 Он весел, он на гибель зрит 
 С спокойствием героя; 
 Себя забыл... одним врагам 
 Готовит истребленье; 
 Пример и ратным и вождям, 
 И смелым удивленье.


Хвала, наш вихорь-Атаман; 
 Вождь невредимых, Платов! 
 Твой очарованный аркан 
 Гроза для супостатов. 
 Орлом шумишь по облакам, 
 По полю волком рыщешь, 
 Летаешь страхом в тыл врагам, 
 Бедой им в уши свищешь; 
 Они лишь к лесу -- ожил лес, 
 Деревья сыплют стрелы; 
 Они лишь к мосту -- мост исчез: 
 Лишь к селам -- пышут селы.


Хвала, наш Нестор-Бенингсон! 
 И вождь и муж совета, 
 Блюдет врагов не дремля он, 
 Как змей орел с полета. 
 Хвала, наш Остерман-герой, 
 В час битвы ратник смелый! 
 И Тормасов, летящий в бой, 
 Как юноша веселый! 
 И Багговут, среди громов, 
 Средь копий безмятежный! 
 И Дохтуров, гроза врагов, 
 К победе вождь надежный!


Наш твердый Воронцов, хвала! 
 О други, сколь смутилась 
 Вся рать Славян, когда стрела 
 В бесстрашного вонзилась; 
 Когда полмертв, окровавлен, 
 С потухшими очами, 
 Он на щите был изнесен 
 За ратный строй друзьями. 
 Смотрите... язвой роковой 
 К постеле пригвожденный, 
 Он страждет, братскою толпой 
 Увечных окруженный.


Ему возглавье -- бранный щит; 
 Незыблемый в мученье, 
 Он с ясным взором говорит: 
 „Друзья, бедам презренье!“ 
 И в их сердцах героя речь 
 Веселье пробуждает, 
 И, оживясь, до полы меч 
 Рука их обнажает. 
 Спеши ж, о витязь наш! воспрянь; 
 Уж Ангел истребленья 
 Гоpе подъял ужасну длань, 
 И близок час отмщенья.


Хвала, Щербатов, вождь младой! 
 Среди грозы военной, 
 Друзья, он сетует душой 
 О трате незабвенной. 
 О витязь, ободрись!@. она 
 Твой спутник невидимый, 
 И ею свыше знамена 
 Дружин твоих хранимы. 
 Любви и скорби оживить 
 Твои для мщенья силы: 
 Рази дерзнувших возмутить 
 Покой ее могилы.


Хвала наш Пален, чести сын! 
 Как бурею носимый, 
 Везде впреди своих дружин 
 Разит, неотразимый. 
 Наш смелый Строгонов, хвала! 
 Он жаждет чистой славы; 
 Она из мира увлекла 
 Его на путь кровавый... 
 О храбрых сонм, хвала и честь! 
 Свершайте истребленье, 
 Отчизна к вам взывает: месть! 
 Вселенная: спасенье!


Хвала бестрепетных вождям! 
 На конях окрыленных 
 По долам скачут, по горам 
 Вослед врагов смятенных; 
 Днем мчатся строй на строй; в ночи 
 Страшат, как привиденья; 
 Блистают смертью их мечи; 
 От стрел их нет спасенья; 
 По всем рассыпаны путям, 
 Невидимы и зримы; 
 Сломили здесь, сражают там 
 И всюду невредимы.


Наш Фигнер старцем в стан врагов 
 Идет во мраке ночи; 
 Как тень прокрался вкруг шатров, 
 Всё зрели быстры очи... 
 И стан еще в глубоком сне, 
 День светлый не проглянул -- 
 А он уж, витязь, на коне, 
 Уже с дружиной грянул. 
 Сеславин -- где ни пролетит 
 С крылатыми полками: 
 Там брошен в прах и меч, и щит, 
 И устлан путь врагами.


Давыдов, пламенный боец, 
 Он вихрем в бой кровавый; 
 Он в мире счастливый певец 
 Вина, любви и славы. 
 Кудашев скоком через ров 
 И лётом на стремнину; 
 Бросает взглядом Чернышов 
 На меч и гром дружину; 
 Орлов отважностью орел; 
 И мчит грозу ударов 
 Сквозь дым и огнь, по грудам тел, 
 В среду врагов Кайсаров.


Вожди Славян, хвала и честь! 
 Свершайте истребленье, 
 Отчизна к вам взывает: месть! 
 Вселенная: спасенье!


Друзья, кипящий кубок сей 
 Вождям, сраженным в бое. 
 Уже не придут в сонм друзей, 
 Не станут в ратном строе, 
 Уж для врага их грозный лик 
 Не будет вестник мщенья. 
 И не помчит их мощный клик 
 Дружину в пыл сраженья; 
 Их празден меч, безмолвен щит, 
 Их ратники унылы; 
 И сир могучих конь стоит 
 Близ тихой их могилы.


Где Кульнев наш, рушитель сил, 
 Свирепый пламень брани? 
 Он пал -- главу на щит склонил 
 И стиснул меч во длани. 
 Где жизнь судьба ему дала, 
 Там брань его сразила; 
 Где колыбель его была, 
 Там днесь его могила. 
 И тих его последний час: 
 С молитвою священной 
 О милой матери, угас 
 Герой наш незабвенной...


А ты, Кутайсов, вождь младой... 
 Где прелести? где младость? 
 Увы! он видом и душой 
 Прекрасен был, как радость; 
 В броне ли, грозный, выступал -- 
 Бросали смерть перуны; 
 Во струны ль арфы ударял -- 
 Одушевлялись струны... 
 О горе! верный конь бежит 
 Окровавлен из боя; 
 На нем его разбитый щит... 
 И нет на нем героя.


И где же твой, о витязь, прах? 
 Какою взят могилой?.. 
 Пойдет прекрасная в слезах 
 Искать, где пепел милой... 
 Там чище ранняя роса, 
 Там зелень ароматней, 
 И сладостней цветов краса, 
 И светлый день приятней, 
 И тихий дух твой прилетит 
 Из таинственной сени; 
 И трепет сердца возвестит 
 Ей близость дружней тени.


И ты... и ты, Багратион? 
 Вотще друзей молитвы, 
 Вотще их плач... во гробе он, 
 Добыча лютой битвы. 
 Еще дружин надежда в нем; 
 Все мнит: с одра восстанет; 
 И робко шепчет враг с врагом: 
 „Увы нам! скоро грянет“. 
 А он... навеки взор смежил, 
 Решитель бранных споров, 
 Он в область храбрых воспарил, 
 К тебе, отец Суворов.


И честь вам, падшие друзья! 
 Ликуйте в горней сени; 
 Там ваша верная семья -- 
 Вождей минувших тени. 
 Хвала вам будет оживлять 
 И поздних лет беседы. 
 „От них учитесь умирать!“-- 
 Так скажут внукам деды; 
 При вашем имени вскипит 
 В вожде ретивом пламя; 
 Он на твердыню с ним взлетит 
 И водрузит там знамя.


При вашем имени вскипит 
 В вожде ретивом пламя; 
 Он на твердыню с ним взлетит 
 И водрузит там знамя.


Сей кубок мщенью! други, в строй! 
 И к небу грозны длани! 
 Сразить иль пасть! наш роковой 
 Обет пред богом брани. 
 Вотще, о враг, из тьмы племен 
 Ты зиждешь ополченья; 
 Они бегут твоих знамен 
 И жаждут низложенья. 
 Сокровищ нет у нас в домах; 
 Там стрелы и кольчуги; 
 Мы села -- в пепел; грады -- в прах; 
 В мечи -- серпы и плуги.


Злодей! он лестью приманил 
 К Москве свои дружины; 
 Он низким миром нам грозил 
 С кремлевския вершины. 
 „Пойду по стогнам с торжеством! 
 Пойду... и все восплещет! 
 И в прах падут с своим царем!..“ 
 Пришел... и сам трепещет; 
 Подвигло мщение Москву: 
 Вспылала пред врагами 
 И грянулась на их главу 
 Губящими стенами.


Веди ж своих царей-рабов 
 С их стаей в область хлада; 
 Пробей тропу среди снегов 
 Во сретение глада... 
 Зима, союзник наш, гряди! 
 Им заперт путь возвратный; 
 Пустыни в пепле позади; 
 Пред ними сонмы ратны. 
 Отведай, хищник, что сильней: 
 Дух алчности иль мщенье? 
 Пришлец, мы в родине своей; 
 За правых Провиденье!


Отведай, хищник, что сильней: 
 Дух алчности иль мщенье? 
 Пришлец, мы в родине своей; 
 За правых Провиденье!


Святому братству сей фиал 
 От верных братий круга! 
 Блажен, кому Создатель дал 
 Усладу жизни, друга; 
 С ним счастье вдвое; в скорбный час 
 Он сердцу утешенье; 
 Он наша совесть; он для нас 
 Второе Провиденье. 
 О! будь же, други, святость уз 
 Закон наш под шатрами; 
 Написан кровью наш союз: 
 И жить и пасть друзьями.


О! будь же, други, святость уз 
 Закон наш под шатрами; 
 Написан кровью наш союз: 
 И жить и пасть друзьями.


Любви сей полный кубок в дар! 
 Среди борьбы кровавой, 
 Друзья, святой питайте жар: 
 Любовь одно со славой. 
 Кому здесь жребий уделен 
 Знать тайну страсти милой, 
 Кто сердцем сердцу обручен: 
 Тот смело, с бодрой силой 
 На все великое летит; 
 Нет страха; нет преграды; 
 Чего, чего не совершит 
 Для сладостной награды?


Ах! мысль о той, кто все для нас, 
 Нам спутник неизменный; 
 Везде знакомый слышим глас, 
 Зрим образ незабвенный! 
 Она на бранных знаменах, 
 Она в пылу сраженья; 
 И в шуме стана и в мечтах 
 Веселых сновиденья. 
 Отведай, враг, исторгнуть щит, 
 Рукою данный милой; 
 Святой обет на нем горит: 
 Твоя и за могилой!


О сладость тайныя мечты! 
 Там, там за синей далью 
 Твой ангел, дева красоты, 
 Одна с своей печалью, 
 Грустит, о друге слезы льет; 
 Душа ее в молитве, 
 Боится вести, вести ждет: 
 „Увы! не пал ли в битве?“ 
 И мыслит: „Скоро ль, дружний глас, 
 Твои мне слышать звуки? 
 Лети, лети, свиданья час, 
 Сменить тоску разлуки“.


Друзья! блаженнейшая часть: 
 Любезных быть спасеньем. 
 Когда ж предел наш в битве пасть -- 
 Погибнем с наслажденьем; 
 Святое имя призовем 
 В минуту смертной муки; 
 Кем мы дышали в мире сем, 
 С той нет и там разлуки: 
 Туда душа перенесет 
 Любовь и образ милой... 
 О други, смерть не все возьмет; 
 Есть жизнь и за могилой.


В тот мир душа перенесет 
 Любовь и образ милой... 
 О други, смерть не все возьмет; 
 Есть жизнь и за могилой.


Сей кубок чистым Музам в дар! 
 Друзья, они в героя 
 Вливают бодрость, славы жар, 
 И месть, и жажду боя. 
 Гремят их лиры -- стар и млад 
 Оделись в бранны латы: 
 Ничто им стрел свистящих град, 
 Ничто твердынь раскаты. 
 Певцы -- сотрудники вождям; 
 Их песни -- жизнь победам, 
 И внуки, внемля их струнам, 
 В слезах дивятся дедам.


О, радость древних лет, Боян! 
 Ты, арфой ополченный, 
 Летал пред строями Славян, 
 И гимн гремел священный; 
 Петру возник среди снегов 
 Певец -- податель славы; 
 Честь Задунайскому -- Петров. 
 О камские дубравы, 
 Гордитесь, ваш Державин-сын! 
 Готовь свои перуны, 
 Суворов, чудо-исполин,-- 
 Державин грянет в струны.


О старец! да услышим твой 
 Днесь голос лебединый; 
 Не тщетной славы пред тобой, 
 Но мщения дружины; 
 Простерли не к добычам длань, 
 Бегут не за венками -- 
 Их подвиг свят: то правых брань 
 С злодейскими ордами. 
 Пришло разрушить их мечам 
 Племен порабощенье; 
 Самим губителя рабам 
 Победы их спасенье.


Так, братья, чадам Муз хвала!.. 
 Но я, певец ваш юный... 
 Увы! почто судьба дала 
 Незвучные мне струны? 
 Доселе тихим лишь полям 
 Моя играла лира... 
 Вдруг выпал жребий: к знаменам! 
 Прости, и сладость мира, 
 И отчий край, и круг друзей, 
 И труд уединенный, 
 И все... я там, где стук мечей, 
 Где ужасы военны.


Но буду ль ваши петь дела 
 И хищных истребленье? 
 Быть может, ждет меня стрела 
 И мне удел -- паденье. 
 Но что ж... навеки ль смертный час 
 Мой след изгладит в мире? 
 Останется привычный глас 
 В осиротевшей лире. 
 Пускай губителя во прах 
 Низринет месть кровава -- 
 Родится жизнь в ее струнах, 
 И звучно грянут: слава!


Хвала возвышенным певцам! 
 Их песни -- жизнь победам; 
 И внуки, внемля их струнам, 
 В слезах дивятся дедам.


Подымем чашу!.. Богу сил! 
 О братья, на колена! 
 Он искони благословил 
 Славянские знамена. 
 Бессильным щит его закон, 
 И гибнущим спаситель; 
 Всегда союзник правых он 
 И гордых истребитель. 
 О братья, взоры к небесам! 
 Там жизни сей награда! 
 Оттоль отец незримый нам 
 Гласит: мужайтесь, чада!


Бессмертье, тихий, светлый брег; 
 Наш путь -- к нему стремленье. 
 Покойся, кто свой кончил бег! 
 Вы, странники, терпенье! 
 Блажен, кого постигнул бой! 
 Пусть долго, с жизнью хилой, 
 Старик трепещущей ногой 
 Влачится над могилой; 
 Сын брани мигом ношу в прах 
 С могучих плеч свергает 
 И, бодр, на молнийных крылах 
 В мир лучший улетает.


А мы?.. Доверенность к Творцу! 
 Что б ни было -- незримой 
 Ведет нас к лучшему концу 
 Стезей непостижимой. 
 Ему, друзья, отважно вслед! 
 Прочь, низкое! прочь, злоба! 
 Дух бодрый на дороге бед, 
 До самой двери гроба; 
 В высокой доле -- простота; 
 Нежадность -- в наслажденье; 
 В союзе с ровным -- правота; 
 В могуществе -- смиренье.


Обетам -- вечность; чести -- честь; 
 Покорность -- правой власти; 
 Для дружбы -- все, что в мире есть; 
 Любви -- весь пламень страсти; 
 Утеха -- скорби; просьбе -- дань; 
 Погибели -- спасенье; 
 Могущему пороку -- брань; 
 Бессильному -- презренье; 
 Неправде -- грозный правды глас; 
 Заслуге -- воздаянье; 
 Спокойствие -- в последний час; 
 При гробе -- упованье.


О! будь же, Русский Бог, нам щит! 
 Прострешь Твою десницу -- 
 И мститель-гром Твой раздробит 
 Коня и колесницу. 
 Как воск перед лицом огня, 
 Растает враг пред нами... 
 О страх карающего дня! 
 Бродя окрест очами, 
 Речет пришлец: „Врагов я зрел; 
 И мнил: земли им мало; 
 И взор их гибелью горел; 
 Протек -- врагов не стало!“


Речет пришлец: „Врагов я зрел; 
 И мнил: земли им мало; 
 И взор их гибелью горел; 
 Протек -- врагов не стало!“


Но светлых облаков гряда 
 Уж утро возвещает; 
 Уже восточная звезда 
 Над холмами играет; 
 Редеет сумрак; сквозь туман 
 Проглянули равнины, 
 И дальний лес, и тихий стан, 
 И спящие дружины. 
 О други, скоро!.. день грядет... 
 Недвижны рати бурны... 
 Но... Рок уж жребии берет 
 Из таинственной урны.


О новый день, когда твой свет 
 Исчезнет за холмами, 
 Сколь многих взор наш не найдет 
 Меж нашими рядами!.. 
 И се блеснул!.. Чу!.. вестовой 
 Перун по холмам грянул; 
 Внимайте: в поле шум глухой! 
 Смотрите: стан воспрянул! 
 И кони ржут, грызя бразды; 
 И строй сомкнулся с строем; 
 И вождь летит перед ряды; 
 И пышет ратник боем.


Друзья, прощанью кубок сей! 
 И смело в бой кровавой 
 Под вихорь стрел, на ряд мечей, 
 За смертью иль за славой... 
 О вы, которых и вдали 
 Боготворим сердцами, 
 Вам, вам все блага на земли! 
 Щит Промысла над вами!.. 
 Всевышний Царь, благослови! 
 А вы, друзья, лобзанье 
 В завет: здесь верныя любви, 
 Там сладкого свиданья!


Всевышний Царь, благослови! 
 А вы, друзья, лобзанье 
 В завет: здесь верныя любви, 
 Там сладкого свиданья!


"
53;16905;ok;"Легкий, легкий ветерок, 
 Что так сладко, тихо веешь? 
 Что играешь, что светлеешь, 
 Очарованный поток? 
 Чем опять душа полна? 
 Что опять в ней пробудилось? 
 Что с тобой к ней возвратилось, 
 Перелетная весна? 
 Я смотрю на небеса… 
 Облака, летя, сияют 
 И, сияя, улетают 
 За далекие леса.


Иль опять от вышины 
 Весть знакомая несется? 
 Или снова раздается 
 Милый голос старины? 
 Или там, куда летит 
 Птичка, странник поднебесный, 
 Все еще сей неизвестный 
 Край желанного сокрыт?.. 
 Кто ж к неведомым брегам 
 Путь неведомый укажет? 
 Ах! найдется ль, кто мне скажет, 
 Очарованное Там?


";В. А. Жуковский;Весеннее чувство : «Легкий, легкий ветерок...»;"Легкий, легкий ветерок, 
 Что так сладко, тихо веешь? 
 Что играешь, что светлеешь, 
 Очарованный поток? 
 Чем опять душа полна? 
 Что опять в ней пробудилось? 
 Что с тобой к ней возвратилось, 
 Перелетная весна? 
 Я смотрю на небеса… 
 Облака, летя, сияют 
 И, сияя, улетают 
 За далекие леса.


Иль опять от вышины 
 Весть знакомая несется? 
 Или снова раздается 
 Милый голос старины? 
 Или там, куда летит 
 Птичка, странник поднебесный, 
 Все еще сей неизвестный 
 Край желанного сокрыт?.. 
 Кто ж к неведомым брегам 
 Путь неведомый укажет? 
 Ах! найдется ль, кто мне скажет, 
 Очарованное Там?


"
54;16942;ok;"Знать, солнышко утомлено: 
 За горы прячется оно; 
 Луч погашает за лучом 
 И, алым тонким облачком 
 Задернув лик усталый свой, 
 Уйти готово на покой.


Пора ему и отдохнуть; 
 Мы знаем, летний долог путь. 
 Везде ж работа: на горах, 
 В долинах, в рощах и лугах; 
 Того согрей; тем свету дай 
 И всех притом благословляй.


Буди заснувшие цветы 
 И им расписывай листы; 
 Потом медвяною росой 
 Пчелу-работницу напой 
 И чистых капель меж листов 
 Оставь про резвых мотыльков.


Зерну скорлупку расколи 
 И молодую из земли 
 Былинку выведи на свет; 
 Пичужкам приготовь обед; 
 Тех приюти между ветвей; 
 А тех на гнездышке согрей.


И вишням дай румяный цвет; 
 Не позабудь горячий свет 
 Рассыпать на зеленый сад, 
 И золотистый виноград 
 От зноя листьями прикрыть, 
 И колос зрелостью налить.


А если жар для стад жесток, 
 Смани их к роще в холодок; 
 И тучку темную скопи, 
 И травку влагой окропи, 
 И яркой радугой с небес 
 Сойди на темный луг и лес.


А где под острою косой 
 Трава ложится полосой, 
 Туда безоблачно сияй 
 И сено в копны собирай, 
 Чтоб к ночи луг от них пестрел 
 И с ними ряд возов скрипел.


Итак, совсем немудрено, 
 Что разгорелося оно, 
 Что отдыхает на горах 
 В полупотухнувших лучах 
 И нам, сходя за небосклон, 
 В прохладе шепчет: „Добрый сон“.


И вот сошло, и свет потух; 
 Один на башне лишь петух 
 За ним глядит, сияя, вслед… 
 Гляди, гляди! В том пользы нет! 
 Сейчас оно перед тобой 
 Задернет алый завес свой.


Есть и про солнышко беда: 
 Нет ладу с сыном никогда. 
 Оно лишь только в глубину, 
 А он как раз на вышину; 
 Того и жди, что заблестит; 
 Давно за горкой он сидит.


Но что ж так медлит он вставать? 
 Все хочет солнце переждать. 
 Вставай, вставай, уже давно 
 Заснуло в сумерках оно. 
 И вот он всходит; в дол глядит 
 И бледно зелень серебрит.


И ночь уж на небо взошла 
 И тихо на небе зажгла 
 Гостеприимные огни; 
 И все замолкнуло в тени; 
 И по долинам, по горам 
 Все спит… Пора ко сну и нам.


";В. А. Жуковский;Летний вечер : «Знать, солнышко утомлено...»;"Знать, солнышко утомлено: 
 За горы прячется оно; 
 Луч погашает за лучом 
 И, алым тонким облачком 
 Задернув лик усталый свой, 
 Уйти готово на покой.


Пора ему и отдохнуть; 
 Мы знаем, летний долог путь. 
 Везде ж работа: на горах, 
 В долинах, в рощах и лугах; 
 Того согрей; тем свету дай 
 И всех притом благословляй.


Буди заснувшие цветы 
 И им расписывай листы; 
 Потом медвяною росой 
 Пчелу-работницу напой 
 И чистых капель меж листов 
 Оставь про резвых мотыльков.


Зерну скорлупку расколи 
 И молодую из земли 
 Былинку выведи на свет; 
 Пичужкам приготовь обед; 
 Тех приюти между ветвей; 
 А тех на гнездышке согрей.


И вишням дай румяный цвет; 
 Не позабудь горячий свет 
 Рассыпать на зеленый сад, 
 И золотистый виноград 
 От зноя листьями прикрыть, 
 И колос зрелостью налить.


А если жар для стад жесток, 
 Смани их к роще в холодок; 
 И тучку темную скопи, 
 И травку влагой окропи, 
 И яркой радугой с небес 
 Сойди на темный луг и лес.


А где под острою косой 
 Трава ложится полосой, 
 Туда безоблачно сияй 
 И сено в копны собирай, 
 Чтоб к ночи луг от них пестрел 
 И с ними ряд возов скрипел.


Итак, совсем немудрено, 
 Что разгорелося оно, 
 Что отдыхает на горах 
 В полупотухнувших лучах 
 И нам, сходя за небосклон, 
 В прохладе шепчет: „Добрый сон“.


И вот сошло, и свет потух; 
 Один на башне лишь петух 
 За ним глядит, сияя, вслед… 
 Гляди, гляди! В том пользы нет! 
 Сейчас оно перед тобой 
 Задернет алый завес свой.


Есть и про солнышко беда: 
 Нет ладу с сыном никогда. 
 Оно лишь только в глубину, 
 А он как раз на вышину; 
 Того и жди, что заблестит; 
 Давно за горкой он сидит.


Но что ж так медлит он вставать? 
 Все хочет солнце переждать. 
 Вставай, вставай, уже давно 
 Заснуло в сумерках оно. 
 И вот он всходит; в дол глядит 
 И бледно зелень серебрит.


И ночь уж на небо взошла 
 И тихо на небе зажгла 
 Гостеприимные огни; 
 И все замолкнуло в тени; 
 И по долинам, по горам 
 Все спит… Пора ко сну и нам.


"
55;16960;ok;"Минувших дней очарованье, 
 Зачем опять воскресло ты? 
 Кто разбудил воспоминанье 
 И замолчавшие мечты? 
 Шепнул душе привет бывалой; 
 Душе блеснул знакомый взор; 
 И зримо ей минуту стало 
 Незримое с давнишних пор.


О милый гость, святое Прежде, 
 Зачем в мою теснишься грудь? 
 Могу ль сказать: живи надежде? 
 Скажу ль тому, что было: будь? 
 Могу ль узреть во блеске новом 
 Мечты увядшей красоту? 
 Могу ль опять одеть покровом 
 Знакомой жизни наготу?


Зачем душа в тот край стремится, 
 Где были дни, каких уж нет? 
 Пустынный край не населится, 
 Не узрит он минувших лет; 
 Там есть один жилец безгласный, 
 Свидетель милой старины; 
 Там вместе с ним все дни прекрасны 
 В единый гроб положены.


";В. А. Жуковский;Песня : «Минувших дней очарованье...»;"Минувших дней очарованье, 
 Зачем опять воскресло ты? 
 Кто разбудил воспоминанье 
 И замолчавшие мечты? 
 Шепнул душе привет бывалой; 
 Душе блеснул знакомый взор; 
 И зримо ей минуту стало 
 Незримое с давнишних пор.


О милый гость, святое Прежде, 
 Зачем в мою теснишься грудь? 
 Могу ль сказать: живи надежде? 
 Скажу ль тому, что было: будь? 
 Могу ль узреть во блеске новом 
 Мечты увядшей красоту? 
 Могу ль опять одеть покровом 
 Знакомой жизни наготу?


Зачем душа в тот край стремится, 
 Где были дни, каких уж нет? 
 Пустынный край не населится, 
 Не узрит он минувших лет; 
 Там есть один жилец безгласный, 
 Свидетель милой старины; 
 Там вместе с ним все дни прекрасны 
 В единый гроб положены.


"
56;17028;ok;"Милый сон, души пленитель, 
 Гость прекрасный с вышины, 
 Благодатный посетитель 
 Поднебесной стороны, 
 Я тобою насладился 
 На минуту, но вполне: 
 Добрым вестником явился 
 Здесь небесного ты мне.


Мнил я быть в обетованной 
 Той земле, где вечный мир; 
 Мнил я зреть благоуханной 
 Безмятежный Кашемир; 
 Видел я: торжествовали 
 Праздник розы и весны 
 И пришелицу встречали 
 Из далекой стороны.


И блистая и пленяя -- 
 Словно ангел неземной -- 
 Непорочность молодая 
 Появилась предо мной; 
 Светлый завес покрывала 
 Отенял ее черты, 
 И застенчиво склоняла 
 Взор умильный с высоты.


Все -- и робкая стыдливость 
 Под сиянием венца, 
 И младенческая живость, 
 И величие лица, 
 И в чертах глубокость чувства 
 С безмятежной тишиной -- 
 Все в ней было без искусства 
 Неописанной красой!


Я смотрел -- а призрак мимо 
 (Увлекая душу вслед) 
 Пролетал невозвратимо; 
 Я за ним -- его уж нет! 
 Посетил, как упованье; 
 Жизнь минуту озарил; 
 И оставил лишь преданье, 
 Что когда-то в жизни был!


Ах! не с нами обитает 
 Гений чистый красоты; 
 Лишь порой он навещает 
 Нас с небесной высоты; 
 Он поспешен, как мечтанье, 
 Как воздушный утра сон; 
 Но в святом воспоминанье 
 Неразлучен с сердцем он!


Он лишь в чистые мгновенья 
 Бытия бывает к нам 
 И приносит откровенья, 
 Благотворные сердцам; 
 Чтоб о небе сердце знало 
 В темной области земной, 
 Нам туда сквозь покрывало 
 Он дает взглянуть порой;


И во всем, что здесь прекрасно, 
 Что наш мир животворит, 
 Убедительно и ясно 
 Он с душою говорит; 
 А когда нас покидает, 
 В дар любви у нас в виду 
 В нашем небе зажигает 
 Он прощальную звезду.


";В. А. Жуковский;Лалла Рук : «Милый сон, души пленитель...»;"Милый сон, души пленитель, 
 Гость прекрасный с вышины, 
 Благодатный посетитель 
 Поднебесной стороны, 
 Я тобою насладился 
 На минуту, но вполне: 
 Добрым вестником явился 
 Здесь небесного ты мне.


Мнил я быть в обетованной 
 Той земле, где вечный мир; 
 Мнил я зреть благоуханной 
 Безмятежный Кашемир; 
 Видел я: торжествовали 
 Праздник розы и весны 
 И пришелицу встречали 
 Из далекой стороны.


И блистая и пленяя -- 
 Словно ангел неземной -- 
 Непорочность молодая 
 Появилась предо мной; 
 Светлый завес покрывала 
 Отенял ее черты, 
 И застенчиво склоняла 
 Взор умильный с высоты.


Все -- и робкая стыдливость 
 Под сиянием венца, 
 И младенческая живость, 
 И величие лица, 
 И в чертах глубокость чувства 
 С безмятежной тишиной -- 
 Все в ней было без искусства 
 Неописанной красой!


Я смотрел -- а призрак мимо 
 (Увлекая душу вслед) 
 Пролетал невозвратимо; 
 Я за ним -- его уж нет! 
 Посетил, как упованье; 
 Жизнь минуту озарил; 
 И оставил лишь преданье, 
 Что когда-то в жизни был!


Ах! не с нами обитает 
 Гений чистый красоты; 
 Лишь порой он навещает 
 Нас с небесной высоты; 
 Он поспешен, как мечтанье, 
 Как воздушный утра сон; 
 Но в святом воспоминанье 
 Неразлучен с сердцем он!


Он лишь в чистые мгновенья 
 Бытия бывает к нам 
 И приносит откровенья, 
 Благотворные сердцам; 
 Чтоб о небе сердце знало 
 В темной области земной, 
 Нам туда сквозь покрывало 
 Он дает взглянуть порой;


И во всем, что здесь прекрасно, 
 Что наш мир животворит, 
 Убедительно и ясно 
 Он с душою говорит; 
 А когда нас покидает, 
 В дар любви у нас в виду 
 В нашем небе зажигает 
 Он прощальную звезду.


"
57;17033;ok;"Безмолвное море, лазурное море, 
 Стою очарован над бездной твоей. 
 Ты живо; ты дышишь; смятенной любовью, 
 Тревожною думой наполнено ты. 
 Безмолвное море, лазурное море, 
 Открой мне глубокую тайну твою: 
 Что движет твое необъятное лоно? 
 Чем дышит твоя напряженная грудь? 
 Иль тянет тебя из земныя неволи 
 Далекое светлое небо к себе?.. 
 Таинственной, сладостной полное жизни, 
 Ты чисто в присутствии чистом его: 
 Ты льешься его светозарной лазурью, 
 Вечерним и утренним светом горишь, 
 Ласкаешь его облака золотые 
 И радостно блещешь звездами его. 
 Когда же сбираются темные тучи, 
 Чтоб ясное небо отнять у тебя -- 
 Ты бьешься, ты воешь, ты волны подъемлешь, 
 Ты рвешь и терзаешь враждебную мглу… 
 И мгла исчезает, и тучи уходят, 
 Но, полное прошлой тревоги своей, 
 Ты долго вздымаешь испуганны волны, 
 И сладостный блеск возвращенных небес 
 Не вовсе тебе тишину возвращает; 
 Обманчив твоей неподвижности вид: 
 Ты в бездне покойной скрываешь смятенье, 
 Ты, небом любуясь, дрожишь за него.


";В. А. Жуковский;Море : «Безмолвное море, лазурное море...»;"Безмолвное море, лазурное море, 
 Стою очарован над бездной твоей. 
 Ты живо; ты дышишь; смятенной любовью, 
 Тревожною думой наполнено ты. 
 Безмолвное море, лазурное море, 
 Открой мне глубокую тайну твою: 
 Что движет твое необъятное лоно? 
 Чем дышит твоя напряженная грудь? 
 Иль тянет тебя из земныя неволи 
 Далекое светлое небо к себе?.. 
 Таинственной, сладостной полное жизни, 
 Ты чисто в присутствии чистом его: 
 Ты льешься его светозарной лазурью, 
 Вечерним и утренним светом горишь, 
 Ласкаешь его облака золотые 
 И радостно блещешь звездами его. 
 Когда же сбираются темные тучи, 
 Чтоб ясное небо отнять у тебя -- 
 Ты бьешься, ты воешь, ты волны подъемлешь, 
 Ты рвешь и терзаешь враждебную мглу… 
 И мгла исчезает, и тучи уходят, 
 Но, полное прошлой тревоги своей, 
 Ты долго вздымаешь испуганны волны, 
 И сладостный блеск возвращенных небес 
 Не вовсе тебе тишину возвращает; 
 Обманчив твоей неподвижности вид: 
 Ты в бездне покойной скрываешь смятенье, 
 Ты, небом любуясь, дрожишь за него.


"
58;17040;ok;"Ты предо мною 
 Стояла тихо. 
 Твой взор унылый 
 Был полон чувства. 
 Он мне напомнил 
 О милом прошлом… 
 Он был последний 
 На здешнем свете.


Ты удалилась, 
 Как тихий ангел; 
 Твоя могила, 
 Как рай, спокойна! 
 Там все земные 
 Воспоминанья, 
 Там все святые 
 О небе мысли.


Звезды небес, 
 Тихая ночь!..


";В. А. Жуковский;9 марта 1823 : «Ты предо мною...»;"Ты предо мною 
 Стояла тихо. 
 Твой взор унылый 
 Был полон чувства. 
 Он мне напомнил 
 О милом прошлом… 
 Он был последний 
 На здешнем свете.


Ты удалилась, 
 Как тихий ангел; 
 Твоя могила, 
 Как рай, спокойна! 
 Там все земные 
 Воспоминанья, 
 Там все святые 
 О небе мысли.


Звезды небес, 
 Тихая ночь!..


"
59;17048;ok;"Поляны мирной украшение, 
 Благоуханные цветы, 
 Минутное изображение 
 Земной, минутной красоты; 
 Вы равнодушно расцветаете, 
 Глядяся в воды ручейка, 
 И равнодушно упрекаете 
 В непостоянстве мотылька.


Во дни весны с востока ясного, 
 Младой денницей пробужден, 
 В пределы бытия прекрасного 
 От высоты спустился он. 
 Исполненный воспоминанием 
 Небесной, чистой красоты, 
 Он вашим радостным сиянием 
 Пленился, милые цветы.


Он мнил, что вы с ним однородные 
 Переселенцы с вышины, 
 Что вам, как и ему, свободные 
 И крылья и душа даны; 
 Но вы к земле, цветы, прикованы; 
 Вам на земле и умереть; 
 Глаза лишь вами очарованы, 
 А сердца вам не разогреть.


Не рождены вы для внимания; 
 Вам непонятен чувства глас; 
 Стремишься к вам без упования; 
 Без горя забываешь вас. 
 Пускай же к вам, резвясь, ласкается, 
 Как вы, минутный ветерок; 
 Иною прелестью пленяется 
 Бессмертья вестник мотылек…


Но есть меж вами два избранные, 
 Два ненадменные цветка: 
 Их имена, им сердцем данные, 
 К ним привлекают мотылька. 
 Они без пышного сияния; 
 Едва приметны красотой: 
 Один есть цвет воспоминания, 
 Сердечной думы цвет другой.


О милое воспоминание 
 О том, чего уж в мире нет! 
 О дума сердца -- упование 
 На лучший, неизменный свет! 
 Блажен, кто вас среди губящего 
 Волненья жизни сохранил 
 И с вами низость настоящего 
 И пренебрег и позабыл.


";В. А. Жуковский;Мотылек и цветы : «Поляны мирной украшение...»;"Поляны мирной украшение, 
 Благоуханные цветы, 
 Минутное изображение 
 Земной, минутной красоты; 
 Вы равнодушно расцветаете, 
 Глядяся в воды ручейка, 
 И равнодушно упрекаете 
 В непостоянстве мотылька.


Во дни весны с востока ясного, 
 Младой денницей пробужден, 
 В пределы бытия прекрасного 
 От высоты спустился он. 
 Исполненный воспоминанием 
 Небесной, чистой красоты, 
 Он вашим радостным сиянием 
 Пленился, милые цветы.


Он мнил, что вы с ним однородные 
 Переселенцы с вышины, 
 Что вам, как и ему, свободные 
 И крылья и душа даны; 
 Но вы к земле, цветы, прикованы; 
 Вам на земле и умереть; 
 Глаза лишь вами очарованы, 
 А сердца вам не разогреть.


Не рождены вы для внимания; 
 Вам непонятен чувства глас; 
 Стремишься к вам без упования; 
 Без горя забываешь вас. 
 Пускай же к вам, резвясь, ласкается, 
 Как вы, минутный ветерок; 
 Иною прелестью пленяется 
 Бессмертья вестник мотылек…


Но есть меж вами два избранные, 
 Два ненадменные цветка: 
 Их имена, им сердцем данные, 
 К ним привлекают мотылька. 
 Они без пышного сияния; 
 Едва приметны красотой: 
 Один есть цвет воспоминания, 
 Сердечной думы цвет другой.


О милое воспоминание 
 О том, чего уж в мире нет! 
 О дума сердца -- упование 
 На лучший, неизменный свет! 
 Блажен, кто вас среди губящего 
 Волненья жизни сохранил 
 И с вами низость настоящего 
 И пренебрег и позабыл.


"
60;17047;beginning;"Кто ты, призрак, гость прекрасной? 
 К нам откуда прилетал? 
 Безответно и безгласно 
 Для чего от нас пропал? 
 Где ты? Где твое селенье? 
 Что с тобой? Куда исчез? 
 И зачем твое явленье 
 В поднебесную с небес?


Не Надежда ль ты младая, 
 Приходящая порой 
 Из неведомого края 
 Под волшебной пеленой? 
 Как она, неумолимо 
 Радость милую на час 
 Показал ты, с нею мимо 
 Пролетел и бросил нас.


Не Любовь ли нам собою 
 Тайно ты изобразил?.. 
 Дни любви, когда одною 
 Мир для нас прекрасен был, 
 Ах! тогда сквозь покрывало 
 Неземным казался он… 
 Снят покров; любви не стало; 
 Жизнь пуста, и счастье -- сон.


Не волшебница ли Дума 
 Здесь в тебе явилась нам? 
 Удаленная от шума 
 И мечтательно к устам 
 Приложивши перст, приходит 
 К нам, как ты, она порой 
 И в минувшее уводит 
 Нас безмолвно за собой.


Иль в тебе сама святая 
 Здесь Поэзия была?.. 
 К нам, как ты, она из рая 
 Два покрова принесла: 
 Для небес лазурно-ясный, 
 Чистый, белый для земли: 
 С ней все близкое прекрасно; 
 Все знакомо, что вдали.


Иль Предчувствие сходило 
 К нам во образе твоем 
 И понятно говорило 
 О небесном, о святом? 
 Часто в жизни так бывало: 
 Кто-то светлый к нам летит, 
 Подымает покрывало 
 И в далекое манит.


";В. А. Жуковский;Таинственный посетитель : «Кто ты, призрак, гость прекрасной?..»;"Кто ты, призрак, гость прекрасной? 
 К нам откуда прилетал? 
 Безответно и безгласно 
 Для чего от нас пропал? 
 Где ты? Где твое селенье? 
 Что с тобой? Куда исчез? 
 И зачем твое явленье 
 В поднебесную с небес?


Не Надежда ль ты младая, 
 Приходящая порой 
 Из неведомого края 
 Под волшебной пеленой? 
 Как она, неумолимо 
 Радость милую на час 
 Показал ты, с нею мимо 
 Пролетел и бросил нас.


Не Любовь ли нам собою 
 Тайно ты изобразил?.. 
 Дни любви, когда одною 
 Мир для нас прекрасен был, 
 Ах! тогда сквозь покрывало 
 Неземным казался он… 
 Снят покров; любви не стало; 
 Жизнь пуста, и счастье -- сон.


Не волшебница ли Дума 
 Здесь в тебе явилась нам? 
 Удаленная от шума 
 И мечтательно к устам 
 Приложивши перст, приходит 
 К нам, как ты, она порой 
 И в минувшее уводит 
 Нас безмолвно за собой.


Иль в тебе сама святая 
 Здесь Поэзия была?.. 
 К нам, как ты, она из рая 
 Два покрова принесла: 
 Для небес лазурно-ясный, 
 Чистый, белый для земли: 
 С ней все близкое прекрасно; 
 Все знакомо, что вдали.


Иль Предчувствие сходило 
 К нам во образе твоем 
 И понятно говорило 
 О небесном, о святом? 
 Часто в жизни так бывало: 
 Кто-то светлый к нам летит, 
 Подымает покрывало 
 И в далекое манит.


"
61;15400;ok;"Шумит по рощам ветр осенний, 
 Древа стоят без украшений, 
 Дриады скрылись по дуплам; 
 И разувенчанная Флора, 
 Воздушного не слыша хора, 
 В печали бродит по садам. 
 Певец любви, поэт игривый 
 И граций баловень счастливый, 
 Стыдись! тебе ли жить в полях? 
 Ты ль будешь в праздности постылой 
 В деревне тратить век унылый, 
 Как в келье дремлющий монах? 
 Нет! Быть отшельником от света -- 
 Ни славы в том, ни пользы нет; 
 Будь терпелив, приспеют лета -- 
 И сам тебя оставит свет. 
 Теперь, пока еще умильно 
 Глядят красавицы на нас, 
 И сердце, чувствами обильно, 
 Знакомо с счастием подчас, 
 Пока еще у нас играет 
 Живой румянец на щеках, 
 И радость с нами заседает 
 На шумных Вакховых пирах, -- 
 Не будем, вопреки природы 
 И гласу сердца вопреки, 
 Свои предупреждая годы, 
 Мы добиваться в старики! 
 Доколе роз в садах не тронет 
 Мертвящей осени рука, 
 Любимца Флоры, мотылька, 
 Ничто от розы не отгонит. 
 Пример и мы с него возьмем! 
 Как мотылек весною к розе, 
 И мы к веселью так прильнем, 
 Смеяся времени угрозе! 
 Ах! Юностью подорожим! 
 В свое пусть старость придет время, 
 Пусть лет на нас наложит бремя -- 
 Навстречу к ней не поспешим. 
 Любви, небесным вдохновеньям, 
 Дней наших поручая бег, 
 Судьбе предавшися послушно, 
 Ее ударов равнодушно 
 Дождемся мы средь игр и нег. 
 Когда же смерть нам в дверь заглянет 
 Звать в заточение свое, 
 Пусть лучше на пиру застанет, 
 Чем мертвыми и до нее.


";П. А. Вяземский;К Батюшкову. : «Шумит по рощам ветр осенний...»;"Шумит по рощам ветр осенний, 
 Древа стоят без украшений, 
 Дриады скрылись по дуплам; 
 И разувенчанная Флора, 
 Воздушного не слыша хора, 
 В печали бродит по садам. 
 Певец любви, поэт игривый 
 И граций баловень счастливый, 
 Стыдись! тебе ли жить в полях? 
 Ты ль будешь в праздности постылой 
 В деревне тратить век унылый, 
 Как в келье дремлющий монах? 
 Нет! Быть отшельником от света -- 
 Ни славы в том, ни пользы нет; 
 Будь терпелив, приспеют лета -- 
 И сам тебя оставит свет. 
 Теперь, пока еще умильно 
 Глядят красавицы на нас, 
 И сердце, чувствами обильно, 
 Знакомо с счастием подчас, 
 Пока еще у нас играет 
 Живой румянец на щеках, 
 И радость с нами заседает 
 На шумных Вакховых пирах, -- 
 Не будем, вопреки природы 
 И гласу сердца вопреки, 
 Свои предупреждая годы, 
 Мы добиваться в старики! 
 Доколе роз в садах не тронет 
 Мертвящей осени рука, 
 Любимца Флоры, мотылька, 
 Ничто от розы не отгонит. 
 Пример и мы с него возьмем! 
 Как мотылек весною к розе, 
 И мы к веселью так прильнем, 
 Смеяся времени угрозе! 
 Ах! Юностью подорожим! 
 В свое пусть старость придет время, 
 Пусть лет на нас наложит бремя -- 
 Навстречу к ней не поспешим. 
 Любви, небесным вдохновеньям, 
 Дней наших поручая бег, 
 Судьбе предавшися послушно, 
 Ее ударов равнодушно 
 Дождемся мы средь игр и нег. 
 Когда же смерть нам в дверь заглянет 
 Звать в заточение свое, 
 Пусть лучше на пиру застанет, 
 Чем мертвыми и до нее.


"
62;15426;beginning;"Пусть нежный баловень полуденной природы, 
 Где тень душистее, красноречивей воды, 
 Улыбку первую приветствует весны! 
 Сын пасмурных небес полуночной страны, 
 Обвыкший к свисту вьюг и реву непогоды, 
 Приветствую душой и песнью первый снег. 
 С какою радостью нетерпеливым взглядом 
 Волнующихся туч ловлю мятежный бег, 
 Когда с небес они на землю веют хладом! 
 Вчера еще стенал над онемевшим садом 
 Ветр скучной осени, и влажные пары 
 Стояли над челом угрюмыя горы 
 Иль мглой волнистою клубилися над бором. 
 Унынье томное бродило тусклым взором 
 По рощам и лугам, пустеющим вокруг. 
 Кладбищем зрелся лес; кладбищем зрелся луг. 
 Пугалище дриад, приют крикливых вранов, 
 Ветвями голыми махая, древний дуб 
 Чернел в лесу пустом, как обнаженный труп, 
 И воды тусклые, под пеленой туманов, 
 Дремали мертвым сном в безмолвных берегах. 
 Природа бледная, с унылостью в чертах, 
 Поражена была томлением кончины. 
 Сегодня новый вид окрестность приняла, 
 Как быстрым манием чудесного жезла; 
 Лазурью светлою горят небес вершины; 
 Блестящей скатертью подернулись долины, 
 И ярким бисером усеяны поля. 
 На празднике зимы красуется земля 
 И нас приветствует живительной улыбкой. 
 Здесь снег, как легкий пух, повис на ели гибкой; 
 Там, темный изумруд посыпав серебром, 
 На мрачной со́сне он разрисовал узоры. 
 Рассеялись пары и засверкали горы, 
 И солнца шар вспылал на своде голубом. 
 Волшебницей зимой весь мир преобразован; 
 Цепями льдистыми покорный пруд окован 
 И синим зеркалом сравнялся в берегах. 
 Забавы ожили; пренебрегая страх, 
 Сбежались смельчаки с брегов толпой игривой 
 И, празднуя зимы ожиданный возврат, 
 По льду свистящему кружатся и скользят. 
 Там ловчих полк готов; их взор нетерпеливый 
 Допрашивает след добычи торопливой, -- 
 На бегство робкого нескромный снег донес; 
 С неволи спущенный за жертвой хищный пес 
 Вверяется стремглав предательскому следу, 
 И довершает нож кровавую победу. 
 Покинем, милый друг, темницы мрачный кров! 
 Красивый выходец кипящих табунов, 
 Ревнуя на бегу с крылатоногой ланью, 
 Топоча хрупкий снег, нас по полю помчит. 
 Украшен твой наряд лесов сибирских данью, 
 И соболь на тебе чернеет и блестит. 
 Презрев мороза гнев и тщетные угрозы, 
 Румяных щек твоих свежей алеют розы, 
 И лилия свежей белеет на челе. 
 Как лучшая весна, как лучшей жизни младость, 
 Ты улыбаешься утешенной земле, 
 О, пламенный восторг! В душе блестнула радость, 
 Как искры яркие на снежном хрустале. 
 Счастлив, кто испытал прогулки зимней сладость! 
 Кто в тесноте саней с красавицей младой, 
 Ревнивых не боясь, сидел нога с ногой, 
 Жал руку, нежную в самом сопротивленье, 
 И в сердце девственном впервой любви смятенья, 
 И думу первую, и первый вздох зажег, 
 В победе сей других побед прияв залог. 
 Кто может выразить счастливцев упоенье? 
 Как вьюга легкая, их окриленный бег  ";П. А. Вяземский;Первый снег : «Пусть нежный баловень полуденной природы...»;"Пусть нежный баловень полуденной природы, 
 Где тень душистее, красноречивей воды, 
 Улыбку первую приветствует весны! 
 Сын пасмурных небес полуночной страны, 
 Обвыкший к свисту вьюг и реву непогоды, 
 Приветствую душой и песнью первый снег. 
 С какою радостью нетерпеливым взглядом 
 Волнующихся туч ловлю мятежный бег, 
 Когда с небес они на землю веют хладом! 
 Вчера еще стенал над онемевшим садом 
 Ветр скучной осени, и влажные пары 
 Стояли над челом угрюмыя горы 
 Иль мглой волнистою клубилися над бором. 
 Унынье томное бродило тусклым взором 
 По рощам и лугам, пустеющим вокруг. 
 Кладбищем зрелся лес; кладбищем зрелся луг. 
 Пугалище дриад, приют крикливых вранов, 
 Ветвями голыми махая, древний дуб 
 Чернел в лесу пустом, как обнаженный труп, 
 И воды тусклые, под пеленой туманов, 
 Дремали мертвым сном в безмолвных берегах. 
 Природа бледная, с унылостью в чертах, 
 Поражена была томлением кончины. 
 Сегодня новый вид окрестность приняла, 
 Как быстрым манием чудесного жезла; 
 Лазурью светлою горят небес вершины; 
 Блестящей скатертью подернулись долины, 
 И ярким бисером усеяны поля. 
 На празднике зимы красуется земля 
 И нас приветствует живительной улыбкой. 
 Здесь снег, как легкий пух, повис на ели гибкой; 
 Там, темный изумруд посыпав серебром, 
 На мрачной со́сне он разрисовал узоры. 
 Рассеялись пары и засверкали горы, 
 И солнца шар вспылал на своде голубом. 
 Волшебницей зимой весь мир преобразован; 
 Цепями льдистыми покорный пруд окован 
 И синим зеркалом сравнялся в берегах. 
 Забавы ожили; пренебрегая страх, 
 Сбежались смельчаки с брегов толпой игривой 
 И, празднуя зимы ожиданный возврат, 
 По льду свистящему кружатся и скользят. 
 Там ловчих полк готов; их взор нетерпеливый 
 Допрашивает след добычи торопливой, -- 
 На бегство робкого нескромный снег донес; 
 С неволи спущенный за жертвой хищный пес 
 Вверяется стремглав предательскому следу, 
 И довершает нож кровавую победу. 
 Покинем, милый друг, темницы мрачный кров! 
 Красивый выходец кипящих табунов, 
 Ревнуя на бегу с крылатоногой ланью, 
 Топоча хрупкий снег, нас по полю помчит. 
 Украшен твой наряд лесов сибирских данью, 
 И соболь на тебе чернеет и блестит. 
 Презрев мороза гнев и тщетные угрозы, 
 Румяных щек твоих свежей алеют розы, 
 И лилия свежей белеет на челе. 
 Как лучшая весна, как лучшей жизни младость, 
 Ты улыбаешься утешенной земле, 
 О, пламенный восторг! В душе блестнула радость, 
 Как искры яркие на снежном хрустале. 
 Счастлив, кто испытал прогулки зимней сладость! 
 Кто в тесноте саней с красавицей младой, 
 Ревнивых не боясь, сидел нога с ногой, 
 Жал руку, нежную в самом сопротивленье, 
 И в сердце девственном впервой любви смятенья, 
 И думу первую, и первый вздох зажег, 
 В победе сей других побед прияв залог. 
 Кто может выразить счастливцев упоенье? 
 Как вьюга легкая, их окриленный бег 
 Браздами ровными прорезывает снег 
 И, ярким облаком с земли его взвевая, 
 Сребристой пылию окидывает их. 
 Стеснилось время им в один крылатый миг. 
 По жизни так скользит горячность молодая, 
 И жить торопится, и чувствовать спешит! 
 Напрасно прихотям вверяется различным; 
 Вдаль увлекаема желаньем безграничным, 
 Пристанища себе она нигде не зрит. 
 Счастливые лета! Пора тоски сердечной! 
 Но что я говорю? Единый беглый день, 
 Как сон обманчивый, как привиденья тень, 
 Мелькнув, уносишь ты обман бесчеловечный! 
 И самая любовь, нам изменив, как ты, 
 Приводит к опыту безжалостным уроком 
 И, чувства истощив, на сердце одиноком 
 Нам оставляет след угаснувшей мечты. 
 Но в памяти души живут души утраты. 
 Воспоминание, как чародей богатый, 
 Из пепла хладного минувшее зовет 
 И глас умолкшему и праху жизнь дает. 
 Пусть на омытые луга росой денницы 
 Красивая весна бросает из кошницы 
 Душистую лазурь и свежий блеск цветов, 
 Пусть, растворяя лес очарованьем нежным, 
 Влечет любовников под кровом безмятежным 
 Предаться тихому волшебству сладких снов! -- 
 Не изменю тебе воспоминаньем тайным, 
 Весны роскошныя смиренная сестра, 
 О сердца моего любимая пора! 
 С тоскою прежнею, с волненьем обычайным, 
 Клянусь платить тебе признательную дань; 
 Всегда приветствовать тебя сердечной думой, 
 О первенец зимы, блестящей и угрюмой! 
 Снег первый, наших нив о девственная ткань!


"
63;15428;ok;"Уныние! вернейший друг души! 
 С которым я делю печаль и радость, 
 Ты легким сумраком мою одело младость, 
 И расцвела весна моя в тиши.


Я счастье знал, но молнией мгновенной 
 Оно означило туманный небосклон, 
 Его лишь видел взор, блистаньем ослепленный, 
 Я не жалел о нем: не к счастью я рожден.


В душе моей раздался голос славы: 
 Откликнулась душа волненьям на призыв; 
 Но, силы испытав, я дум смирил порыв, 
 И замерли в душе надежды величавы.


Не оправдала ты честолюбивых снов, 
 О слава! Ты надежд моих отвергла клятву, 
 Когда я уповал пожать бессмертья жатву 
 И яркою браздой прорезать мглу веков!


Кумир горящих душ! меня не допустила 
 Судьба переступить чрез твой священный праг, 
 И, мой пожравшая уединенный прах, 
 Забвеньем зарастет безмолвная могила.


Но слава не вотще мне голос подала! 
 Она вдохнула мне свободную отвагу, 
 Святую ненависть к бесчестному зажгла -- 
 И чистую любовь к изящному и благу.


Болтливыя молвы не требуя похвал, 
 Я подвиг бытия означил тесным кругом: 
 Пред алтарем души в смиренье клятву дал 
 Тирану быть врагом и жертве верным другом.


С улыбкою любви, в венках из свежих роз, 
 На пир раскошества влекли меня забавы; 
 Но сколько в нектар их я пролил горьких слез, 
 И чаша радости была сосуд отравы.


Унынье! все с тобой крепило мой союз; 
 Неверность льстивых благ была мне поученьем 
 Ты сблизило меня с полезным размышленьем 
 И привело под сень миролюбивых муз.


Сопутник твой, сердечных ран целитель, 
 Труд, благодатный труд их муки усыпил. 
 Прошедшего -- веселый искупитель! 
 Живой источник новых сил!


Все изменило мне! ты будь не безответен! 
 С утраченным мое грядущее слилось; 
 Грядущее со мною разочлось, 
 И новый иск на нем был бы тщетен.


Сокровищницу бытия 
 Я истощил в одном незрелом ощущеньи, 
 Небес изящное наследство прожил я 
 В неполном шумном наслажденье.


Наследство благ земных холодным оком зрю. 
 Пойду ль на поприще позорных состязаний 
 Толпы презрительной соперником, в бою 
 Оспоривать успех, цель низких упований?


В победе чести нет, когда бесчестен бой. 
 Раскройте новый круг, бойцов сзовите новых, 
 Пусть лавр, не тронутый корыстною рукой, 
 Пусть мета высшая самих венков лавровых


Усердью чистому явит достойный дар! 
 И честолюбие, источник дел высоких, 
 Когда не возмущен грозой страстей жестоких, 
 Вновь пламенной струей прольет по мне свой жар.


Но скройся от меня, с коварным обольщеньем, 
 Надежд несбыточных испытанный обман! 
 Почто тревожишь ум бесплодным сожаленьем 
 И разжигаешь ты тоску заснувших ран?


Унынье! с коим я делю печаль и радость, 
 Единый друг обманутой души, 
 Под сумраком твоим моя угасла младость, 
 Пускай и полдень мой прокрадется в тиши.


";П. А. Вяземский;Уныние : «Уныние! вернейший друг души!..»;"Уныние! вернейший друг души! 
 С которым я делю печаль и радость, 
 Ты легким сумраком мою одело младость, 
 И расцвела весна моя в тиши.


Я счастье знал, но молнией мгновенной 
 Оно означило туманный небосклон, 
 Его лишь видел взор, блистаньем ослепленный, 
 Я не жалел о нем: не к счастью я рожден.


В душе моей раздался голос славы: 
 Откликнулась душа волненьям на призыв; 
 Но, силы испытав, я дум смирил порыв, 
 И замерли в душе надежды величавы.


Не оправдала ты честолюбивых снов, 
 О слава! Ты надежд моих отвергла клятву, 
 Когда я уповал пожать бессмертья жатву 
 И яркою браздой прорезать мглу веков!


Кумир горящих душ! меня не допустила 
 Судьба переступить чрез твой священный праг, 
 И, мой пожравшая уединенный прах, 
 Забвеньем зарастет безмолвная могила.


Но слава не вотще мне голос подала! 
 Она вдохнула мне свободную отвагу, 
 Святую ненависть к бесчестному зажгла -- 
 И чистую любовь к изящному и благу.


Болтливыя молвы не требуя похвал, 
 Я подвиг бытия означил тесным кругом: 
 Пред алтарем души в смиренье клятву дал 
 Тирану быть врагом и жертве верным другом.


С улыбкою любви, в венках из свежих роз, 
 На пир раскошества влекли меня забавы; 
 Но сколько в нектар их я пролил горьких слез, 
 И чаша радости была сосуд отравы.


Унынье! все с тобой крепило мой союз; 
 Неверность льстивых благ была мне поученьем 
 Ты сблизило меня с полезным размышленьем 
 И привело под сень миролюбивых муз.


Сопутник твой, сердечных ран целитель, 
 Труд, благодатный труд их муки усыпил. 
 Прошедшего -- веселый искупитель! 
 Живой источник новых сил!


Все изменило мне! ты будь не безответен! 
 С утраченным мое грядущее слилось; 
 Грядущее со мною разочлось, 
 И новый иск на нем был бы тщетен.


Сокровищницу бытия 
 Я истощил в одном незрелом ощущеньи, 
 Небес изящное наследство прожил я 
 В неполном шумном наслажденье.


Наследство благ земных холодным оком зрю. 
 Пойду ль на поприще позорных состязаний 
 Толпы презрительной соперником, в бою 
 Оспоривать успех, цель низких упований?


В победе чести нет, когда бесчестен бой. 
 Раскройте новый круг, бойцов сзовите новых, 
 Пусть лавр, не тронутый корыстною рукой, 
 Пусть мета высшая самих венков лавровых


Усердью чистому явит достойный дар! 
 И честолюбие, источник дел высоких, 
 Когда не возмущен грозой страстей жестоких, 
 Вновь пламенной струей прольет по мне свой жар.


Но скройся от меня, с коварным обольщеньем, 
 Надежд несбыточных испытанный обман! 
 Почто тревожишь ум бесплодным сожаленьем 
 И разжигаешь ты тоску заснувших ран?


Унынье! с коим я делю печаль и радость, 
 Единый друг обманутой души, 
 Под сумраком твоим моя угасла младость, 
 Пускай и полдень мой прокрадется в тиши.


"
64;15429;first 400 words;"К чему мне вымыслы? к чему мечтанья мне 
 И нектар сладких упоений? 
 Я раннее прости сказал младой весне, 
 Весне надежд и заблуждений! 
 Не осушив его, фиал волшебств разбил; 
 При первых встречах жизнь в обманах обличил 
 И призраки принес в дань истине угрюмой; 
 Очарованья цвет в руках моих поблек, 
 И я сорвал с чела, наморщенного думой, 
 Бездушных радостей венок. 
 Но, льстивых лжебогов разоблачив кумиры, 
 Я правде посвятил свой пламенный восторг; 
 Не раз из непреклонной лиры 
 Он голос мужества исторг. 
 Мой Аполон -- негодованье! 
 При пламени его с свободных уст моих 
 Падет бесчестное молчанье 
 И загорится смелый стих. 
 Негодование! огонь животворящий! 
 Зародыш лучшего, что я в себе храню, 
 Встревоженный тобой, от сна встаю 
 И, благородною отвагою кипящий, 
 В волненьи бодром познаю 
 Могущество души и цену бытию. 
 Всех помыслов моих виновник и свидетель, 
 Ты от немой меня бесчувственности спас; 
 В молчаньи всех страстей меня твой будит глас: 
 Ты мне и жизнь и добродетель! 
 Поклонник истины в лета, 
 Когда мечты еще приятны, -- 
 Взвывали к ней мольбой и сердце и уста, 
 Но ветер разносил мой глас, толпе невнятный. 
 Под знаменем ее владычествует ложь; 
 Насильством прихоти потопаны уставы; 
 С ругательным челом бесчеловечной славы 
 Бесстыдство председит в собрании вельмож. 
 Отцов народов зрел господствующих страхом, 
 Советницей владык -- губительную лесть; 
 Печальную главу посыпав скорбным прахом, 
 Я зрел: изгнанницей поруганную честь, 
 Доступным торжищем -- святыню правосудья, 
 Служенье истине -- коварства торжеством, 
 Законы, правоты священные орудья, 
 Щитом могучему и слабому ярмом. 
 Зрел промышляющих спасительным глаголом, 
 Ханжей, торгующих учением святым, 
 В забвеньи бога душ -- одним земным престолам 
 Кадящих трепетно, одним богам земным. 
 Хранители казны народной, 
 На правый суд сбредитесь вы; 
 Ответствуйте: где дань отчаянной вдовы? 
 Где подать сироты голодной? 
 Корыстною рукой заграбил их разврат. 
 Презрев укор людей, забыв небес угрозы, 
 Испили жадно вы средь пиршеских прохлад 
 Кровавый пот труда и нищенские слезы; 
 На хищный ваш алтарь в усердии слепом 
 Народ имущество и жизнь свою приносит; 
 Став ваших прихотей угодливым рабом, 
 Отечество от чад вам в жертву жертвы просит. 
 Но что вам? Голосом алкающих страстей 
 Мать вопиющую вы дерзко заглушили; 
 От стрел раскаянья златым щитом честей 
 Ожесточенную вы совесть оградили. 
 Дни ваши без докук и ночи без тревог. 
 Твердыней, правде неприступной, 
 Надменно к облакам вознесся наш чертог, 
 И непорочность, зря дней ваших блеск преступный, 
 Смущаясь, говорит: «Где ж он? где ж казни бог? 
 Где ж судия необольстимый? 
 Что ж медлит он суд истины изречь? 
 Когда ж в руке его заблещет ярый меч 
 И поразит порок удар неотразимый?» 
 Здесь у подножья алтаря,  ";П. А. Вяземский;Негодование : «К чему мне вымыслы? к чему мечтанья мне...»;"К чему мне вымыслы? к чему мечтанья мне 
 И нектар сладких упоений? 
 Я раннее прости сказал младой весне, 
 Весне надежд и заблуждений! 
 Не осушив его, фиал волшебств разбил; 
 При первых встречах жизнь в обманах обличил 
 И призраки принес в дань истине угрюмой; 
 Очарованья цвет в руках моих поблек, 
 И я сорвал с чела, наморщенного думой, 
 Бездушных радостей венок. 
 Но, льстивых лжебогов разоблачив кумиры, 
 Я правде посвятил свой пламенный восторг; 
 Не раз из непреклонной лиры 
 Он голос мужества исторг. 
 Мой Аполон -- негодованье! 
 При пламени его с свободных уст моих 
 Падет бесчестное молчанье 
 И загорится смелый стих. 
 Негодование! огонь животворящий! 
 Зародыш лучшего, что я в себе храню, 
 Встревоженный тобой, от сна встаю 
 И, благородною отвагою кипящий, 
 В волненьи бодром познаю 
 Могущество души и цену бытию. 
 Всех помыслов моих виновник и свидетель, 
 Ты от немой меня бесчувственности спас; 
 В молчаньи всех страстей меня твой будит глас: 
 Ты мне и жизнь и добродетель! 
 Поклонник истины в лета, 
 Когда мечты еще приятны, -- 
 Взвывали к ней мольбой и сердце и уста, 
 Но ветер разносил мой глас, толпе невнятный. 
 Под знаменем ее владычествует ложь; 
 Насильством прихоти потопаны уставы; 
 С ругательным челом бесчеловечной славы 
 Бесстыдство председит в собрании вельмож. 
 Отцов народов зрел господствующих страхом, 
 Советницей владык -- губительную лесть; 
 Печальную главу посыпав скорбным прахом, 
 Я зрел: изгнанницей поруганную честь, 
 Доступным торжищем -- святыню правосудья, 
 Служенье истине -- коварства торжеством, 
 Законы, правоты священные орудья, 
 Щитом могучему и слабому ярмом. 
 Зрел промышляющих спасительным глаголом, 
 Ханжей, торгующих учением святым, 
 В забвеньи бога душ -- одним земным престолам 
 Кадящих трепетно, одним богам земным. 
 Хранители казны народной, 
 На правый суд сбредитесь вы; 
 Ответствуйте: где дань отчаянной вдовы? 
 Где подать сироты голодной? 
 Корыстною рукой заграбил их разврат. 
 Презрев укор людей, забыв небес угрозы, 
 Испили жадно вы средь пиршеских прохлад 
 Кровавый пот труда и нищенские слезы; 
 На хищный ваш алтарь в усердии слепом 
 Народ имущество и жизнь свою приносит; 
 Став ваших прихотей угодливым рабом, 
 Отечество от чад вам в жертву жертвы просит. 
 Но что вам? Голосом алкающих страстей 
 Мать вопиющую вы дерзко заглушили; 
 От стрел раскаянья златым щитом честей 
 Ожесточенную вы совесть оградили. 
 Дни ваши без докук и ночи без тревог. 
 Твердыней, правде неприступной, 
 Надменно к облакам вознесся наш чертог, 
 И непорочность, зря дней ваших блеск преступный, 
 Смущаясь, говорит: «Где ж он? где ж казни бог? 
 Где ж судия необольстимый? 
 Что ж медлит он суд истины изречь? 
 Когда ж в руке его заблещет ярый меч 
 И поразит порок удар неотразимый?» 
 Здесь у подножья алтаря, 
 Там у престола в вышнем сане 
 Я вижу подданных царя, 
 Но где ж отечества граждане? 
 Для вас отечество -- дворец, 
 Слепые властолюбья слуги! 
 Уступки совести -- заслуги! 
 Взор власти -- всех заслуг венец! 
 Нет! нет! не при твоем, отечество! зерцале 
 На жизнь и смерть они произнесли обет: 
 Нет слез в них для твоих печалей, 
 Нет песней для твоих побед! 
 Им слава предков без преданий, 
 Им нем заветный гроб отцов! 
 И колыбель твох сынов 
 Им не святыня упований! 
 Ищу я искренних жрецов 
 Свободы, сильных душ кумира -- 
 Обширная темница мира 
 Являет мне одних рабов. 
 О ты, которая из детства 
 Зажгла во мне священный жар, 
 При коей сносны жизни бедства, 
 Без коей счастье -- тщетный дар, 
 Свобода! пылким вдохновеньем, 
 Я первый русским песнопеньем 
 Тебя приветствовать дерзал; 
 И звучным строем песней новых 
 Будил молчанье скал суровых 
 И слух ничтожных устрашал. 
 В век лучший вознесясь от мрачной сей юдоли 
 Свидетель нерожденных лет -- 
 Свободу пел одну на языке неволи, 
 В оковах был я, твой поэт! 
 Познают песнь мои потомки! 
 Ты свят мне был, язык богов! 
 И мира гордые обломки 
 Переживут венцы льстецов! 
 Но где же чистое горит твое светило? 
 Здесь плавает оно в кровавых облаках, 
 Там бедственным его туманом обложило, 
 И светится едва в мерцающих лучах. 
 Там нож преступный изуверства 
 Алтарь твой девственный багрит; 
 Порок с улыбкой дикой зверства 
 Тебя злодействами честит. 
 Здесь власть в дремоте закоснелой, 
 Даров небесных лютый бич, 
 Грозит цепьми и мысли смелой, 
 Тебя дерзающей постичь. 
 Здесь стадо робкое ничтожных 
 Витии поучений ложных 
 Пугают именем твоим; 
 И твой сообщник -- просвещенье 
 С тобой, в их наглом ослепленье, 
 Одной секирою разим. 
 Там хищного господства страсти 
 Последнею уловкой власти 
 Союз твой гласно признают; 
 Но под щитом твоим священным 
 Во тьме народам обольщенным 
 Неволи хитрой цепь куют. 
 Свобода! о младая дева! 
 Посланница благих богов! 
 Ты победишь упорство гнева 
 Твоих неистовых врагов. 
 Ты разорвешь рукой могущей 
 Насильства бедственный устав 
 И на досках судьбы грядущей 
 Снесешь нам книгу вечных прав, 
 Союз между граждан и троном, 
 Вдохнешь в царей ко благу страсть, 
 Невинность примиришь с законом, 
 С любовью подданного власть. 
 Ты снимешь роковую клятву 
 С чела поникшего к земле 
 И пахарю осветишь жатву, 
 Темнеющую в рабской мгле. 
 Твой глас, будитель изобилья, 
 Нагие степи утучнит, 
 Промышленность распустит крылья 
 И жизнь в пустыне водворит; 
 Невежество, всех бед виновник, 
 Исчезнет от твоих лучей, 
 Как ночи сумрачный любовник 
 При блеске утренних огней. 
 Он загорится, день, день торжества и казни, 
 День радостных надежд, день горестной боязни! 
 Раздастся песнь побед, вам, истины жрецы, 
 Вам, други чести и свободы! 
 Вам плач надгробный! вам, отступники природы! 
 Вам, притеснители! вам, низкие льстецы! 
 Но мне ли медлить? Грязную их братью 
 Карающим стихом я ныне поражу; 
 На их главу клеймо презренья положу 
 И обреку проклятью. 
 Пусть правды мстительный Перун 
 На терпеливом небе дремлет, 
 Но мужественный строй моих свободных струн 
 Их совесть ужасом объемлет. 
 Пот хладный страха и стыда 
 Пробьет на их челе угрюмом, 
 И честь их распадется с шумом 
 При гласе правого суда. 
 Страж пепла их, моя недремлющая злоба 
 Их поглотивший мрак забвенья разорвет 
 И, гневною рукой из недр исхитив гроба, 
 Ко славе бедственной их память прикует.


"
65;15467;ok;"Несись с неукротимым гневом, 
 Мятежной влаги властелин! 
 Над тишиной окрестной ревом 
 Господствуй, гордый исполин!


Жемчужною кипящей лавой, 
 За валом низвергая вал, 
 Сердитый, дикий, величавый, 
 Перебегай ступени скал!


Дождь брызжет от упорной сшибки 
 Волны, сразившейся с волной, 
 И влажный дым, как облак зыбкий, 
 Вдали их представляет бой.


Все разъяренней, все угрюмей 
 Летишь, как гений непогод; 
 Я мыслью погружаюсь в шуме 
 Междоусобно-бурных вод.


Но как вокруг все безмятежно, 
 И, утомленные тобой, 
 Как чувства отдыхают нежно, 
 Любуясь сельской тишиной!


Твой ясный берег чужд смятенью, 
 На нем цветет весны краса, 
 И вместе миру и волненью 
 Светлеют те же небеса.


Но ты, созданье тайной бури, 
 Игралище глухой войны, 
 Ты не зерцало их лазури, 
 Вотще блестящей вышины.


Противоречие природы, 
 Под грозным знаменем тревог, 
 В залоге вечной непогоды 
 Ты бытия приял залог.


Ворвавшись в сей предел спокойный, 
 Один свирепствуешь в глуши, 
 Как вдоль пустыни вихорь знойный, 
 Как страсть в святилище души.


Как ты, внезапно разразится, 
 Как ты, растет она в борьбе, 
 Терзает лоно, где родится, 
 И поглощается в себе.


";П. А. Вяземский;Нарвский водопад : «Несись с неукротимым гневом...»;"Несись с неукротимым гневом, 
 Мятежной влаги властелин! 
 Над тишиной окрестной ревом 
 Господствуй, гордый исполин!


Жемчужною кипящей лавой, 
 За валом низвергая вал, 
 Сердитый, дикий, величавый, 
 Перебегай ступени скал!


Дождь брызжет от упорной сшибки 
 Волны, сразившейся с волной, 
 И влажный дым, как облак зыбкий, 
 Вдали их представляет бой.


Все разъяренней, все угрюмей 
 Летишь, как гений непогод; 
 Я мыслью погружаюсь в шуме 
 Междоусобно-бурных вод.


Но как вокруг все безмятежно, 
 И, утомленные тобой, 
 Как чувства отдыхают нежно, 
 Любуясь сельской тишиной!


Твой ясный берег чужд смятенью, 
 На нем цветет весны краса, 
 И вместе миру и волненью 
 Светлеют те же небеса.


Но ты, созданье тайной бури, 
 Игралище глухой войны, 
 Ты не зерцало их лазури, 
 Вотще блестящей вышины.


Противоречие природы, 
 Под грозным знаменем тревог, 
 В залоге вечной непогоды 
 Ты бытия приял залог.


Ворвавшись в сей предел спокойный, 
 Один свирепствуешь в глуши, 
 Как вдоль пустыни вихорь знойный, 
 Как страсть в святилище души.


Как ты, внезапно разразится, 
 Как ты, растет она в борьбе, 
 Терзает лоно, где родится, 
 И поглощается в себе.


"
66;15473;ok;"Как стаи гордых лебедей, 
 На синем море волны блещут, 
 Лобзаются, ныряют, плещут 
 По стройной прихоти своей. 
 И упивается мой слух 
 Их говором необычайным, 
 И сладко предается дух 
 Мечтам пленительным и тайным.


Так! древности постиг теперь 
 Я баснословную святыню: 
 О волны! красоты богиню 
 Я признаю за вашу дщерь! 
 Так, верю: родилась она 
 Из вашей колыбели зыбкой, 
 И пробудила мир от сна 
 Своею свежею улыбкой.


Так, верю: здесь явилась ты, 
 Очаровательница мира! 
 В прохладе влажного сафира, 
 В стихии светлой чистоты. 
 Нам чистым сердцем внушены 
 Прекрасных таинств откровенья: 
 Из лона чистой глубины 
 Явилась ты, краса творенья.


И в наши строгие лета, 
 Лета существенности лютой, 
 При вас одних, хотя минутой, 
 Вновь забывается мечта! 
 Не смели изменить века 
 Ваш образ светлый, вечно юный, 
 Ни смертных хищная рука, 
 Ни рока грозного перуны!


В вас нет следов житейских бурь, 
 Следов безумства и гордыни, 
 И вашей девственной святыни 
 Не опозорена лазурь. 
 Кровь ближних не дымится в ней; 
 На почве, смертным не послушной, 
 Нет мрачных знаменей страстей, 
 Свирепых в злобе малодушной.


И если смертный возмутит 
 Весь мир преступною отвагой, 
 Вы очистительною влагой 
 Спешите смыть мгновенный стыд. 
 Отринутый из чуждых недр, 
 Он поглощаем шумной бездной; 
 Так пятна облачные ветр 
 Сметает гневно с сени звездной!


Людей и времени раба, 
 Земля состарелась в неволе; 
 Шутя ее играют долей 
 Владыки, веки и судьба. 
 Но вы все те ж, что в день чудес, 
 Как солнце первое в вас пало, 
 О вы, незыблемых небес 
 Ненарушимое зерцало!


Так и теперь моей мечте 
 Из лона зе́ркальной пустыни 
 Светлеет лик младой богини 
 В прозрачно-влажной красоте. 
 Вокруг нее, как радуг блеск, 
 Вершины волн горят игривей, 
 И звучный ропот их и плеск 
 Еще душе красноречивей!


Над ней, как звезды, светят сны, 
 Давно померкшие в тумане, 
 Которые так ясно ране 
 Горели в небе старины. 
 Из волн, целующих ее, 
 Мне веют речи дивной девы; 
 В них слышно прежнее бытье, 
 Как лет младенческих напевы.


Они чаруют и целят 
 Тоску сердечного недуга; 
 Как мировое слово друга, 
 Все чувства меж собой мирят. 
 В невыразимости своей 
 Сколь выразителен сей лепет: 
 Он пробудил в душе моей 
 Восторгов тихих слабый трепет.


Как звучно льнет зефир к струнам, 
 Играя арфою воздушной, 
 Так и в душе моей послушной 
 Есть отзыв песням и мечтам. 
 Волшебно забывает ум 
 О настоящем, мысль гнетущем, 
 И в сладострастьи стройных дум 
 Я весь в протекшем, весь в грядущем.


Сюда, поэзии жрецы! 
 Сюда, существенности жертвы! 
 Кумиры ваши здесь не мертвы, 
 И не померкли их венцы. 
 Про вас поэзия хранит 
 Свои преданья и поверья; 
 И здесь, где море вам шумит, 
 Святыни светлыя преддверья!


";П. А. Вяземский;Море : «Как стаи гордых лебедей...»;"Как стаи гордых лебедей, 
 На синем море волны блещут, 
 Лобзаются, ныряют, плещут 
 По стройной прихоти своей. 
 И упивается мой слух 
 Их говором необычайным, 
 И сладко предается дух 
 Мечтам пленительным и тайным.


Так! древности постиг теперь 
 Я баснословную святыню: 
 О волны! красоты богиню 
 Я признаю за вашу дщерь! 
 Так, верю: родилась она 
 Из вашей колыбели зыбкой, 
 И пробудила мир от сна 
 Своею свежею улыбкой.


Так, верю: здесь явилась ты, 
 Очаровательница мира! 
 В прохладе влажного сафира, 
 В стихии светлой чистоты. 
 Нам чистым сердцем внушены 
 Прекрасных таинств откровенья: 
 Из лона чистой глубины 
 Явилась ты, краса творенья.


И в наши строгие лета, 
 Лета существенности лютой, 
 При вас одних, хотя минутой, 
 Вновь забывается мечта! 
 Не смели изменить века 
 Ваш образ светлый, вечно юный, 
 Ни смертных хищная рука, 
 Ни рока грозного перуны!


В вас нет следов житейских бурь, 
 Следов безумства и гордыни, 
 И вашей девственной святыни 
 Не опозорена лазурь. 
 Кровь ближних не дымится в ней; 
 На почве, смертным не послушной, 
 Нет мрачных знаменей страстей, 
 Свирепых в злобе малодушной.


И если смертный возмутит 
 Весь мир преступною отвагой, 
 Вы очистительною влагой 
 Спешите смыть мгновенный стыд. 
 Отринутый из чуждых недр, 
 Он поглощаем шумной бездной; 
 Так пятна облачные ветр 
 Сметает гневно с сени звездной!


Людей и времени раба, 
 Земля состарелась в неволе; 
 Шутя ее играют долей 
 Владыки, веки и судьба. 
 Но вы все те ж, что в день чудес, 
 Как солнце первое в вас пало, 
 О вы, незыблемых небес 
 Ненарушимое зерцало!


Так и теперь моей мечте 
 Из лона зе́ркальной пустыни 
 Светлеет лик младой богини 
 В прозрачно-влажной красоте. 
 Вокруг нее, как радуг блеск, 
 Вершины волн горят игривей, 
 И звучный ропот их и плеск 
 Еще душе красноречивей!


Над ней, как звезды, светят сны, 
 Давно померкшие в тумане, 
 Которые так ясно ране 
 Горели в небе старины. 
 Из волн, целующих ее, 
 Мне веют речи дивной девы; 
 В них слышно прежнее бытье, 
 Как лет младенческих напевы.


Они чаруют и целят 
 Тоску сердечного недуга; 
 Как мировое слово друга, 
 Все чувства меж собой мирят. 
 В невыразимости своей 
 Сколь выразителен сей лепет: 
 Он пробудил в душе моей 
 Восторгов тихих слабый трепет.


Как звучно льнет зефир к струнам, 
 Играя арфою воздушной, 
 Так и в душе моей послушной 
 Есть отзыв песням и мечтам. 
 Волшебно забывает ум 
 О настоящем, мысль гнетущем, 
 И в сладострастьи стройных дум 
 Я весь в протекшем, весь в грядущем.


Сюда, поэзии жрецы! 
 Сюда, существенности жертвы! 
 Кумиры ваши здесь не мертвы, 
 И не померкли их венцы. 
 Про вас поэзия хранит 
 Свои преданья и поверья; 
 И здесь, где море вам шумит, 
 Святыни светлыя преддверья!


"
67;15500;ok;"Сердца томная забота, 
 Безымянная печаль! 
 Я невольно жду чего-то, 
 Мне чего-то смутно жаль.


Не хочу и не умею 
 Я развлечь свою хандру: 
 Я хандру свою лелею, 
 Как любви своей сестру.


Ей предавшись с сладострастьем, 
 Благодарно помню я, 
 Что сироткой под ненастьем 
 Разрослась любовь моя;


Дочь туманного созвездья, 
 Красных дней и ей не знать, 
 Ни сочувствий, ни возмездья 
 Бесталанной не видать.


Дети тайны и смиренья, 
 Гости сердца моего 
 Остаются без призренья 
 И не просят ничего.


Жертвы милого недуга, 
 Им знакомого давно, 
 Берегут они друг друга 
 И горюют заодно.


Их никто не приголубит, 
 Их ничто не исцелит... 
 Поглядишь: хандра все любит, 
 А любовь всегда хандрит.


";П. А. Вяземский;Хандра : «Сердца томная забота...»;"Сердца томная забота, 
 Безымянная печаль! 
 Я невольно жду чего-то, 
 Мне чего-то смутно жаль.


Не хочу и не умею 
 Я развлечь свою хандру: 
 Я хандру свою лелею, 
 Как любви своей сестру.


Ей предавшись с сладострастьем, 
 Благодарно помню я, 
 Что сироткой под ненастьем 
 Разрослась любовь моя;


Дочь туманного созвездья, 
 Красных дней и ей не знать, 
 Ни сочувствий, ни возмездья 
 Бесталанной не видать.


Дети тайны и смиренья, 
 Гости сердца моего 
 Остаются без призренья 
 И не просят ничего.


Жертвы милого недуга, 
 Им знакомого давно, 
 Берегут они друг друга 
 И горюют заодно.


Их никто не приголубит, 
 Их ничто не исцелит... 
 Поглядишь: хандра все любит, 
 А любовь всегда хандрит.


"
68;15515;ok;"Я пережил и многое, и многих, 
 И многому изведал цену я; 
 Теперь влачусь в одних пределах строгих 
 Известного размера бытия. 
 Мой горизонт и сумрачен, и близок, 
 И с каждым днем все ближе и темней. 
 Усталых дум моих полет стал низок, 
 И мир души безлюдней и бедней. 
 Не заношусь вперед мечтою жадной, 
 Надежды глас замолк, -- и на пути, 
 Протоптанном действительностью хладной, 
 Уж новых мне следов не провести. 
 Как ни тяжел мне был мой век суровый, 
 Хоть житницы моей запас и мал, 
 Но ждать ли мне безумно жатвы новой, 
 Когда уж снег из зимних туч напал? 
 По бороздам серпом прожатой пашни 
 Найдешь еще, быть может, жизни след; 
 Во мне найдешь, быть может, след вчерашний, -- 
 Но ничего уж завтрашнего нет. 
 Жизнь разочлась со мной; она не в силах 
 Мне то отдать, что у меня взяла, 
 И что земля в глухих своих могилах 
 Безжалостно навеки погребла.


";П. А. Вяземский;Я пережил : «Я пережил и многое, и многих...»;"Я пережил и многое, и многих, 
 И многому изведал цену я; 
 Теперь влачусь в одних пределах строгих 
 Известного размера бытия. 
 Мой горизонт и сумрачен, и близок, 
 И с каждым днем все ближе и темней. 
 Усталых дум моих полет стал низок, 
 И мир души безлюдней и бедней. 
 Не заношусь вперед мечтою жадной, 
 Надежды глас замолк, -- и на пути, 
 Протоптанном действительностью хладной, 
 Уж новых мне следов не провести. 
 Как ни тяжел мне был мой век суровый, 
 Хоть житницы моей запас и мал, 
 Но ждать ли мне безумно жатвы новой, 
 Когда уж снег из зимних туч напал? 
 По бороздам серпом прожатой пашни 
 Найдешь еще, быть может, жизни след; 
 Во мне найдешь, быть может, след вчерашний, -- 
 Но ничего уж завтрашнего нет. 
 Жизнь разочлась со мной; она не в силах 
 Мне то отдать, что у меня взяла, 
 И что земля в глухих своих могилах 
 Безжалостно навеки погребла.


"
69;2780;ok;"Расстались мы; на миг очарованьем, 
 На краткий миг была мне жизнь моя; 
 Словам любви внимать не буду я, 
 Не буду я дышать любви дыханьем! 
 Я всё имел, лишился вдруг всего; 
 Лишь начал сон... исчезло сновиденье! 
 Одно теперь унылое смущенье 
 Осталось мне от счастья моего.


";Е. А. Баратынский;Разлука : «Расстались мы на миг очарованьем...»;"Расстались мы; на миг очарованьем, 
 На краткий миг была мне жизнь моя; 
 Словам любви внимать не буду я, 
 Не буду я дышать любви дыханьем! 
 Я всё имел, лишился вдруг всего; 
 Лишь начал сон... исчезло сновиденье! 
 Одно теперь унылое смущенье 
 Осталось мне от счастья моего.


"
70;2784;ok;"Рассеевает грусть пиров веселый шум. 
 Вчера, за чашей круговою, 
 Средь братьев полковых, в ней утопив свой ум, 
 Хотел воскреснуть я душою.


Туман полуночный на холмы возлегал; 
 Шатры над озером дремали, 
 Лишь мы не знали сна -- и пенистый бокал 
 С весельем буйным осушали.


Но что же? вне себя я тщетно жить хотел: 
 Вино и Вакха мы хвалили, 
 Но я безрадостно с друзьями радость пел: 
 Восторги их мне чужды были.


Того не приобресть, что сердцем не дано, 
 Рок злобный к нам ревниво злобен: 
 Одну печаль свою, уныние одно 
 Унылый чувствовать способен!


";Е. А. Баратынский;Уныние : «Рассеевает грусть пиров веселый шум...»;"Рассеевает грусть пиров веселый шум. 
 Вчера, за чашей круговою, 
 Средь братьев полковых, в ней утопив свой ум, 
 Хотел воскреснуть я душою.


Туман полуночный на холмы возлегал; 
 Шатры над озером дремали, 
 Лишь мы не знали сна -- и пенистый бокал 
 С весельем буйным осушали.


Но что же? вне себя я тщетно жить хотел: 
 Вино и Вакха мы хвалили, 
 Но я безрадостно с друзьями радость пел: 
 Восторги их мне чужды были.


Того не приобресть, что сердцем не дано, 
 Рок злобный к нам ревниво злобен: 
 Одну печаль свою, уныние одно 
 Унылый чувствовать способен!


"
71;2787;ok;"Не искушай меня без нужды 
 Возвратом нежности твоей: 
 Разочарованному чужды 
 Все обольщенья прежних дней! 
 Уж я не верю увереньям, 
 Уж я не верую в любовь, 
 И не могу предаться вновь 
 Раз изменившим сновиденьям! 
 Слепой тоски моей не множь, 
 Не заводи о прежнем слова, 
 И, друг заботливый, больнова 
 В его дремоте не тревожь! 
 Я сплю, мне сладко усыпленье; 
 Забудь бывалые мечты: 
 В душе моей одно волненье, 
 А не любовь пробудишь ты.


";Е. А. Баратынский;Разуверение : «Не искушай меня без нужды...»;"Не искушай меня без нужды 
 Возвратом нежности твоей: 
 Разочарованному чужды 
 Все обольщенья прежних дней! 
 Уж я не верю увереньям, 
 Уж я не верую в любовь, 
 И не могу предаться вновь 
 Раз изменившим сновиденьям! 
 Слепой тоски моей не множь, 
 Не заводи о прежнем слова, 
 И, друг заботливый, больнова 
 В его дремоте не тревожь! 
 Я сплю, мне сладко усыпленье; 
 Забудь бывалые мечты: 
 В душе моей одно волненье, 
 А не любовь пробудишь ты.


"
72;2830;ok;"Напрасно мы, Дельвиг, мечтаем найти 
 В сей жизни блаженство прямое; 
 Небесные боги не делятся им 
 С земными детьми Прометея.


Похищенной искрой созданье свое 
 Дерзнул оживить безрассудный; 
 Бессмертных он презрел -- и страшная казнь 
 Постигнула чад святотатства.


Наш тягостный жребий: положенный срок 
 Питаться болезненной жизнью, 
 Любить и лелеять недуг бытия 
 И смерти отрадной страшиться.


Нужды непреклонной слепые рабы, 
 Рабы самовластного рока! 
 Земным ощущеньям насильственно нас 
 Случайная жизнь покоряет.


Но в искре небесной прияли мы жизнь, 
 Нам памятно небо родное, 
 В желании счастья мы вечно к нему 
 Стремимся неясным желаньем!..


Вотще! Мы надолго отвержены им! 
 Сияет красою над нами, 
 На бренную землю беспечно оно 
 Торжественный свод опирает...


Но нам недоступно! Как алчный Тантал 
 Сгорает средь влаги прохладной, 
 Так, сердцем постигнув блаженнейший мир, 
 Томимся мы жаждою счастья.


";Е. А. Баратынский;Дельвигу : «Напрасно мы, Дельвиг, мечтаем найти...»;"Напрасно мы, Дельвиг, мечтаем найти 
 В сей жизни блаженство прямое; 
 Небесные боги не делятся им 
 С земными детьми Прометея.


Похищенной искрой созданье свое 
 Дерзнул оживить безрассудный; 
 Бессмертных он презрел -- и страшная казнь 
 Постигнула чад святотатства.


Наш тягостный жребий: положенный срок 
 Питаться болезненной жизнью, 
 Любить и лелеять недуг бытия 
 И смерти отрадной страшиться.


Нужды непреклонной слепые рабы, 
 Рабы самовластного рока! 
 Земным ощущеньям насильственно нас 
 Случайная жизнь покоряет.


Но в искре небесной прияли мы жизнь, 
 Нам памятно небо родное, 
 В желании счастья мы вечно к нему 
 Стремимся неясным желаньем!..


Вотще! Мы надолго отвержены им! 
 Сияет красою над нами, 
 На бренную землю беспечно оно 
 Торжественный свод опирает...


Но нам недоступно! Как алчный Тантал 
 Сгорает средь влаги прохладной, 
 Так, сердцем постигнув блаженнейший мир, 
 Томимся мы жаждою счастья.


"
73;2273;;"Шуми, шуми с крутой вершины,
Не умолкай, поток седой!
Соединяй протяжный вой
С протяжным отзывом долины.

Я слышу: свищет Аквилон,
Качает елию скрыпучей,
И с непогодою ревучей
Твой рёв мятежный соглашон.

Зачем, с безумным ожиданьем,
К тебе прислушиваюсь я?
Зачем трепещет грудь моя
Каким-то вещим трепетаньем?

Как очарованный стою
Над дымной бездною твоею
И, мнится, сердцем разумею
Речь безглагольную твою.

Шуми, шуми с крутой вершины,
Не умолкай, поток седой!
Соединяй протяжный вой
С протяжным отзывом долины.";Е. А. Баратынский;Водопад;NA
74;2791;ok;"Сей поцелуй, дарованный тобой, 
 Преследует мое воображенье: 
 И в шуме дня и в тишине ночной 
 Я чувствую его напечатленье! 
 Сойдет ли сон и взор сомкнет ли мой, 
 Мне снишься ты, мне снится наслажденье! 
 Обман исчез, нет счастья! и со мной 
 Одна любовь, одно изнеможенье.


";Е. А. Баратынский;Поцелуй : «Сей поцелуй, дарованный тобой...»;"Сей поцелуй, дарованный тобой, 
 Преследует мое воображенье: 
 И в шуме дня и в тишине ночной 
 Я чувствую его напечатленье! 
 Сойдет ли сон и взор сомкнет ли мой, 
 Мне снишься ты, мне снится наслажденье! 
 Обман исчез, нет счастья! и со мной 
 Одна любовь, одно изнеможенье.


"
75;2778;ok;"Дало две доли провидение 
 На выбор мудрости людской: 
 Или надежду и волнение, 
 Иль безнадежность и покой.


Верь тот надежде обольщающей, 
 Кто бодр неопытным умом, 
 Лишь по молве разновещающей 
 С судьбой насмешливой знаком.


Надейтесь, юноши кипящие! 
 Летите: крылья вам даны; 
 Для вас и замыслы блестящие, 
 И сердца пламенные сны!


Но вы, судьбину испытавшие, 
 Тщету утех, печали власть, 
 Вы знанье бытия приявшие, 
 Себе на тягостную часть!


Гоните прочь их рой прельстительный; 
 Так! доживайте жизнь в тиши 
 И берегите хлад спасительный 
 Своей бездейственной души.


Своим бесчувствием блаженные, 
 Как трупы мертвых из гробов, 
 Волхва словами пробужденные, 
 Встают со скрежетом зубов,


Так вы, согрев в душе желания, 
 Безумно вдавшись в их обман, 
 Проснетесь только для страдания, 
 Для боли новой прежних ран.


";Е. А. Баратынский;Две доли : «Дало две доли провидение...»;"Дало две доли провидение 
 На выбор мудрости людской: 
 Или надежду и волнение, 
 Иль безнадежность и покой.


Верь тот надежде обольщающей, 
 Кто бодр неопытным умом, 
 Лишь по молве разновещающей 
 С судьбой насмешливой знаком.


Надейтесь, юноши кипящие! 
 Летите: крылья вам даны; 
 Для вас и замыслы блестящие, 
 И сердца пламенные сны!


Но вы, судьбину испытавшие, 
 Тщету утех, печали власть, 
 Вы знанье бытия приявшие, 
 Себе на тягостную часть!


Гоните прочь их рой прельстительный; 
 Так! доживайте жизнь в тиши 
 И берегите хлад спасительный 
 Своей бездейственной души.


Своим бесчувствием блаженные, 
 Как трупы мертвых из гробов, 
 Волхва словами пробужденные, 
 Встают со скрежетом зубов,


Так вы, согрев в душе желания, 
 Безумно вдавшись в их обман, 
 Проснетесь только для страдания, 
 Для боли новой прежних ран.


"
76;2833;ok;"Желанье счастия в меня вдохнули боги: 
 Я требовал его от неба и земли, 
 И вслед за призраком, манящим издали, 
 Жизнь перешел до полдороги; 
 Но прихотям судьбы я боле не служу: 
 Счастливый отдыхом на счастие похожим, 
 Отныне с рубежа на поприще гляжу 
 И скромно кланяюсь прохожим.


";Е. А. Баратынский;Безнадежность : «Желанье счастия в меня вдохнули боги...»;"Желанье счастия в меня вдохнули боги: 
 Я требовал его от неба и земли, 
 И вслед за призраком, манящим издали, 
 Жизнь перешел до полдороги; 
 Но прихотям судьбы я боле не служу: 
 Счастливый отдыхом на счастие похожим, 
 Отныне с рубежа на поприще гляжу 
 И скромно кланяюсь прохожим.


"
77;2795;ok;"Притворной нежности не требуй от меня: 
 Я сердца моего не скрою хлад печальной. 
 Ты права, в нем уж нет прекрасного огня 
 Моей любви первоначальной.


Напрасно я себе на память приводил 
 И милый образ твой и прежние мечтанья: 
 Безжизненны мои воспоминанья, 
 Я клятвы дал, но дал их выше сил.


Я не пленен красавицей другою, 
 Мечты ревнивые от сердца удали; 
 Но годы долгие в разлуке протекли, 
 Но в бурях жизненных развлекся я душою.


Уж ты жила неверной тенью в ней; 
 Уже к тебе взывал я редко, принужденно, 
 И пламень мой, слабея постепенно, 
 Собою сам погас в душе моей.


Верь, жалок я один. Душа любви желает, 
 Но я любить не буду вновь; 
 Вновь не забудусь я: вполне упоевает 
 Нас только первая любовь.


Грущу я; но и грусть минует, знаменуя 
 Судьбины полную победу надо мной: 
 Кто знает? мнением сольюся я с толпой; 
 Подругу, без любви, кто знает? изберу я. 
 На брак обдуманный я руку ей подам 
 И в храме стану рядом с нею, 
 Невинной, преданной, быть может, лучшим снам, 
 И назову ее моею, 
 И весть к тебе придет, но не завидуй нам: 
 Обмена тайных дум не будет между нами, 
 Душевным прихотям мы воли не дадим: 
 Мы не сердца под брачными венцами, 
 Мы жребии свои соединим. 
 Прощай! Мы долго шли дорогою одною: 
 Путь новый я избрал, путь новый избери; 
 Печаль бесплодную рассудком усмири 
 И не вступай, молю, в напрасный суд со мною. 
 Невластны мы в самих себе 
 И, в молодые наши леты, 
 Даем поспешные обеты, 
 Смешные, может быть, всевидящей судьбе.


";Е. А. Баратынский;Признание : «Притворной нежности не требуй от меня...»;"Притворной нежности не требуй от меня: 
 Я сердца моего не скрою хлад печальной. 
 Ты права, в нем уж нет прекрасного огня 
 Моей любви первоначальной.


Напрасно я себе на память приводил 
 И милый образ твой и прежние мечтанья: 
 Безжизненны мои воспоминанья, 
 Я клятвы дал, но дал их выше сил.


Я не пленен красавицей другою, 
 Мечты ревнивые от сердца удали; 
 Но годы долгие в разлуке протекли, 
 Но в бурях жизненных развлекся я душою.


Уж ты жила неверной тенью в ней; 
 Уже к тебе взывал я редко, принужденно, 
 И пламень мой, слабея постепенно, 
 Собою сам погас в душе моей.


Верь, жалок я один. Душа любви желает, 
 Но я любить не буду вновь; 
 Вновь не забудусь я: вполне упоевает 
 Нас только первая любовь.


Грущу я; но и грусть минует, знаменуя 
 Судьбины полную победу надо мной: 
 Кто знает? мнением сольюся я с толпой; 
 Подругу, без любви, кто знает? изберу я. 
 На брак обдуманный я руку ей подам 
 И в храме стану рядом с нею, 
 Невинной, преданной, быть может, лучшим снам, 
 И назову ее моею, 
 И весть к тебе придет, но не завидуй нам: 
 Обмена тайных дум не будет между нами, 
 Душевным прихотям мы воли не дадим: 
 Мы не сердца под брачными венцами, 
 Мы жребии свои соединим. 
 Прощай! Мы долго шли дорогою одною: 
 Путь новый я избрал, путь новый избери; 
 Печаль бесплодную рассудком усмири 
 И не вступай, молю, в напрасный суд со мною. 
 Невластны мы в самих себе 
 И, в молодые наши леты, 
 Даем поспешные обеты, 
 Смешные, может быть, всевидящей судьбе.


"
78;2887;ok;"Судьбой наложенные цепи 
 Упали с рук моих и вновь 
 Я вижу вас, родные степи, 
 Моя начальная любовь.


Степного неба свод желанной, 
 Степного воздуха струи, 
 На вас я в неге бездыханной 
 Остановил глаза мои.


Но мне увидеть было слаще 
 Лес на покате двух холмов 
 И скромный дом в садовой чаще -- 
 Приют младенческих годов.


Промчалось ты, златое время! 
 С тех пор по свету я бродил 
 И наблюдал людское племя 
 И наблюдая восскорбил


Ко благу пылкое стремленье 
 От неба было мне дано; 
 Но обрело ли разделенье, 
 Но принесло ли плод оно?..


Я братьев знал; но сны младые 
 Соединили нас на миг: 
 Далече бедствуют иные, 
 И в мире нет уже других.


Я твой, родимая дуброва! 
 Но от насильственных судьбин 
 Молить хранительного крова 
 К тебе пришел я не один.


Привел под сень твою святую 
 Я соучастницу в мольбах: 
 Мою супругу молодую 
 С младенцем тихим на руках.


Пускай, пускай в глуши смиренной, 
 С ней, милой, быт мой утая, 
 Других урочищей вселенной 
 Не буду помнить бытия.


Пускай, о свете не тоскуя, 
 Предав забвению людей, 
 Кумиры сердца сберегу я 
 Одни, одни в любви моей.


";Е. А. Баратынский;Стансы : «Судьбой наложенные цепи...»;"Судьбой наложенные цепи 
 Упали с рук моих и вновь 
 Я вижу вас, родные степи, 
 Моя начальная любовь.


Степного неба свод желанной, 
 Степного воздуха струи, 
 На вас я в неге бездыханной 
 Остановил глаза мои.


Но мне увидеть было слаще 
 Лес на покате двух холмов 
 И скромный дом в садовой чаще -- 
 Приют младенческих годов.


Промчалось ты, златое время! 
 С тех пор по свету я бродил 
 И наблюдал людское племя 
 И наблюдая восскорбил


Ко благу пылкое стремленье 
 От неба было мне дано; 
 Но обрело ли разделенье, 
 Но принесло ли плод оно?..


Я братьев знал; но сны младые 
 Соединили нас на миг: 
 Далече бедствуют иные, 
 И в мире нет уже других.


Я твой, родимая дуброва! 
 Но от насильственных судьбин 
 Молить хранительного крова 
 К тебе пришел я не один.


Привел под сень твою святую 
 Я соучастницу в мольбах: 
 Мою супругу молодую 
 С младенцем тихим на руках.


Пускай, пускай в глуши смиренной, 
 С ней, милой, быт мой утая, 
 Других урочищей вселенной 
 Не буду помнить бытия.


Пускай, о свете не тоскуя, 
 Предав забвению людей, 
 Кумиры сердца сберегу я 
 Одни, одни в любви моей.


"
79;2897;ok;"Предстала, и старец великий смежил 
 Орлиные очи в покое, 
 Почил безмятежно, зане совершил 
 В пределе земном всё земное! 
 Над дивной могилой не плачь, не жалей, 
 Что гения череп -- наследье червей.


Погас! но ничто не оставлено им 
 Под солнцем живых без привета; 
 На всё отозвался он сердцем своим, 
 Что просит у сердца ответа: 
 Крылатою мыслью он мир облетел, 
 В одном беспредельном нашел ей предел.


Всё дух в нем питало: труды мудрецов, 
 Искусств вдохновенных созданья, 
 Преданья, заветы минувших веков, 
 Цветущих времен упованья. 
 Мечтою по воле проникнуть он мог 
 И в нищую хату, и в царский чертог.


С природой одною он жизнью дышал: 
 Ручья разумел лепетанье, 
 И говор древесных листов понимал, 
 И чувствовал трав прозябанье; 
 Была ему звездная книга ясна, 
 И с ним говорила морская волна.


Изведан, испытан им весь человек! 
 И ежели жизнью земною 
 Творец ограничил летучий наш век, 
 И нас за могильной доскою, 
 За миром явлений, не ждет ничего, -- 
 Творца оправдает могила его.


И если загробная жизнь нам дана, 
 Он, здешней вполне отдышавший 
 И в звучных, глубоких отзывах, сполна 
 Все дольное долу отдавший, 
 К предвечному легкой душой возлетит, 
 И в небе земное его не смутит.


";Е. А. Баратынский;На смерть Гете : «Предстала, и старец великий смежил...»;"Предстала, и старец великий смежил 
 Орлиные очи в покое, 
 Почил безмятежно, зане совершил 
 В пределе земном всё земное! 
 Над дивной могилой не плачь, не жалей, 
 Что гения череп -- наследье червей.


Погас! но ничто не оставлено им 
 Под солнцем живых без привета; 
 На всё отозвался он сердцем своим, 
 Что просит у сердца ответа: 
 Крылатою мыслью он мир облетел, 
 В одном беспредельном нашел ей предел.


Всё дух в нем питало: труды мудрецов, 
 Искусств вдохновенных созданья, 
 Преданья, заветы минувших веков, 
 Цветущих времен упованья. 
 Мечтою по воле проникнуть он мог 
 И в нищую хату, и в царский чертог.


С природой одною он жизнью дышал: 
 Ручья разумел лепетанье, 
 И говор древесных листов понимал, 
 И чувствовал трав прозябанье; 
 Была ему звездная книга ясна, 
 И с ним говорила морская волна.


Изведан, испытан им весь человек! 
 И ежели жизнью земною 
 Творец ограничил летучий наш век, 
 И нас за могильной доскою, 
 За миром явлений, не ждет ничего, -- 
 Творца оправдает могила его.


И если загробная жизнь нам дана, 
 Он, здешней вполне отдышавший 
 И в звучных, глубоких отзывах, сполна 
 Все дольное долу отдавший, 
 К предвечному легкой душой возлетит, 
 И в небе земное его не смутит.


"
80;2911;ok;"Век шествует путем своим железным; 
 В сердцах корысть, и общая мечта 
 Час от часу насущным и полезным 
 Отчетливей, бесстыдней занята. 
 Исчезнули при свете просвещенья 
 Поэзии ребяческие сны, 
 И не о ней хлопочут поколенья, 
 Промышленным заботам преданы.


Для ликующей свободы 
 Вновь Эллада ожила, 
 Собрала свои народы 
 И столицы подняла: 
 В ней опять цветут науки, 
 Носит понт торговли груз, 
 Но не слышны лиры звуки 
 В первобытном рае муз!


Блестит зима дряхлеющего мира, 
 Блестит! Суров и бледен человек; 
 Но зелены в отечестве Омира 
 Холмы, леса, брега лазурных рек; 
 Цветет Парнас: пред ним, как в оны годы, 
 Кастальской ключ живой струею бьет: 
 Нежданный сын последних сил природы -- 
 Возник поэт: идет он и поет:


Воспевает, простодушной, 
 Он любовь и красоту, 
 И науки, им ослушной, 
 Пустоту и суету: 
 Мимолетные страданья 
 Легкомыслием целя, 
 Лучше, смертный, в дни незнанья 
 Радость чувствует земля.


Поклонникам Урании холодной 
 Поет, увы! он благодать страстей: 
 Как пажити Эол бурнопогодной, 
 Плодотворят они сердца людей; 
 Живительным дыханием развита, 
 Фантазия подъемлется от них, 
 Как некогда возникла Афродита 
 Из пенистой пучины вод морских.


И зачем не предадимся 
 Снам улыбчивым своим? 
 Жарким сердцем покоримся 
 Думам хладным, а не им! 
 Верьте сладким убежденьям 
 Вас ласкающих очес 
 И отрадным откровеньям 
 Сострадательных небес!


Суровый смех ему ответом; персты 
 Он на струнах своих остановил, 
 Сомкнул уста вещать полуотверсты, 
 Но гордыя главы не преклонил: 
 Стопы свои он в мыслях направляет 
 В немую глушь, в безлюдный край; но свет 
 Уж праздного вертепа не являет 
 И на земле уединенья нет!


Человеку непокорно 
 Море синее одно: 
 И свободно, и просторно, 
 И приветливо оно; 
 И лица не изменило 
 С дня, в который Аполлон 
 Поднял вечное светило 
 В первый раз на небосклон.


Оно шумит перед скалой Левкада, 
 На ней певец, мятежной думы полн, 
 Стоит... в очах блеснула вдруг отрада: 
 Сия скала... тень Сафо!.. голос волн... 
 Где погребла любовница Фаона 
 Отверженной любви несчастной жар, 
 Там погребет питомец Аполлона 
 Свои мечты, свой бесполезный дар!


И попрежнему блистает 
 Хладной роскошию свет: 
 Серебрит и позлащает 
 Свой безжизненный скелет; 
 Но в смущение приводит 
 Человека вал морской, 
 И от шумных вод отходит 
 Он с тоскующей душой!


";Е. А. Баратынский;Последний поэт : «Век шествует путем своим железным...»;"Век шествует путем своим железным; 
 В сердцах корысть, и общая мечта 
 Час от часу насущным и полезным 
 Отчетливей, бесстыдней занята. 
 Исчезнули при свете просвещенья 
 Поэзии ребяческие сны, 
 И не о ней хлопочут поколенья, 
 Промышленным заботам преданы.


Для ликующей свободы 
 Вновь Эллада ожила, 
 Собрала свои народы 
 И столицы подняла: 
 В ней опять цветут науки, 
 Носит понт торговли груз, 
 Но не слышны лиры звуки 
 В первобытном рае муз!


Блестит зима дряхлеющего мира, 
 Блестит! Суров и бледен человек; 
 Но зелены в отечестве Омира 
 Холмы, леса, брега лазурных рек; 
 Цветет Парнас: пред ним, как в оны годы, 
 Кастальской ключ живой струею бьет: 
 Нежданный сын последних сил природы -- 
 Возник поэт: идет он и поет:


Воспевает, простодушной, 
 Он любовь и красоту, 
 И науки, им ослушной, 
 Пустоту и суету: 
 Мимолетные страданья 
 Легкомыслием целя, 
 Лучше, смертный, в дни незнанья 
 Радость чувствует земля.


Поклонникам Урании холодной 
 Поет, увы! он благодать страстей: 
 Как пажити Эол бурнопогодной, 
 Плодотворят они сердца людей; 
 Живительным дыханием развита, 
 Фантазия подъемлется от них, 
 Как некогда возникла Афродита 
 Из пенистой пучины вод морских.


И зачем не предадимся 
 Снам улыбчивым своим? 
 Жарким сердцем покоримся 
 Думам хладным, а не им! 
 Верьте сладким убежденьям 
 Вас ласкающих очес 
 И отрадным откровеньям 
 Сострадательных небес!


Суровый смех ему ответом; персты 
 Он на струнах своих остановил, 
 Сомкнул уста вещать полуотверсты, 
 Но гордыя главы не преклонил: 
 Стопы свои он в мыслях направляет 
 В немую глушь, в безлюдный край; но свет 
 Уж праздного вертепа не являет 
 И на земле уединенья нет!


Человеку непокорно 
 Море синее одно: 
 И свободно, и просторно, 
 И приветливо оно; 
 И лица не изменило 
 С дня, в который Аполлон 
 Поднял вечное светило 
 В первый раз на небосклон.


Оно шумит перед скалой Левкада, 
 На ней певец, мятежной думы полн, 
 Стоит... в очах блеснула вдруг отрада: 
 Сия скала... тень Сафо!.. голос волн... 
 Где погребла любовница Фаона 
 Отверженной любви несчастной жар, 
 Там погребет питомец Аполлона 
 Свои мечты, свой бесполезный дар!


И попрежнему блистает 
 Хладной роскошию свет: 
 Серебрит и позлащает 
 Свой безжизненный скелет; 
 Но в смущение приводит 
 Человека вал морской, 
 И от шумных вод отходит 
 Он с тоскующей душой!


"
81;2933;first 400 words;"И вот сентябрь! замедля свой восход, 
 Сияньем хладным солнце блещет 
 И луч его в зерцале зыбком вод, 
 Неверным золотом трепещет. 
 Седая мгла виется вкруг холмов; 
 Росой затоплены равнины; 
 Желтеет сень кудрявая дубов 
 И красен круглый лист осины; 
 Умолкли птиц живые голоса, 
 Безмолвен лес, беззвучны небеса!
 
 
И вот сентябрь! и вечер года к нам 
 Подходит. На поля и горы 
 Уже мороз бросает по утрам 
 Свои сребристые узоры: 
 Пробудится ненастливый Эол; 
 Пред ним помчится прах летучий, 
 Качаяся завоет роща; дол 
 Покроет лист ее падучий, 
 И набегут на небо облака, 
 И потемнев, запенится река.
 
 
Прощай, прощай, сияние небес! 
 Прощай, прощай, краса природы! 
 Волшебного шептанья полный лес, 
 Златочешуйчатые воды! 
 Веселый сон минутных летних нег! 
 Вот эхо, в рощах обнаженных, 
 Секирою тревожит дровосек 
 И скоро, снегом убеленных, 
 Своих дубров и холмов зимний вид 
 Застылый ток туманно отразит.
 
 
А между тем досужий селянин 
 Плод годовых трудов сбирает: 
 Сметав в стога скошенный злак долин, 
 С серпом он в поле поспешает. 
 Гуляет серп. На сжатых бороздах, 
 Снопы стоят в копнах блестящих 
 Иль тянутся вдоль жнивы, на возах 
 Под тяжкой ношею скрыпящих, 
 И хлебных скирд золотоверхий град 
 Подъемлется кругом крестьянских хат.
 
 
Дни сельского, святого торжества! 
 Овины весело дымятся, 
 И цеп стучит, и с шумом жернова 
 Ожившей мельницы крутятся. 
 Иди зима! на строги дни себе 
 Припас оратай много блага: 
 Отрадное тепло в его избе, 
 Хлеб-соль и пенистая брага: 
 С семьей своей вкусит он без забот, 
 Своих трудов благословенный плод!
 
 
А ты, когда вступаешь в осень дней, 
 Оратай жизненного поля, 
 И пред тобой во благостыне всей 
 Является земная доля; 
 Когда тебе житейские бразды 
 Труд бытия вознаграждая, 
 Готовятся подать свои плоды 
 И спеет жатва дорогая, 
 И в зернах дум ее сбираешь ты, 
 Судеб людских достигнув полноты;
 
 
Ты так же ли как земледел богат? 
 И ты, как он, с надеждой сеял; 
 И ты, как он, о дальнем дне наград 
 Сны позлащенные лелеял... 
 Любуйся же, гордись восставшим им! 
 Считай свои приобретенья!.. 
 Увы! к мечтам, страстям, трудам мирским 
 Тобой скопленные презренья, 
 Язвительный, неотразимый стыд 
 Души твоей обманов и обид!
 
 
Твой день взошел, и для тебя ясна 
 Вся дерзость юных легковерий; 
 Испытана тобою глубина 
 Людских безумств и лицемерий. 
 Ты, некогда всех увлечений друг, 
 Сочувствий пламенный искатель, 
 Блистательных туманов царь -- и вдруг 
 Бесплодных дебрей созерцатель, 
 Один с тоской, которой смертный стон 
 Едва твоей гордыней задушон.
 
 
Но если бы негодованья крик, 
 Но если б вопль тоски великой 
 Из глубины сердечныя возник 
 Вполне торжественной и дикой, 
 Костями бы среди своих забав 
 Содроглась ветреная младость, 
 Играющий младенец, зарыдав, 
 Игрушку ";Е. А. Баратынский;Осень : «И вот сентябрь! замедля свой восход...»;"И вот сентябрь! замедля свой восход, 
 Сияньем хладным солнце блещет 
 И луч его в зерцале зыбком вод, 
 Неверным золотом трепещет. 
 Седая мгла виется вкруг холмов; 
 Росой затоплены равнины; 
 Желтеет сень кудрявая дубов 
 И красен круглый лист осины; 
 Умолкли птиц живые голоса, 
 Безмолвен лес, беззвучны небеса!


И вот сентябрь! и вечер года к нам 
 Подходит. На поля и горы 
 Уже мороз бросает по утрам 
 Свои сребристые узоры: 
 Пробудится ненастливый Эол; 
 Пред ним помчится прах летучий, 
 Качаяся завоет роща; дол 
 Покроет лист ее падучий, 
 И набегут на небо облака, 
 И потемнев, запенится река.


Прощай, прощай, сияние небес! 
 Прощай, прощай, краса природы! 
 Волшебного шептанья полный лес, 
 Златочешуйчатые воды! 
 Веселый сон минутных летних нег! 
 Вот эхо, в рощах обнаженных, 
 Секирою тревожит дровосек 
 И скоро, снегом убеленных, 
 Своих дубров и холмов зимний вид 
 Застылый ток туманно отразит.


А между тем досужий селянин 
 Плод годовых трудов сбирает: 
 Сметав в стога скошенный злак долин, 
 С серпом он в поле поспешает. 
 Гуляет серп. На сжатых бороздах, 
 Снопы стоят в копнах блестящих 
 Иль тянутся вдоль жнивы, на возах 
 Под тяжкой ношею скрыпящих, 
 И хлебных скирд золотоверхий град 
 Подъемлется кругом крестьянских хат.


Дни сельского, святого торжества! 
 Овины весело дымятся, 
 И цеп стучит, и с шумом жернова 
 Ожившей мельницы крутятся. 
 Иди зима! на строги дни себе 
 Припас оратай много блага: 
 Отрадное тепло в его избе, 
 Хлеб-соль и пенистая брага: 
 С семьей своей вкусит он без забот, 
 Своих трудов благословенный плод!


А ты, когда вступаешь в осень дней, 
 Оратай жизненного поля, 
 И пред тобой во благостыне всей 
 Является земная доля; 
 Когда тебе житейские бразды 
 Труд бытия вознаграждая, 
 Готовятся подать свои плоды 
 И спеет жатва дорогая, 
 И в зернах дум ее сбираешь ты, 
 Судеб людских достигнув полноты;


Ты так же ли как земледел богат? 
 И ты, как он, с надеждой сеял; 
 И ты, как он, о дальнем дне наград 
 Сны позлащенные лелеял... 
 Любуйся же, гордись восставшим им! 
 Считай свои приобретенья!.. 
 Увы! к мечтам, страстям, трудам мирским 
 Тобой скопленные презренья, 
 Язвительный, неотразимый стыд 
 Души твоей обманов и обид!


Твой день взошел, и для тебя ясна 
 Вся дерзость юных легковерий; 
 Испытана тобою глубина 
 Людских безумств и лицемерий. 
 Ты, некогда всех увлечений друг, 
 Сочувствий пламенный искатель, 
 Блистательных туманов царь -- и вдруг 
 Бесплодных дебрей созерцатель, 
 Один с тоской, которой смертный стон 
 Едва твоей гордыней задушон.


Но если бы негодованья крик, 
 Но если б вопль тоски великой 
 Из глубины сердечныя возник 
 Вполне торжественной и дикой, 
 Костями бы среди своих забав 
 Содроглась ветреная младость, 
 Играющий младенец, зарыдав, 
 Игрушку б выронил, и радость 
 Покинула б чело его на век, 
 И заживо б в нем умер человек!


Зови-ж теперь на праздник честный мир! 
 Спеши, хозяин тароватый! 
 Проси, сажай гостей своих за пир 
 Затейливый, замысловатый! 
 Что лакомству пророчит он утех! 
 Каким разнообразьем брашен 
 Блистает он!.. Но вкус один во всех 
 И как могила людям страшен: 
 Садись один и тризну соверши 
 По радостям земным твоей души!


Какое же потом в груди твоей 
 Ни водворится озаренье, 
 Чем дум и чувств ни разрешится в ней 
 Последнее вихревращенье: 
 Пусть в торжестве насмешливом своем 
 Ум, бесполезный сердца трепет 
 Угомонит, и тщетных жалоб в нем 
 Удушит запоздалый лепет 
 И примешь ты, как лучший жизни клад, 
 Дар опыта, мертвящий душу хлад;


Иль отряхнув видения земли 
 Порывом скорби животворной, 
 Ее предел завидя невдали, 
 Цветущий брег за мглою черной, 
 Возмездий край благовестящим снам 
 Доверясь чувством обновленным 
 И, бытия мятежным голосам 
 В великом гимне примиренным, 
 Внимающий как арфам, коих строй 
 Превыспренний, не понят был тобой;


Пред промыслом оправданным ты ниц 
 Падешь с признательным смиреньем, 
 С надеждою не видящей границ 
 И утоленным разуменьем: 
 Знай, внутренней своей вовеки ты 
 Не передать земному звуку 
 И легких чад житейской суеты 
 Не посвятишь в свою науку: 
 Знай, горняя, иль дольная она 
 Нам на земле не для земли дана.


Вот буйственно несется ураган, 
 И лес подъемлет говор шумной, 
 И пенится, и ходит океан, 
 И в берег бьет волной безумной: 
 Так иногда толпы ленивый ум 
 Из усыпления выводит 
 Глас, пошлый глас, вещатель общих дум, 
 И звучный отзыв в ней находит, 
 Но не найдет отзыва тот глагол, 
 Что страстное земное перешол.


Пускай, приняв неправильный полет 
 И вспять стези не обретая, 
 Звезда небес в бездонность утечет; 
 Пусть заменит ее другая: 
 Не явствует земле ущерб одной, 
 Не поражает ухо мира 
 Падения ее далекой вой, 
 Равно как в высотах эфира 
 Ее сестры новорожденный свет 
 И небесам восторженный привет!


Зима идет, и тощая земля 
 В широких лысинах бессилья; 
 И радостно блиставшие поля 
 Златыми класами обилья: 
 Со смертью жизнь, богатство с нищетой, 
 Все образы годины бывшей 
 Сравняются под снежной пеленой, 
 Однообразно их покрывшей: 
 Перед тобой таков отныне свет, 
 Но в нем тебе грядущей жатвы нет!


"
82;14557;first 400 words;"Открылось! -- Не мечта ль? Свет новый! Нова сила 
 Мой дух восторженный, как пламень, облекла! 
 Кто, отроку, мне дал парение орла! -- 
 Се муз бесценный дар -- се вдохновенья крыла! 
 Несусь -- и дольный мир исчез передо мной, -- 
 Сей мир, туманною и тесной 
 Волнений и сует обвитый пеленой, -- 
 Исчез! -- Как солнца луч златой, 
 Коснулся вежд эфир небесный... 
 И свеял прах земной... 
 Я зрю превыспренних селения чудесны... 
 Отсель -- отверзшимся таинственным вратам -- 
 Благоволением судьбины 
 Текут к нам дщери Мнемозины, 
 Честь, радость и краса народам и векам!..
 
 
Безбрежное море лежит под стопами, 
 И в светлой лазури спокойных валов 
 С горящими небо пылает звездами, 
 Как в чистом сердце -- лик богов; 
 Как тихий трепет -- ожиданье; 
 Окрест священное молчанье.
 
 
И се! Как луна из-за облак, встает 
 Урании остров из сребряной пены; 
 Разлился вокруг немерцающий свет, 
 Богинь улыбкою рожденный... 
 Несутся свыше звуки лир; 
 В очарованьях тонет мир!..
 
 
Эфирного тени сложив покрывала 
 И пояс волшебный всесильных харит, 
 Здесь образ Урания свой восприяла, 
 И звездный венец на богине горит! 
 Что нас на земле мечтою пленяло, 
 Как Истина то нам и здесь предстоит!
 
 
Токмо здесь под ясным небосклоном 
 Прояснится жизни мрачный ток; 
 Токмо здесь, забытый Аквилоном, 
 Льется он, и светел и глубок! 
 Токмо здесь прекрасен жизни гений, 
 Здесь, где вечны розы чистых наслаждений, 
 Вечно юн Поэзии венок!..
 
 
Как Фарос для душ и умов освященных, 
 Высоко воздвигнут Небесныя храм; -- 
 И Мудрость приветствует горним плененных 
 Вкусить от трапезы питательной там. 
 Окрест благодатной в зарях златоцветных, 
 На тронах высоких, в сиянье богов, 
 Сидят велелепно спасители смертных, 
 Создатели блага, устройства, градов; 
 Се Мир вечно юный, златыми цепями 
 Связавший семейства, народы, царей; 
 Суд правый с недвижными вечно весами; 
 Страх божий, хранитель святых алтарей; 
 И ты, Благосердие, скорби отрада! 
 Ты, Верность, на якорь склоненна челом, 
 Любовь ко отчизне -- отчизны ограда, 
 И хладная Доблесть с горящим мечом; 
 Ты, с светлыми вечно очами, Терпенье, 
 И Труд, неуклонный твой врач и клеврет... 
 Так вышние силы свой держат совет!..
 
 
Средь них, вкруг них в святом благоговенье 
 Свершает по холмам облаковидных гор 
 В кругах таинственных теченье 
 Наук и знаний светлый хор... 
 Урания одна, как солнце меж звездами, 
 Хранит Гармонию и правит их путями: 
 По манию ее могущего жезла 
 Из края в край течет благое просвещенье; 
 Где прежде мрачна ночь была, 
 Там светозарна дня явленье; 
 Как звезд река, по небосклону вкруг 
 Простершися, оно вселенну обнимает 
 И блага жизни изливает 
 На Запад, на Восток, на Север и на Юг... 
 Откройся предо мной, протекших лет ";Ф. И. Тютчев;Урания : «Открылось!.. -- Не мечта ль? Свет новый! Нова сила...»;"Открылось! -- Не мечта ль? Свет новый! Нова сила 
 Мой дух восторженный, как пламень, облекла! 
 Кто, отроку, мне дал парение орла! -- 
 Се муз бесценный дар -- се вдохновенья крыла! 
 Несусь -- и дольный мир исчез передо мной, -- 
 Сей мир, туманною и тесной 
 Волнений и сует обвитый пеленой, -- 
 Исчез! -- Как солнца луч златой, 
 Коснулся вежд эфир небесный... 
 И свеял прах земной... 
 Я зрю превыспренних селения чудесны... 
 Отсель -- отверзшимся таинственным вратам -- 
 Благоволением судьбины 
 Текут к нам дщери Мнемозины, 
 Честь, радость и краса народам и векам!..


Безбрежное море лежит под стопами, 
 И в светлой лазури спокойных валов 
 С горящими небо пылает звездами, 
 Как в чистом сердце -- лик богов; 
 Как тихий трепет -- ожиданье; 
 Окрест священное молчанье.


И се! Как луна из-за облак, встает 
 Урании остров из сребряной пены; 
 Разлился вокруг немерцающий свет, 
 Богинь улыбкою рожденный... 
 Несутся свыше звуки лир; 
 В очарованьях тонет мир!..


Эфирного тени сложив покрывала 
 И пояс волшебный всесильных харит, 
 Здесь образ Урания свой восприяла, 
 И звездный венец на богине горит! 
 Что нас на земле мечтою пленяло, 
 Как Истина то нам и здесь предстоит!


Токмо здесь под ясным небосклоном 
 Прояснится жизни мрачный ток; 
 Токмо здесь, забытый Аквилоном, 
 Льется он, и светел и глубок! 
 Токмо здесь прекрасен жизни гений, 
 Здесь, где вечны розы чистых наслаждений, 
 Вечно юн Поэзии венок!..


Как Фарос для душ и умов освященных, 
 Высоко воздвигнут Небесныя храм; -- 
 И Мудрость приветствует горним плененных 
 Вкусить от трапезы питательной там. 
 Окрест благодатной в зарях златоцветных, 
 На тронах высоких, в сиянье богов, 
 Сидят велелепно спасители смертных, 
 Создатели блага, устройства, градов; 
 Се Мир вечно юный, златыми цепями 
 Связавший семейства, народы, царей; 
 Суд правый с недвижными вечно весами; 
 Страх божий, хранитель святых алтарей; 
 И ты, Благосердие, скорби отрада! 
 Ты, Верность, на якорь склоненна челом, 
 Любовь ко отчизне -- отчизны ограда, 
 И хладная Доблесть с горящим мечом; 
 Ты, с светлыми вечно очами, Терпенье, 
 И Труд, неуклонный твой врач и клеврет... 
 Так вышние силы свой держат совет!..


Средь них, вкруг них в святом благоговенье 
 Свершает по холмам облаковидных гор 
 В кругах таинственных теченье 
 Наук и знаний светлый хор... 
 Урания одна, как солнце меж звездами, 
 Хранит Гармонию и правит их путями: 
 По манию ее могущего жезла 
 Из края в край течет благое просвещенье; 
 Где прежде мрачна ночь была, 
 Там светозарна дня явленье; 
 Как звезд река, по небосклону вкруг 
 Простершися, оно вселенну обнимает 
 И блага жизни изливает 
 На Запад, на Восток, на Север и на Юг... 
 Откройся предо мной, протекших лет вселенна! 
 Урания, вещай, где первый был твой храм, 
 Твой трон и твой народ, учитель всем векам? -- 
 Восток таинственный! -- Чреда твоя свершенна!.. 
 Твой ранний день протек! Из ближних Солнце врат 
 Рожденья своего обителью надменно 
 Исходит и течет, царь томный и сомненный... 
 Где Вавилоны здесь, где Фивы? -- Где мой град? 
 Где славный Персеполь? -- Где Мемнон, мой глашатай? 
 Их нет! -- Лучи его теряются в степях, 
 Где скорбно встретит их ловец или оратай, 
 Бесплодно роющий во пламенных песках; 
 Или, стыдливые, скользят они печально 
 По мшистым ребрам пирамид... 
 Сокройся, бренного величья мрачный вид!.. 
 И Солнце в путь стремится дальный: 
 Эгея на брегах приветственной главой 
 К нему склонился лавр; и на холмах Эллады 
 Его алтарь обвил зеленый мирт Паллады; 
 Его во гимнах звал Певец к себе слепой, 
 Кони и всадники, вожди и колесницы, 
 Оставивших Олимп собрание богов; 
 Удары гибельны Ареевой десницы, 
 И сладки песни пастухов; -- 
 Рим встал, -- и Марсов гром и песни сладкогласны 
 Стократ на Тибровых раздалися холмах; 
 И лебедь Мантуи, взрыв Трои пепл злосчастный, 
 Вознесся и разлил свет вечный на морях!..


Но что сретает взор? -- Куда, куда ты скрылась, 
 Небесная! -- Бежит, как бледный в мгле призра́к, 
 Денница света закатилась, 
 Везде хаос и мрак! 
 ""Нет! вечен свет наук; его не обнимает 
 Бунтующая мгла; его нетленен плод 
 И не умрет!.."" -- 
 Рекла Урания и скиптром помавает, 
 И бледную, изъязвленну главу 
 Италия от склеп железных свобождает, 
 Рвет узы лютых змей, на выю ставши льву!..


Всего начало здесь!.. Земля благословенна, 
 Долины, недра гор, источники, леса 
 И ты, Везувий сам! ты, бездна раскаленна, 
 Природы грозныя ужасная краса! 
 Всё возвратили вы, что в ярости несытой 
 Неистовый Сатурн укрыть от нас хотел! 
 Эллады, Рима цвет из пепела исшел! 
 И Солнце потекло вновь в путь свой даровитый!.. 
 Феррарскому Орлу ни грозных боев ряд, 
 Ни чарования, ни прелести томимы, 
 Ни полчищ тысячи, ни злобствующий ад 
 Превыспренних путей нигде не воспретят: 
 На пламенных крылах принес он в храм Солимы 
 Победу и венец; -- 
 Там нимфы Тага, там валы Гвадалквивира 
 Во сретенье текут тебе, младой Певец, 
 Принесший песни к нам с брегов другого мира; -- 
 Но кто сии два гения стоят? 
 Как светоносны серафимы, 
 Хранители Эдемских врат 
 И тайн жрецы непостижимых? -- 
 Един с Британских вод, другой с Альпийских гор, 
 Друг другу подают чудотворящи длани; 
 Земного чуждые, возносят к небу взор 
 В огне божественных мечтаний!.. 
 Почто горит лицо морских пучин? 
 Куда восторженны бегут Тамизы воды? 
 Что в трепете святом вы, Альпы, Апеннин!.. 
 Благоговей, земля! Склоните слух, народы! 
 Певцы бессмертные вещают бога вам: 
 Един, как громов сын, гремит средь вас паденье; 
 Другой, как благодать, благовестит спасенье 
 И путь, ведущий к небесам. 
 И се! среди снегов Полунощи глубокой, 
 Под блеском хладных зорь, под свистом льдистых вьюг, 
 Восстал от Холмогор, -- как сильный кедр, высокой, 
 Встает, возносится и всё объемлет вкруг 
 Своими крепкими ветвями; 
 Подъемлясь к облакам, глава его блестит 
 Бессмертными плодами. 
 И тамо, где металл блистательный сокрыт, 
 Там роет землю он глубокими корнями, -- 
 Так Росский Пиндар встал! -- взнес руку к небесам, 
 Да воспретит пылающим громам; 
 Минервы копием бьет недра он земные -- 
 И истекли сокровища златые; 
 Он повелительный простер на море взор -- 
 И свет его горит, как Поллюкс и Кастор!.. 
 Певец, на гроб отца, царя-героя, 
 Он лавры свежие склонил 
 И дни бесценные блаженства и покоя 
 Елизаветы озарил!


Тогда, разлившись, свет от северных сияний 
 Дал отблеск на крутых Аракса берегах; 
 И гении туда простерли взор и длани, 
 И Фивы новые зарделися в лучах... 
 Там, там, в стране денницы, 
 Возник Певец Фелицы!..


Таинственник судеб прорек 
 Царя-героя в колыбели... 
 Он с нами днесь! Он с неба к нам притек, 
 Соборы гениев с ним царственных слетели; 
 Престол его обстали вкруг; 
 Над ним почиет божий дух! 
 И музы радостно воспели 
 Тебя, о царь сердец, на троне Человек!


Твоей всесильною рукою 
 Закрылись Януса врата! 
 Ты оградил нас тишиною, 
 Ты слава наша, красота! 
 Смиренно к твоему склоняяся престолу, 
 Перуны спят горе́ и долу. 
 И здесь, где всё -- от благости твоей, 
 Здесь паки гений просвещенья, 
 Блистая светом обновленья, 
 Блажит своих веселье дней! -- 
 Здесь клятвы он дает священны, 
 Что, постоянный, неизменный, 
 В своей блестящей высоте, 
 Монарха следуя заветам и примеру, 
 Взнесется, опершись на Веру, 
 К своей божественной мете.


"
83;14577;ok;"Слыхал ли в сумраке глубоком 
 Воздушной арфы легкий звон, 
 Когда полуночь, ненароком, 
 Дремавших струн встревожит сон?..


То потрясающие звуки, 
 То замирающие вдруг... 
 Как бы последний ропот муки, 
 В них отозвавшися, потух!


Дыханье каждое Зефира 
 Взрывает скорбь в ее струнах... 
 Ты скажешь: ангельская лира 
 Грустит, в пыли, по небесах!


О, как тогда с земного круга 
 Душой к бессмертному летим! 
 Минувшее, как призрак друга, 
 Прижать к груди своей хотим.


Как верим верою живою, 
 Как сердцу радостно, светло! 
 Как бы эфирною струею 
 По жилам небо протекло!


Но, ах! не нам его судили; 
 Мы в небе скоро устаем, -- 
 И не дано ничтожной пыли 
 Дышать божественным огнем.


Едва усилием минутным 
 Прервем на час волшебный сон 
 И взором трепетным и смутным, 
 Привстав, окинем небосклон, --


И отягченною главою, 
 Одним лучом ослеплены, 
 Вновь упадаем не к покою, 
 Но в утомительные сны.


";Ф. И. Тютчев;Проблеск : «Слыхал ли в сумраке глубоком...»;"Слыхал ли в сумраке глубоком 
 Воздушной арфы легкий звон, 
 Когда полуночь, ненароком, 
 Дремавших струн встревожит сон?..


То потрясающие звуки, 
 То замирающие вдруг... 
 Как бы последний ропот муки, 
 В них отозвавшися, потух!


Дыханье каждое Зефира 
 Взрывает скорбь в ее струнах... 
 Ты скажешь: ангельская лира 
 Грустит, в пыли, по небесах!


О, как тогда с земного круга 
 Душой к бессмертному летим! 
 Минувшее, как призрак друга, 
 Прижать к груди своей хотим.


Как верим верою живою, 
 Как сердцу радостно, светло! 
 Как бы эфирною струею 
 По жилам небо протекло!


Но, ах! не нам его судили; 
 Мы в небе скоро устаем, -- 
 И не дано ничтожной пыли 
 Дышать божественным огнем.


Едва усилием минутным 
 Прервем на час волшебный сон 
 И взором трепетным и смутным, 
 Привстав, окинем небосклон, --


И отягченною главою, 
 Одним лучом ослеплены, 
 Вновь упадаем не к покою, 
 Но в утомительные сны.


"
84;14593;ok;"Часов однообразный бой, 
 Томительная ночи повесть! 
 Язык для всех равно чужой 
 И внятный каждому, как совесть!


Кто без тоски внимал из нас, 
 Среди всемирного молчанья, 
 Глухие времени стенанья, 
 Пророчески-прощальный глас?


Нам мнится: мир осиротелый 
 Неотразимый Рок настиг -- 
 И мы, в борьбе, природой целой 
 Покинуты на нас самих.


И наша жизнь стоит пред нами, 
 Как призрак на краю земли, 
 И с нашим веком и друзьями 
 Бледнеет в сумрачной дали...


И новое, младое племя 
 Меж тем на солнце расцвело, 
 А нас, друзья, и наше время 
 Давно забвеньем занесло!


Лишь изредка, обряд печальный 
 Свершая в полуночный час, 
 Металла голос погребальный 
 Порой оплакивает нас!


";Ф. И. Тютчев;Бессонница : «Часов однообразный бой...»;"Часов однообразный бой, 
 Томительная ночи повесть! 
 Язык для всех равно чужой 
 И внятный каждому, как совесть!


Кто без тоски внимал из нас, 
 Среди всемирного молчанья, 
 Глухие времени стенанья, 
 Пророчески-прощальный глас?


Нам мнится: мир осиротелый 
 Неотразимый Рок настиг -- 
 И мы, в борьбе, природой целой 
 Покинуты на нас самих.


И наша жизнь стоит пред нами, 
 Как призрак на краю земли, 
 И с нашим веком и друзьями 
 Бледнеет в сумрачной дали...


И новое, младое племя 
 Меж тем на солнце расцвело, 
 А нас, друзья, и наше время 
 Давно забвеньем занесло!


Лишь изредка, обряд печальный 
 Свершая в полуночный час, 
 Металла голос погребальный 
 Порой оплакивает нас!


"
85;14602;ok;"Когда пробьет последний час природы, 
 Состав частей разрушится земных: 
 Всё зримое опять покроют воды, 
 И божий лик изобразится в них!


";Ф. И. Тютчев;Последний катаклизм : «Когда пробьет последний час природы...»;"Когда пробьет последний час природы, 
 Состав частей разрушится земных: 
 Всё зримое опять покроют воды, 
 И божий лик изобразится в них!


"
86;14597;ok;"Как океан объемлет шар земной, 
 Земная жизнь кругом объята снами... 
 Настанет ночь -- и звучными волнами 
 Стихия бьет о берег свой.


То глас ее: он нудит нас и просит... 
 Уж в пристани волшебный ожил челн; 
 Прилив растет и быстро нас уносит 
 В неизмеримость темных волн.


Небесный свод, горящий славой звездной, 
 Таинственно глядит из глубины, -- 
 И мы плывем, пылающею бездной 
 Со всех сторон окружены.


";Ф. И. Тютчев;Сны : «Как океан объемлет шар земной...»;"Как океан объемлет шар земной, 
 Земная жизнь кругом объята снами... 
 Настанет ночь -- и звучными волнами 
 Стихия бьет о берег свой.


То глас ее: он нудит нас и просит... 
 Уж в пристани волшебный ожил челн; 
 Прилив растет и быстро нас уносит 
 В неизмеримость темных волн.


Небесный свод, горящий славой звездной, 
 Таинственно глядит из глубины, -- 
 И мы плывем, пылающею бездной 
 Со всех сторон окружены.


"
87;14603;ok;"Там, где с землею обгорелой 
 Слился, как дым, небесный свод, -- 
 Там в беззаботности веселой 
 Безумье жалкое живет.


Под раскаленными лучами, 
 Зарывшись в пламенных песках, 
 Оно стеклянными очами 
 Чего-то ищет в облаках.


То вспрянет вдруг и, чутким ухом 
 Припав к растреснутой земле, 
 Чему-то внемлет жадным слухом 
 С довольством тайным на челе.


И мнит, что слышит струй кипенье, 
 Что слышит ток подземных вод, 
 И колыбельное их пенье, 
 И шумный из земли исход!.


";Ф. И. Тютчев;Безумие : «Там, где с землёю обгорелой...»;"Там, где с землею обгорелой 
 Слился, как дым, небесный свод, -- 
 Там в беззаботности веселой 
 Безумье жалкое живет.


Под раскаленными лучами, 
 Зарывшись в пламенных песках, 
 Оно стеклянными очами 
 Чего-то ищет в облаках.


То вспрянет вдруг и, чутким ухом 
 Припав к растреснутой земле, 
 Чему-то внемлет жадным слухом 
 С довольством тайным на челе.


И мнит, что слышит струй кипенье, 
 Что слышит ток подземных вод, 
 И колыбельное их пенье, 
 И шумный из земли исход!.


"
88;14631;ok;"Есть в светлости осенних вечеров 
 Умильная, таинственная прелесть!.. 
 Зловещий блеск и пестрота дерёв, 
 Багряных листьев томный, легкий шелест, 
 Туманная и тихая лазурь 
 Над грустно-сиротеющей землею 
 И, как предчувствие сходящих бурь, 
 Порывистый, холодный ветр порою, 
 Ущерб, изнеможенье -- и на всем 
 Та кроткая улыбка увяданья, 
 Что в существе разумном мы зовем 
 Божественной стыдливостью страданья!


";Ф. И. Тютчев;Осенний вечер : «Есть в светлости осенних вечеров...»;"Есть в светлости осенних вечеров 
 Умильная, таинственная прелесть!.. 
 Зловещий блеск и пестрота дерёв, 
 Багряных листьев томный, легкий шелест, 
 Туманная и тихая лазурь 
 Над грустно-сиротеющей землею 
 И, как предчувствие сходящих бурь, 
 Порывистый, холодный ветр порою, 
 Ущерб, изнеможенье -- и на всем 
 Та кроткая улыбка увяданья, 
 Что в существе разумном мы зовем 
 Божественной стыдливостью страданья!


"
89;14634;ok;"Люблю сей божий гнев! Люблю сие незримо 
 Во всем разлитое, таинственное Зло -- 
 В цветах, в источнике прозрачном, как стекло, 
 И в радужных лучах, и в самом небе Рима! 
 Всё та ж высокая, безоблачная твердь, 
 Всё так же грудь твоя легко и сладко дышит, 
 Всё тот же теплый ветр верхи дерев колышет, 
 Всё тот же запах роз... и это всё есть Смерть!..


Как ведать, может быть, и есть в природе звуки, 
 Благоухания, цветы и голоса -- 
 Предвестники для нас последнего часа́ 
 И усладители последней нашей муки, -- 
 И ими-то Судеб посланник роковой, 
 Когда сынов Земли из жизни вызывает, 
 Как тканью легкою, свой образ прикрывает... 
 Да утаит от них приход ужасный свой!..


";Ф. И. Тютчев;Mala aria : «Люблю сей божий гнев! Люблю сие незримо...»;"Люблю сей божий гнев! Люблю сие незримо 
 Во всем разлитое, таинственное Зло -- 
 В цветах, в источнике прозрачном, как стекло, 
 И в радужных лучах, и в самом небе Рима! 
 Всё та ж высокая, безоблачная твердь, 
 Всё так же грудь твоя легко и сладко дышит, 
 Всё тот же теплый ветр верхи дерев колышет, 
 Всё тот же запах роз... и это всё есть Смерть!..


Как ведать, может быть, и есть в природе звуки, 
 Благоухания, цветы и голоса -- 
 Предвестники для нас последнего часа́ 
 И усладители последней нашей муки, -- 
 И ими-то Судеб посланник роковой, 
 Когда сынов Земли из жизни вызывает, 
 Как тканью легкою, свой образ прикрывает... 
 Да утаит от них приход ужасный свой!..


"
90;14623;ok;"Еще в полях белеет снег, 
 А воды уж весной шумят -- 
 Бегут и будят сонный брег, 
 Бегут, и блещут, и гласят...


Они гласят во все концы: 
 ""Весна идет, весна идет, 
 Мы молодой весны гонцы, 
 Она нас выслала вперед!


Весна идет, весна идет, 
 И тихих, теплых майских дней 
 Румяный, светлый хоровод 
 Толпится весело за ней!..""


";Ф. И. Тютчев;Весенние воды : «Еще в полях белеет снег...»;"Еще в полях белеет снег, 
 А воды уж весной шумят -- 
 Бегут и будят сонный брег, 
 Бегут, и блещут, и гласят...


Они гласят во все концы: 
 ""Весна идет, весна идет, 
 Мы молодой весны гонцы, 
 Она нас выслала вперед!


Весна идет, весна идет, 
 И тихих, теплых майских дней 
 Румяный, светлый хоровод 
 Толпится весело за ней!..""


"
91;14624;ok;"Молчи, скрывайся и таи 
 И чувства и мечты свои -- 
 Пускай в душевной глубине 
 Встают и заходят оне 
 Безмолвно, как звезды в ночи, -- 
 Любуйся ими -- и молчи.


Как сердцу высказать себя? 
 Другому как понять тебя? 
 Поймет ли он, чем ты живешь? 
 Мысль изреченная есть ложь. 
 Взрывая, возмутишь ключи, -- 
 Питайся ими -- и молчи.


Лишь жить в себе самом умей -- 
 Есть целый мир в душе твоей 
 Таинственно-волшебных дум; 
 Их оглушит наружный шум, 
 Дневные разгонят лучи, -- 
 Внимай их пенью -- и молчи!..


";Ф. И. Тютчев;Silentium! : «Молчи, скрывайся и таи...»;"Молчи, скрывайся и таи 
 И чувства и мечты свои -- 
 Пускай в душевной глубине 
 Встают и заходят оне 
 Безмолвно, как звезды в ночи, -- 
 Любуйся ими -- и молчи.


Как сердцу высказать себя? 
 Другому как понять тебя? 
 Поймет ли он, чем ты живешь? 
 Мысль изреченная есть ложь. 
 Взрывая, возмутишь ключи, -- 
 Питайся ими -- и молчи.


Лишь жить в себе самом умей -- 
 Есть целый мир в душе твоей 
 Таинственно-волшебных дум; 
 Их оглушит наружный шум, 
 Дневные разгонят лучи, -- 
 Внимай их пенью -- и молчи!..


"
92;14650;ok;"О арфа скальда! Долго ты спала 
 В тени, в пыли забытого угла; 
 Но лишь луны, очаровавшей мглу, 
 Лазурный свет блеснул в твоем углу, 
 Вдруг чудный звон затрепетал в струне, 
 Как бред души, встревоженной во сне.


Какой он жизнью на тебя дохнул? 
 Иль старину тебе он вспомянул -- 
 Как по ночам здесь сладострастных дев 
 Давно минувший вторился напев, 
 Иль в сих цветущих и поднесь садах 
 Их легких ног скользил незримый шаг?


";Ф. И. Тютчев;Арфа скальда : «О арфа скальда! Долго ль ты спала...»;"О арфа скальда! Долго ты спала 
 В тени, в пыли забытого угла; 
 Но лишь луны, очаровавшей мглу, 
 Лазурный свет блеснул в твоем углу, 
 Вдруг чудный звон затрепетал в струне, 
 Как бред души, встревоженной во сне.


Какой он жизнью на тебя дохнул? 
 Иль старину тебе он вспомянул -- 
 Как по ночам здесь сладострастных дев 
 Давно минувший вторился напев, 
 Иль в сих цветущих и поднесь садах 
 Их легких ног скользил незримый шаг?


"
93;14673;ok;"Я помню время золотое, 
 Я помню сердцу милый край. 
 День вечерел; мы были двое; 
 Внизу, в тени, шумел Дунай.


И на холму, там, где, белея, 
 Руина замка в дол глядит, 
 Стояла ты, младая фея, 
 На мшистый опершись гранит,


Ногой младенческой касаясь 
 Обломков груды вековой; 
 И солнце медлило, прощаясь 
 С холмом, и замком, и тобой.


И ветер тихий мимолетом 
 Твоей одеждою играл 
 И с диких яблонь цвет за цветом 
 На плечи юные свевал.


Ты беззаботно вдаль глядела... 
 Край неба дымно гас в лучах; 
 День догорал; звучнее пела 
 Река в померкших берегах.


И ты с веселостью беспечной 
 Счастливый провожала день: 
 И сладко жизни быстротечной 
 Над нами пролетала тень.


";Ф. И. Тютчев;«Я помню время золотое...»;"Я помню время золотое, 
 Я помню сердцу милый край. 
 День вечерел; мы были двое; 
 Внизу, в тени, шумел Дунай.


И на холму, там, где, белея, 
 Руина замка в дол глядит, 
 Стояла ты, младая фея, 
 На мшистый опершись гранит,


Ногой младенческой касаясь 
 Обломков груды вековой; 
 И солнце медлило, прощаясь 
 С холмом, и замком, и тобой.


И ветер тихий мимолетом 
 Твоей одеждою играл 
 И с диких яблонь цвет за цветом 
 На плечи юные свевал.


Ты беззаботно вдаль глядела... 
 Край неба дымно гас в лучах; 
 День догорал; звучнее пела 
 Река в померкших берегах.


И ты с веселостью беспечной 
 Счастливый провожала день: 
 И сладко жизни быстротечной 
 Над нами пролетала тень.


"
94;14625;ok;"И море, и буря качали наш челн; 
 Я, сонный, был предан всей прихоти волн. 
 Две беспредельности были во мне, 
 И мной своевольно играли оне. 
 Вкруг меня, как кимвалы, звучали скалы́, 
 Окликалися ветры и пели валы. 
 Я в хаосе звуков лежал оглушен, 
 Но над хаосом звуков носился мой сон. 
 Болезненно-яркий, волшебно-немой, 
 Он веял легко над гремящею тьмой. 
 В лучах огневицы развил он свой мир -- 
 Земля зеленела, светился эфир, 
 Сады-лавиринфы, чертоги, столпы, 
 И сонмы кипели безмолвной толпы. 
 Я много узнал мне неведомых лиц, 
 Зрел тварей волшебных, таинственных птиц, 
 По высям творенья, как бог, я шагал, 
 И мир подо мною недвижный сиял. 
 Но все грезы насквозь, как волшебника вой, 
 Мне слышался грохот пучины морской, 
 И в тихую область видений и снов 
 Врывалася пена ревущих валов.


";Ф. И. Тютчев;Сон на море : «И море, и буря качали наш челн...»;"И море, и буря качали наш челн; 
 Я, сонный, был предан всей прихоти волн. 
 Две беспредельности были во мне, 
 И мной своевольно играли оне. 
 Вкруг меня, как кимвалы, звучали скалы́, 
 Окликалися ветры и пели валы. 
 Я в хаосе звуков лежал оглушен, 
 Но над хаосом звуков носился мой сон. 
 Болезненно-яркий, волшебно-немой, 
 Он веял легко над гремящею тьмой. 
 В лучах огневицы развил он свой мир -- 
 Земля зеленела, светился эфир, 
 Сады-лавиринфы, чертоги, столпы, 
 И сонмы кипели безмолвной толпы. 
 Я много узнал мне неведомых лиц, 
 Зрел тварей волшебных, таинственных птиц, 
 По высям творенья, как бог, я шагал, 
 И мир подо мною недвижный сиял. 
 Но все грезы насквозь, как волшебника вой, 
 Мне слышался грохот пучины морской, 
 И в тихую область видений и снов 
 Врывалася пена ревущих валов.


"
95;14652;ok;"Восток белел. Ладья катилась, 
 Ветрило весело звучало, -- 
 Как опрокинутое небо, 
 Под нами море трепетало...


Восток алел. Она молилась, 
 С чела откинув покрывало, -- 
 Дышала на устах молитва, 
 Во взорах небо ликовало...


Восток вспылал. Она склонилась, 
 Блестящая поникла выя, -- 
 И по младенческим ланитам 
 Струились капли огневые...


";Ф. И. Тютчев;«Восток белел. Ладья катилась...»;"Восток белел. Ладья катилась, 
 Ветрило весело звучало, -- 
 Как опрокинутое небо, 
 Под нами море трепетало...


Восток алел. Она молилась, 
 С чела откинув покрывало, -- 
 Дышала на устах молитва, 
 Во взорах небо ликовало...


Восток вспылал. Она склонилась, 
 Блестящая поникла выя, -- 
 И по младенческим ланитам 
 Струились капли огневые...


"
96;14645;ok;"О чем ты воешь, ветр ночной? 
 О чем так сетуешь безумно?.. 
 Что значит странный голос твой, 
 То глухо жалобный, то шумно? 
 Понятным сердцу языком 
 Твердишь о непонятной муке -- 
 И роешь и взрываешь в нем 
 Порой неистовые звуки!..


О! страшных песен сих не пой! 
 Про древний хаос, про родимый 
 Как жадно мир души ночной 
 Внимает повести любимой! 
 Из смертной рвется он груди, 
 Он с беспредельным жаждет слиться!.. 
 О! бурь заснувших не буди -- 
 Под ними хаос шевелится!..


";Ф. И. Тютчев;«О чем ты воешь, ветр ночной?..»;"О чем ты воешь, ветр ночной? 
 О чем так сетуешь безумно?.. 
 Что значит странный голос твой, 
 То глухо жалобный, то шумно? 
 Понятным сердцу языком 
 Твердишь о непонятной муке -- 
 И роешь и взрываешь в нем 
 Порой неистовые звуки!..


О! страшных песен сих не пой! 
 Про древний хаос, про родимый 
 Как жадно мир души ночной 
 Внимает повести любимой! 
 Из смертной рвется он груди, 
 Он с беспредельным жаждет слиться!.. 
 О! бурь заснувших не буди -- 
 Под ними хаос шевелится!..


"
97;14670;ok;"Смотри, как облаком живым 
 Фонтан сияющий клубится; 
 Как пламенеет, как дробится 
 Его на солнце влажный дым. 
 Лучом поднявшись к небу, он 
 Коснулся высоты заветной -- 
 И снова пылью огнецветной 
 Ниспасть на землю осужден.


О смертной мысли водомет, 
 О водомет неистощимый! 
 Какой закон непостижимый 
 Тебя стремит, тебя мятет? 
 Как жадно к небу рвешься ты!.. 
 Но длань незримо-роковая 
 Твой луч упорный, преломляя, 
 Свергает в брызгах с высоты.


";Ф. И. Тютчев;Фонтан : «Смотри, как облаком живым...»;"Смотри, как облаком живым 
 Фонтан сияющий клубится; 
 Как пламенеет, как дробится 
 Его на солнце влажный дым. 
 Лучом поднявшись к небу, он 
 Коснулся высоты заветной -- 
 И снова пылью огнецветной 
 Ниспасть на землю осужден.


О смертной мысли водомет, 
 О водомет неистощимый! 
 Какой закон непостижимый 
 Тебя стремит, тебя мятет? 
 Как жадно к небу рвешься ты!.. 
 Но длань незримо-роковая 
 Твой луч упорный, преломляя, 
 Свергает в брызгах с высоты.


"
98;14672;ok;"Не то, что мните вы, природа: 
 Не слепок, не бездушный лик -- 
 В ней есть душа, в ней есть свобода, 
 В ней есть любовь, в ней есть язык...


Вы зрите лист и цвет на древе: 
 Иль их садовник приклеи́л? 
 Иль зреет плод в родимом чреве 
 Игрою внешних, чуждых сил?..


Они не видят и не слышат, 
 Живут в сем мире, как впотьмах, 
 Для них и солнцы, знать, не дышат, 
 И жизни нет в морских волнах.


Лучи к ним в душу не сходили, 
 Весна в груди их не цвела, 
 При них леса не говорили, 
 И ночь в звезда́х нема была!


И языками неземными, 
 Волнуя реки и леса, 
 В ночи не совещалась с ними 
 В беседе дружеской гроза!


Не их вина: пойми, коль может, 
 Органа жизнь глухонемой! 
 Души его, ах! не встревожит 
 И голос матери самой!..


";Ф. И. Тютчев;«Не то, что мните вы, природа...»;"Не то, что мните вы, природа: 
 Не слепок, не бездушный лик -- 
 В ней есть душа, в ней есть свобода, 
 В ней есть любовь, в ней есть язык...


Вы зрите лист и цвет на древе: 
 Иль их садовник приклеи́л? 
 Иль зреет плод в родимом чреве 
 Игрою внешних, чуждых сил?..


Они не видят и не слышат, 
 Живут в сем мире, как впотьмах, 
 Для них и солнцы, знать, не дышат, 
 И жизни нет в морских волнах.


Лучи к ним в душу не сходили, 
 Весна в груди их не цвела, 
 При них леса не говорили, 
 И ночь в звезда́х нема была!


И языками неземными, 
 Волнуя реки и леса, 
 В ночи не совещалась с ними 
 В беседе дружеской гроза!


Не их вина: пойми, коль может, 
 Органа жизнь глухонемой! 
 Души его, ах! не встревожит 
 И голос матери самой!..


"
99;14685;ok;"С какою негою, с какой тоской влюбленный 
 Твой взор, твой страстный взор изнемогал на нем! 
 Бессмысленно-нема... нема, как опаленный 
 Небесной молнии огнем, --


Вдруг от избытка чувств, от полноты сердечной, 
 Вся трепет, вся в слезах, ты повергалась ниц... 
 Но скоро добрый сон, младенческо-беспечный, 
 Сходил на шелк твоих ресниц --


И на руки к нему глава твоя склонялась, 
 И, матери нежней, тебя лелеял он... 
 Стон замирал в устах... дыханье уровнялось -- 
 И тих и сладок был твой сон.


А днесь... О, если бы тогда тебе приснилось, 
 Что́ будущность для нас обоих берегла... 
 Как уязвленная, ты б с воплем пробудилась -- 
 Иль в сон иной бы перешла.


";Ф. И. Тютчев;«С какою негою, с какой тоской влюбленный...»;"С какою негою, с какой тоской влюбленный 
 Твой взор, твой страстный взор изнемогал на нем! 
 Бессмысленно-нема... нема, как опаленный 
 Небесной молнии огнем, --


Вдруг от избытка чувств, от полноты сердечной, 
 Вся трепет, вся в слезах, ты повергалась ниц... 
 Но скоро добрый сон, младенческо-беспечный, 
 Сходил на шелк твоих ресниц --


И на руки к нему глава твоя склонялась, 
 И, матери нежней, тебя лелеял он... 
 Стон замирал в устах... дыханье уровнялось -- 
 И тих и сладок был твой сон.


А днесь... О, если бы тогда тебе приснилось, 
 Что́ будущность для нас обоих берегла... 
 Как уязвленная, ты б с воплем пробудилась -- 
 Иль в сон иной бы перешла.


"
100;14686;ok;"На мир таинственный духо́в, 
 Над этой бездной безымянной, 
 Покров наброшен златотканый 
 Высокой волею богов. 
 День -- сей блистательный покров 
 День, земнородных оживленье, 
 Души болящей исцеленье, 
 Друг человеков и богов!


Но меркнет день -- настала ночь; 
 Пришла -- и, с мира рокового 
 Ткань благодатную покрова 
 Сорвав, отбрасывает прочь... 
 И бездна нам обнажена 
 С своими страхами и мглами, 
 И нет преград меж ей и нами -- 
 Вот отчего нам ночь страшна!


";Ф. И. Тютчев;День и ночь : «На мир таинственный духов...»;"На мир таинственный духо́в, 
 Над этой бездной безымянной, 
 Покров наброшен златотканый 
 Высокой волею богов. 
 День -- сей блистательный покров 
 День, земнородных оживленье, 
 Души болящей исцеленье, 
 Друг человеков и богов!


Но меркнет день -- настала ночь; 
 Пришла -- и, с мира рокового 
 Ткань благодатную покрова 
 Сорвав, отбрасывает прочь... 
 И бездна нам обнажена 
 С своими страхами и мглами, 
 И нет преград меж ей и нами -- 
 Вот отчего нам ночь страшна!


"
101;13048;ok;"Надменный временщик, и подлый, и коварный, 
 Монарха хитрый льстец и друг неблагодарный, 
 Неистовый тиран родной страны своей, 
 Взнесенный в важный сан пронырствами злодей! 
 Ты на меня взирать с презрением дерзаешь 
 И в грозном взоре мне свой ярый гнев являешь! 
 Твоим вниманием не дорожу, подлец; 
 Из уст твоих хула -- достойных хвал венец! 
 Смеюсь мне сделанным тобой уничиженьем! 
 Могу ль унизиться твоим пренебреженьем, 
 Коль сам с презрением я на тебя гляжу 
 И горд, что чувств твоих в себе не нахожу? 
 Что сей кимвальный звук твоей мгновенной славы? 
 Что власть ужасная и сан твой величавый? 
 Ах! лучше скрыть себя в безвестности простой, 
 Чем с низкими страстьми и подлою душой 
 Себя, для строгого своих сограждан взора, 
 На суд их выставлять, как будто для позора! 
 Когда во мне, когда нет доблестей прямых, 
 Что пользы в сане мне-и почестях моих? 
 Не сан, не род -- одни достоинства почтенны; 
 Сеян! и самые цари без них презренны; 
 И в Цицероне мной не консул -- сам он чтим 
 За то, что им спасен от Катилины Рим... 
 О муж, достойный муж! почто не можешь, снова 
 Родившись, сограждан спасти от рока злого? 
 Тиран, вострепещи! родиться может он, 
 Иль Кассий, или Брут, иль враг царей Катон! 
 О, как на лире я потщусь того прославить, 
 Отечество мое кто от тебя избавит! 
 Под лицемерием ты мыслишь, может быть, 
 От взора общего причины зла укрыть... 
 Не зная о своем ужасном положенье, 
 Ты заблуждаешься в несчастном ослепленье, 
 Как ни притворствуешь и как ты ни хитришь, 
 Но свойства злобные души не утаишь: 
 Твои дела тебя изобличат народу; 
 Познает он -- что ты стеснил его свободу, 
 Налогом тягостным довел до нищеты, 
 Селения лишил их прежней красоты... 
 Тогда вострепещи, о временщик надменный! 
 Народ тиранствами ужасен разъяренный! 
 Но, если злобный рок, злодея полюбя, 
 От справедливой мзды и сохранит тебя, 
 Все трепещи, тиран! За зло и вероломство 
 Тебе свой приговор произнесет потомство!


";К. Ф. Рылеев;К временщику : «Надменный временщик, и подлый, и коварный...»;"Надменный временщик, и подлый, и коварный, 
 Монарха хитрый льстец и друг неблагодарный, 
 Неистовый тиран родной страны своей, 
 Взнесенный в важный сан пронырствами злодей! 
 Ты на меня взирать с презрением дерзаешь 
 И в грозном взоре мне свой ярый гнев являешь! 
 Твоим вниманием не дорожу, подлец; 
 Из уст твоих хула -- достойных хвал венец! 
 Смеюсь мне сделанным тобой уничиженьем! 
 Могу ль унизиться твоим пренебреженьем, 
 Коль сам с презрением я на тебя гляжу 
 И горд, что чувств твоих в себе не нахожу? 
 Что сей кимвальный звук твоей мгновенной славы? 
 Что власть ужасная и сан твой величавый? 
 Ах! лучше скрыть себя в безвестности простой, 
 Чем с низкими страстьми и подлою душой 
 Себя, для строгого своих сограждан взора, 
 На суд их выставлять, как будто для позора! 
 Когда во мне, когда нет доблестей прямых, 
 Что пользы в сане мне-и почестях моих? 
 Не сан, не род -- одни достоинства почтенны; 
 Сеян! и самые цари без них презренны; 
 И в Цицероне мной не консул -- сам он чтим 
 За то, что им спасен от Катилины Рим... 
 О муж, достойный муж! почто не можешь, снова 
 Родившись, сограждан спасти от рока злого? 
 Тиран, вострепещи! родиться может он, 
 Иль Кассий, или Брут, иль враг царей Катон! 
 О, как на лире я потщусь того прославить, 
 Отечество мое кто от тебя избавит! 
 Под лицемерием ты мыслишь, может быть, 
 От взора общего причины зла укрыть... 
 Не зная о своем ужасном положенье, 
 Ты заблуждаешься в несчастном ослепленье, 
 Как ни притворствуешь и как ты ни хитришь, 
 Но свойства злобные души не утаишь: 
 Твои дела тебя изобличат народу; 
 Познает он -- что ты стеснил его свободу, 
 Налогом тягостным довел до нищеты, 
 Селения лишил их прежней красоты... 
 Тогда вострепещи, о временщик надменный! 
 Народ тиранствами ужасен разъяренный! 
 Но, если злобный рок, злодея полюбя, 
 От справедливой мзды и сохранит тебя, 
 Все трепещи, тиран! За зло и вероломство 
 Тебе свой приговор произнесет потомство!


"
102;NA;ok;"Не нам, мой друг, с тобой чуждаться Утех и радостей земных, Красою милых не прельщаться И сердцем дорожить для них. Пусть мудрецы все за химеру Считают блага жизни сей, — Не нам их следовать примеру В цветущей юности своей. Теперь еще в нас свежи силы И сердце бьется для любви; Придут дни старости унылы — Угаснет прежний огнь в крови, К утехам чувства онемеют, Кровь медленней польется в нас, Все нервы наши ослабеют... И всё напомнит смерти час! Тогда, тогда уже не время О милых будет вспоминать И сей угрюмой жизни бремя В объятьях нежных облегчать... Итак, доколе не промчалась Быстротекущих дней весна, Доколь еще не показалась На наших кудрях седина, Доколь любовью полны очи Прелестниц юных нас манят И под покровом мрачной ночи Восторг и радости сулят — Мой друг, в свой домик безопасный, Когда сну предан Петроград, Спеши с Доридою прекрасной На лоно пламенных отрад.";К. Ф. Рылеев;К другу;"Не нам, мой друг, с тобой чуждаться Утех и радостей земных, Красою милых не прельщаться И сердцем дорожить для них. Пусть мудрецы все за химеру Считают блага жизни сей, — Не нам их следовать примеру В цветущей юности своей. Теперь еще в нас свежи силы И сердце бьется для любви; Придут дни старости унылы — Угаснет прежний огнь в крови, К утехам чувства онемеют, Кровь медленней польется в нас, Все нервы наши ослабеют... И всё напомнит смерти час! Тогда, тогда уже не время О милых будет вспоминать И сей угрюмой жизни бремя В объятьях нежных облегчать... Итак, доколе не промчалась Быстротекущих дней весна, Доколь еще не показалась На наших кудрях седина, Доколь любовью полны очи Прелестниц юных нас манят И под покровом мрачной ночи Восторг и радости сулят — Мой друг, в свой домик безопасный, Когда сну предан Петроград, Спеши с Доридою прекрасной На лоно пламенных отрад."
103;NA;ok;"Смотри, о Делия, как вянет сей цветочек, С какой свирепостью со стебелька Вслед за листочком рвет листочек Суровой осени рука!   Ах! скоро, скоро он красы своей лишится, Не станет более благоухать; Последний скоро лист свалится, Зефир не будет с ним играть.  Угрюмый Аквилон нагонит тучи мрачны, В уныние природу приведет, Оденет снегом долы злачны, — Твой взор и стебля не найдет...  Так точно, Делия, дни жизни скоротечной Умчит Сатурн завистливый и злой И блага юности беспечной Ссечет губительной косой...  Всё изменяется под дланью Крона хладной; Остынет младости кипящей кровь; Но скука жизни безотрадной Под старость к злу родит любовь!  Тогда, жестокая, познаешь, как ужасно Любовью тщетною в душе пылать И на очах не пламень страстный, Но хлад презрения встречать.";К. Ф. Рылеев;Жестокой;"Смотри, о Делия, как вянет сей цветочек, С какой свирепостью со стебелька Вслед за листочком рвет листочек Суровой осени рука!   Ах! скоро, скоро он красы своей лишится, Не станет более благоухать; Последний скоро лист свалится, Зефир не будет с ним играть.  Угрюмый Аквилон нагонит тучи мрачны, В уныние природу приведет, Оденет снегом долы злачны, — Твой взор и стебля не найдет...  Так точно, Делия, дни жизни скоротечной Умчит Сатурн завистливый и злой И блага юности беспечной Ссечет губительной косой...  Всё изменяется под дланью Крона хладной; Остынет младости кипящей кровь; Но скука жизни безотрадной Под старость к злу родит любовь!  Тогда, жестокая, познаешь, как ужасно Любовью тщетною в душе пылать И на очах не пламень страстный, Но хлад презрения встречать."
104;NA;ok;"О радость, о восторг!.. Я Лилу молодую
Вчера нечаянно узрел полу нагую!
Какое зрелище отрадное очам!
Власы волнистые небрежно распущенны
По алебастровым плечам,
И перси девственны, и ноги обнаженны,
И стройный, тонкий стан под дымкою одной,
И полные огня пленительные очи,
И всё, и всё — в часы глубокой ночи,
При ясном свете ламп, в обители немой!
Дыханья перевесть не смея в изумленьи,
На прелести ее в безмолвии взирал —
И сердце юное пылало в восхищеньи;
В восторгах таял я, и млел, и трепетал,
И взоры жадные сквозь дымку устремлял!
Но что я чувствовал, когда младая Лила,
Увидев в храмине меня между столпов,
Вдруг в страхе вскрикнула и руки опустила —
И с тайных прелестей последний спал покров.";К. Ф. Рылеев;Нечаянное счастие;"О радость, о восторг!.. Я Лилу молодую
Вчера нечаянно узрел полу нагую!
Какое зрелище отрадное очам!
Власы волнистые небрежно распущенны
По алебастровым плечам,
И перси девственны, и ноги обнаженны,
И стройный, тонкий стан под дымкою одной,
И полные огня пленительные очи,
И всё, и всё — в часы глубокой ночи,
При ясном свете ламп, в обители немой!
Дыханья перевесть не смея в изумленьи,
На прелести ее в безмолвии взирал —
И сердце юное пылало в восхищеньи;
В восторгах таял я, и млел, и трепетал,
И взоры жадные сквозь дымку устремлял!
Но что я чувствовал, когда младая Лила,
Увидев в храмине меня между столпов,
Вдруг в страхе вскрикнула и руки опустила —
И с тайных прелестей последний спал покров."
105;13024;ok;"Ревела буря, дождь шумел, 
 Во мраке молнии летали, 
 Бесперерывно гром гремел, 
 И ветры в дебрях бушевали... 
 Ко славе страстию дыша, 
 В стране суровой и угрюмой, 
 На диком бреге Иртыша 
 Сидел Ермак, объятый думой.


Товарищи его трудов, 
 Побед и громозвучной славы, 
 Среди раскинутых шатров 
 Беспечно спали близ дубравы. 
 «О, спите, спите, -- мнил герой, -- 
 Друзья, под бурею ревущей; 
 С рассветом глас раздастся мой, 
 На славу иль на смерть зовущий


Вам нужен отдых; сладкий сон 
 И в бурю храбрых успокоит; 
 В мечтах напомнит славу он 
 И силы ратников удвоит. 
 Кто жизни не щадил своей 
 В разбоях, злато добывая, 
 Тот думать будет ли о ней. 
 За Русь святую погибая?


Своей и вражьей кровью смыв 
 Все преступленья буйной жизни 
 И за победы заслужив 
 Благословения отчизны, -- 
 Нам смерть не может быть страшна; 
 Свое мы дело совершили: 
 Сибирь царю покорена, 
 И мы -- не праздно в мире жили!»


Но роковой его удел 
 Уже сидел с героем рядом 
 И с сожалением глядел 
 На жертву любопытным взглядом. 
 Ревела буря, дождь шумел, 
 Во мраке молнии летали, 
 Бесперерывно гром гремел, 
 И ветры в дебрях бушевали.


Иртыш кипел в крутых брегах, 
 Вздымалися седые волны, 
 И рассыпались с ревом в прах, 
 Бия о брег, козачьи челны. 
 С вождем покой в объятьях сна 
 Дружина храбрая вкушала; 
 С Кучумом буря лишь одна 
 На их погибель не дремала!


Страшась вступить с героем в бой, 
 Кучум к шатрам, как тать презренный, 
 Прокрался тайною тропой, 
 Татар толпами окруженный. 
 Мечи сверкнули в их руках -- 
 И окровавилась долина, 
 И пала грозная в боях, 
 Не обнажив мечей, дружина...


Ермак воспрянул ото сна 
 И, гибель зря, стремится в волны, 
 Душа отвагою полна, 
 Но далеко от брега челны! 
 Иртыш волнуется сильней -- 
 Ермак все силы напрягает 
 И мощною рукой своей 
 Валы седые рассекает...


Плывет... уж близко челнока -- 
 Но сила року уступила, 
 И, закипев страшней, река 
 Героя с шумом поглотила. 
 Лишивши сил богатыря 
 Бороться с ярою волною, 
 Тяжелый панцирь -- дар царя 
 Стал гибели его виною.


Ревела буря... вдруг луной 
 Иртыш кипящий осребрился, 
 И труп, извергнутый волной, 
 В броне медяной озарился. 
 Носились тучи, дождь шумел, 
 И молнии еще сверкали, 
 И гром вдали еще гремел, 
 И ветры в дебрях бушевали.


";К. Ф. Рылеев;Смерть Ермака : «Ревела буря, дождь шумел...»;"Ревела буря, дождь шумел, 
 Во мраке молнии летали, 
 Бесперерывно гром гремел, 
 И ветры в дебрях бушевали... 
 Ко славе страстию дыша, 
 В стране суровой и угрюмой, 
 На диком бреге Иртыша 
 Сидел Ермак, объятый думой.


Товарищи его трудов, 
 Побед и громозвучной славы, 
 Среди раскинутых шатров 
 Беспечно спали близ дубравы. 
 «О, спите, спите, -- мнил герой, -- 
 Друзья, под бурею ревущей; 
 С рассветом глас раздастся мой, 
 На славу иль на смерть зовущий


Вам нужен отдых; сладкий сон 
 И в бурю храбрых успокоит; 
 В мечтах напомнит славу он 
 И силы ратников удвоит. 
 Кто жизни не щадил своей 
 В разбоях, злато добывая, 
 Тот думать будет ли о ней. 
 За Русь святую погибая?


Своей и вражьей кровью смыв 
 Все преступленья буйной жизни 
 И за победы заслужив 
 Благословения отчизны, -- 
 Нам смерть не может быть страшна; 
 Свое мы дело совершили: 
 Сибирь царю покорена, 
 И мы -- не праздно в мире жили!»


Но роковой его удел 
 Уже сидел с героем рядом 
 И с сожалением глядел 
 На жертву любопытным взглядом. 
 Ревела буря, дождь шумел, 
 Во мраке молнии летали, 
 Бесперерывно гром гремел, 
 И ветры в дебрях бушевали.


Иртыш кипел в крутых брегах, 
 Вздымалися седые волны, 
 И рассыпались с ревом в прах, 
 Бия о брег, козачьи челны. 
 С вождем покой в объятьях сна 
 Дружина храбрая вкушала; 
 С Кучумом буря лишь одна 
 На их погибель не дремала!


Страшась вступить с героем в бой, 
 Кучум к шатрам, как тать презренный, 
 Прокрался тайною тропой, 
 Татар толпами окруженный. 
 Мечи сверкнули в их руках -- 
 И окровавилась долина, 
 И пала грозная в боях, 
 Не обнажив мечей, дружина...


Ермак воспрянул ото сна 
 И, гибель зря, стремится в волны, 
 Душа отвагою полна, 
 Но далеко от брега челны! 
 Иртыш волнуется сильней -- 
 Ермак все силы напрягает 
 И мощною рукой своей 
 Валы седые рассекает...


Плывет... уж близко челнока -- 
 Но сила року уступила, 
 И, закипев страшней, река 
 Героя с шумом поглотила. 
 Лишивши сил богатыря 
 Бороться с ярою волною, 
 Тяжелый панцирь -- дар царя 
 Стал гибели его виною.


Ревела буря... вдруг луной 
 Иртыш кипящий осребрился, 
 И труп, извергнутый волной, 
 В броне медяной озарился. 
 Носились тучи, дождь шумел, 
 И молнии еще сверкали, 
 И гром вдали еще гремел, 
 И ветры в дебрях бушевали.


"
106;13064;ok;"Еще ли в памяти рисуется твоей 
 С такою быстротой промчавшаяся младость,-- 
 Когда, Дорида, мы, забыв иных людей, 
 Вкушали с жаждою любви и жизни сладость?.. 
 Еще ли мил тебе излучистый ручей 
 И струй его невнятный лепет, 
 Зеленый лес, и шум младых ветвей, 
 И листьев говорящий трепет,-- 
 Где мы одни с любовию своей 
 Под ивою ветвистою сидели: 
 Распростирала ночь туманный свой покров, 
 Терялся вдалеке чуть слышный звук свирели, 
 И рог луны глядел из облаков, 
 И струйки ручейка журчащие блестели... 
 Луны сребристые лучи 
 На нас, Дорида, упадали 
 И что-то прелестям твоим в ночи 
 Небесное земному придавали: 
 Перерывался разговор, 
 Сердца в восторгах пылких млели, 
 К устам уста, тонул во взоре взор, 
 И вздохи сладкие за вздохами летели. 
 Не знаю, милая, как ты, 
 Но я не позабуду про былое: 
 Мне утешительны, мне сладостны мечты, 
 Безумство юных дней, тоска и суеты; 
 И наслаждение сие немое 
 Так мило мне, как запах от левкоя, 
 Как первый поцелуй невинной красоты.


";К. Ф. Рылеев;Воспоминания : «Еще ли в памяти рисуется твоей...»;"Еще ли в памяти рисуется твоей 
 С такою быстротой промчавшаяся младость,-- 
 Когда, Дорида, мы, забыв иных людей, 
 Вкушали с жаждою любви и жизни сладость?.. 
 Еще ли мил тебе излучистый ручей 
 И струй его невнятный лепет, 
 Зеленый лес, и шум младых ветвей, 
 И листьев говорящий трепет,-- 
 Где мы одни с любовию своей 
 Под ивою ветвистою сидели: 
 Распростирала ночь туманный свой покров, 
 Терялся вдалеке чуть слышный звук свирели, 
 И рог луны глядел из облаков, 
 И струйки ручейка журчащие блестели... 
 Луны сребристые лучи 
 На нас, Дорида, упадали 
 И что-то прелестям твоим в ночи 
 Небесное земному придавали: 
 Перерывался разговор, 
 Сердца в восторгах пылких млели, 
 К устам уста, тонул во взоре взор, 
 И вздохи сладкие за вздохами летели. 
 Не знаю, милая, как ты, 
 Но я не позабуду про былое: 
 Мне утешительны, мне сладостны мечты, 
 Безумство юных дней, тоска и суеты; 
 И наслаждение сие немое 
 Так мило мне, как запах от левкоя, 
 Как первый поцелуй невинной красоты.


"
107;13069;ok;"О чем средь ужасов войны 
 Тоска и траур погребальный? 
 Куда бегут на звон печальный 
 Священной Греции сыны? 
 Давно от слез и крови взмокла 
 Эллада средь святой борьбы; 
 Какою ж вновь бедой судьбы 
 Грозят отчизне Фемистокла?


Чему на шатком троне рад 
 Тиран роскошного Востока, 
 За что благодарить пророка 
 Спешат в Стамбуле стар и млад? 
 Зрю: в Миссолонге гроб средь храма 
 Пред алтарем святым стоит, 
 Весь катафалк огнем блестит 
 В прозрачном дыме фимиама.


Рыдая, вкруг его кипит 
 Толпа шумящего народа,-- 
 Как будто в гробе том свобода 
 Воскресшей Греции лежит, 
 Как будто цепи вековые 
 Готовы вновь тягчить ее, 
 Как будто идут на нее 
 Султан и грозная Россия...


Царица гордая морей! 
 Гордись не силою гигантской, 
 Но прочной славою гражданской 
 И доблестью своих детей. 
 Парящий ум, светило века, 
 Твой сын, твой друг и твой поэт, 
 Увянул Бейрон в цвете лет 
 В святой борьбе за вольность грека.


Из океана своего 
 Текут лета с чудесной силой: 
 Нет ничего уже, что было, 
 Что есть, не будет ничего. 
 Грядой возлягут на твердыни 
 Почить усталые века, 
 Их беспощадная рука 
 Преобратит поля в пустыни.


Исчезнут порты в тьме времен, 
 Падут и запустеют грады, 
 Погибнут страшные армады, 
 Возникнет новый Карфаген... 
 Но сердца подвиг благородный 
 Пребудет для души младой 
 К могиле Бейрона святой 
 Всегда звездою путеводной.


Британец дряхлый поздних лет 
 Придет, могильный холм укажет 
 И гордым внукам гордо скажет: 
 «Здесь спит возвышенный поэт! 
 Он жил для Англии и мира, 
 Был, к удивленью века, он 
 Умом Сократ, душой Катон 
 И победителем Шекспира.


Он всё под солнцем разгадал, 
 К гоненьям рока равнодушен, 
 Он гению лишь был послушен, 
 Властей других не признавал. 
 С коварным смехом обнажила 
 Судьба пред ним людей сердца, 
 Но пылкая душа певца 
 Презрительных не разлюбила.


Когда он кончил юный век 
 В стране, от родины далекой, 
 Убитый грустию жестокой, 
 О нем сказал Европе грек: 
 «Друзья свободы и Эллады 
 Везде в слезах в укор судьбы; 
 Одни тираны и рабы 
 Его внезапной смерти рады».


";К. Ф. Рылеев;На смерть Бейрона : «О чем средь ужасов войны...»;"О чем средь ужасов войны 
 Тоска и траур погребальный? 
 Куда бегут на звон печальный 
 Священной Греции сыны? 
 Давно от слез и крови взмокла 
 Эллада средь святой борьбы; 
 Какою ж вновь бедой судьбы 
 Грозят отчизне Фемистокла?


Чему на шатком троне рад 
 Тиран роскошного Востока, 
 За что благодарить пророка 
 Спешат в Стамбуле стар и млад? 
 Зрю: в Миссолонге гроб средь храма 
 Пред алтарем святым стоит, 
 Весь катафалк огнем блестит 
 В прозрачном дыме фимиама.


Рыдая, вкруг его кипит 
 Толпа шумящего народа,-- 
 Как будто в гробе том свобода 
 Воскресшей Греции лежит, 
 Как будто цепи вековые 
 Готовы вновь тягчить ее, 
 Как будто идут на нее 
 Султан и грозная Россия...


Царица гордая морей! 
 Гордись не силою гигантской, 
 Но прочной славою гражданской 
 И доблестью своих детей. 
 Парящий ум, светило века, 
 Твой сын, твой друг и твой поэт, 
 Увянул Бейрон в цвете лет 
 В святой борьбе за вольность грека.


Из океана своего 
 Текут лета с чудесной силой: 
 Нет ничего уже, что было, 
 Что есть, не будет ничего. 
 Грядой возлягут на твердыни 
 Почить усталые века, 
 Их беспощадная рука 
 Преобратит поля в пустыни.


Исчезнут порты в тьме времен, 
 Падут и запустеют грады, 
 Погибнут страшные армады, 
 Возникнет новый Карфаген... 
 Но сердца подвиг благородный 
 Пребудет для души младой 
 К могиле Бейрона святой 
 Всегда звездою путеводной.


Британец дряхлый поздних лет 
 Придет, могильный холм укажет 
 И гордым внукам гордо скажет: 
 «Здесь спит возвышенный поэт! 
 Он жил для Англии и мира, 
 Был, к удивленью века, он 
 Умом Сократ, душой Катон 
 И победителем Шекспира.


Он всё под солнцем разгадал, 
 К гоненьям рока равнодушен, 
 Он гению лишь был послушен, 
 Властей других не признавал. 
 С коварным смехом обнажила 
 Судьба пред ним людей сердца, 
 Но пылкая душа певца 
 Презрительных не разлюбила.


Когда он кончил юный век 
 В стране, от родины далекой, 
 Убитый грустию жестокой, 
 О нем сказал Европе грек: 
 «Друзья свободы и Эллады 
 Везде в слезах в укор судьбы; 
 Одни тираны и рабы 
 Его внезапной смерти рады».


"
108;13065;ok;"Я ль буду в роковое время 
 Позорить гражданина сан 
 И подражать тебе, изнеженное племя 
 Переродившихся славян? 
 Нет, неспособен я в объятьях сладострастья, 
 В постыдной праздности влачить свой век младой 
 И изнывать кипящею душой 
 Под тяжким игом самовластья. 
 Пусть юноши, своей не разгадав судьбы, 
 Постигнуть не хотят предназначенье века 
 И не готовятся для будущей борьбы 
 За угнетенную свободу человека. 
 Пусть с хладною душой бросают хладный взор 
 На бедствия своей отчизны, 
 И не читают в них грядущий свой позор 
 И справедливые потомков укоризны. 
 Они раскаются, когда народ, восстав, 
 Застанет их в объятьях праздной неги 
 И, в бурном мятеже ища свободных прав, 
 В них не найдет ни Брута, ни Риеги.


";К. Ф. Рылеев;[Гражданин] : «Я ль буду в роковое время...»;"Я ль буду в роковое время 
 Позорить гражданина сан 
 И подражать тебе, изнеженное племя 
 Переродившихся славян? 
 Нет, неспособен я в объятьях сладострастья, 
 В постыдной праздности влачить свой век младой 
 И изнывать кипящею душой 
 Под тяжким игом самовластья. 
 Пусть юноши, своей не разгадав судьбы, 
 Постигнуть не хотят предназначенье века 
 И не готовятся для будущей борьбы 
 За угнетенную свободу человека. 
 Пусть с хладною душой бросают хладный взор 
 На бедствия своей отчизны, 
 И не читают в них грядущий свой позор 
 И справедливые потомков укоризны. 
 Они раскаются, когда народ, восстав, 
 Застанет их в объятьях праздной неги 
 И, в бурном мятеже ища свободных прав, 
 В них не найдет ни Брута, ни Риеги.


"
109;13066;ok;"Не сбылись, мой друг, пророчества 
 Пылкой юности моей: 
 Горький жребий одиночества 
 Мне сужден в кругу людей.


Слишком рано мрак таинственный 
 Опыт грозный разогнал, 
 Слишком рано, друг единственный, 
 Я сердца людей узнал.


Страшно дней не ведать радостных, 
 Быть чужим среди своих, 
 Но ужасней истин тягостных 
 Быть сосудом с дней младых.


С тяжкой грустью, с черной думою 
 Я с тех пор один брожу 
 И могилою угрюмою 
 Мир печальный нахожу.


Всюду встречи безотрадные! 
 Ищешь, суетный, людей, 
 А встречаешь трупы хладные 
 Иль бессмысленных детей...


";К. Ф. Рылеев;Стансы : «Не сбылись, мой друг, пророчества...»;"Не сбылись, мой друг, пророчества 
 Пылкой юности моей: 
 Горький жребий одиночества 
 Мне сужден в кругу людей.


Слишком рано мрак таинственный 
 Опыт грозный разогнал, 
 Слишком рано, друг единственный, 
 Я сердца людей узнал.


Страшно дней не ведать радостных, 
 Быть чужим среди своих, 
 Но ужасней истин тягостных 
 Быть сосудом с дней младых.


С тяжкой грустью, с черной думою 
 Я с тех пор один брожу 
 И могилою угрюмою 
 Мир печальный нахожу.


Всюду встречи безотрадные! 
 Ищешь, суетный, людей, 
 А встречаешь трупы хладные 
 Иль бессмысленных детей...


"
110;13075;ok;"Своей любезностью опасной, 
 Волшебной сладостью речей 
 Вы край далекий, край прекрасный 
 Душе напомнили моей. 
 Я вспомнил мрачные дубравы, 
 Я вспомнил добрых земляков, 
 Гостеприимные их нравы 
 И радость шумную пиров. 
 Я вспомнил пламенную младость, 
 Я вспомнил первую любовь, 
 Опять воскресла в сердце радость, 
 Певец для счастья ожил вновь. 
 Иной подруге обреченный, 
 Обетам верный навсегда, 
 Моей Матильды несравненной 
 Я не забуду никогда. 
 Она, как вы, была прекрасна, 
 Она, как вы, была мила, 
 И так же для сердец опасна 
 И точно так же весела.


";К. Ф. Рылеев;В альбом Т. С. К. : «Своей любезностью опасной...»;"Своей любезностью опасной, 
 Волшебной сладостью речей 
 Вы край далекий, край прекрасный 
 Душе напомнили моей. 
 Я вспомнил мрачные дубравы, 
 Я вспомнил добрых земляков, 
 Гостеприимные их нравы 
 И радость шумную пиров. 
 Я вспомнил пламенную младость, 
 Я вспомнил первую любовь, 
 Опять воскресла в сердце радость, 
 Певец для счастья ожил вновь. 
 Иной подруге обреченный, 
 Обетам верный навсегда, 
 Моей Матильды несравненной 
 Я не забуду никогда. 
 Она, как вы, была прекрасна, 
 Она, как вы, была мила, 
 И так же для сердец опасна 
 И точно так же весела.


"
111;13076;ok;"Исполнились мои желанья, 
 Сбылись давнишние мечты: 
 Мои жестокие страданья, 
 Мою любовь узнала ты.


Напрасно я себя тревожил, 
 За страсть вполне я награжден: 
 Я вновь для счастья сердцем ожил, 
 Исчезла грусть, как смутный сон.


Так, окроплен росой отрадной, 
 В тот час, когда горит восток, 
 Вновь воскресает -- ночью хладной 
 Полузавялый василек.


";К. Ф. Рылеев;Элегия : «Исполнились мои желанья...»;"Исполнились мои желанья, 
 Сбылись давнишние мечты: 
 Мои жестокие страданья, 
 Мою любовь узнала ты.


Напрасно я себя тревожил, 
 За страсть вполне я награжден: 
 Я вновь для счастья сердцем ожил, 
 Исчезла грусть, как смутный сон.


Так, окроплен росой отрадной, 
 В тот час, когда горит восток, 
 Вновь воскресает -- ночью хладной 
 Полузавялый василек.


"
112;13077;ok;"Покинь меня, мой юный друг,-- 
 Твой взор, твой голос мне опасен: 
 Я испытал любви недуг, 
 И знаю я, как он ужасен... 
 Но что, безумный, я сказал? 
 К чему укоры и упреки? 
 Уж я твой узник, друг жестокий, 
 Твой взор меня очаровал. 
 Я увлечен своей судьбою, 
 Я сам к погибели бегу: 
 Боюся встретиться с тобою, 
 А не встречаться не могу.


";К. Ф. Рылеев;Элегия : «Покинь меня, мой юный друг...»;"Покинь меня, мой юный друг,-- 
 Твой взор, твой голос мне опасен: 
 Я испытал любви недуг, 
 И знаю я, как он ужасен... 
 Но что, безумный, я сказал? 
 К чему укоры и упреки? 
 Уж я твой узник, друг жестокий, 
 Твой взор меня очаровал. 
 Я увлечен своей судьбою, 
 Я сам к погибели бегу: 
 Боюся встретиться с тобою, 
 А не встречаться не могу.


"
113;13079;ok;"Ты посетить, мой друг, желала 
 Уединенный угол мой, 
 Когда душа изнемогала 
 В борьбе с болезнью роковой.


Твой милый взор,-- твой взор волшебный 
 Хотел страдальца оживить, 
 Хотела ты покой целебный 
 В взволнованную душу влить.


Твое отрадное участье, 
 Твое вниманье, милый друг, 
 Мне снова возвращают счастье 
 И исцеляют мой недуг.


Я не хочу любви твоей, 
 Я не могу ее присвоить; 
 Я отвечать не в силах ей, 
 Моя душа твоей не стоит.


Полна душа твоя всегда 
 Одних прекрасных ощущений, 
 Ты бурных чувств моих чужда, 
 Чужда моих суровых мнений.


Прощаешь ты врагам своим -- 
 Я не знаком с сим чувством нежным 
 И оскорбителям моим 
 Плачу отмщеньем неизбежным.


Лишь временно кажусь я слаб, 
 Движеньями души владею; 
 Не христианин и не раб, 
 Прощать обид я не умею.


Мне не любовь твоя нужна, 
 Занятья нужны мне иные: 
 Отрадна мне одна война, 
 Одни тревоги боевые.


Любовь никак нейдет на ум: 
 Увы! моя отчизна страждет,-- 
 Душа в волненьи тяжких дум 
 Теперь одной свободы жаждет.


";К. Ф. Рылеев;К N. N. : «Ты посетить, мой друг, желала...»;"Ты посетить, мой друг, желала 
 Уединенный угол мой, 
 Когда душа изнемогала 
 В борьбе с болезнью роковой.


Твой милый взор,-- твой взор волшебный 
 Хотел страдальца оживить, 
 Хотела ты покой целебный 
 В взволнованную душу влить.


Твое отрадное участье, 
 Твое вниманье, милый друг, 
 Мне снова возвращают счастье 
 И исцеляют мой недуг.


Я не хочу любви твоей, 
 Я не могу ее присвоить; 
 Я отвечать не в силах ей, 
 Моя душа твоей не стоит.


Полна душа твоя всегда 
 Одних прекрасных ощущений, 
 Ты бурных чувств моих чужда, 
 Чужда моих суровых мнений.


Прощаешь ты врагам своим -- 
 Я не знаком с сим чувством нежным 
 И оскорбителям моим 
 Плачу отмщеньем неизбежным.


Лишь временно кажусь я слаб, 
 Движеньями души владею; 
 Не христианин и не раб, 
 Прощать обид я не умею.


Мне не любовь твоя нужна, 
 Занятья нужны мне иные: 
 Отрадна мне одна война, 
 Одни тревоги боевые.


Любовь никак нейдет на ум: 
 Увы! моя отчизна страждет,-- 
 Душа в волненьи тяжких дум 
 Теперь одной свободы жаждет.


"
114;3071;first 400 words;"Отечески пенаты, 
 О пестуны мои! 
 Вы златом не богаты, 
 Но любите свои 
 Норы и темны кельи, 
 Где вас на новосельи 
 Смиренно здесь и там 
 Расставил по углам; 
 Где странник я бездомный, 
 Всегда в желаньях скромный, 
 Сыскал себе приют. 
 О боги! будьте тут 
 Доступны, благосклонны! 
 Не вина благовонны, 
 Не тучный фимиам 
 Поэт приносит вам, 
 Но слезы умиленья, 
 Но сердца тихий жар 
 И сладки песнопенья, 
 Богинь пермесских дар! 
 О лары! уживитесь 
 В обители моей, 
 Поэту улыбнитесь -- 
 И будет счастлив в ней!.. 
 В сей хижине убогой 
 Стоит перед окном 
 Стол ветхий и треногий 
 С изорванным сукном. 
 В углу, свидетель славы 
 И суеты мирской, 
 Висит полузаржавый 
 Меч прадедов тупой; 
 Здесь книги выписные, 
 Там жесткая постель -- 
 Всё утвари простые, 
 Всё рухлая скудель! 
 Скудель!.. Но мне дороже, 
 Чем бархатное ложе 
 И вазы богачей!..


Отеческие боги! 
 Да к хижине моей 
 Не сыщет ввек дороги 
 Богатство с суетой, 
 С наемною душой 
 Развратные счастливцы, 
 Придворные друзья 
 И бледны горделивцы, 
 Надутые князья! 
 Но ты, о мой убогой 
 Калека и слепой, 
 Идя путем-дорогой 
 С смиренною клюкой, 
 Ты смело постучися, 
 О воин, у меня, 
 Войди и обсушися 
 У яркого огня. 
 О старец, убеленный 
 Годами и трудом, 
 Трикраты уязвленный 
 На приступе штыком! 
 Двуструнной балалайкой 
 Походы прозвени 
 Про витязя с нагайкой, 
 Что в жупел и в огни 
 Летал перед полками 
 Как вихорь на полях, 
 И вкруг его рядами 
 Враги ложились в прах!.. 
 И ты, моя Лилета, 
 В смиренный уголок 
 Приди под вечерок, 
 Тайком переодета! 
 Под шляпою мужской 
 И кудри золотые, 
 И очи голубые, 
 Прелестница, сокрой! 
 Накинь мой плащ широкой, 
 Мечом вооружись 
 И в полночи глубокой 
 Внезапно постучись... 
 Вошла -- наряд военный 
 Упал к ее ногам, 
 И кудри распущенны 
 Взвевают по плечам, 
 И грудь ее открылась 
 С лилейной белизной: 
 Волшебница явилась 
 Пастушкой предо мной! 
 И вот с улыбкой нежной 
 Садится у огня, 
 Рукою белоснежной 
 Склонившись на меня, 
 И алыми устами, 
 Как ветер меж листами, 
 Мне шепчет: «Я твоя, 
 Твоя, мой друг сердечный!..» 
 Блажен в сени беспечной, 
 Кто милою своей, 
 Под кровом от ненастья, 
 На ложе сладострастья, 
 До утренних лучей 
 Спокойно обладает, 
 Спокойно засыпает 
 Близ друга сладким сном!..


Уже потухли звезды 
 В сиянии дневном, 
 И пташки теплы гнезды, 
 Что свиты над окном, 
 Щебеча покидают 
 И негу отрясают 
 Со крылышек своих; 
 Зефир листы колышет, 
 И всё любовью дышит 
 Среди полей моих; 
 Всё с утром оживает, 
 А Лила почивает 
 На ложе из цветов... 
 И ветер тиховейный 
 С груди ее лилейной 
 Сдул дымчатый покров... 
 И в локоны златые 
 Две розы молодые 
 С нарциссами вплелись; 
 Сквозь тонкие преграды 
";К. Н. Батюшков;Мои пенаты: Послание Жуковскому и Вяземскому : «Отечески пенаты...»;"Отечески пенаты, 
 О пестуны мои! 
 Вы златом не богаты, 
 Но любите свои 
 Норы и темны кельи, 
 Где вас на новосельи 
 Смиренно здесь и там 
 Расставил по углам; 
 Где странник я бездомный, 
 Всегда в желаньях скромный, 
 Сыскал себе приют. 
 О боги! будьте тут 
 Доступны, благосклонны! 
 Не вина благовонны, 
 Не тучный фимиам 
 Поэт приносит вам, 
 Но слезы умиленья, 
 Но сердца тихий жар 
 И сладки песнопенья, 
 Богинь пермесских дар! 
 О лары! уживитесь 
 В обители моей, 
 Поэту улыбнитесь -- 
 И будет счастлив в ней!.. 
 В сей хижине убогой 
 Стоит перед окном 
 Стол ветхий и треногий 
 С изорванным сукном. 
 В углу, свидетель славы 
 И суеты мирской, 
 Висит полузаржавый 
 Меч прадедов тупой; 
 Здесь книги выписные, 
 Там жесткая постель -- 
 Всё утвари простые, 
 Всё рухлая скудель! 
 Скудель!.. Но мне дороже, 
 Чем бархатное ложе 
 И вазы богачей!..


Отеческие боги! 
 Да к хижине моей 
 Не сыщет ввек дороги 
 Богатство с суетой, 
 С наемною душой 
 Развратные счастливцы, 
 Придворные друзья 
 И бледны горделивцы, 
 Надутые князья! 
 Но ты, о мой убогой 
 Калека и слепой, 
 Идя путем-дорогой 
 С смиренною клюкой, 
 Ты смело постучися, 
 О воин, у меня, 
 Войди и обсушися 
 У яркого огня. 
 О старец, убеленный 
 Годами и трудом, 
 Трикраты уязвленный 
 На приступе штыком! 
 Двуструнной балалайкой 
 Походы прозвени 
 Про витязя с нагайкой, 
 Что в жупел и в огни 
 Летал перед полками 
 Как вихорь на полях, 
 И вкруг его рядами 
 Враги ложились в прах!.. 
 И ты, моя Лилета, 
 В смиренный уголок 
 Приди под вечерок, 
 Тайком переодета! 
 Под шляпою мужской 
 И кудри золотые, 
 И очи голубые, 
 Прелестница, сокрой! 
 Накинь мой плащ широкой, 
 Мечом вооружись 
 И в полночи глубокой 
 Внезапно постучись... 
 Вошла -- наряд военный 
 Упал к ее ногам, 
 И кудри распущенны 
 Взвевают по плечам, 
 И грудь ее открылась 
 С лилейной белизной: 
 Волшебница явилась 
 Пастушкой предо мной! 
 И вот с улыбкой нежной 
 Садится у огня, 
 Рукою белоснежной 
 Склонившись на меня, 
 И алыми устами, 
 Как ветер меж листами, 
 Мне шепчет: «Я твоя, 
 Твоя, мой друг сердечный!..» 
 Блажен в сени беспечной, 
 Кто милою своей, 
 Под кровом от ненастья, 
 На ложе сладострастья, 
 До утренних лучей 
 Спокойно обладает, 
 Спокойно засыпает 
 Близ друга сладким сном!..


Уже потухли звезды 
 В сиянии дневном, 
 И пташки теплы гнезды, 
 Что свиты над окном, 
 Щебеча покидают 
 И негу отрясают 
 Со крылышек своих; 
 Зефир листы колышет, 
 И всё любовью дышит 
 Среди полей моих; 
 Всё с утром оживает, 
 А Лила почивает 
 На ложе из цветов... 
 И ветер тиховейный 
 С груди ее лилейной 
 Сдул дымчатый покров... 
 И в локоны златые 
 Две розы молодые 
 С нарциссами вплелись; 
 Сквозь тонкие преграды 
 Нога, ища прохлады, 
 Скользит по ложу вниз... 
 Я Лилы пью дыханье 
 На пламенных устах, 
 Как роз благоуханье, 
 Как не́ктар на пирах!.. 
 Покойся, друг прелестный, 
 В объятиях моих! 
 Пускай в стране безвестной, 
 В тени лесов густых, 
 Богинею слепою 
 Забыт я от пелен, 
 Но дружбой и тобою 
 С избытком награжден! 
 Мой век спокоен, ясен; 
 В убожестве с тобой 
 Мне мил шалаш простой, 
 Без злата мил и красен 
 Лишь прелестью твоей!


Без злата и честей 
 Доступен добрый гений 
 Поэзии святой, 
 И часто в мирной сени 
 Беседует со мной. 
 Небесно вдохновенье, 
 Порыв крылатых дум! 
 (Когда страстей волненье 
 Уснет... и светлый ум, 
 Летая в поднебесной, 
 Земных свободен уз, 
 В Аонии прелестной 
 Сретает хоры муз!) 
 Небесно вдохновенье, 
 Зачем летишь стрелой 
 И сердца упоенье 
 Уносишь за собой? 
 До розовой денницы 
 В отрадной тишине, 
 Парнасские царицы, 
 Подруги будьте мне! 
 Пускай веселы тени 
 Любимых мне певцов, 
 Оставя тайны сени 
 Стигийских берегов 
 Иль области эфирны, 
 Воздушною толпой 
 Слетят на голос лирный 
 Беседовать со мной!.. 
 И мертвые с живыми 
 Вступили в хор един!.. 
 Что вижу? ты пред ними, 
 Парнасский исполин, 
 Певец героев, славы, 
 Вслед вихрям и громам, 
 Наш лебедь величавый, 
 Плывешь по небесам. 
 В толпе и муз, и граций, 
 То с лирой, то с трубой, 
 Наш Пиндар, наш Гораций 
 Сливает голос свой. 
 Он громок, быстр и силен, 
 Как Суна средь степей, 
 И нежен, тих, умилен, 
 Как вешний соловей. 
 Фантазии небесной 
 Давно любимый сын, 
 То повестью прелестной 
 Пленяет Карамзин, 
 То мудрого Платона 
 Описывает нам 
 И ужин Агатона 
 И наслажденья храм, 
 То древню Русь и нравы 
 Владимира времян 
 И в колыбели славы 
 Рождение славян. 
 За ними сильф прекрасный, 
 Воспитанник харит, 
 На цитре сладкогласной 
 О Душеньке бренчит; 
 Мелецкого с собою 
 Улыбкою зовет 
 И с ним, рука с рукою, 
 Гимн радости поет!.. 
 С эротами играя, 
 Философ и пиит, 
 Близ Федра и Пильпая 
 Там Дмитриев сидит; 
 Беседуя с зверями, 
 Как счастливый дитя, 
 Парнасскими цветами 
 Скрыл истину шутя. 
 За ним в часы свободы 
 Поют среди певцов 
 Два баловня природы, 
 Хемницер и Крылов. 
 Наставники-пииты, 
 О Фебовы жрецы! 
 Вам, вам плетут хариты 
 Бессмертные венцы! 
 Я вами здесь вкушаю 
 Восторги пиерид, 
 И в радости взываю: 
 О музы! я пиит!


А вы, смиренной хаты 
 О лары и пенаты! 
 От зависти людской 
 Мое сокройте счастье, 
 Сердечно сладострастье 
 И негу и покой! 
 Фортуна, прочь с дарами 
 Блистательных сует! 
 Спокойными очами 
 Смотрю на твой полет: 
 Я в пристань от ненастья 
 Челнок мой проводил 
 И вас, любимцы счастья, 
 Навеки позабыл... 
 Но вы, любимцы славы, 
 Наперсники забавы, 
 Любви и важных муз, 
 Беспечные счастливцы, 
 Философы-ленивцы, 
 Враги придворных уз, 
 Друзья мои сердечны! 
 Придите в час беспечный 
 Мой домик навестить -- 
 Поспорить и попить! 
 Сложи печалей бремя, 
 Жуковский добрый мой! 
 Стрелою мчится время, 
 Веселие стрелой! 
 Позволь же дружбе слезы 
 И горесть усладить 
 И счастья блеклы розы 
 Эротам оживить. 
 О Вяземский! цветами 
 Друзей твоих венчай. 
 Дар Вакха перед нами: 
 Вот кубок -- наливай! 
 Питомец муз надежный, 
 О Аристиппов внук! 
 Ты любишь песни нежны 
 И рюмок звон и стук! 
 В час неги и прохлады 
 На ужинах твоих 
 Ты любишь томны взгляды 
 Прелестниц записных. 
 И все заботы славы, 
 Сует и шум, и блажь 
 За быстрый миг забавы 
 С поклонами отдашь. 
 О! дай же ты мне руку, 
 Товарищ в лени мой, 
 И мы... потопим скуку 
 В сей чаше золотой! 
 Пока бежит за нами 
 Бог времени седой 
 И губит луг с цветами 
 Безжалостной косой, 
 Мой друг! скорей за счастьем 
 В путь жизни полетим; 
 Упьемся сладострастьем 
 И смерть опередим; 
 Сорвем цветы украдкой 
 Под лезвеем косы 
 И ленью жизни краткой 
 Продлим, продлим часы! 
 Когда же парки тощи 
 Нить жизни допрядут 
 И нас в обитель нощи 
 Ко прадедам снесут, -- 
 Товарищи любезны! 
 Не сетуйте о нас, 
 К чему рыданья слезны, 
 Наемных ликов глас? 
 К чему сии куренья, 
 И колокола вой, 
 И томны псалмопенья 
 Над хладною доской? 
 К чему?.. Но вы толпами 
 При месячных лучах 
 Сберитесь и цветами 
 Усейте мирный прах; 
 Иль бросьте на гробницы 
 Богов домашних лик, 
 Две чаши, две цевницы 
 С листами повилик; 
 И путник угадает 
 Без надписей златых, 
 Что прах тут почивает 
 Счастливцев молодых!


"
115;3084;ok;"Я берег покидал туманный Альбиона: 
 Казалось, он в волнах свинцовых утопал. 
 За кораблем вилася Гальциона, 
 И тихий глас ее пловцов увеселял. 
 Вечерний ветр, валов плесканье, 
 Однообразный шум, и трепет парусов, 
 И кормчего на палубе взыванье 
 Ко страже, дремлющей под говором валов, -- 
 Всё сладкую задумчивость питало. 
 Как очарованный, у мачты я стоял 
 И сквозь туман и ночи покрывало 
 Светила Севера любезного искал. 
 Вся мысль моя была в воспоминанье 
 Под небом сладостным отеческой земли, 
 Но ветров шум и моря колыханье 
 На вежды томное забвенье навели. 
 Мечты сменялися мечтами, 
 И вдруг... то был ли сон?.. предстал товарищ мне, 
 Погибший в роковом огне 
 Завидной смертию, над плейсскими струями. 
 Но вид не страшен был; чело 
 Глубоких ран не сохраняло, 
 Как утро майское, веселием цвело 
 И всё небесное душе напоминало. 
 «Ты ль это, милый друг, товарищ лучших дней! 
 Ты ль это? -- я вскричал, -- о воин вечно милый! 
 Не я ли над твоей безвременной могилой, 
 При страшном зареве Беллониных огней, 
 Не я ли с верными друзьями 
 Мечом на дереве твой подвиг начертал 
 И тень в небесную отчизну провождал 
 С мольбой, рыданьем и слезами? 
 Тень незабвенного! ответствуй, милый брат! 
 Или протекшее всё было сон, мечтанье; 
 Всё, всё -- и бледный труп, могила и обряд, 
 Свершенный дружбою в твое воспоминанье? 
 О! молви слово мне! пускай знакомый звук 
 Еще мой жадный слух ласкает, 
 Пускай рука моя, о незабвенный друг! 
 Твою с любовию сжимает...» 
 И я летел к нему... Но горний дух исчез 
 В бездонной синеве безоблачных небес, 
 Как дым, как метеор, как призрак полуночи, 
 И сон покинул очи.


Всё спало вкруг меня под кровом тишины. 
 Стихии грозные катилися безмолвны. 
 При свете облаком подернутой луны 
 Чуть веял ветерок, едва сверкали волны, 
 Но сладостный покой бежал моих очей, 
 И всё душа за призраком летела, 
 Всё гостя горнего остановить хотела: 
 Тебя, о милый брат! о лучший из друзей!


";К. Н. Батюшков;Тень друга : «Я берег покидал туманный Альбиона...»;"Я берег покидал туманный Альбиона: 
 Казалось, он в волнах свинцовых утопал. 
 За кораблем вилася Гальциона, 
 И тихий глас ее пловцов увеселял. 
 Вечерний ветр, валов плесканье, 
 Однообразный шум, и трепет парусов, 
 И кормчего на палубе взыванье 
 Ко страже, дремлющей под говором валов, -- 
 Всё сладкую задумчивость питало. 
 Как очарованный, у мачты я стоял 
 И сквозь туман и ночи покрывало 
 Светила Севера любезного искал. 
 Вся мысль моя была в воспоминанье 
 Под небом сладостным отеческой земли, 
 Но ветров шум и моря колыханье 
 На вежды томное забвенье навели. 
 Мечты сменялися мечтами, 
 И вдруг... то был ли сон?.. предстал товарищ мне, 
 Погибший в роковом огне 
 Завидной смертию, над плейсскими струями. 
 Но вид не страшен был; чело 
 Глубоких ран не сохраняло, 
 Как утро майское, веселием цвело 
 И всё небесное душе напоминало. 
 «Ты ль это, милый друг, товарищ лучших дней! 
 Ты ль это? -- я вскричал, -- о воин вечно милый! 
 Не я ли над твоей безвременной могилой, 
 При страшном зареве Беллониных огней, 
 Не я ли с верными друзьями 
 Мечом на дереве твой подвиг начертал 
 И тень в небесную отчизну провождал 
 С мольбой, рыданьем и слезами? 
 Тень незабвенного! ответствуй, милый брат! 
 Или протекшее всё было сон, мечтанье; 
 Всё, всё -- и бледный труп, могила и обряд, 
 Свершенный дружбою в твое воспоминанье? 
 О! молви слово мне! пускай знакомый звук 
 Еще мой жадный слух ласкает, 
 Пускай рука моя, о незабвенный друг! 
 Твою с любовию сжимает...» 
 И я летел к нему... Но горний дух исчез 
 В бездонной синеве безоблачных небес, 
 Как дым, как метеор, как призрак полуночи, 
 И сон покинул очи.


Всё спало вкруг меня под кровом тишины. 
 Стихии грозные катилися безмолвны. 
 При свете облаком подернутой луны 
 Чуть веял ветерок, едва сверкали волны, 
 Но сладостный покой бежал моих очей, 
 И всё душа за призраком летела, 
 Всё гостя горнего остановить хотела: 
 Тебя, о милый брат! о лучший из друзей!


"
116;3085;beginning;"Уже светило дня на западе горит 
 И тихо погрузилось в волны!.. 
 Задумчиво луна сквозь тонкий пар глядит 
 На хляби и брега безмолвны. 
 И всё в глубоком сне поморие кругом. 
 Лишь изредка рыбарь к товарищам взывает, 
 Лишь эхо глас его протяжно повторяет 
 В безмолвии ночном.
 
 
Я здесь, на сих скалах, висящих над водой, 
 В священном сумраке дубравы 
 Задумчиво брожу и вижу пред собой 
 Следы протекших лет и славы: 
 Обломки, грозный вал, поросший злаком ров, 
 Столбы и ветхий мост с чугунными цепями, 
 Твердыни мшистые с гранитными зубцами 
 И длинный ряд гробов.
 
 
Всё тихо: мертвый сон в обители глухой. 
 Но здесь живет воспоминанье: 
 И путник, опершись на камень гробовой, 
 Вкушает сладкое мечтанье. 
 Там, там, где вьется плющ по лестнице крутой, 
 И ветр колышет стебль иссохшия полыни, 
 Где месяц осребрил угрюмые твердыни 
 Над спящею водой, --
 
 
Там воин некогда, Одена храбрый внук, 
 В боях приморских поседелый, 
 Готовил сына в брань, и стрел пернатых пук, 
 Броню заветну, меч тяжелый 
 Он юноше вручил израненной рукой, 
 И громко восклицал, подъяв дрожащи длани: 
 «Тебе он обречен, о бог, властитель брани, 
 Всегда и всюду твой!
 
 
А ты, мой сын, клянись мечом своих отцов 
 И Гелы клятвою кровавой 
 На западных струях быть ужасом врагов 
 Иль пасть, как предки пали, с славой!» 
 И пылкий юноша меч прадедов лобзал 
 И к персям прижимал родительские длани, 
 И в радости, как конь при звуке новой брани, 
 Кипел и трепетал.
 
 
Война, война врагам отеческой земли! -- 
 Суда наутро восшумели. 
 Запенились моря, и быстры корабли 
 На крыльях бури полетели! 
 В долинах Нейстрии раздался браней гром, 
 Туманный Альбион из края в край пылает, 
 И Гела день и ночь в Валкалу провождает 
 Погибших бледный сонм.
 
 
Ах, юноша! спеши к отеческим брегам, 
 Назад лети с добычей бранной; 
 Уж веет кроткий ветр вослед твоим судам, 
 Герой, победою избранный! 
 Уж скальды пиршество готовят на холмах. 
 Зри: дубы в пламени, в сосудах мед сверкает, 
 И вестник радости отцам провозглашает 
 Победы на морях.
 
 
Здесь, в мирной пристани, с денницей золотой 
 Тебя невеста ожидает, 
 К тебе, о юноша, слезами и мольбой 
 Богов на милость преклоняет... 
 Но вот в тумане там, как стая лебедей, 
 Белеют корабли, несомые волнами; 
 О, вей, попутный ветр, вей тихими устами 
 В ветрила кораблей!
 
 
Суда у берегов, на них уже герой 
 С добычей жен иноплеменных; 
 К нему спешит отец с невестою младой 
 И лики скальдов вдохновенных. 
 Красавица стоит, безмолвствуя, в слезах, 
 Едва на жениха взглянуть украдкой смеет, 
 Потупя ясный взор, краснеет и бледнеет, 
 Как месяц в небесах...
 
 
И там, где камней ряд, седым одетый мхом, 
";К. Н. Батюшков;На развалинах замка в Швеции : «Уже светило дня на западе горит...»;"Уже светило дня на западе горит 
 И тихо погрузилось в волны!.. 
 Задумчиво луна сквозь тонкий пар глядит 
 На хляби и брега безмолвны. 
 И всё в глубоком сне поморие кругом. 
 Лишь изредка рыбарь к товарищам взывает, 
 Лишь эхо глас его протяжно повторяет 
 В безмолвии ночном.


Я здесь, на сих скалах, висящих над водой, 
 В священном сумраке дубравы 
 Задумчиво брожу и вижу пред собой 
 Следы протекших лет и славы: 
 Обломки, грозный вал, поросший злаком ров, 
 Столбы и ветхий мост с чугунными цепями, 
 Твердыни мшистые с гранитными зубцами 
 И длинный ряд гробов.


Всё тихо: мертвый сон в обители глухой. 
 Но здесь живет воспоминанье: 
 И путник, опершись на камень гробовой, 
 Вкушает сладкое мечтанье. 
 Там, там, где вьется плющ по лестнице крутой, 
 И ветр колышет стебль иссохшия полыни, 
 Где месяц осребрил угрюмые твердыни 
 Над спящею водой, --


Там воин некогда, Одена храбрый внук, 
 В боях приморских поседелый, 
 Готовил сына в брань, и стрел пернатых пук, 
 Броню заветну, меч тяжелый 
 Он юноше вручил израненной рукой, 
 И громко восклицал, подъяв дрожащи длани: 
 «Тебе он обречен, о бог, властитель брани, 
 Всегда и всюду твой!


А ты, мой сын, клянись мечом своих отцов 
 И Гелы клятвою кровавой 
 На западных струях быть ужасом врагов 
 Иль пасть, как предки пали, с славой!» 
 И пылкий юноша меч прадедов лобзал 
 И к персям прижимал родительские длани, 
 И в радости, как конь при звуке новой брани, 
 Кипел и трепетал.


Война, война врагам отеческой земли! -- 
 Суда наутро восшумели. 
 Запенились моря, и быстры корабли 
 На крыльях бури полетели! 
 В долинах Нейстрии раздался браней гром, 
 Туманный Альбион из края в край пылает, 
 И Гела день и ночь в Валкалу провождает 
 Погибших бледный сонм.


Ах, юноша! спеши к отеческим брегам, 
 Назад лети с добычей бранной; 
 Уж веет кроткий ветр вослед твоим судам, 
 Герой, победою избранный! 
 Уж скальды пиршество готовят на холмах. 
 Зри: дубы в пламени, в сосудах мед сверкает, 
 И вестник радости отцам провозглашает 
 Победы на морях.


Здесь, в мирной пристани, с денницей золотой 
 Тебя невеста ожидает, 
 К тебе, о юноша, слезами и мольбой 
 Богов на милость преклоняет... 
 Но вот в тумане там, как стая лебедей, 
 Белеют корабли, несомые волнами; 
 О, вей, попутный ветр, вей тихими устами 
 В ветрила кораблей!


Суда у берегов, на них уже герой 
 С добычей жен иноплеменных; 
 К нему спешит отец с невестою младой 
 И лики скальдов вдохновенных. 
 Красавица стоит, безмолвствуя, в слезах, 
 Едва на жениха взглянуть украдкой смеет, 
 Потупя ясный взор, краснеет и бледнеет, 
 Как месяц в небесах...


И там, где камней ряд, седым одетый мхом, 
 Помост обрушенный являет, 
 Повременно сова в безмолвии ночном 
 Пустыню криком оглашает, -- 
 Там чаши радости стучали по столам, 
 Там храбрые кругом с друзьями ликовали, 
 Там скальды пели брань, и персты их летали 
 По пламенным струнам.


Там пели звук мечей и свист пернатых стрел, 
 И треск щитов, и гром ударов, 
 Кипящу брань среди опустошенных сел 
 И грады в зареве пожаров; 
 Там старцы жадный слух склоняли к песне сей, 
 Сосуды полные в десницах их дрожали, 
 И гордые сердца с восторгом вспоминали 
 О славе юных дней.


Но всё покрыто здесь угрюмой ночи мглой, 
 Всё время в прах преобратило! 
 Где прежде скальд гремел на арфе золотой, 
 Там ветер свищет лишь уныло! 
 Где храбрый ликовал с дружиною своей, 
 Где жертвовал вином отцу и богу брани, 
 Там дремлют, притаясь, две трепетные лани 
 До утренних лучей.


Где ж вы, о сильные, вы, галлов бич и страх, 
 Земель полнощных исполины, 
 Роальда спутники, на бренных челноках 
 Протекши дальные пучины? 
 Где вы, отважные толпы богатырей, 
 Вы, дикие сыны и брани и свободы, 
 Возникшие в снегах, средь ужасов природы, 
 Средь копий, средь мечей?


Погибли сильные! Но странник в сих местах 
 Не тщетно камни вопрошает 
 И руны тайные, преданья на скалах 
 Угрюмой древности, читает. 
 Оратай ближних сел, склонясь на посох свой, 
 Гласит ему: «Смотри, о сын иноплеменный, 
 Здесь тлеют праотцов останки драгоценны: 
 Почти их гроб святой!»


"
117;3091;ok;"Все на праздник Эригоны 
 Жрицы Вакховы текли; 
 Ветры с шумом разнесли 
 Громкий вой их, плеск и стоны. 
 В чаще дикой и глухой 
 Нимфа юная отстала; 
 Я за ней -- она бежала 
 Легче серны молодой. 
 Эвры волосы взвивали, 
 Перевитые плющом; 
 Нагло ризы поднимали 
 И свивали их клубком. 
 Стройный стан, кругом обвитый 
 Хмеля желтого венцом, 
 И пылающи ланиты 
 Розы ярким багрецом, 
 И уста, в которых тает 
 Пурпуровый виноград, -- 
 Всё в неистовой прельщает! 
 В сердце льет огонь и яд! 
 Я за ней... она бежала 
 Легче серны молодой; 
 Я настиг -- она упала! 
 И тимпан под головой! 
 Жрицы Вакховы промчались 
 С громким воплем мимо нас; 
 И по роще раздавались 
 Эвоэ! и неги глас!


";К. Н. Батюшков;Вакханка : «Все на праздник Эригоны...»;"Все на праздник Эригоны 
 Жрицы Вакховы текли; 
 Ветры с шумом разнесли 
 Громкий вой их, плеск и стоны. 
 В чаще дикой и глухой 
 Нимфа юная отстала; 
 Я за ней -- она бежала 
 Легче серны молодой. 
 Эвры волосы взвивали, 
 Перевитые плющом; 
 Нагло ризы поднимали 
 И свивали их клубком. 
 Стройный стан, кругом обвитый 
 Хмеля желтого венцом, 
 И пылающи ланиты 
 Розы ярким багрецом, 
 И уста, в которых тает 
 Пурпуровый виноград, -- 
 Всё в неистовой прельщает! 
 В сердце льет огонь и яд! 
 Я за ней... она бежала 
 Легче серны молодой; 
 Я настиг -- она упала! 
 И тимпан под головой! 
 Жрицы Вакховы промчались 
 С громким воплем мимо нас; 
 И по роще раздавались 
 Эвоэ! и неги глас!


"
118;3094;ok;"О, память сердца! Ты сильней 
 Рассудка памяти печальной 
 И часто сладостью своей 
 Меня в стране пленяешь дальной. 
 Я помню голос милых слов, 
 Я помню очи голубые, 
 Я помню локоны златые 
 Небрежно вьющихся власов. 
 Моей пастушки несравненной 
 Я помню весь наряд простой, 
 И образ милый, незабвенный 
 Повсюду странствует со мной. 
 Хранитель гений мой -- любовью 
 В утеху дан разлуке он: 
 Засну ль? приникнет к изголовью 
 И усладит печальный сон.


";К. Н. Батюшков;Мой гений : «О, память сердца! Ты сильней...»;"О, память сердца! Ты сильней 
 Рассудка памяти печальной 
 И часто сладостью своей 
 Меня в стране пленяешь дальной. 
 Я помню голос милых слов, 
 Я помню очи голубые, 
 Я помню локоны златые 
 Небрежно вьющихся власов. 
 Моей пастушки несравненной 
 Я помню весь наряд простой, 
 И образ милый, незабвенный 
 Повсюду странствует со мной. 
 Хранитель гений мой -- любовью 
 В утеху дан разлуке он: 
 Засну ль? приникнет к изголовью 
 И усладит печальный сон.


"
119;3100;ok;"Зефир последний свеял сон 
 С ресниц, окованных мечтами, 
 Но я -- не к счастью пробужден 
 Зефира тихими крылами. 
 Ни сладость розовых лучей 
 Предтечи утреннего Феба, 
 Ни кроткий блеск лазури неба, 
 Ни запах, веющий с полей, 
 Ни быстрый лет коня ретива 
 По скату бархатных лугов 
 И гончих лай и звон рогов 
 Вокруг пустынного залива -- 
 Ничто души не веселит, 
 Души, встревоженной мечтами, 
 И гордый ум не победит 
 Любви -- холодными словами.


";К. Н. Батюшков;Пробуждение : «Зефир последний свеял сон...»;"Зефир последний свеял сон 
 С ресниц, окованных мечтами, 
 Но я -- не к счастью пробужден 
 Зефира тихими крылами. 
 Ни сладость розовых лучей 
 Предтечи утреннего Феба, 
 Ни кроткий блеск лазури неба, 
 Ни запах, веющий с полей, 
 Ни быстрый лет коня ретива 
 По скату бархатных лугов 
 И гончих лай и звон рогов 
 Вокруг пустынного залива -- 
 Ничто души не веселит, 
 Души, встревоженной мечтами, 
 И гордый ум не победит 
 Любви -- холодными словами.


"
120;3112;first 400 words;"Какое торжество готовит древний Рим? 
 Куда текут народа шумны волны? 
 К чему сих аромат и мирры сладкий дым, 
 Душистых трав кругом кошницы полны? 
 До Капитолия от Тибровых валов, 
 Над стогнами всемирныя столицы, 
 К чему раскинуты средь лавров и цветов 
 Бесценные ковры и багряницы? 
 К чему сей шум? К чему тимпанов звук и гром? 
 Веселья он или победы вестник? 
 Почто с хоругвией течет в молитвы дом 
 Под митрою апостолов наместник? 
 Кому в руке его сей зыблется венец, 
 Бесценный дар признательного Рима? 
 Кому триумф? -- Тебе, божественный певец! 
 Тебе сей дар... певец Ерусалима! 
 И шум веселия достиг до кельи той, 
 Где борется с кончиною Торквато, 
 Где над божественной страдальца головой 
 Дух смерти носится крылатый. 
 Ни слезы дружества, ни иноков мольбы, 
 Ни почестей столь поздние награды -- 
 Ничто не укротит железныя судьбы, 
 Не знающей к великому пощады. 
 Полуразрушенный, он видит грозный час, 
 С веселием его благословляет, 
 И, лебедь сладостный, еще в последний раз 
 Он, с жизнию прощаясь, восклицает:
 
 
«Друзья, о, дайте мне взглянуть на пышный Рим, 
 Где ждет певца безвременно кладбище! 
 Да встречу взорами холмы твои и дым, 
 О древнее квиритов пепелище! 
 Земля священная героев и чудес! 
 Развалины и прах красноречивый! 
 Лазурь и пурпуры безоблачных небес, 
 Вы, тополи, вы, древние оливы, 
 И ты, о вечный Тибр, поитель всех племен, 
 Засеянный костьми граждан вселенны, -- 
 Вас, вас приветствует из сих унылых стен 
 Безвременной кончине обреченный!
 
 
Свершилось! Я стою над бездной роковой 
 И не вступлю при плесках в Капитолий; 
 И лавры славные над дряхлой головой 
 Не усладят певца свирепой доли. 
 От самой юности игралище людей, 
 Младенцем был уже изгнанник; 
 Под небом сладостным Италии моей 
 Скитаяся как бедный странник, 
 Каких не испытал превратностей судеб? 
 Где мой челнок волнами не носился? 
 Где успокоился? Где мой насущный хлеб 
 Слезами скорби не кропился? 
 Сорренто! Колыбель моих несчастных дней, 
 Где я в ночи, как трепетный Асканий, 
 Отторжен был судьбой от матери моей, 
 От сладостных объятий и лобзаний, -- 
 Ты помнишь, сколько слез младенцем пролил я! 
 Увы! с тех пор добыча злой судьбины, 
 Все горести узнал, всю бедность бытия. 
 Фортуною изрытые пучины 
 Разверзлись подо мной, и гром не умолкал! 
 Из веси в весь, из стран в страну гонимый, 
 Я тщетно на земли пристанища искал: 
 Повсюду перст ее неотразимый! 
 Повсюду молнии, карающей певца! 
 Ни в хижине оратая простого, 
 Ни под защитою Альфонсова дворца, 
 Ни в тишине безвестнейшего крова, 
 Ни в дебрях, ни в горах не спас главы моей, 
 Бесславием и славой удрученной, 
 Главы изгнанника, от колыбельных дней 
 Карающей богине обреченной...
 
 
Друзья! но ";К. Н. Батюшков;Умирающий Тасс: Элегия : «Какое торжество готовит древний Рим?..»;"Какое торжество готовит древний Рим? 
 Куда текут народа шумны волны? 
 К чему сих аромат и мирры сладкий дым, 
 Душистых трав кругом кошницы полны? 
 До Капитолия от Тибровых валов, 
 Над стогнами всемирныя столицы, 
 К чему раскинуты средь лавров и цветов 
 Бесценные ковры и багряницы? 
 К чему сей шум? К чему тимпанов звук и гром? 
 Веселья он или победы вестник? 
 Почто с хоругвией течет в молитвы дом 
 Под митрою апостолов наместник? 
 Кому в руке его сей зыблется венец, 
 Бесценный дар признательного Рима? 
 Кому триумф? -- Тебе, божественный певец! 
 Тебе сей дар... певец Ерусалима! 
 И шум веселия достиг до кельи той, 
 Где борется с кончиною Торквато, 
 Где над божественной страдальца головой 
 Дух смерти носится крылатый. 
 Ни слезы дружества, ни иноков мольбы, 
 Ни почестей столь поздние награды -- 
 Ничто не укротит железныя судьбы, 
 Не знающей к великому пощады. 
 Полуразрушенный, он видит грозный час, 
 С веселием его благословляет, 
 И, лебедь сладостный, еще в последний раз 
 Он, с жизнию прощаясь, восклицает:


«Друзья, о, дайте мне взглянуть на пышный Рим, 
 Где ждет певца безвременно кладбище! 
 Да встречу взорами холмы твои и дым, 
 О древнее квиритов пепелище! 
 Земля священная героев и чудес! 
 Развалины и прах красноречивый! 
 Лазурь и пурпуры безоблачных небес, 
 Вы, тополи, вы, древние оливы, 
 И ты, о вечный Тибр, поитель всех племен, 
 Засеянный костьми граждан вселенны, -- 
 Вас, вас приветствует из сих унылых стен 
 Безвременной кончине обреченный!


Свершилось! Я стою над бездной роковой 
 И не вступлю при плесках в Капитолий; 
 И лавры славные над дряхлой головой 
 Не усладят певца свирепой доли. 
 От самой юности игралище людей, 
 Младенцем был уже изгнанник; 
 Под небом сладостным Италии моей 
 Скитаяся как бедный странник, 
 Каких не испытал превратностей судеб? 
 Где мой челнок волнами не носился? 
 Где успокоился? Где мой насущный хлеб 
 Слезами скорби не кропился? 
 Сорренто! Колыбель моих несчастных дней, 
 Где я в ночи, как трепетный Асканий, 
 Отторжен был судьбой от матери моей, 
 От сладостных объятий и лобзаний, -- 
 Ты помнишь, сколько слез младенцем пролил я! 
 Увы! с тех пор добыча злой судьбины, 
 Все горести узнал, всю бедность бытия. 
 Фортуною изрытые пучины 
 Разверзлись подо мной, и гром не умолкал! 
 Из веси в весь, из стран в страну гонимый, 
 Я тщетно на земли пристанища искал: 
 Повсюду перст ее неотразимый! 
 Повсюду молнии, карающей певца! 
 Ни в хижине оратая простого, 
 Ни под защитою Альфонсова дворца, 
 Ни в тишине безвестнейшего крова, 
 Ни в дебрях, ни в горах не спас главы моей, 
 Бесславием и славой удрученной, 
 Главы изгнанника, от колыбельных дней 
 Карающей богине обреченной...


Друзья! но что мою стесняет страшно грудь? 
 Что сердце так и ноет, и трепещет? 
 Откуда я? какой прошел ужасный путь, 
 И что за мной еще во мраке блещет? 
 Феррара... фурии... и зависти змия!.. 
 Куда? куда, убийцы дарованья! 
 Я в пристани. Здесь Рим. Здесь братья и семья! 
 Вот слезы их и сладки лобызанья... 
 И в Капитолии -- Вергилиев венец! 
 Так, я свершил назначенное Фебом. 
 От первой юности его усердный жрец, 
 Под молнией, под разъяренным небом 
 Я пел величие и славу прежних дней, 
 И в узах я душой не изменился. 
 Муз сладостный восторг не гас в душе моей, 
 И гений мой в страданьях укрепился. 
 Он жил в стране чудес, у стен твоих, Сион, 
 На берегах цветущих Иордана; 
 Он вопрошал тебя, мятущийся Кедрон, 
 Вас, мирные убежища Ливана! 
 Пред ним воскресли вы, герои древних дней, 
 В величии и в блеске грозной славы: 
 Он зрел тебя, Готфред, владыка, вождь царей, 
 Под свистом стрел спокойный, величавый; 
 Тебя, младый Ринальд, кипящий, как Ахилл, 
 В любви, в войне счастливый победитель. 
 Он зрел, как ты летал по трупам вражьих сил, 
 Как огнь, как смерть, как ангел-истребитель...


И тартар низложен сияющим крестом! 
 О, доблести неслыханной примеры! 
 О, наших праотцов, давно почивших сном, 
 Триумф святой! победа чистой веры! 
 Торквато вас исторг из пропасти времен: 
 Он пел -- и вы не будете забвенны, -- 
 Он пел: ему венец бессмертья обречен, 
 Рукою муз и славы соплетенный.


Но поздно! Я стою над бездной роковой 
 И не вступлю при плесках в Капитолий, 
 И лавры славные над дряхлой головой 
 Не усладят певца свирепой доли!»


Умолк. Унылый огнь в очах его горел, 
 Последний луч таланта пред кончиной; 
 И умирающий, казалося, хотел 
 У парки взять триумфа день единый, 
 Он взором всё искал Капитолийских стен, 
 С усилием еще приподнимался; 
 Но мукой страшною кончины изнурен, 
 Недвижимый на ложе оставался. 
 Светило дневное уж к западу текло 
 И в зареве багряном утопало; 
 Час смерти близился... и мрачное чело 
 В последний раз страдальца просияло. 
 С улыбкой тихою на запад он глядел... 
 И, оживлен вечернею прохладой, 
 Десницу к небесам внимающим воздел, 
 Как праведник, с надеждой и отрадой. 
 «Смотрите, -- он сказал рыдающим друзьям, -- 
 Как царь светил на западе пылает! 
 Он, он зовет меня к безоблачным странам, 
 Где вечное светило засияет... 
 Уж ангел предо мной, вожатай оных мест; 
 Он осенил меня лазурными крылами... 
 Приближьте знак любви, сей та́инственный крест... 
 Молитеся с надеждой и слезами... 
 Земное гибнет всё... и слава, и венец... 
 Искусств и муз творенья величавы, 
 Но там всё вечное, как вечен сам творец, 
 Податель нам венца небренной славы! 
 Там всё великое, чем дух питался мой, 
 Чем я дышал от самой колыбели. 
 О братья! о друзья! не плачьте надо мной: 
 Ваш друг достиг давно желанной цели. 
 Отыдет с миром он и, верой укреплен, 
 Мучительной кончины не приметит: 
 Там, там... о счастие!.. средь непорочных жен, 
 Средь ангелов, Элеонора встретит!»


И с именем любви божественный погас; 
 Друзья над ним в безмолвии рыдали, 
 День тихо догорал... и колокола глас 
 Разнес кругом по стогнам весть печали. 
 «Погиб Торквато наш! -- воскликнул с плачем Рим, -- 
 Погиб певец, достойный лучшей доли!..» 
 Наутро факелов узрели мрачный дым; 
 И трауром покрылся Капитолий.


"
121;3134;ok;"Есть наслаждение и в дикости лесов, 
 Есть радость на приморском бреге, 
 И есть гармония в сем говоре валов, 
 Дробящихся в пустынном беге. 
 Я ближнего люблю, но ты, природа-мать, 
 Для сердца ты всего дороже! 
 С тобой, владычица, привык я забывать 
 И то, чем был, как был моложе, 
 И то, чем ныне стал под холодом годов. 
 Тобою в чувствах оживаю: 
 Их выразить душа не знает стройных слов 
 И как молчать об них -- не знаю.


";К. Н. Батюшков;«Есть наслаждение и в дикости лесов...»;"Есть наслаждение и в дикости лесов, 
 Есть радость на приморском бреге, 
 И есть гармония в сем говоре валов, 
 Дробящихся в пустынном беге. 
 Я ближнего люблю, но ты, природа-мать, 
 Для сердца ты всего дороже! 
 С тобой, владычица, привык я забывать 
 И то, чем был, как был моложе, 
 И то, чем ныне стал под холодом годов. 
 Тобою в чувствах оживаю: 
 Их выразить душа не знает стройных слов 
 И как молчать об них -- не знаю.


"
122;3144;ok;"Ты знаешь, что изрек, 
 Прощаясь с жизнию, седой Мельхиседек? 
 Рабом родится человек, 
 Рабом в могилу ляжет, 
 И смерть ему едва ли скажет, 
 Зачем он шел долиной чудной слез, 
 Страдал, рыдал, терпел, исчез.


";К. Н. Батюшков;«Ты знаешь, что изрек...»;"Ты знаешь, что изрек, 
 Прощаясь с жизнию, седой Мельхиседек? 
 Рабом родится человек, 
 Рабом в могилу ляжет, 
 И смерть ему едва ли скажет, 
 Зачем он шел долиной чудной слез, 
 Страдал, рыдал, терпел, исчез.


"
123;6652;ok;"Напрасно думаешь слезами 
 Тоску от сердца ты прогнать: 
 Всевышним богом -- не людями 
 Тебе назначено страдать. 
 Конечно, сердцу нестерпимо 
 Расстаться с тем, что так любимо; 
 Что мило -- больно потерять: 
 Нельзя не плакать, не вздыхать. 
 Так, верно, верно: ты несчастна; 
 Твоей души супруг прекрасный 
 Так скоро отказался жить. 
 Он жертва смерти, он зарыт. 
 Но что? ужель весну младую 
 Слезам ты хочешь посвятить? 
 Ужели юность золотую 
 В тоске ты хочешь проводить? 
 Ужель утрата роковая 
 Пребудет памятна всегда? 
 Ужель, что было, забывая, 
 Не улыбнешься? милая! слезами 
 Тоски от сердца не прогнать: 
 Всевышним богом, а не нами 
 Тебе положено страдать.


";А. В. Кольцов;Послание молодой вдове : «Напрасно думаешь слезами...»;"Напрасно думаешь слезами 
 Тоску от сердца ты прогнать: 
 Всевышним богом -- не людями 
 Тебе назначено страдать. 
 Конечно, сердцу нестерпимо 
 Расстаться с тем, что так любимо; 
 Что мило -- больно потерять: 
 Нельзя не плакать, не вздыхать. 
 Так, верно, верно: ты несчастна; 
 Твоей души супруг прекрасный 
 Так скоро отказался жить. 
 Он жертва смерти, он зарыт. 
 Но что? ужель весну младую 
 Слезам ты хочешь посвятить? 
 Ужели юность золотую 
 В тоске ты хочешь проводить? 
 Ужель утрата роковая 
 Пребудет памятна всегда? 
 Ужель, что было, забывая, 
 Не улыбнешься? милая! слезами 
 Тоски от сердца не прогнать: 
 Всевышним богом, а не нами 
 Тебе положено страдать.


"
124;6660;ok;"Увижу ль, увижу ль 
 Красавицу я, -- 
 Заноет, забьется 
 Сердечко в груди.


Посмею, могу ли 
 В сей жизни хоть раз 
 Я милую эту 
 Своею назвать?


На груди лилейной 
 В объятьях любви, 
 Забывшись, навек бы 
 Счастливец уснул.


Скажите: пред нею 
 Что можно сравнять? 
 Прелестные очи, 
 Как звезды, горят.


По щечкам разлился 
 Румянец зари; 
 А кудри?.. а брови?.. 
 Сравненья им нет!


Как майское утро 
 Улыбка ее; 
 Как живо, как стройно 
 Созвучье речей.


Ах, если бы, к счастью, 
 Я был чародей: 
 Неволей иль волей 
 Была бы моей.


";А. В. Кольцов;Исступление : «Увижу ль, увижу ль...»;"Увижу ль, увижу ль 
 Красавицу я, -- 
 Заноет, забьется 
 Сердечко в груди.


Посмею, могу ли 
 В сей жизни хоть раз 
 Я милую эту 
 Своею назвать?


На груди лилейной 
 В объятьях любви, 
 Забывшись, навек бы 
 Счастливец уснул.


Скажите: пред нею 
 Что можно сравнять? 
 Прелестные очи, 
 Как звезды, горят.


По щечкам разлился 
 Румянец зари; 
 А кудри?.. а брови?.. 
 Сравненья им нет!


Как майское утро 
 Улыбка ее; 
 Как живо, как стройно 
 Созвучье речей.


Ах, если бы, к счастью, 
 Я был чародей: 
 Неволей иль волей 
 Была бы моей.


"
125;6692;ok;"В твои объятья, гроб холодный, 
 Как к другу милому, лечу, 
 В твоей обители укромной 
 Сокрыться от людей хочу. 
 Скорее, смерть, сверкни косою 
 Над юною моей главою! 
 Немного лет я в мире жил... 
 И чем сей мир повеселил? 
 И кто с улыбкой мне отрадной 
 От сердца руку нежно жал? 
 Со мной кто радостью желанной 
 Делил веселье и печаль? 
 Никто! Но в сей стране пустынной 
 Один лишь был мне верен друг, 
 И тот, как песни звук отзывный, 
 Как огнь мгновенный, надмогильный, 
 На утренней заре потух. 
 Одна звезда меня пленяла 
 Еще на небе голубом 
 И в черном сумраке густом 
 Надеждой тайной грудь питала; 
 Но скрылася она -- с тех пор 
 Приветных звезд не видит взор. 
 Без ней, как сирота безродный, 
 Влачусь один в толпе людей, 
 С душою мрачной и холодной, 
 Как нераскаянный злодей. 
 С людями, братьями моими, 
 Еще хотел я жизнь делить; 
 По-прежнему хотел меж ними 
 Я друга по сердцу найтить. 
 Но люди взорами немыми 
 С презреньем на меня глядят 
 И душу хладную мертвят. 
 К тебе от них, о гроб холодный, 
 Как к другу милому, лечу, 
 В твоей обители укромной 
 Покоя тихого ищу. 
 О смерть! сомкни скорей мне вежды! 
 Верни загробные надежды.


";А. В. Кольцов;Элегия : «В твои объятья, гроб холодный...»;"В твои объятья, гроб холодный, 
 Как к другу милому, лечу, 
 В твоей обители укромной 
 Сокрыться от людей хочу. 
 Скорее, смерть, сверкни косою 
 Над юною моей главою! 
 Немного лет я в мире жил... 
 И чем сей мир повеселил? 
 И кто с улыбкой мне отрадной 
 От сердца руку нежно жал? 
 Со мной кто радостью желанной 
 Делил веселье и печаль? 
 Никто! Но в сей стране пустынной 
 Один лишь был мне верен друг, 
 И тот, как песни звук отзывный, 
 Как огнь мгновенный, надмогильный, 
 На утренней заре потух. 
 Одна звезда меня пленяла 
 Еще на небе голубом 
 И в черном сумраке густом 
 Надеждой тайной грудь питала; 
 Но скрылася она -- с тех пор 
 Приветных звезд не видит взор. 
 Без ней, как сирота безродный, 
 Влачусь один в толпе людей, 
 С душою мрачной и холодной, 
 Как нераскаянный злодей. 
 С людями, братьями моими, 
 Еще хотел я жизнь делить; 
 По-прежнему хотел меж ними 
 Я друга по сердцу найтить. 
 Но люди взорами немыми 
 С презреньем на меня глядят 
 И душу хладную мертвят. 
 К тебе от них, о гроб холодный, 
 Как к другу милому, лечу, 
 В твоей обители укромной 
 Покоя тихого ищу. 
 О смерть! сомкни скорей мне вежды! 
 Верни загробные надежды.


"
126;6701;ok;"Я затеплю свечу 
 Воска ярова, 
 Распаяю кольцо 
 Друга милова.


Загорись, разгорись, 
 Роковой огонь, 
 Распаяй, растопи 
 Чисто золото.


Без него -- для меня 
 Ты ненадобно; 
 Без него -- на руке , 
 Камень на сердце.


Что взгляну -- то вздохну, 
 Затоскуюся, 
 И зальются глаза 
 Горьким горем слез.


Возвратится ли он? 
 Или весточкой 
 Оживит ли меня, 
 Безутешную?


Нет надежды в душе... 
 Ты рассыпься же 
 Золотою слезой, 
 Память милова!


Невредимо, черно, 
 На огне кольцо, 
 И звенит по столу 
 Память вечную.


";А. В. Кольцов;Кольцо : «Я затеплю свечу...»;"Я затеплю свечу 
 Воска ярова, 
 Распаяю кольцо 
 Друга милова.


Загорись, разгорись, 
 Роковой огонь, 
 Распаяй, растопи 
 Чисто золото.


Без него -- для меня 
 Ты ненадобно; 
 Без него -- на руке , 
 Камень на сердце.


Что взгляну -- то вздохну, 
 Затоскуюся, 
 И зальются глаза 
 Горьким горем слез.


Возвратится ли он? 
 Или весточкой 
 Оживит ли меня, 
 Безутешную?


Нет надежды в душе... 
 Ты рассыпься же 
 Золотою слезой, 
 Память милова!


Невредимо, черно, 
 На огне кольцо, 
 И звенит по столу 
 Память вечную.


"
127;6702;ok;"Ворота тесовы 
 Растворилися, 
 На конях, на санях, 
 Гости въехали; 
 Им хозяин с женой 
 Низко кланялись, 
 Со двора повели 
 В светлу горенку. 
 Перед Спасом святым 
 Гости молятся; 
 За дубовы столы, 
 За набранные, 
 На сосновых скамьях 
 Сели званые. 
 На столах кур, гусей 
 Много жареных, 
 Пирогов, ветчины 
 Блюда полные. 
 Бахромой, кисеей 
 Принаряжена, 
 Молодая жена, 
 Чернобровая, 
 Обходила подруг 
 С поцелуями, 
 Разносила гостям 
 Чашу горькова 
 Сам хозяин за ней 
 Брагой хмельною 
 Из ковшей вырезных 
 Родных подчует; 
 А хозяйская дочь 
 Медом сыченым 
 Обносила кругом 
 С лаской девичьей. 
 Гости пьют и едят, 
 Речи гуторят: 
 Про хлеба, про покос, 
 Про старинушку; 
 Как-то бог и господь 
 Хлеб уродит нам? 
 Как-то сено в степи 
 Будет зелено? 
 Гости пьют и едят, 
 Забавляются 
 От вечерней зари 
 До полуночи. 
 По селу петухи 
 Перекликнулись; 
 Призатих говор, шум 
 В темной горенке; 
 От ворот поворот 
 Виден по снегу.


";А. В. Кольцов;Сельская пирушка : «Ворота тесовы...»;"Ворота тесовы 
 Растворилися, 
 На конях, на санях, 
 Гости въехали; 
 Им хозяин с женой 
 Низко кланялись, 
 Со двора повели 
 В светлу горенку. 
 Перед Спасом святым 
 Гости молятся; 
 За дубовы столы, 
 За набранные, 
 На сосновых скамьях 
 Сели званые. 
 На столах кур, гусей 
 Много жареных, 
 Пирогов, ветчины 
 Блюда полные. 
 Бахромой, кисеей 
 Принаряжена, 
 Молодая жена, 
 Чернобровая, 
 Обходила подруг 
 С поцелуями, 
 Разносила гостям 
 Чашу горькова 
 Сам хозяин за ней 
 Брагой хмельною 
 Из ковшей вырезных 
 Родных подчует; 
 А хозяйская дочь 
 Медом сыченым 
 Обносила кругом 
 С лаской девичьей. 
 Гости пьют и едят, 
 Речи гуторят: 
 Про хлеба, про покос, 
 Про старинушку; 
 Как-то бог и господь 
 Хлеб уродит нам? 
 Как-то сено в степи 
 Будет зелено? 
 Гости пьют и едят, 
 Забавляются 
 От вечерней зари 
 До полуночи. 
 По селу петухи 
 Перекликнулись; 
 Призатих говор, шум 
 В темной горенке; 
 От ворот поворот 
 Виден по снегу.


"
128;6703;ok;"Оседлаю коня, 
 Коня быстрова, 
 Я помчусь, полечу 
 Легче сокола.


Чрез поля, за моря, 
 В дальню сторону -- 
 Догоню, ворочу 
 Мою молодость!


Приберусь и явлюсь 
 Прежним молодцем, 
 И приглянусь опять 
 Красным девицам!


Но, увы, нет дорог 
 К невозвратному! 
 Никогда не взойдет 
 Солнце с запада!


";А. В. Кольцов;Песня старика : «Оседлаю коня...»;"Оседлаю коня, 
 Коня быстрова, 
 Я помчусь, полечу 
 Легче сокола.


Чрез поля, за моря, 
 В дальню сторону -- 
 Догоню, ворочу 
 Мою молодость!


Приберусь и явлюсь 
 Прежним молодцем, 
 И приглянусь опять 
 Красным девицам!


Но, увы, нет дорог 
 К невозвратному! 
 Никогда не взойдет 
 Солнце с запада!


"
129;6720;ok;"Не шуми ты, рожь, 
 Спелым колосом! 
 Ты не пой, косарь, 
 Про широку степь!


Мне не для чего 
 Собирать добро, 
 Мне не для чего 
 Богатеть теперь!


Прочил молодец, 
 Прочил доброе 
 Не своей душе -- 
 Душе-девице.


Сладко было мне 
 Глядеть в очи ей, 
 В очи, полные 
 Полюбовных дум!


И те ясные 
 Очи стухнули, 
 Спит могильным сном 
 Красна девица!


Тяжелей горы, 
 Темней полночи 
 Легла на сердце 
 Дума черная!


";А. В. Кольцов;Не шуми ты, рожь : «Не шуми ты, рожь...»;"Не шуми ты, рожь, 
 Спелым колосом! 
 Ты не пой, косарь, 
 Про широку степь!


Мне не для чего 
 Собирать добро, 
 Мне не для чего 
 Богатеть теперь!


Прочил молодец, 
 Прочил доброе 
 Не своей душе -- 
 Душе-девице.


Сладко было мне 
 Глядеть в очи ей, 
 В очи, полные 
 Полюбовных дум!


И те ясные 
 Очи стухнули, 
 Спит могильным сном 
 Красна девица!


Тяжелей горы, 
 Темней полночи 
 Легла на сердце 
 Дума черная!


"
130;6721;ok;"Красным полымем 
 Заря вспыхнула; 
 По лицу земли 
 Туман стелется;


Разгорелся день 
 Огнем солнечным, 
 Подобрал туман 
 Выше темя гор;


Нагустил его 
 В тучу черную; 
 Туча черная 
 Понахмурилась,


Понахмурилась, 
 Что задумалась, 
 Словно вспомнила 
 Свою родину...


Понесут ее 
 Ветры буйные 
 Во все стороны 
 Света белого.


Ополчается 
 Громом-бурею, 
 Огнем-молнией, 
 Дугой-радугой;


Ополчилася 
 И расширилась, 
 И ударила, 
 И пролилася


Слезой крупною -- 
 Проливным дождем 
 На земную грудь, 
 На широкую.


И с горы небес 
 Глядит солнышко, 
 Напилась воды 
 Земля до́сыта;


На поля, сады, 
 На зеленые 
 Люди сельские 
 Не насмотрятся.


Люди сельские 
 Божьей милости 
 Ждали с трепетом 
 И молитвою;


Заодно с весной 
 Пробуждаются 
 Их заветные 
 Думы мирные.


Дума первая: 
 Хлеб из за́крома 
 Насыпать мешки, 
 Убирать воза;


А вторая их 
 Была думушка: 
 Из села гужем 
 В пору выехать.


Третью думушку 
 Как задумали, -- 
 Богу-господу 
 Помолилися.


Чем свет по полю 
 Все разъехались -- 
 И пошли гулять 
 Друг за дружкою,


Горстью полною 
 Хлеб раскидывать; 
 И давай пахать 
 Землю плугами,


Да кривой сохой 
 Перепахивать, 
 Бороны зубьем 
 Порасчесывать.


Посмотрю пойду, 
 Полюбуюся, 
 Что послал господь 
 За труды людям:


Выше пояса 
 Рожь зернистая 
 Дремит колосом 
 Почти до́ земи,


Словно божий гость, 
 На все стороны 
 Дню веселому 
 Улыбается.


Ветерок по ней 
 Плывет, лоснится, 
 Золотой волной 
 Разбегается.


Люди семьями 
 Принялися жать, 
 Косить под корень 
 Рожь высокую.


В копны частые 
 Снопы сложены; 
 От возов всю ночь 
 Скрыпит музыка.


На гумнах везде, 
 Как князья, скирды 
 Широко сидят, 
 Подняв головы.


Видит солнышко -- 
 Жатва кончена: 
 Холодней оно 
 Пошло к осени;


Но жарка свеча 
 Поселянина 
 Пред иконою 
 Божьей матери.


";А. В. Кольцов;Урожай : «Красным полымем...»;"Красным полымем 
 Заря вспыхнула; 
 По лицу земли 
 Туман стелется;


Разгорелся день 
 Огнем солнечным, 
 Подобрал туман 
 Выше темя гор;


Нагустил его 
 В тучу черную; 
 Туча черная 
 Понахмурилась,


Понахмурилась, 
 Что задумалась, 
 Словно вспомнила 
 Свою родину...


Понесут ее 
 Ветры буйные 
 Во все стороны 
 Света белого.


Ополчается 
 Громом-бурею, 
 Огнем-молнией, 
 Дугой-радугой;


Ополчилася 
 И расширилась, 
 И ударила, 
 И пролилася


Слезой крупною -- 
 Проливным дождем 
 На земную грудь, 
 На широкую.


И с горы небес 
 Глядит солнышко, 
 Напилась воды 
 Земля до́сыта;


На поля, сады, 
 На зеленые 
 Люди сельские 
 Не насмотрятся.


Люди сельские 
 Божьей милости 
 Ждали с трепетом 
 И молитвою;


Заодно с весной 
 Пробуждаются 
 Их заветные 
 Думы мирные.


Дума первая: 
 Хлеб из за́крома 
 Насыпать мешки, 
 Убирать воза;


А вторая их 
 Была думушка: 
 Из села гужем 
 В пору выехать.


Третью думушку 
 Как задумали, -- 
 Богу-господу 
 Помолилися.


Чем свет по полю 
 Все разъехались -- 
 И пошли гулять 
 Друг за дружкою,


Горстью полною 
 Хлеб раскидывать; 
 И давай пахать 
 Землю плугами,


Да кривой сохой 
 Перепахивать, 
 Бороны зубьем 
 Порасчесывать.


Посмотрю пойду, 
 Полюбуюся, 
 Что послал господь 
 За труды людям:


Выше пояса 
 Рожь зернистая 
 Дремит колосом 
 Почти до́ земи,


Словно божий гость, 
 На все стороны 
 Дню веселому 
 Улыбается.


Ветерок по ней 
 Плывет, лоснится, 
 Золотой волной 
 Разбегается.


Люди семьями 
 Принялися жать, 
 Косить под корень 
 Рожь высокую.


В копны частые 
 Снопы сложены; 
 От возов всю ночь 
 Скрыпит музыка.


На гумнах везде, 
 Как князья, скирды 
 Широко сидят, 
 Подняв головы.


Видит солнышко -- 
 Жатва кончена: 
 Холодней оно 
 Пошло к осени;


Но жарка свеча 
 Поселянина 
 Пред иконою 
 Божьей матери.


"
131;6725;ok;"Высоко стоит 
 Солнце на небе, 
 Горячо печет 
 Землю-матушку.


Душно девице, 
 Грустно на поле, 
 Нет охоты жать 
 Колосистой ржи.


Всю сожгло ее 
 Поле жаркое, 
 Горит-горма все 
 Лицо белое.


Голова со плеч 
 На грудь клонится, 
 Колос срезаный 
 Из рук валится...


Не с проста-ума 
 Жница жнет не жнет, 
 Глядит в сторону -- 
 Забывается.


Ох, болит у ней 
 Сердце бедное, 
 Заронилось в нем -- 
 Небывалое!


Она шла вчера 
 Нерабочим днем, 
 Лесом шла себе 
 По малинушку.


Повстречался ей 
 Добрый молодец; 
 Уж не в первый раз 
 Повстречался он.


Разминется с ней 
 Будто нехотя 
 И стоит, глядит 
 Как-то жалобно.


Он вздохнул, запел 
 Песню грустную; 
 Далеко в лесу 
 Раздалась та песнь.


Глубоко в душе 
 Красной девицы 
 Озвалась она 
 И запала в ней...


Душно, жарко ей, 
 Грустно на поле, 
 Нет охоты жать 
 Колосистой ржи...


";А. В. Кольцов;Молодая жница : «Высоко стоит...»;"Высоко стоит 
 Солнце на небе, 
 Горячо печет 
 Землю-матушку.


Душно девице, 
 Грустно на поле, 
 Нет охоты жать 
 Колосистой ржи.


Всю сожгло ее 
 Поле жаркое, 
 Горит-горма все 
 Лицо белое.


Голова со плеч 
 На грудь клонится, 
 Колос срезаный 
 Из рук валится...


Не с проста-ума 
 Жница жнет не жнет, 
 Глядит в сторону -- 
 Забывается.


Ох, болит у ней 
 Сердце бедное, 
 Заронилось в нем -- 
 Небывалое!


Она шла вчера 
 Нерабочим днем, 
 Лесом шла себе 
 По малинушку.


Повстречался ей 
 Добрый молодец; 
 Уж не в первый раз 
 Повстречался он.


Разминется с ней 
 Будто нехотя 
 И стоит, глядит 
 Как-то жалобно.


Он вздохнул, запел 
 Песню грустную; 
 Далеко в лесу 
 Раздалась та песнь.


Глубоко в душе 
 Красной девицы 
 Озвалась она 
 И запала в ней...


Душно, жарко ей, 
 Грустно на поле, 
 Нет охоты жать 
 Колосистой ржи...


"
132;6726;ok;"Не возьму я в толк... 
 Не придумаю... 
 Отчего же так -- 
 Не возьму я в толк? 
 Ох, в несчастный день, 
 В бесталанный час, 
 Без сорочки я 
 Родился на свет. 
 У меня ль плечо -- 
 Шире дедова, 
 Грудь высокая -- 
 Моей матушки. 
 На лице моем 
 Кровь отцовская 
 В молоке зажгла 
 Зорю красную. 
 Кудри черные 
 Лежат скобкою; 
 Что работаю -- 
 Все мне спорится! 
 Да в несчастный день, 
 В бесталанный час, 
 Без сорочки я 
 Родился на свет! 
 Прошлой осенью 
 Я за Грунюшку, 
 Дочку старосты, 
 Долго сватался; 
 А он, старый хрен, 
 Заупрямился! 
 За кого же он 
 Выдаст Грунюшку? 
 Не возьму я в толк, 
 Не придумаю... 
 Я ль за тем гонюсь, 
 Что отец ее 
 Богачом слывет? 
 Пускай дом его -- 
 Чаша полная! 
 Я ее хочу, 
 Я по ней крушусь: 
 Лицо белое -- 
 Заря алая, 
 Щеки полные, 
 Глаза темные 
 Свели молодца 
 С ума-разума... 
 Ах, вчера по мне 
 Ты так плакала; 
 Наотрез старик 
 Отказал вчера... 
 Ох, не свыкнуться 
 С этой горестью... 
 Я куплю себе 
 Косу новую; 
 Отобью ее, 
 Наточу ее, -- 
 И прости-прощай, 
 Село ро́дное! 
 Не плачь, Грунюшка, 
 Косой вострою 
 Не подрежусь я... 
 Ты прости, село, 
 Прости, староста, -- 
 В края дальние 
 Пойдет молодец -- 
 Что вниз по́ Дону, 
 По набе́режью, 
 Хороши стоят 
 Там слободушки! 
 Степь раздольная 
 Далеко вокруг, 
 Широко лежит, 
 Ковылем-травой 
 Расстилается!.. 
 Ах ты, степь моя, 
 Степь привольная, 
 Широко ты, степь, 
 Пораскинулась, 
 К морю Черному 
 Понадвинулась! 
 В гости я к тебе 
 Не один пришел: 
 Я пришел сам-друг 
 С косой вострою; 
 Мне давно гулять 
 По траве степной 
 Вдоль и поперек 
 С ней хотелося...


Раззудись, плечо! 
 Размахнись, рука! 
 Ты пахни в лицо, 
 Ветер с по́лудня! 
 Освежи, взволнуй 
 Степь просторную! 
 Зажужжи, коса, 
 Как пчелиный рой! 
 Молоньей, коса, 
 Засверкай кругом! 
 Зашуми, трава, 
 Подкоше́ная; 
 Поклонись, цветы, 
 Головой земле! 
 Наряду с травой 
 Вы засохните, 
 Как по Груне я 
 Сохну, молодец! 
 Нагребу копен, 
 Намечу стогов; 
 Даст казачка мне 
 Денег пригоршни. 
 Я зашью казну, 
 Сберегу казну; 
 Ворочусь в село -- 
 Прямо к старосте; 
 Не разжалобил 
 Его бедностью -- 
 Так разжалоблю 
 Золотой казной!..


";А. В. Кольцов;Косарь : «Не возьму я в толк...»;"Не возьму я в толк... 
 Не придумаю... 
 Отчего же так -- 
 Не возьму я в толк? 
 Ох, в несчастный день, 
 В бесталанный час, 
 Без сорочки я 
 Родился на свет. 
 У меня ль плечо -- 
 Шире дедова, 
 Грудь высокая -- 
 Моей матушки. 
 На лице моем 
 Кровь отцовская 
 В молоке зажгла 
 Зорю красную. 
 Кудри черные 
 Лежат скобкою; 
 Что работаю -- 
 Все мне спорится! 
 Да в несчастный день, 
 В бесталанный час, 
 Без сорочки я 
 Родился на свет! 
 Прошлой осенью 
 Я за Грунюшку, 
 Дочку старосты, 
 Долго сватался; 
 А он, старый хрен, 
 Заупрямился! 
 За кого же он 
 Выдаст Грунюшку? 
 Не возьму я в толк, 
 Не придумаю... 
 Я ль за тем гонюсь, 
 Что отец ее 
 Богачом слывет? 
 Пускай дом его -- 
 Чаша полная! 
 Я ее хочу, 
 Я по ней крушусь: 
 Лицо белое -- 
 Заря алая, 
 Щеки полные, 
 Глаза темные 
 Свели молодца 
 С ума-разума... 
 Ах, вчера по мне 
 Ты так плакала; 
 Наотрез старик 
 Отказал вчера... 
 Ох, не свыкнуться 
 С этой горестью... 
 Я куплю себе 
 Косу новую; 
 Отобью ее, 
 Наточу ее, -- 
 И прости-прощай, 
 Село ро́дное! 
 Не плачь, Грунюшка, 
 Косой вострою 
 Не подрежусь я... 
 Ты прости, село, 
 Прости, староста, -- 
 В края дальние 
 Пойдет молодец -- 
 Что вниз по́ Дону, 
 По набе́режью, 
 Хороши стоят 
 Там слободушки! 
 Степь раздольная 
 Далеко вокруг, 
 Широко лежит, 
 Ковылем-травой 
 Расстилается!.. 
 Ах ты, степь моя, 
 Степь привольная, 
 Широко ты, степь, 
 Пораскинулась, 
 К морю Черному 
 Понадвинулась! 
 В гости я к тебе 
 Не один пришел: 
 Я пришел сам-друг 
 С косой вострою; 
 Мне давно гулять 
 По траве степной 
 Вдоль и поперек 
 С ней хотелося...


Раззудись, плечо! 
 Размахнись, рука! 
 Ты пахни в лицо, 
 Ветер с по́лудня! 
 Освежи, взволнуй 
 Степь просторную! 
 Зажужжи, коса, 
 Как пчелиный рой! 
 Молоньей, коса, 
 Засверкай кругом! 
 Зашуми, трава, 
 Подкоше́ная; 
 Поклонись, цветы, 
 Головой земле! 
 Наряду с травой 
 Вы засохните, 
 Как по Груне я 
 Сохну, молодец! 
 Нагребу копен, 
 Намечу стогов; 
 Даст казачка мне 
 Денег пригоршни. 
 Я зашью казну, 
 Сберегу казну; 
 Ворочусь в село -- 
 Прямо к старосте; 
 Не разжалобил 
 Его бедностью -- 
 Так разжалоблю 
 Золотой казной!..


"
133;6728;ok;"С душою пророка, 
 С печатью величья 
 На гордом челе, 
 Родился младенец 
 На диво земле.


Земные богини, 
 Как хитрые девы, 
 Манили младенца 
 Роскошной мечтой; 
 Притворною лаской 
 Любовь обманули, 
 Сожгли поцелуем 
 Румянец лица, 
 Сорвали улыбку -- 
 Сиянье души. 
 Напрасно таил он, 
 Напрасно берег 
 Дары вдохновений 
 От горнего мира 
 Для жизни земной; 
 Напрасно он райской 
 И звучною песней 
 Родимые дебри, 
 Поля оглашал: 
 Пустыня молчала... 
 Толпа отступилась 
 От взоров пророка! 
 Высокое чувство, 
 И жар вдохновенья, 
 И творчества силу 
 Толпа не признала: 
 Смешны ей и радость 
 И горе поэта... 
 Сгорит он в пожаре 
 Презренных страстей, -- 
 Она, как вакханка, 
 Его зацелует 
 И бражским восторгом, 
 Нечистым, постыдным, 
 Навек заклеймит...


Очарован утром, 
 Обманутый полднем, 
 Одетый вечерним 
 Туманом и тенью 
 Загадочной жизни -- 
 Глядит равнодушно 
 Безмолвный поэт... 
 Ты думаешь: пал он?.. 
 Нет, ты не заметил 
 Высокую думу, 
 Огонь благодатный 
 Во взоре его...


";А. В. Кольцов;Умолкший поэт : «С душою пророка...»;"С душою пророка, 
 С печатью величья 
 На гордом челе, 
 Родился младенец 
 На диво земле.


Земные богини, 
 Как хитрые девы, 
 Манили младенца 
 Роскошной мечтой; 
 Притворною лаской 
 Любовь обманули, 
 Сожгли поцелуем 
 Румянец лица, 
 Сорвали улыбку -- 
 Сиянье души. 
 Напрасно таил он, 
 Напрасно берег 
 Дары вдохновений 
 От горнего мира 
 Для жизни земной; 
 Напрасно он райской 
 И звучною песней 
 Родимые дебри, 
 Поля оглашал: 
 Пустыня молчала... 
 Толпа отступилась 
 От взоров пророка! 
 Высокое чувство, 
 И жар вдохновенья, 
 И творчества силу 
 Толпа не признала: 
 Смешны ей и радость 
 И горе поэта... 
 Сгорит он в пожаре 
 Презренных страстей, -- 
 Она, как вакханка, 
 Его зацелует 
 И бражским восторгом, 
 Нечистым, постыдным, 
 Навек заклеймит...


Очарован утром, 
 Обманутый полднем, 
 Одетый вечерним 
 Туманом и тенью 
 Загадочной жизни -- 
 Глядит равнодушно 
 Безмолвный поэт... 
 Ты думаешь: пал он?.. 
 Нет, ты не заметил 
 Высокую думу, 
 Огонь благодатный 
 Во взоре его...


"
134;6730;ok;"Спаситель, спаситель! 
 Чиста моя вера, 
 Как пламя молитвы! 
 Но, боже, и вере 
 Могила темна! 
 Что слух мне заменит? 
 Потухшие очи? 
 Глубокое чувство 
 Остывшего сердца?


Что будет жизнь духа 
 Без этого сердца? 
 На крест, на могилу, 
 На небо, на землю, 
 На точку начала 
 И цели творений 
 Творец всемогущий 
 Накинул завесу, 
 Наложил печать -- 
 Печать та навеки, 
 Ее не расторгнут 
 Миры, разрушаясь, 
 Огонь не растопит, 
 Не смоет вода!..


Прости мне, спаситель! 
 Слезу моей грешной 
 Вечерней молитвы: 
 Во тьме она светит 
 Любовью к тебе...


";А. В. Кольцов;Молитва : «Спаситель, спаситель!..»;"Спаситель, спаситель! 
 Чиста моя вера, 
 Как пламя молитвы! 
 Но, боже, и вере 
 Могила темна! 
 Что слух мне заменит? 
 Потухшие очи? 
 Глубокое чувство 
 Остывшего сердца?


Что будет жизнь духа 
 Без этого сердца? 
 На крест, на могилу, 
 На небо, на землю, 
 На точку начала 
 И цели творений 
 Творец всемогущий 
 Накинул завесу, 
 Наложил печать -- 
 Печать та навеки, 
 Ее не расторгнут 
 Миры, разрушаясь, 
 Огонь не растопит, 
 Не смоет вода!..


Прости мне, спаситель! 
 Слезу моей грешной 
 Вечерней молитвы: 
 Во тьме она светит 
 Любовью к тебе...


"
135;6735;ok;"Сяду я за стол -- 
 Да подумаю: 
 Как на свете жить 
 Одинокому?


Нет у молодца 
 Молодой жены, 
 Нет у молодца 
 Друга вернова,


Золотой казны, 
 Угла теплова, 
 Бороны-сохи, 
 Коня-пахаря;


Вместе с бедностью 
 Дал мне батюшка 
 Лишь один талан -- 
 Силу крепкую;


Да и ту как раз 
 Нужда горькая 
 По чужим людям 
 Всю истратила.


Сяду я за стол -- 
 Да подумаю: 
 Как на свете жить 
 Одинокому?


";А. В. Кольцов;Раздумье селянина : «Сяду я за стол...»;"Сяду я за стол -- 
 Да подумаю: 
 Как на свете жить 
 Одинокому?


Нет у молодца 
 Молодой жены, 
 Нет у молодца 
 Друга вернова,


Золотой казны, 
 Угла теплова, 
 Бороны-сохи, 
 Коня-пахаря;


Вместе с бедностью 
 Дал мне батюшка 
 Лишь один талан -- 
 Силу крепкую;


Да и ту как раз 
 Нужда горькая 
 По чужим людям 
 Всю истратила.


Сяду я за стол -- 
 Да подумаю: 
 Как на свете жить 
 Одинокому?


"
136;6737;ok;"Соловьем залетным 
 Юность пролетела, 
 Волной в непогоду 
 Радость прошумела.


Пора золотая 
 Была, да сокрылась; 
 Сила молодая 
 С телом износилась.


От кручины-думы 
 В сердце кровь застыла; 
 Что любил, как душу, -- 
 И то изменило.


Как былинку, ветер 
 Молодца шатает; 
 Зима лицо знобит, 
 Солнце сожигает.


До поры, до время 
 Всем я весь изжился; 
 И кафтан мой синий 
 С плеч долой свалился!


Без любви, без счастья 
 По миру скитаюсь: 
 Разойдусь с бедою -- 
 С горем повстречаюсь!


На крутой горе 
 Рос зеленый дуб, 
 Под горой теперь 
 Он лежит, гниет...


";А. В. Кольцов;Горькая доля : «Соловьем залетным...»;"Соловьем залетным 
 Юность пролетела, 
 Волной в непогоду 
 Радость прошумела.


Пора золотая 
 Была, да сокрылась; 
 Сила молодая 
 С телом износилась.


От кручины-думы 
 В сердце кровь застыла; 
 Что любил, как душу, -- 
 И то изменило.


Как былинку, ветер 
 Молодца шатает; 
 Зима лицо знобит, 
 Солнце сожигает.


До поры, до время 
 Всем я весь изжился; 
 И кафтан мой синий 
 С плеч долой свалился!


Без любви, без счастья 
 По миру скитаюсь: 
 Разойдусь с бедою -- 
 С горем повстречаюсь!


На крутой горе 
 Рос зеленый дуб, 
 Под горой теперь 
 Он лежит, гниет...


"
137;6743;ok;"Что, дремучий лес, 
 Призадумался, 
 Грустью темную 
 Затуманился?


Что Бова-силач 
 Заколдованный, 
 С непокрытою 
 Головой в бою


Ты стоишь-поник, 
 И не ратуешь 
 С мимолетною 
 Тучей-бурею.


Густолиственный 
 Твой зеленый шлем 
 Буйный вихрь сорвал -- 
 И развеял в прах.


Плащ упал к ногам 
 И рассыпался... 
 Ты стоишь-поник, 
 И не ратуешь.


Где ж девалася 
 Речь высокая, 
 Сила гордая, 
 Доблесть царская?


У тебя ль, было́, 
 В ночь безмолвную 
 Заливная песнь 
 Соловьиная...


У тебя ль, было́, 
 Дни -- роскошество, -- 
 Друг и недруг твой 
 Прохлаждаются...


У тебя ль, было́, 
 Поздно вечером 
 Грозно с бурею 
 Разговор пойдет;


Распахнет она 
 Тучу черную, 
 Обоймет тебя 
 Ветром-холодом.


И ты молвишь ей 
 Шумным голосом: 
 «Вороти назад! 
 Держи около!»


Закружит она, 
 Разыграется... 
 Дрогнет грудь твоя, 
 Зашатаешься;


Встрепенувшися, 
 Разбушуешься: 
 Только свист кругом, 
 Голоса и гул...


Буря всплачется 
 Лешим, ведьмою 
 И несет свои 
 Тучи за море.


Где ж теперь твоя 
 Мочь зеленая? 
 Почернел ты весь, 
 Затуманился...


Одичал, замолк... 
 Только в непогодь 
 Воешь жалобу 
 На безвременье.


Так-то, темный лес, 
 Богатырь Бова! 
 Ты всю жизнь свою 
 Маял битвами.


Не осилили 
 Тебя сильные, 
 Так дорезала 
 Осень черная.


Знать, во время сна 
 К безоружному 
 Силы вражии 
 Понахлынули.


С богатырских плеч 
 Сняли голову -- 
 Не большой горой, 
 А соломинкой...


";А. В. Кольцов;Лес : «Что, дремучий лес...»;"Что, дремучий лес, 
 Призадумался, 
 Грустью темную 
 Затуманился?


Что Бова-силач 
 Заколдованный, 
 С непокрытою 
 Головой в бою


Ты стоишь-поник, 
 И не ратуешь 
 С мимолетною 
 Тучей-бурею.


Густолиственный 
 Твой зеленый шлем 
 Буйный вихрь сорвал -- 
 И развеял в прах.


Плащ упал к ногам 
 И рассыпался... 
 Ты стоишь-поник, 
 И не ратуешь.


Где ж девалася 
 Речь высокая, 
 Сила гордая, 
 Доблесть царская?


У тебя ль, было́, 
 В ночь безмолвную 
 Заливная песнь 
 Соловьиная...


У тебя ль, было́, 
 Дни -- роскошество, -- 
 Друг и недруг твой 
 Прохлаждаются...


У тебя ль, было́, 
 Поздно вечером 
 Грозно с бурею 
 Разговор пойдет;


Распахнет она 
 Тучу черную, 
 Обоймет тебя 
 Ветром-холодом.


И ты молвишь ей 
 Шумным голосом: 
 «Вороти назад! 
 Держи около!»


Закружит она, 
 Разыграется... 
 Дрогнет грудь твоя, 
 Зашатаешься;


Встрепенувшися, 
 Разбушуешься: 
 Только свист кругом, 
 Голоса и гул...


Буря всплачется 
 Лешим, ведьмою 
 И несет свои 
 Тучи за море.


Где ж теперь твоя 
 Мочь зеленая? 
 Почернел ты весь, 
 Затуманился...


Одичал, замолк... 
 Только в непогодь 
 Воешь жалобу 
 На безвременье.


Так-то, темный лес, 
 Богатырь Бова! 
 Ты всю жизнь свою 
 Маял битвами.


Не осилили 
 Тебя сильные, 
 Так дорезала 
 Осень черная.


Знать, во время сна 
 К безоружному 
 Силы вражии 
 Понахлынули.


С богатырских плеч 
 Сняли голову -- 
 Не большой горой, 
 А соломинкой...


"
138;6755;ok;"В поле ветер веет, 
 Травку колыхает, 
 Путь, мою дорогу 
 Пылью покрывает.


Выходи ж ты, туча, 
 С страшною грозою, 
 Обойди свет белый, 
 Закрой темнотою.


Молодец удалый 
 Соловьем засвищет! 
 Без пути -- без света 
 Свою долю сыщет.


Что ему дорога! 
 Тучи громовые! 
 Как придут по сердцу -- 
 Очи голубые!


Что ему на свете 
 Доля не людская, 
 Когда его любит -- 
 Она, молодая!


";А. В. Кольцов;Русская песня : «В поле ветер веет...»;"В поле ветер веет, 
 Травку колыхает, 
 Путь, мою дорогу 
 Пылью покрывает.


Выходи ж ты, туча, 
 С страшною грозою, 
 Обойди свет белый, 
 Закрой темнотою.


Молодец удалый 
 Соловьем засвищет! 
 Без пути -- без света 
 Свою долю сыщет.


Что ему дорога! 
 Тучи громовые! 
 Как придут по сердцу -- 
 Очи голубые!


Что ему на свете 
 Доля не людская, 
 Когда его любит -- 
 Она, молодая!


"
139;6751;ok;"Обойми, поцелуй, 
 Приголубь, приласкай, 
 Еще раз -- поскорей -- 
 Поцелуй горячей. 
 Что печально глядишь? 
 Что на сердце таишь? 
 Не тоскуй, не горюй, 
 Из очей слез не лей; 
 Мне не надобно их, 
 Мне не нужно тоски... 
 Не на смерть я иду, 
 Не хоронишь меня. 
 На полгода всего 
 Мы расстаться должны; 
 Есть за Волгой село 
 На крутом берегу: 
 Там отец мой живет, 
 Там родимая мать 
 Сына в гости зовет; 
 Я поеду к отцу, 
 Поклонюся родной 
 И согласье возьму 
 Обвенчаться с тобой. 
 Мучит душу мою 
 Твой печальный убор, 
 Для чего ты в него 
 Нарядила себя? 
 Разрядись: уберись 
 В свой наряд голубой 
 И на плечи накинь 
 Шаль с каймой расписной; 
 Пусть пылает лицо, 
 Как поутру заря, 
 Пусть сияет любовь 
 На устах у тебя; 
 Как мне мило теперь 
 Любоваться тобой! 
 Как весна, хороша 
 Ты, невеста моя! 
 Обойми ж, поцелуй, 
 Приголубь, приласкай, 
 Еще раз -- поскорей -- 
 Поцелуй горячей!


";А. В. Кольцов;Последний поцелуй : «Обойми, поцелуй...»;"Обойми, поцелуй, 
 Приголубь, приласкай, 
 Еще раз -- поскорей -- 
 Поцелуй горячей. 
 Что печально глядишь? 
 Что на сердце таишь? 
 Не тоскуй, не горюй, 
 Из очей слез не лей; 
 Мне не надобно их, 
 Мне не нужно тоски... 
 Не на смерть я иду, 
 Не хоронишь меня. 
 На полгода всего 
 Мы расстаться должны; 
 Есть за Волгой село 
 На крутом берегу: 
 Там отец мой живет, 
 Там родимая мать 
 Сына в гости зовет; 
 Я поеду к отцу, 
 Поклонюся родной 
 И согласье возьму 
 Обвенчаться с тобой. 
 Мучит душу мою 
 Твой печальный убор, 
 Для чего ты в него 
 Нарядила себя? 
 Разрядись: уберись 
 В свой наряд голубой 
 И на плечи накинь 
 Шаль с каймой расписной; 
 Пусть пылает лицо, 
 Как поутру заря, 
 Пусть сияет любовь 
 На устах у тебя; 
 Как мне мило теперь 
 Любоваться тобой! 
 Как весна, хороша 
 Ты, невеста моя! 
 Обойми ж, поцелуй, 
 Приголубь, приласкай, 
 Еще раз -- поскорей -- 
 Поцелуй горячей!


"
140;42786;ok;"Мне минуло шестнадцать лет, 
 Но сердце было в воле; 
 Я думала: весь белый свет -- 
 Наш бор, поток и поле.


К нам юноша пришел в село: 
 Кто он? отколь? не знаю -- 
 Но все меня к нему влекло, 
 Все мне твердило: знаю!


Его кудрявые власы 
 Вкруг шеи обвивались, 
 Как мак сияет от росы, 
 Сияли, рассыпались.


И взоры пламенны его 
 Мне что-то изъясняли; 
 Мы не сказали ничего, 
 Но уж друг друга знали.


Куда пойду -- и он за мной. 
 На долгую ль разлуку? 
 Не знаю! только он с тоской 
 Безмолвно жал мне руку.


«Что хочешь ты? -- спросила я. -- 
 Скажи, пастух унылый». 
 И с жаром обнял он меня 
 И тихо назвал милой.


И мне б тогда его обнять! 
 Но рук не поднимала, 
 На перси потупила взгляд, 
 Краснела, трепетала.


Ни слова не сказала я; 
 За что ж ему сердиться? 
 Зачем покинул он меня? 
 И скоро ль возвратится?


";А. А. Дельвиг;Первая встреча : «Мне минуло шестнадцать лет...»;"Мне минуло шестнадцать лет, 
 Но сердце было в воле; 
 Я думала: весь белый свет -- 
 Наш бор, поток и поле.


К нам юноша пришел в село: 
 Кто он? отколь? не знаю -- 
 Но все меня к нему влекло, 
 Все мне твердило: знаю!


Его кудрявые власы 
 Вкруг шеи обвивались, 
 Как мак сияет от росы, 
 Сияли, рассыпались.


И взоры пламенны его 
 Мне что-то изъясняли; 
 Мы не сказали ничего, 
 Но уж друг друга знали.


Куда пойду -- и он за мной. 
 На долгую ль разлуку? 
 Не знаю! только он с тоской 
 Безмолвно жал мне руку.


«Что хочешь ты? -- спросила я. -- 
 Скажи, пастух унылый». 
 И с жаром обнял он меня 
 И тихо назвал милой.


И мне б тогда его обнять! 
 Но рук не поднимала, 
 На перси потупила взгляд, 
 Краснела, трепетала.


Ни слова не сказала я; 
 За что ж ему сердиться? 
 Зачем покинул он меня? 
 И скоро ль возвратится?


"
141;42815;ok;"Мальчик, солнце встретить должно 
 С торжеством в конце пиров! 
 Принеси же осторожно 
 И скорей из погребов 
 В кубках длинных и тяжелых, 
 Как любила старина, 
 Наших прадедов веселых 
 Пережившего вина.


Не забудь края златые 
 Плющем, розами увить! 
 Весело в года седые 
 Чашей молодости пить, 
 Весело, хоть на мгновенье, 
 Бахусом наполнив грудь, 
 Обмануть воображенье 
 И в былое заглянуть.


";А. А. Дельвиг;К мальчику : «Мальчик, солнце встретить должно...»;"Мальчик, солнце встретить должно 
 С торжеством в конце пиров! 
 Принеси же осторожно 
 И скорей из погребов 
 В кубках длинных и тяжелых, 
 Как любила старина, 
 Наших прадедов веселых 
 Пережившего вина.


Не забудь края златые 
 Плющем, розами увить! 
 Весело в года седые 
 Чашей молодости пить, 
 Весело, хоть на мгновенье, 
 Бахусом наполнив грудь, 
 Обмануть воображенье 
 И в былое заглянуть.


"
142;42824;ok;"Кто, как лебедь цветущей Авзонии, 
 Осененный и миртом и лаврами, 
 Майской ночью при хоре порхающих, 
 В сладких грезах отвился от матери, --


Тот в советах не мудрствует; на́ стены 
 Побежденных знамена не вешает; 
 Столб кормами судов неприятельских 
 Он не красит пред храмом Ареевым.


Флот, с несчетным богатством Америки, 
 С тяжким золотом, купленным кровию, 
 Не взмущает двукраты экватора 
 Для него кораблями бегущими.


Но с младенчества он обучается 
 Воспевать красоты поднебесные, 
 И ланиты его от приветствия 
 Удивленной толпы горят пламенем.


И Паллада туманное облако 
 Рассевает от взоров, -- и в юности 
 Он уж видит священную истину 
 И порок, исподлобья взирающий!


Пушкин! Он и в лесах не укроется. 
 Лира выдаст его громким пением, 
 И от смертных восхитит бессмертного 
 Аполлон на Олимп торжествующий.


";А. А. Дельвиг;Пушкину : «Кто, как лебедь цветущей Авзонии...»;"Кто, как лебедь цветущей Авзонии, 
 Осененный и миртом и лаврами, 
 Майской ночью при хоре порхающих, 
 В сладких грезах отвился от матери, --


Тот в советах не мудрствует; на́ стены 
 Побежденных знамена не вешает; 
 Столб кормами судов неприятельских 
 Он не красит пред храмом Ареевым.


Флот, с несчетным богатством Америки, 
 С тяжким золотом, купленным кровию, 
 Не взмущает двукраты экватора 
 Для него кораблями бегущими.


Но с младенчества он обучается 
 Воспевать красоты поднебесные, 
 И ланиты его от приветствия 
 Удивленной толпы горят пламенем.


И Паллада туманное облако 
 Рассевает от взоров, -- и в юности 
 Он уж видит священную истину 
 И порок, исподлобья взирающий!


Пушкин! Он и в лесах не укроется. 
 Лира выдаст его громким пением, 
 И от смертных восхитит бессмертного 
 Аполлон на Олимп торжествующий.


"
143;42854;ok;"Что до богов? Пускай они 
 Судьбами управляют мира! 
 Но я, когда со мною лира, 
 За светлы области эфира 
 Я не отдам златые дни 
 И с сладострастными ночами. 
 Пред небом тщетными мольбами 
 Я не унижуся, нет, нет! 
 В самом себе блажен поэт.


Всегда, везде его душа 
 Найдет прямое сладострастье! 
 Ему ль расслабнуть в неге, в счастье? 
 Нет! взгляньте: в бурное ненастье, 
 Стихий свободою дыша, 
 Сквозь дождь он город пробегает, 
 И сельский Аквилон играет 
 На древних дикостью скалах 
 В его измокших волосах!


Познайте! Хоть под звук цепей 
 Он усыплялся б в колыбели, 
 А вкруг преступники гремели 
 Развратной радостию в хме́ли, -- 
 И тут бы он мечте своей 
 Дал возвышенное стремленье, 
 И тут бы грозное презренье 
 Пороку грянуло в ответ, 
 И выше б Рока был Поэт.


";А. А. Дельвиг;Поэт : «Что до богов? Пускай они...»;"Что до богов? Пускай они 
 Судьбами управляют мира! 
 Но я, когда со мною лира, 
 За светлы области эфира 
 Я не отдам златые дни 
 И с сладострастными ночами. 
 Пред небом тщетными мольбами 
 Я не унижуся, нет, нет! 
 В самом себе блажен поэт.


Всегда, везде его душа 
 Найдет прямое сладострастье! 
 Ему ль расслабнуть в неге, в счастье? 
 Нет! взгляньте: в бурное ненастье, 
 Стихий свободою дыша, 
 Сквозь дождь он город пробегает, 
 И сельский Аквилон играет 
 На древних дикостью скалах 
 В его измокших волосах!


Познайте! Хоть под звук цепей 
 Он усыплялся б в колыбели, 
 А вкруг преступники гремели 
 Развратной радостию в хме́ли, -- 
 И тут бы он мечте своей 
 Дал возвышенное стремленье, 
 И тут бы грозное презренье 
 Пороку грянуло в ответ, 
 И выше б Рока был Поэт.


"
144;42870;ok;"«Сегодня я с вами пирую, друзья, 
 Веселье нам песни заводит, 
 А завтра, быть может, там буду и я, 
 Откуда никто не приходит!» --


Я так беззаботным друзьям говорил 
 Давно, -- но от самого детства 
 Печаль в беспокойном я сердце таил 
 Предвестьем грядущего бедства.


Друзья мне смеялись, и, свежий венец 
 На кудри мои надевая, 
 «Стыдись, -- восклицали, -- мечтатель-певец! 
 Изменит ли жизнь молодая!»


Война запылала, к родным знаменам 
 Друзья как на пир пролетели; 
 Я с ними -- но жребьи, враждебные нам, 
 Мне с ними расстаться велели.


В бездействии тяжком я думой следил 
 Их битвы, предтечи победы; 
 Их славою часто я первый живил 
 Родителей грустных беседы.


Года пролетали, я часто в слезах 
 Был черной повязкой украшен… 
 Брань стихла, где ж други? лежат на полях, 
 Близь ими разрушенных башен.


С тех пор я печально сижу на пирах, 
 Где все мне твердит про былое; 
 Дрожит моя чаша в ослабших руках: 
 Мне тяжко веселье чужое.


";А. А. Дельвиг;Романс : «Сегодня я с вами пирую, друзья...»;"«Сегодня я с вами пирую, друзья, 
 Веселье нам песни заводит, 
 А завтра, быть может, там буду и я, 
 Откуда никто не приходит!» --


Я так беззаботным друзьям говорил 
 Давно, -- но от самого детства 
 Печаль в беспокойном я сердце таил 
 Предвестьем грядущего бедства.


Друзья мне смеялись, и, свежий венец 
 На кудри мои надевая, 
 «Стыдись, -- восклицали, -- мечтатель-певец! 
 Изменит ли жизнь молодая!»


Война запылала, к родным знаменам 
 Друзья как на пир пролетели; 
 Я с ними -- но жребьи, враждебные нам, 
 Мне с ними расстаться велели.


В бездействии тяжком я думой следил 
 Их битвы, предтечи победы; 
 Их славою часто я первый живил 
 Родителей грустных беседы.


Года пролетали, я часто в слезах 
 Был черной повязкой украшен… 
 Брань стихла, где ж други? лежат на полях, 
 Близь ими разрушенных башен.


С тех пор я печально сижу на пирах, 
 Где все мне твердит про былое; 
 Дрожит моя чаша в ослабших руках: 
 Мне тяжко веселье чужое.


"
145;42871;ok;"Ты в Петербурге, ты со мной, 
 В объятьях друга и поэта! 
 Опять прошедшего мы лета, 
 О трубадур веселый мой, 
 Забавы, игры воскресили; 
 Опять нас ветвями покрыли 
 Густые рощи островов 
 И приняла на шумны волны 
 Нева и братьев и певцов. 
 Опять веселья, жизни полный, 
 Я счастлив радостью друзей; 
 Земли и неба житель вольный 
 И тихой жизнию довольный, 
 С беспечной музою моей 
 Друзьям пою: любовь, похмелье 
 И хлопотливое безделье 
 Удалых рыцарей стола, 
 За коим шалость и веселье, 
 Под звон блестящего стекла, 
 Поют, бокалы осушают 
 И громким смехом заглушают 
 Часов однообразный бой. 
 Часы бегут своей чредой! 
 Удел глупца иль Гераклита, 
 Безумно воя, их считать. 
 Смешно бы, кажется, кричать 
 (Когда златым вином налита, 
 Обходит чаша вкруг столов 
 И свежим запахом плодов 
 Нас манят полные корзины), 
 Что все у бабушки судьбины 
 В сей краткой жизни на счету, 
 Что старая то наслажденье, 
 То в списке вычеркнет мечту, 
 Прогонит радость; огорченье 
 Шлет с скукой и с болезнью нам, 
 Поссорит, разлучит нас с милой; 
 Перенесем, глядишь -- а там 
 Она грозит нам и могилой. 
 Пусть плачут и томят себя, 
 Часов считают бой унылый! 
 Мы ж время измерять, друзья, 
 По налитым бокалам станем -- 
 Когда вам петь престану я, 
 Когда мы пить вино устанем, 
 Да и его уж не найдем, 
 Тогда на утро мельком взглянем 
 И спать до вечера пойдем.


О, твой певец не ищет славы! 
 Он счастья ищет в жизни сей, 
 Свою любовь, свои забавы 
 Поет для избранных друзей 
 И никому не подражает. 
 Пускай Орестов уверяет, 
 Наш антикварий, наш мудрец, 
 Почерпнувший свои познанья 
 В мадам Жанлис, что твой певец 
 И спит и пьет из подражанья; 
 Пусть житель Острова, где вам, 
 О музы вечно молодые, 
 Желая счастия сынам, 
 Вверяет юношей Россия, 
 Пусть он, с священных сих брегов, 
 Невежа злой и своевольный 
 И глупостью своей довольный, 
 Мою поносит к вам любовь: 
 Для них я не потрачу слов -- 
 Клянусь надеждами моими, 
 Я оценил сих мудрецов -- 
 И если б я был равен с ними, 
 То горько б укорял богов.


";А. А. Дельвиг;К Е. : «Ты в Петербурге, ты со мной...»;"Ты в Петербурге, ты со мной, 
 В объятьях друга и поэта! 
 Опять прошедшего мы лета, 
 О трубадур веселый мой, 
 Забавы, игры воскресили; 
 Опять нас ветвями покрыли 
 Густые рощи островов 
 И приняла на шумны волны 
 Нева и братьев и певцов. 
 Опять веселья, жизни полный, 
 Я счастлив радостью друзей; 
 Земли и неба житель вольный 
 И тихой жизнию довольный, 
 С беспечной музою моей 
 Друзьям пою: любовь, похмелье 
 И хлопотливое безделье 
 Удалых рыцарей стола, 
 За коим шалость и веселье, 
 Под звон блестящего стекла, 
 Поют, бокалы осушают 
 И громким смехом заглушают 
 Часов однообразный бой. 
 Часы бегут своей чредой! 
 Удел глупца иль Гераклита, 
 Безумно воя, их считать. 
 Смешно бы, кажется, кричать 
 (Когда златым вином налита, 
 Обходит чаша вкруг столов 
 И свежим запахом плодов 
 Нас манят полные корзины), 
 Что все у бабушки судьбины 
 В сей краткой жизни на счету, 
 Что старая то наслажденье, 
 То в списке вычеркнет мечту, 
 Прогонит радость; огорченье 
 Шлет с скукой и с болезнью нам, 
 Поссорит, разлучит нас с милой; 
 Перенесем, глядишь -- а там 
 Она грозит нам и могилой. 
 Пусть плачут и томят себя, 
 Часов считают бой унылый! 
 Мы ж время измерять, друзья, 
 По налитым бокалам станем -- 
 Когда вам петь престану я, 
 Когда мы пить вино устанем, 
 Да и его уж не найдем, 
 Тогда на утро мельком взглянем 
 И спать до вечера пойдем.


О, твой певец не ищет славы! 
 Он счастья ищет в жизни сей, 
 Свою любовь, свои забавы 
 Поет для избранных друзей 
 И никому не подражает. 
 Пускай Орестов уверяет, 
 Наш антикварий, наш мудрец, 
 Почерпнувший свои познанья 
 В мадам Жанлис, что твой певец 
 И спит и пьет из подражанья; 
 Пусть житель Острова, где вам, 
 О музы вечно молодые, 
 Желая счастия сынам, 
 Вверяет юношей Россия, 
 Пусть он, с священных сих брегов, 
 Невежа злой и своевольный 
 И глупостью своей довольный, 
 Мою поносит к вам любовь: 
 Для них я не потрачу слов -- 
 Клянусь надеждами моими, 
 Я оценил сих мудрецов -- 
 И если б я был равен с ними, 
 То горько б укорял богов.


"
146;42882;ok;"Когда, душа, просилась ты 
 Погибнуть иль любить, 
 Когда желанья и мечты 
 К тебе теснились жить, 
 Когда еще я не пил слез 
 Из чаши бытия, -- 
 Зачем тогда, в венке из роз, 
 К теням не отбыл я!


Зачем вы начертались так 
 На памяти моей, 
 Единый молодости знак, 
 Вы песни прошлых дней! 
 Я горько долы и леса 
 И милый взгляд забыл, -- 
 Зачем же ваши голоса 
 Мне слух мой сохранил!


Не возвратите счастья мне, 
 Хоть дышит в вас оно! 
 С ним в промелькнувшей старине 
 Простился я давно. 
 Не нарушайте ж, я молю, 
 Вы сна души моей 
 И слова страшного: люблю 
 Не повторяйте ей!


";А. А. Дельвиг;Элегия : «Когда, душа, просилась ты...»;"Когда, душа, просилась ты 
 Погибнуть иль любить, 
 Когда желанья и мечты 
 К тебе теснились жить, 
 Когда еще я не пил слез 
 Из чаши бытия, -- 
 Зачем тогда, в венке из роз, 
 К теням не отбыл я!


Зачем вы начертались так 
 На памяти моей, 
 Единый молодости знак, 
 Вы песни прошлых дней! 
 Я горько долы и леса 
 И милый взгляд забыл, -- 
 Зачем же ваши голоса 
 Мне слух мой сохранил!


Не возвратите счастья мне, 
 Хоть дышит в вас оно! 
 С ним в промелькнувшей старине 
 Простился я давно. 
 Не нарушайте ж, я молю, 
 Вы сна души моей 
 И слова страшного: люблю 
 Не повторяйте ей!


"
147;42888;ok;"Не часто к нам слетает вдохновенье, 
 И краткий миг в душе оно горит; 
 Но этот миг любимец муз ценит, 
 Как мученик с землею разлученье.


В друзьях обман, в любви разуверенье 
 И яд во всем, чем сердце дорожит, 
 Забыты им: восторженный пиит 
 Уж прочитал свое предназначенье.


И презренный, гонимый от людей, 
 Блуждающий один под небесами, 
 Он говорит с грядущими веками;


Он ставит честь превыше всех честей, 
 Он клевете мстит славою своей 
 И делится бессмертием с богами.


";А. А. Дельвиг;Вдохновение : «Не часто к нам слетает вдохновенье...»;"Не часто к нам слетает вдохновенье, 
 И краткий миг в душе оно горит; 
 Но этот миг любимец муз ценит, 
 Как мученик с землею разлученье.


В друзьях обман, в любви разуверенье 
 И яд во всем, чем сердце дорожит, 
 Забыты им: восторженный пиит 
 Уж прочитал свое предназначенье.


И презренный, гонимый от людей, 
 Блуждающий один под небесами, 
 Он говорит с грядущими веками;


Он ставит честь превыше всех честей, 
 Он клевете мстит славою своей 
 И делится бессмертием с богами.


"
148;42889;ok;"Младой певец, дорогою прекрасной 
 Тебе идти к парнасским высотам, 
 Тебе венок (поверь моим словам) 
 Плетет Амур с каменой сладкогласной.


От ранних лет я пламень не напрасный 
 Храню в душе, благодаря богам, 
 Я им влеком к возвышенным певцам 
 С какою-то любовию пристрастной.


Я Пушкина младенцем полюбил, 
 С ним разделял и грусть и наслажденье, 
 И первый я его услышал пенье


И за себя богов благословил. 
 Певца Пиров я с музой подружил 
 И славой их горжусь в вознагражденье.


";А. А. Дельвиг;Н.М. Языкову : «Младой певец, дорогою прекрасной...»;"Младой певец, дорогою прекрасной 
 Тебе идти к парнасским высотам, 
 Тебе венок (поверь моим словам) 
 Плетет Амур с каменой сладкогласной.


От ранних лет я пламень не напрасный 
 Храню в душе, благодаря богам, 
 Я им влеком к возвышенным певцам 
 С какою-то любовию пристрастной.


Я Пушкина младенцем полюбил, 
 С ним разделял и грусть и наслажденье, 
 И первый я его услышал пенье


И за себя богов благословил. 
 Певца Пиров я с музой подружил 
 И славой их горжусь в вознагражденье.


"
149;42890;ok;"Златых кудрей приятная небрежность, 
 Небесных глаз мечтательный привет, 
 Звук сладкий уст при слове даже нет 
 Во мне родят любовь и безнадежность.


На то ли мне послали боги нежность, 
 Чтоб изнемог я в раннем цвете лет? 
 Но я готов, я выпью чашу бед: 
 Мне не страшна грядущего безбрежность!


Не возвратить уже покоя вновь, 
 Я позабыл свободной жизни сладость, 
 Душа горит, но смолкла в сердце радость,


Во мне кипит и холодеет кровь: 
 Печаль ли ты, веселье ль ты, любовь? 
 На смерть иль жизнь тебе я вверил младость?


";А. А. Дельвиг;Сонет : «Златых кудрей приятная небрежность...»;"Златых кудрей приятная небрежность, 
 Небесных глаз мечтательный привет, 
 Звук сладкий уст при слове даже нет 
 Во мне родят любовь и безнадежность.


На то ли мне послали боги нежность, 
 Чтоб изнемог я в раннем цвете лет? 
 Но я готов, я выпью чашу бед: 
 Мне не страшна грядущего безбрежность!


Не возвратить уже покоя вновь, 
 Я позабыл свободной жизни сладость, 
 Душа горит, но смолкла в сердце радость,


Во мне кипит и холодеет кровь: 
 Печаль ли ты, веселье ль ты, любовь? 
 На смерть иль жизнь тебе я вверил младость?


"
150;42891;ok;"Я плыл один с прекрасною в гондоле, 
 Я не сводил с нее моих очей; 
 Я говорил в раздумье сладком с ней 
 Лишь о любви, лишь о моей неволе.


Брега цвели, пестрело жатвой поле, 
 С лугов бежал лепечущий ручей, 
 Все нежилось. -- Почто ж в душе моей 
 Не радости, унынья было боле?


Что мне шептал ревнивый сердца глас? 
 Чего еще душе моей страшиться? 
 Иль всем моим надеждам не свершиться?


Иль и любовь польстила мне на час? 
 И мой удел, не осушая глаз, 
 Как сей поток, с роптанием сокрыться?


";А. А. Дельвиг;Сонет : «Я плыл один с прекрасною в гондоле...»;"Я плыл один с прекрасною в гондоле, 
 Я не сводил с нее моих очей; 
 Я говорил в раздумье сладком с ней 
 Лишь о любви, лишь о моей неволе.


Брега цвели, пестрело жатвой поле, 
 С лугов бежал лепечущий ручей, 
 Все нежилось. -- Почто ж в душе моей 
 Не радости, унынья было боле?


Что мне шептал ревнивый сердца глас? 
 Чего еще душе моей страшиться? 
 Иль всем моим надеждам не свершиться?


Иль и любовь польстила мне на час? 
 И мой удел, не осушая глаз, 
 Как сей поток, с роптанием сокрыться?


"
151;42902;ok;"Не говори: любовь пройдет, 
 О том забыть твой друг желает; 
 В ее он вечность уповает, 
 Ей в жертву счастье отдает.


Зачем гасить душе моей 
 Едва блеснувшие желанья? 
 Хоть миг позволь мне без роптанья 
 Предаться нежности твоей.


За что страдать? Что мне в любви 
 Досталось от небес жестоких 
 Без горьких слез, без ран глубоких, 
 Без утомительной тоски?


Любви дни краткие даны, 
 Но мне не зреть ее остылой; 
 Я с ней умру, как звук унылый 
 Внезапно порванной струны.


";А. А. Дельвиг;Романс : «Не говори: любовь пройдет...»;"Не говори: любовь пройдет, 
 О том забыть твой друг желает; 
 В ее он вечность уповает, 
 Ей в жертву счастье отдает.


Зачем гасить душе моей 
 Едва блеснувшие желанья? 
 Хоть миг позволь мне без роптанья 
 Предаться нежности твоей.


За что страдать? Что мне в любви 
 Досталось от небес жестоких 
 Без горьких слез, без ран глубоких, 
 Без утомительной тоски?


Любви дни краткие даны, 
 Но мне не зреть ее остылой; 
 Я с ней умру, как звук унылый 
 Внезапно порванной струны.


"
152;42903;ok;"Прекрасный день, счастливый день: 
 И солнце, и любовь! 
 С нагих полей сбежала тень -- 
 Светлеет сердце вновь. 
 Проснитесь рощи и поля; 
 Пусть жизнью все кипит: 
 Она моя, она моя! 
 Мне сердце говорит.


Что вьешься, ласточка, к окну, 
 Что, вольная, поешь? 
 Иль ты щебечешь про весну 
 И с ней любовь зовешь? 
 Но не ко мне, -- и без тебя 
 В певце любовь горит: 
 Она моя, она моя! 
 Мне сердце говорит.


";А. А. Дельвиг;Романс : «Прекрасный день, счастливый день...»;"Прекрасный день, счастливый день: 
 И солнце, и любовь! 
 С нагих полей сбежала тень -- 
 Светлеет сердце вновь. 
 Проснитесь рощи и поля; 
 Пусть жизнью все кипит: 
 Она моя, она моя! 
 Мне сердце говорит.


Что вьешься, ласточка, к окну, 
 Что, вольная, поешь? 
 Иль ты щебечешь про весну 
 И с ней любовь зовешь? 
 Но не ко мне, -- и без тебя 
 В певце любовь горит: 
 Она моя, она моя! 
 Мне сердце говорит.


"
153;42904;ok;"Только узнал я тебя -- 
 И трепетом сладким впервые 
 Сердце забилось во мне.


Сжала ты руку мою -- 
 И жизнь, и все радости жизни 
 В жертву тебе я принес.


Ты мне сказала «люблю» -- 
 И чистая радость слетела 
 В мрачную душу мою.


Молча гляжу на тебя, -- 
 Нет слова все муки, все счастье 
 Выразить страсти моей.


Каждую светлую мысль, 
 Высокое каждое чувство 
 Ты зарождаешь в душе.


";А. А. Дельвиг;Романс : «Только узнал я тебя...»;"Только узнал я тебя -- 
 И трепетом сладким впервые 
 Сердце забилось во мне.


Сжала ты руку мою -- 
 И жизнь, и все радости жизни 
 В жертву тебе я принес.


Ты мне сказала «люблю» -- 
 И чистая радость слетела 
 В мрачную душу мою.


Молча гляжу на тебя, -- 
 Нет слова все муки, все счастье 
 Выразить страсти моей.


Каждую светлую мысль, 
 Высокое каждое чувство 
 Ты зарождаешь в душе.


"
154;42909;ok;"Пела, пела пташечка 
 И затихла; 
 Знало сердце радости 
 И забыло.


Что, певунья пташечка, 
 Замолчала? 
 Как ты сердце, сведалось 
 С черным горем?


Ах! убили пташечку 
 Злые вьюги; 
 Погубили молодца 
 Злые толки!


Полететь бы пташечке 
 К синю морю; 
 Убежать бы молодцу 
 В лес дремучий!


На море валы шумят, 
 А не вьюги, 
 В лесе звери лютые, 
 Да не люди!


";А. А. Дельвиг;Русская песня : «Пела, пела пташечка...»;"Пела, пела пташечка 
 И затихла; 
 Знало сердце радости 
 И забыло.


Что, певунья пташечка, 
 Замолчала? 
 Как ты сердце, сведалось 
 С черным горем?


Ах! убили пташечку 
 Злые вьюги; 
 Погубили молодца 
 Злые толки!


Полететь бы пташечке 
 К синю морю; 
 Убежать бы молодцу 
 В лес дремучий!


На море валы шумят, 
 А не вьюги, 
 В лесе звери лютые, 
 Да не люди!


"
155;42912;ok;"Протекших дней очарованья, 
 Мне вас душе не возвратить! 
 В любви узнав одни страданья, 
 Она утратила желанья 
 И вновь не просится любить.


К ней сны младые не забродят, 
 Опять с надеждой не мирят, 
 В странах волшебных с ней не ходят, 
 Веселых песен не заводят 
 И сладких слов не говорят.


Ее один удел печальный: 
 Года бесчувственно провесть, 
 И в край, для горестных не дальный, 
 Под глас молитвы погребальной, 
 Одни молитвы перенесть.


";А. А. Дельвиг;Разочарование : «Протекших дней очарованья...»;"Протекших дней очарованья, 
 Мне вас душе не возвратить! 
 В любви узнав одни страданья, 
 Она утратила желанья 
 И вновь не просится любить.


К ней сны младые не забродят, 
 Опять с надеждой не мирят, 
 В странах волшебных с ней не ходят, 
 Веселых песен не заводят 
 И сладких слов не говорят.


Ее один удел печальный: 
 Года бесчувственно провесть, 
 И в край, для горестных не дальный, 
 Под глас молитвы погребальной, 
 Одни молитвы перенесть.


"
156;42922;ok;"Соловей мой, соловей, 
 Голосистый соловей! 
 Ты куда, куда летишь, 
 Где всю ночку пропоешь? 
 Кто-то бедная, как я, 
 Ночь прослушает тебя, 
 Не смыкаючи очей, 
 Утопаючи в слезах? 
 Ты лети, мой соловей, 
 Хоть за тридевять земель, 
 Хоть за синие моря, 
 На чужие берега; 
 Побывай во всех странах, 
 В деревнях и в городах: 
 Не найти тебе нигде 
 Горемышнее меня. 
 У меня ли у младой 
 Жар-колечко на руке, 
 У меня ли у младой 
 Дорог жемчуг на груди, 
 У меня ли у младой 
 В сердце миленький дружок. 
 В день осенний на груди 
 Крупный жемчуг потускнел, 
 В зимню ночку на руке 
 Распаялося кольцо, 
 А как нынешней весной 
 Разлюбил меня милой.


";А. А. Дельвиг;Русская песня : «Соловей мой, соловей...»;"Соловей мой, соловей, 
 Голосистый соловей! 
 Ты куда, куда летишь, 
 Где всю ночку пропоешь? 
 Кто-то бедная, как я, 
 Ночь прослушает тебя, 
 Не смыкаючи очей, 
 Утопаючи в слезах? 
 Ты лети, мой соловей, 
 Хоть за тридевять земель, 
 Хоть за синие моря, 
 На чужие берега; 
 Побывай во всех странах, 
 В деревнях и в городах: 
 Не найти тебе нигде 
 Горемышнее меня. 
 У меня ли у младой 
 Жар-колечко на руке, 
 У меня ли у младой 
 Дорог жемчуг на груди, 
 У меня ли у младой 
 В сердце миленький дружок. 
 В день осенний на груди 
 Крупный жемчуг потускнел, 
 В зимню ночку на руке 
 Распаялося кольцо, 
 А как нынешней весной 
 Разлюбил меня милой.


"
157;42943;ok;"Так певал без принужденья, 
 Как на ветке соловей, 
 Я живые впечатленья 
 Полной юности моей. 
 Счастлив другом, милой девы 
 Все искал душою я, 
 И любви моей напевы 
 Долго кликали тебя.


";А. А. Дельвиг;Эпилог : «Так певал без принужденья...»;"Так певал без принужденья, 
 Как на ветке соловей, 
 Я живые впечатленья 
 Полной юности моей. 
 Счастлив другом, милой девы 
 Все искал душою я, 
 И любви моей напевы 
 Долго кликали тебя.


"
158;42950;ok;"Не осенний частый дождичек 
 Брызжет, брызжет сквозь туман: 
 Слезы горькие льет молодец 
 На свой бархатный кафтан.


«Полно, брат молодец! 
 Ты ведь не девица: 
 Пей, тоска пройдет; 
 Пей, пей, тоска пройдет!»


Не тоска, друзья-товарищи, 
 Грусть запала глубоко, 
 Дни веселия, дни радости 
 Отлетели далеко.


«Полно, брат молодец! 
 Ты ведь не девица: 
 Пей, тоска пройдет; 
 Пей, пей, тоска пройдет!»


И как русский любит родину, 
 Так люблю я вспоминать 
 Дни веселия, дни радости, 
 Как пришлось мне горевать.


«Полно, брат молодец! 
 Ты ведь не девица: 
 Пей, тоска пройдет; 
 Пей, пей, тоска пройдет!»


";А. А. Дельвиг;«Не осенний частый дождичек...»;"Не осенний частый дождичек 
 Брызжет, брызжет сквозь туман: 
 Слезы горькие льет молодец 
 На свой бархатный кафтан.


«Полно, брат молодец! 
 Ты ведь не девица: 
 Пей, тоска пройдет; 
 Пей, пей, тоска пройдет!»


Не тоска, друзья-товарищи, 
 Грусть запала глубоко, 
 Дни веселия, дни радости 
 Отлетели далеко.


«Полно, брат молодец! 
 Ты ведь не девица: 
 Пей, тоска пройдет; 
 Пей, пей, тоска пройдет!»


И как русский любит родину, 
 Так люблю я вспоминать 
 Дни веселия, дни радости, 
 Как пришлось мне горевать.


«Полно, брат молодец! 
 Ты ведь не девица: 
 Пей, тоска пройдет; 
 Пей, пей, тоска пройдет!»


"
159;42956;ok;"За что, за что ты отравила 
 Неисцелимо жизнь мою? 
 Ты как дитя мне говорила: 
 «Верь сердцу, я тебя люблю!»


И мне ль не верить? Я так много, 
 Так долго с пламенной душой 
 Страдал, гонимый жизнью строгой, 
 Далекий от семьи родной.


Мне ль хладным быть к любви прекрасной? 
 О, я давно нуждался в ней! 
 Уж помнил я, как сон неясный, 
 И ласки матери моей.


И много ль жертв мне нужно было? 
 Будь непорочна, я просил, 
 Чтоб вечно я душой унылой 
 Тебя без ропота любил.


";А. А. Дельвиг;«За что, за что ты отравила...»;"За что, за что ты отравила 
 Неисцелимо жизнь мою? 
 Ты как дитя мне говорила: 
 «Верь сердцу, я тебя люблю!»


И мне ль не верить? Я так много, 
 Так долго с пламенной душой 
 Страдал, гонимый жизнью строгой, 
 Далекий от семьи родной.


Мне ль хладным быть к любви прекрасной? 
 О, я давно нуждался в ней! 
 Уж помнил я, как сон неясный, 
 И ласки матери моей.


И много ль жертв мне нужно было? 
 Будь непорочна, я просил, 
 Чтоб вечно я душой унылой 
 Тебя без ропота любил.


"
160;42958;ok;"Смерть, души успокоенье! 
 Наяву или во сне 
 С милой жизнью разлученье 
 Объявить слетишь ко мне? 
 Днем ли, ночью ли задуешь 
 Бренный пламенник ты мой 
 И в обмен его даруешь 
 Мне твой светоч неземной?


Утром вечного союза 
 Ты со мной не заключай! 
 По утрам со мною муза, 
 С ней пишу я -- не мешай! 
 И к обеду не зову я: 
 Что пугать друзей моих; 
 Их люблю, как есть люблю я, 
 Иль как свой счастливый стих.


Вечер тоже отдан мною 
 Музам, Вакху и друзьям; 
 Но ночною тишиною 
 Съединиться можно нам: 
 На одре один в молчаньи 
 О любви тоскую я, 
 И в напрасном ожиданьи 
 Протекает ночь моя.


";А. А. Дельвиг;«Смерть, души успокоенье!..»;"Смерть, души успокоенье! 
 Наяву или во сне 
 С милой жизнью разлученье 
 Объявить слетишь ко мне? 
 Днем ли, ночью ли задуешь 
 Бренный пламенник ты мой 
 И в обмен его даруешь 
 Мне твой светоч неземной?


Утром вечного союза 
 Ты со мной не заключай! 
 По утрам со мною муза, 
 С ней пишу я -- не мешай! 
 И к обеду не зову я: 
 Что пугать друзей моих; 
 Их люблю, как есть люблю я, 
 Иль как свой счастливый стих.


Вечер тоже отдан мною 
 Музам, Вакху и друзьям; 
 Но ночною тишиною 
 Съединиться можно нам: 
 На одре один в молчаньи 
 О любви тоскую я, 
 И в напрасном ожиданьи 
 Протекает ночь моя.


"
161;3460;ok;"Тебе ли, Муз Питомец юный, 
 Томить печалью звучны струны, 
 Чело под скукою клонить? 
 Прожив три люстра с половиной, 
 Полет забывши соколиной, 
 Оледенить себя судьбиной! 
 Поэту ль малодушным быть?


Бесспорно, что не в нашей воле 
 Быть счастливыми в сей юдоле; 
 Но можно менее страдать 
 В оковах грусти бесполезной; 
 Поверь мне в этом, друг любезной: 
 Возможно жезл судьбы железной 
 Терпением перековать.


Не вечно ветр в долинах воет, 
 Не век Перун крылатый роет 
 Гранитну цепь Кавказских гор; 
 Почто же волею своею 
 Страдать подобно Прометею, 
 Топтать веселия Лилею, 
 Печалью свой туманить взор?


Конечно, кто избег кручины! 
 От ней ни юность, ни седины, 
 Ни сан, ни род не защитят,-- 
 Везде ее проникнут жалы, 
 И часто пиршества бокалы 
 Вздыханья царские струят.


Но ах! Чему тоска поможет? 
 Она шипы на розах множит, 
 В пыл жизни чувства холодит; 
 Нам радости даны часами, 
 Но грусть свинцовыми крылами 
 Вперед нас двигает годами; 
 А невозвратна жизнь -- летит.


Друг! Примирись с самим собою, 
 Престань печальною мечтою 
 Болезнь сердечну пробуждать; 
 Пусть Зефир дружбы с новой силой 
 Развеет мрак души унылой, 
 Путь жизни бог Цитеры милой 
 Забав цветами будет стлать.


Последуй дружества совету: 
 Поставь лишь радости за мету, 
 А скуку на ветер пускай; 
 То с чашей нектара златою, 
 То граций с резвою толпою 
 Спеши знакомою тропою 
 И в счастьи счастье воспевай!


";А. А. Бестужев-Марлинский;К К[реницин]у : «Тебе ли, Муз Питомец юный...»;"Тебе ли, Муз Питомец юный, 
 Томить печалью звучны струны, 
 Чело под скукою клонить? 
 Прожив три люстра с половиной, 
 Полет забывши соколиной, 
 Оледенить себя судьбиной! 
 Поэту ль малодушным быть?


Бесспорно, что не в нашей воле 
 Быть счастливыми в сей юдоле; 
 Но можно менее страдать 
 В оковах грусти бесполезной; 
 Поверь мне в этом, друг любезной: 
 Возможно жезл судьбы железной 
 Терпением перековать.


Не вечно ветр в долинах воет, 
 Не век Перун крылатый роет 
 Гранитну цепь Кавказских гор; 
 Почто же волею своею 
 Страдать подобно Прометею, 
 Топтать веселия Лилею, 
 Печалью свой туманить взор?


Конечно, кто избег кручины! 
 От ней ни юность, ни седины, 
 Ни сан, ни род не защитят,-- 
 Везде ее проникнут жалы, 
 И часто пиршества бокалы 
 Вздыханья царские струят.


Но ах! Чему тоска поможет? 
 Она шипы на розах множит, 
 В пыл жизни чувства холодит; 
 Нам радости даны часами, 
 Но грусть свинцовыми крылами 
 Вперед нас двигает годами; 
 А невозвратна жизнь -- летит.


Друг! Примирись с самим собою, 
 Престань печальною мечтою 
 Болезнь сердечну пробуждать; 
 Пусть Зефир дружбы с новой силой 
 Развеет мрак души унылой, 
 Путь жизни бог Цитеры милой 
 Забав цветами будет стлать.


Последуй дружества совету: 
 Поставь лишь радости за мету, 
 А скуку на ветер пускай; 
 То с чашей нектара златою, 
 То граций с резвою толпою 
 Спеши знакомою тропою 
 И в счастьи счастье воспевай!


"
162;3474;ok;"Еще, еще одно лобзанье! 
 Как в знойный день прохлада струй, 
 Как мотыльку цветка дыханье, 
 Мне сладок милой поцелуй. 
 Мне сладок твой невинный лепет 
 И свежих уст летучий трепет, 
 Очей потупленных роса 
 И упоения зарница... 
 Всё, всё, души моей царица,-- 
 В тебе и прелесть, и краса! 
 Какой отрадой повевает 
 С твоих кудрей, с твоих ланит! 
 Дыханье -- негою поит, 
 От взора -- сотом сердце тает, 
 И быстро молния любви 
 Течет, кипит в моей крови. 
 . . . . . . . . . . . . . . . . . 
 Когда ж твой легкий стан объемлю, 
 Я, мнится, покидаю землю... 
 Оковы праха отреша, 
 Орлом ширяется душа! 
 Но целый мир светлеет раем, 
 Когда, восторженные, мы 
 Уста и чувства, и умы 
 В одно лобзание сливаем! 
 О, друг мой, если б в этот миг, 
 Неизъяснимый, невозвратный, 
 Далекий горестей земных, 
 Дней наших факел благодатный 
 Погас в пучине светлых струй 
 И пал за нами смертный полог,-- 
 Чтоб был последний поцелуй, 
 Как небо, чист, как вечность, долог.


";А. А. Бестужев-Марлинский;Алине : «Еще, еще одно лобзанье!..»;"Еще, еще одно лобзанье! 
 Как в знойный день прохлада струй, 
 Как мотыльку цветка дыханье, 
 Мне сладок милой поцелуй. 
 Мне сладок твой невинный лепет 
 И свежих уст летучий трепет, 
 Очей потупленных роса 
 И упоения зарница... 
 Всё, всё, души моей царица,-- 
 В тебе и прелесть, и краса! 
 Какой отрадой повевает 
 С твоих кудрей, с твоих ланит! 
 Дыханье -- негою поит, 
 От взора -- сотом сердце тает, 
 И быстро молния любви 
 Течет, кипит в моей крови. 
 . . . . . . . . . . . . . . . . . 
 Когда ж твой легкий стан объемлю, 
 Я, мнится, покидаю землю... 
 Оковы праха отреша, 
 Орлом ширяется душа! 
 Но целый мир светлеет раем, 
 Когда, восторженные, мы 
 Уста и чувства, и умы 
 В одно лобзание сливаем! 
 О, друг мой, если б в этот миг, 
 Неизъяснимый, невозвратный, 
 Далекий горестей земных, 
 Дней наших факел благодатный 
 Погас в пучине светлых струй 
 И пал за нами смертный полог,-- 
 Чтоб был последний поцелуй, 
 Как небо, чист, как вечность, долог.


"
163;3464;ok;"Кончины памятник безгробной! 
 Скиталец-череп, возвести: 
 В отраду ль сердцу ты повержен на пути, 
 Или уму загадкой злобной?


Не ты ли -- мост, не ты ли -- первый след 
 По океану правды зыбкой? 
 Привет ли мне, иль горестный завет 
 Мерцает под твоей ужасною улыбкой?


Где утаен твой заповедный ключ, 
 Замок бессмертных дум и тленья? 
 В тебе угас ответный луч, 
 Окрест меня туман сомненья.


Ты жизнию кипел, как праздничный фиал, 
 Теперь лежишь разбитой урной; 
 Венок мышления увял, 
 И прах ума развеял вихорь бурный!


Здесь думы в творческой тиши 
 Роилися, как звезды в поднебесной. 
 И молния страстей сверкала из души, 
 И радуга фантазии прелестной.


Здесь нежный слух вкушал воздушный пир, 
 Восхищен звуков стройным хором, 
 Здесь отражался пышный мир, 
 Бездонным поглощенный взором.


Где ж знак твоих божественных страстей, 
 И сил, и замыслов, грань мира облетевших? 
 Здесь только след презрительных червей, 
 Храм запустения презревших!


Где ж доблести? Отдай мне гроба дань, 
 Познаний светлых темный вестник! 
 Ты ль бытия таинственная грань? 
 Иль дух мой -- вечности ровесник?


Молчишь! Но мысль, как вдохновенный сон. 
 Летает над своей покинутой отчизной, 
 И путник, в грустное мечтанье погружен, 
 Дарит тебя земле мирительною тризной.


";А. А. Бестужев-Марлинский;Череп : «Кончины памятник безгробной!..»;"Кончины памятник безгробной! 
 Скиталец-череп, возвести: 
 В отраду ль сердцу ты повержен на пути, 
 Или уму загадкой злобной?


Не ты ли -- мост, не ты ли -- первый след 
 По океану правды зыбкой? 
 Привет ли мне, иль горестный завет 
 Мерцает под твоей ужасною улыбкой?


Где утаен твой заповедный ключ, 
 Замок бессмертных дум и тленья? 
 В тебе угас ответный луч, 
 Окрест меня туман сомненья.


Ты жизнию кипел, как праздничный фиал, 
 Теперь лежишь разбитой урной; 
 Венок мышления увял, 
 И прах ума развеял вихорь бурный!


Здесь думы в творческой тиши 
 Роилися, как звезды в поднебесной. 
 И молния страстей сверкала из души, 
 И радуга фантазии прелестной.


Здесь нежный слух вкушал воздушный пир, 
 Восхищен звуков стройным хором, 
 Здесь отражался пышный мир, 
 Бездонным поглощенный взором.


Где ж знак твоих божественных страстей, 
 И сил, и замыслов, грань мира облетевших? 
 Здесь только след презрительных червей, 
 Храм запустения презревших!


Где ж доблести? Отдай мне гроба дань, 
 Познаний светлых темный вестник! 
 Ты ль бытия таинственная грань? 
 Иль дух мой -- вечности ровесник?


Молчишь! Но мысль, как вдохновенный сон. 
 Летает над своей покинутой отчизной, 
 И путник, в грустное мечтанье погружен, 
 Дарит тебя земле мирительною тризной.


"
164;3471;ok;"Нет, ты мой и мой навечно! 
 От любви любовь крепка, 
 Прелесть страсти, друг сердечный, 
 Краше перстня и венка. 
 Гордо я подъемлю брови 
 От твоих высоких дум; 
 Бытие мое в любови, 
 А душа любови -- ум.


";А. А. Бестужев-Марлинский;Зюлейка : «Нет, ты мой и мой навечно!..»;"Нет, ты мой и мой навечно! 
 От любви любовь крепка, 
 Прелесть страсти, друг сердечный, 
 Краше перстня и венка. 
 Гордо я подъемлю брови 
 От твоих высоких дум; 
 Бытие мое в любови, 
 А душа любови -- ум.


"
165;3473;ok;"Когда моей ланитой внемлю 
 Пыланию твоих ланит, 
 Мне радость небеса и землю 
 И золотит, и серебрит; 
 Душе так сладко и покойно, 
 И тих, и волен сердца ход: 
 Так солнце катится беззнойно 
 На лоно зеркальное вод.


";А. А. Бестужев-Марлинский;Ей : «Когда моей ланитой внемлю...»;"Когда моей ланитой внемлю 
 Пыланию твоих ланит, 
 Мне радость небеса и землю 
 И золотит, и серебрит; 
 Душе так сладко и покойно, 
 И тих, и волен сердца ход: 
 Так солнце катится беззнойно 
 На лоно зеркальное вод.


"
166;3475;ok;"Я видел вас, граниты вековые, 
 Финляндии угрюмое чело, 
 Где юное творение впервые 
 Нетленною развалиной взошло. 
 Стряхнув с рамен балтические воды, 
 Возникли вы, как остовы природы!


Там рыщет волк, от глада свирепея, 
 На черепе там коршун точит клев, 
 Печальный мох мерцает следом змея, 
 Трепещет ель пролетом облаков; 
 Туманы там -- утесов неизменней 
 И дышат век прохладою осенней.


Не смущены долины жизни шумом; 
 Истлением седеет дальний бор; 
 Уснула тень в величии угрюмом 
 На зеркале незыблемых озер; 
 И с крутизны в пустынные заливы, 
 Как радуги, бегут ключи игривы.


Там силой вод пробитые громады 
 Задвинули порогом пенный ад, 
 И в бездну их крутятся водопады, 
 Гремучие, как воющий набат; 
 Им вторит гул -- жилец пещеры дальней, 
 Как тяжкий млат по адской наковальне.


Я видел вас! Бушующее море 
 Вздымалося в губительный потоп 
 И, мощное в неодолимом споре, 
 Дробилося о крепость ваших стоп; 
 Вам жаркие и влажные перуны 
 Нарезали чуть видимые руны.


Я понял их: на западе сияло 
 Светило дня, златя ступени скал, 
 И океан, как вечности зерцало, 
 Его огнем живительным пылал, 
 И древних гор заветные скрижали 
 Мне дивные пророчества роптали!


";А. А. Бестужев-Марлинский;Финляндия : «Я видел вас, граниты вековые...»;"Я видел вас, граниты вековые, 
 Финляндии угрюмое чело, 
 Где юное творение впервые 
 Нетленною развалиной взошло. 
 Стряхнув с рамен балтические воды, 
 Возникли вы, как остовы природы!


Там рыщет волк, от глада свирепея, 
 На черепе там коршун точит клев, 
 Печальный мох мерцает следом змея, 
 Трепещет ель пролетом облаков; 
 Туманы там -- утесов неизменней 
 И дышат век прохладою осенней.


Не смущены долины жизни шумом; 
 Истлением седеет дальний бор; 
 Уснула тень в величии угрюмом 
 На зеркале незыблемых озер; 
 И с крутизны в пустынные заливы, 
 Как радуги, бегут ключи игривы.


Там силой вод пробитые громады 
 Задвинули порогом пенный ад, 
 И в бездну их крутятся водопады, 
 Гремучие, как воющий набат; 
 Им вторит гул -- жилец пещеры дальней, 
 Как тяжкий млат по адской наковальне.


Я видел вас! Бушующее море 
 Вздымалося в губительный потоп 
 И, мощное в неодолимом споре, 
 Дробилося о крепость ваших стоп; 
 Вам жаркие и влажные перуны 
 Нарезали чуть видимые руны.


Я понял их: на западе сияло 
 Светило дня, златя ступени скал, 
 И океан, как вечности зерцало, 
 Его огнем живительным пылал, 
 И древних гор заветные скрижали 
 Мне дивные пророчества роптали!


"
167;3465;ok;"Вам, семейство милых братий, 
 Вам, созвездие друзей, 
 Жар приветственных объятий 
 И цветы моих речей! 
 Вы со мной -- и лед сомненья 
 Растопил отрадный луч, 
 И невольно песнопенья 
 Из души пробился ключ! 
 В благовонном дыме трубок, 
 Как звезда, несется кубок, 
 Влажной искрою горя 
 Жемчуга и янтаря; 
 В нем, играя и светлея, 
 Дышит пламень Прометея, 
 Как бессмертия заря! 
 Раздавайся ж, клик заздравный, 
 Благоденствие, живи 
 На Руси перводержавной, 
 В лоне правды и любви! 
 И слезами винограда 
 Из чистейшего сребра 
 Да прольется ей услада 
 Просвещенья и добра! 
 Гряньте в чашу звонкой чашей. 
 Небу взор и другу длань, 
 Вознесем беседы нашей 
 Умилительную дань! 
 Да не будет чужестранцем 
 Между нами бог ланит, 
 И улыбкой, и румянцем 
 Нас здоровье озарит; 
 И предмет всемирной ловли, 
 Счастье резвое, тайком 
 Да слетит на наши кровли 
 Сизокрылым голубком! 
 Чтоб мы грозные печали 
 Незаметно промечтали, 
 Возбуждаемы порой, 
 На веселье и покой! 
 Да из нас пылает каждый, 
 Упитав наукой ум, 
 Вдохновительною жаждой 
 Правых дел и светлых дум, 
 Вечно страху неприступен, 
 Вечно златом неподкупен, 
 Безответно горделив 
 На прельстительный призыв! 
 Да украсят наши сабли, 
 Эту молнию побед, 
 Крови пламенные капли 
 И боев зубчатый след! 
 Но, подобно чаше пирной 
 В свежих розанах венца, 
 Будут искренностью мирной 
 Наши повиты сердца! 
 И в сердцах -- восторга искры, 
 Умиления слеза, 
 И на доблесть чувства быстры, 
 И порочному -- гроза! 
 Пусть любви могучий гений 
 Даст нам радости цветы 
 И перуны вдохновений 
 В поцелуе красоты! 
 Пусть он будет вестник рая, 
 Нашей молодости брат, 
 В пламень жизни подливая 
 Свой бесценный аромат, 
 Чтобы с нектаром забвенья 
 В тихий час отдохновенья 
 Позабыть у милых ног 
 Меч, и кубок, и венок.


";А. А. Бестужев-Марлинский;Тост : «Вам, семейство милых братий...»;"Вам, семейство милых братий, 
 Вам, созвездие друзей, 
 Жар приветственных объятий 
 И цветы моих речей! 
 Вы со мной -- и лед сомненья 
 Растопил отрадный луч, 
 И невольно песнопенья 
 Из души пробился ключ! 
 В благовонном дыме трубок, 
 Как звезда, несется кубок, 
 Влажной искрою горя 
 Жемчуга и янтаря; 
 В нем, играя и светлея, 
 Дышит пламень Прометея, 
 Как бессмертия заря! 
 Раздавайся ж, клик заздравный, 
 Благоденствие, живи 
 На Руси перводержавной, 
 В лоне правды и любви! 
 И слезами винограда 
 Из чистейшего сребра 
 Да прольется ей услада 
 Просвещенья и добра! 
 Гряньте в чашу звонкой чашей. 
 Небу взор и другу длань, 
 Вознесем беседы нашей 
 Умилительную дань! 
 Да не будет чужестранцем 
 Между нами бог ланит, 
 И улыбкой, и румянцем 
 Нас здоровье озарит; 
 И предмет всемирной ловли, 
 Счастье резвое, тайком 
 Да слетит на наши кровли 
 Сизокрылым голубком! 
 Чтоб мы грозные печали 
 Незаметно промечтали, 
 Возбуждаемы порой, 
 На веселье и покой! 
 Да из нас пылает каждый, 
 Упитав наукой ум, 
 Вдохновительною жаждой 
 Правых дел и светлых дум, 
 Вечно страху неприступен, 
 Вечно златом неподкупен, 
 Безответно горделив 
 На прельстительный призыв! 
 Да украсят наши сабли, 
 Эту молнию побед, 
 Крови пламенные капли 
 И боев зубчатый след! 
 Но, подобно чаше пирной 
 В свежих розанах венца, 
 Будут искренностью мирной 
 Наши повиты сердца! 
 И в сердцах -- восторга искры, 
 Умиления слеза, 
 И на доблесть чувства быстры, 
 И порочному -- гроза! 
 Пусть любви могучий гений 
 Даст нам радости цветы 
 И перуны вдохновений 
 В поцелуе красоты! 
 Пусть он будет вестник рая, 
 Нашей молодости брат, 
 В пламень жизни подливая 
 Свой бесценный аромат, 
 Чтобы с нектаром забвенья 
 В тихий час отдохновенья 
 Позабыть у милых ног 
 Меч, и кубок, и венок.


"
168;3479;ok;"Приди, о, милая, приди 
 На берег изумрудный! 
 Разлуки сон в моей груди 
 Тяжелый, беспробудный.


Приди и сердце оживи 
 Очей волшебным светом, 
 Невинной ласкою любви, 
 Младенческим приветом!


С тобой, красавица-душа, 
 Светлее утра слезы 
 И, благовоннее дыша, 
 Горит румянец розы.


С тобой, струями говоря, 
 Поток сверкает ярче, 
 Свежей вечерняя заря 
 И тихий полдень жарче.


И мнится, воздух напоен 
 Неведомым томленьем 
 И лист, зефиром оживлен, 
 Трепещет наслажденьем.


И, к смертным благости полна, 
 По синеве бездонной 
 Над нами катится луна 
 С улыбкой благосклонной.


Приди, о, милая, приди! 
 И страсти вал мятежной 
 Ты укротишь в моей груди 
 Елеем дружбы нежной.


";А. А. Бестужев-Марлинский;Лиде : «Приди, о, милая, приди...»;"Приди, о, милая, приди 
 На берег изумрудный! 
 Разлуки сон в моей груди 
 Тяжелый, беспробудный.


Приди и сердце оживи 
 Очей волшебным светом, 
 Невинной ласкою любви, 
 Младенческим приветом!


С тобой, красавица-душа, 
 Светлее утра слезы 
 И, благовоннее дыша, 
 Горит румянец розы.


С тобой, струями говоря, 
 Поток сверкает ярче, 
 Свежей вечерняя заря 
 И тихий полдень жарче.


И мнится, воздух напоен 
 Неведомым томленьем 
 И лист, зефиром оживлен, 
 Трепещет наслажденьем.


И, к смертным благости полна, 
 По синеве бездонной 
 Над нами катится луна 
 С улыбкой благосклонной.


Приди, о, милая, приди! 
 И страсти вал мятежной 
 Ты укротишь в моей груди 
 Елеем дружбы нежной.


"
169;3466;ok;"О дева, дева, 
 Звучит труба! 
 Румянцем гнева 
 Горит судьба! 
 Уж сердце к бою 
 Замкнула сталь, 
 Передо мною 
 Разлуки даль. 
 Но всюду, всюду, 
 Вблизи, вдали, 
 Не позабуду 
 Родной земли; 
 И вечно, вечно -- 
 Клянусь, сулю! -- 
 Моей сердечной 
 Не разлюблю. 
 Ни день истомы, 
 И страх, и месть, 
 Ни битвы громы, 
 Ни славы лесть, 
 Ни кубок пенный, 
 Ни шумный хор, 
 Ни девы пленной 
 Манящий взор... 
 . . . . . . . . .


";А. А. Бестужев-Марлинский;Разлука : «О дева, дева...»;"О дева, дева, 
 Звучит труба! 
 Румянцем гнева 
 Горит судьба! 
 Уж сердце к бою 
 Замкнула сталь, 
 Передо мною 
 Разлуки даль. 
 Но всюду, всюду, 
 Вблизи, вдали, 
 Не позабуду 
 Родной земли; 
 И вечно, вечно -- 
 Клянусь, сулю! -- 
 Моей сердечной 
 Не разлюблю. 
 Ни день истомы, 
 И страх, и месть, 
 Ни битвы громы, 
 Ни славы лесть, 
 Ни кубок пенный, 
 Ни шумный хор, 
 Ни девы пленной 
 Манящий взор... 
 . . . . . . . . .


"
170;3480;ok;"Ты пьешь любви коварный мед, 
 От чаши уст не отнимая, 
 И в сердце юное течет 
 Струя восторгов огневая; 
 И упоен, и утомлен, 
 Ты ниспадаешь в тихий сон. 
 Мечтаний рой тебя лелеет, 
 Кропя росою сладких слез. 
 Так с жадных крыл прохладу веет 
 На жертву неги кровосос; 
 Так в цвете истлевают силы 
 От пресыщенья в пыль могилы. 
 Ты скажешь: «Мил заветный плод, 
 Не дважды молодость цветет 
 И без желаний волны Леты 
 Шумят всегда у наших стоп!» 
 Но ты и сердцу прежде меты 
 Готовишь гибельный озноб 
 И поздний плач, и ранний гроб.


";А. А. Бестужев-Марлинский;Пресыщение : «Ты пьешь любви коварный мед...»;"Ты пьешь любви коварный мед, 
 От чаши уст не отнимая, 
 И в сердце юное течет 
 Струя восторгов огневая; 
 И упоен, и утомлен, 
 Ты ниспадаешь в тихий сон. 
 Мечтаний рой тебя лелеет, 
 Кропя росою сладких слез. 
 Так с жадных крыл прохладу веет 
 На жертву неги кровосос; 
 Так в цвете истлевают силы 
 От пресыщенья в пыль могилы. 
 Ты скажешь: «Мил заветный плод, 
 Не дважды молодость цветет 
 И без желаний волны Леты 
 Шумят всегда у наших стоп!» 
 Но ты и сердцу прежде меты 
 Готовишь гибельный озноб 
 И поздний плач, и ранний гроб.


"
171;3468;ok;"И дум, и дел земных цари, 
 Часы, ваш лик сияет страшен, 
 В короне пламенной зари, 
 На высоте могучих башен, 
 И взор блюстительный в меди 
 Горит, неотразимо верной, 
 И сердце времени в бесчувственной груди 
 Чуть зыблется приливом силы мерной. 
 Оживлены чугунною стрелой, 
 На вас таинственные роки, 
 И оглашает вещий бой 
 Земле небесные уроки. 
 Но блеск, но голос ваш для ветреных племен 
 Звучит и озаряет даром, 
 Подобно молнии неведомых письмен, 
 Начертанных пред Валтасаром. 
 «Летучее мгновение лови», 
 Поет любимцу голос лести: 
 «В нем золото и ароматы чести, 
 Последний пир, свидания любви 
 И наслажденья тайной мести». 
 И в думе нет, что упований прах 
 Дыханье времени уносит, 
 Что каждый маятника взмах 
 Цветы неверной жизни косит. 
 Заботно времени шаги считает он 
 И бой к веселию призывный, 
 Еще не смолк металла звон, 
 А где же ты, мечты поклонник дивный? 
 Окован ли безбрежный океан 
 Венцом валов,-- минутной пеной? 
 Детям ли дней дался победный сан 
 Над волей века неизменной? 
 Безумен клик «хочу -- могу». 
 Вознес Наполеон строптивую десницу, 
 Сдержать мечтая на бегу 
 Стремимую веками колесницу... 
 Она промчалась! Где ж твой меч, 
 Где прах твой, полубог гордыни? 
 Твоя молва -- оркан пустыни, 
 Твой след -- поля напрасных сеч. 
 Возникли светлые народов поколенья, 
 И внемлют о тебе сомнительную речь 
 С улыбкой хладного презренья.


";А. А. Бестужев-Марлинский;Часы : «И дум, и дел земных цари...»;"И дум, и дел земных цари, 
 Часы, ваш лик сияет страшен, 
 В короне пламенной зари, 
 На высоте могучих башен, 
 И взор блюстительный в меди 
 Горит, неотразимо верной, 
 И сердце времени в бесчувственной груди 
 Чуть зыблется приливом силы мерной. 
 Оживлены чугунною стрелой, 
 На вас таинственные роки, 
 И оглашает вещий бой 
 Земле небесные уроки. 
 Но блеск, но голос ваш для ветреных племен 
 Звучит и озаряет даром, 
 Подобно молнии неведомых письмен, 
 Начертанных пред Валтасаром. 
 «Летучее мгновение лови», 
 Поет любимцу голос лести: 
 «В нем золото и ароматы чести, 
 Последний пир, свидания любви 
 И наслажденья тайной мести». 
 И в думе нет, что упований прах 
 Дыханье времени уносит, 
 Что каждый маятника взмах 
 Цветы неверной жизни косит. 
 Заботно времени шаги считает он 
 И бой к веселию призывный, 
 Еще не смолк металла звон, 
 А где же ты, мечты поклонник дивный? 
 Окован ли безбрежный океан 
 Венцом валов,-- минутной пеной? 
 Детям ли дней дался победный сан 
 Над волей века неизменной? 
 Безумен клик «хочу -- могу». 
 Вознес Наполеон строптивую десницу, 
 Сдержать мечтая на бегу 
 Стремимую веками колесницу... 
 Она промчалась! Где ж твой меч, 
 Где прах твой, полубог гордыни? 
 Твоя молва -- оркан пустыни, 
 Твой след -- поля напрасных сеч. 
 Возникли светлые народов поколенья, 
 И внемлют о тебе сомнительную речь 
 С улыбкой хладного презренья.


"
172;3482;ok;"Зачем зарницею без гула 
 Исчезла ты, любви пора, 
 И птичкой юность упорхнула 
 В невозвратимое «вчера»? 
 Давно ль на юношу, давно ли, 
 Обетом счастия горя, 
 Цветами радости и воли 
 Дождила светлая заря? 
 Давно ль с родимого порога 
 Сманила жизнь на пышный пир 
 И, как безгранная дорога, 
 Передо мной открылся мир? 
 И случай, преклоняя темя, 
 Держал мне золотое стремя, 
 И, гордо бросив повода, 
 Я поскакал туда, туда!.. 
 Летим -- сорвал бразды шелковы 
 Неукротимый конь судьбы, 
 И брызжут пламенем подковы, 
 Гремя о плиты и гробы. 
 Я обезумел, воздух свищет -- 
 Все вдаль и вдаль, надежда прочь. 
 И вот на нас упала ночь, 
 И под скалою бездна прыщет, 
 Над головой расшибся гром, 
 И конь, и всадник, прянув с края, 
 Кусты и глыбы отрывая, 
 В пучину ринулись кольцом. 
 Замлело сердце! Вихрь кончины 
 Мне обуял и взор, и ум. 
 Раздавлен на брегу пучины, 
 Едва я слышу рев и шум. 
 Вот набегают грозно, жадно 
 За валом вал наперерыв; 
 Уж мой отчаянный призыв 
 Стихает, залит пеной хладной... 
 И вдруг с утеса на утес, 
 Как зверь, поток меня понес 
 . . . . . . . . . . . . . . 
 Очнулся я от страшной грезы, 
 Но все душа тоски полна, 
 И мнилось, гнут меня железы 
 К веслу убогого челна. 
 Вдаль отуманенным потоком, 
 Меж сокрушающихся льдин, 
 Заботно озираясь оком, 
 Плыву я грустен и один. 
 На чуждом небе тьма ночная; 
 Как сон, бежит далекий брег, 
 И, шуму жизни чуть внимая, 
 Стремлю туда невольный бег, 
 Где вечен лед и вечны тучи, 
 И вечносеемая мгла, 
 Где жизнь, зачахнув, умерла 
 Среди пустынь и тундр зыбучих, 
 Где небо, степь и лоно вод 
 В безрадостный слияны свод, 
 Где в пустоте блуждают взоры 
 И даже нет стопе опоры! 
 Плыву. На тихом сердце хлад, 
 Дремотой лени тяжки вежды, 
 И звезды искрами надежды 
 В угрюмом небе не горят. 
 Забвенья ток меня лелеет, 
 Мечта уснула над веслом, 
 И время в тихий парус веет 
 Своим мирительным крылом. 
 Всё мертво у меня кругом... 
 И близко бездна океана 
 Белеет саваном тумана.


";А. А. Бестужев-Марлинский;Сон : «Зачем зарницею без гула...»;"Зачем зарницею без гула 
 Исчезла ты, любви пора, 
 И птичкой юность упорхнула 
 В невозвратимое «вчера»? 
 Давно ль на юношу, давно ли, 
 Обетом счастия горя, 
 Цветами радости и воли 
 Дождила светлая заря? 
 Давно ль с родимого порога 
 Сманила жизнь на пышный пир 
 И, как безгранная дорога, 
 Передо мной открылся мир? 
 И случай, преклоняя темя, 
 Держал мне золотое стремя, 
 И, гордо бросив повода, 
 Я поскакал туда, туда!.. 
 Летим -- сорвал бразды шелковы 
 Неукротимый конь судьбы, 
 И брызжут пламенем подковы, 
 Гремя о плиты и гробы. 
 Я обезумел, воздух свищет -- 
 Все вдаль и вдаль, надежда прочь. 
 И вот на нас упала ночь, 
 И под скалою бездна прыщет, 
 Над головой расшибся гром, 
 И конь, и всадник, прянув с края, 
 Кусты и глыбы отрывая, 
 В пучину ринулись кольцом. 
 Замлело сердце! Вихрь кончины 
 Мне обуял и взор, и ум. 
 Раздавлен на брегу пучины, 
 Едва я слышу рев и шум. 
 Вот набегают грозно, жадно 
 За валом вал наперерыв; 
 Уж мой отчаянный призыв 
 Стихает, залит пеной хладной... 
 И вдруг с утеса на утес, 
 Как зверь, поток меня понес 
 . . . . . . . . . . . . . . 
 Очнулся я от страшной грезы, 
 Но все душа тоски полна, 
 И мнилось, гнут меня железы 
 К веслу убогого челна. 
 Вдаль отуманенным потоком, 
 Меж сокрушающихся льдин, 
 Заботно озираясь оком, 
 Плыву я грустен и один. 
 На чуждом небе тьма ночная; 
 Как сон, бежит далекий брег, 
 И, шуму жизни чуть внимая, 
 Стремлю туда невольный бег, 
 Где вечен лед и вечны тучи, 
 И вечносеемая мгла, 
 Где жизнь, зачахнув, умерла 
 Среди пустынь и тундр зыбучих, 
 Где небо, степь и лоно вод 
 В безрадостный слияны свод, 
 Где в пустоте блуждают взоры 
 И даже нет стопе опоры! 
 Плыву. На тихом сердце хлад, 
 Дремотой лени тяжки вежды, 
 И звезды искрами надежды 
 В угрюмом небе не горят. 
 Забвенья ток меня лелеет, 
 Мечта уснула над веслом, 
 И время в тихий парус веет 
 Своим мирительным крылом. 
 Всё мертво у меня кругом... 
 И близко бездна океана 
 Белеет саваном тумана.


"
173;3469;ok;"Куда столь быстро и легко, 
 И гордо, и прелестно, 
 Ты пролетаешь, облачко, 
 Скиталец поднебесной?


Земли бездомное дитя, 
 Игралище погоды, 
 Напрасно, радугой блестя, 
 Ты, радостью природы!


Завоет вихрь, взметая прах -- 
 И ты из лона звездна 
 Дождем растаешь на степях 
 Бесславно, бесполезно!..


Блести, лети на ветерке, 
 Подобно нашей доле -- 
 И я погибну вдалеке 
 От родины и воли!


";А. А. Бестужев-Марлинский;К облаку : «Куда столь быстро и легко...»;"Куда столь быстро и легко, 
 И гордо, и прелестно, 
 Ты пролетаешь, облачко, 
 Скиталец поднебесной?


Земли бездомное дитя, 
 Игралище погоды, 
 Напрасно, радугой блестя, 
 Ты, радостью природы!


Завоет вихрь, взметая прах -- 
 И ты из лона звездна 
 Дождем растаешь на степях 
 Бесславно, бесполезно!..


Блести, лети на ветерке, 
 Подобно нашей доле -- 
 И я погибну вдалеке 
 От родины и воли!


"
174;3467;ok;"Чуть крылатая весна 
 Радостью повеет, 
 Оживает старина, 
 Сердце молодеет; 
 Присмирелые мечты 
 Рвут долой оковы, 
 Словно юные цветы 
 Рядятся в обновы, 
 И любви златые сны, 
 Осеняя вежды, 
 Вновь и вновь озарены 
 Радугой надежды.


";А. А. Бестужев-Марлинский;Оживление : «Чуть крылатая весна...»;"Чуть крылатая весна 
 Радостью повеет, 
 Оживает старина, 
 Сердце молодеет; 
 Присмирелые мечты 
 Рвут долой оковы, 
 Словно юные цветы 
 Рядятся в обновы, 
 И любви златые сны, 
 Осеняя вежды, 
 Вновь и вновь озарены 
 Радугой надежды.


"
175;3478;ok;"Еще ко гробу шаг -- и, может быть, порой, 
 Под кровом лар родных, увидя сии строки, 
 Ты с мыслью обо мне воспомнишь край далекий, 
 Где, брошен жизни сей бушующей волной, 
 Ты взора не сводил с звезды своей вожатой 
 И средь пустынь нагих, презревши бури стон, 
 Любви и истины искал святой закон 
 И в мир гармонии парил мечтой крылатой.


";А. А. Бестужев-Марлинский;«Еще ко гробу шаг -- и, может быть, порой...»;"Еще ко гробу шаг -- и, может быть, порой, 
 Под кровом лар родных, увидя сии строки, 
 Ты с мыслью обо мне воспомнишь край далекий, 
 Где, брошен жизни сей бушующей волной, 
 Ты взора не сводил с звезды своей вожатой 
 И средь пустынь нагих, презревши бури стон, 
 Любви и истины искал святой закон 
 И в мир гармонии парил мечтой крылатой.


"
176;3470;ok;"Пал туман на море синее, 
 Листопада первенец, 
 И горит в алмазах инея 
 Гор безлиственный венец.


Тяжко ходят волны хладные, 
 Буйно ветр шумит крылом. 
 Только вьются чайки жадные 
 На помории пустом.


Только блещет за туманами, 
 Как созвездие морей, 
 Над сыпучими полянами 
 Стая поздних лебедей.


Только с хищностью упорною 
 Их медлительный отлет 
 Над твердынею подзорною 
 Дикий беркут стережет.


Всё безжизненно, безрадостно 
 В померкающей дали, 
 Но страдальцу как-то сладостно 
 Увядание земли.


Как осеннее дыхание 
 Красоту с ее чела, 
 Так с души моей сияние 
 Длань судьбины сорвала.


В полдень сумраки вечерние -- 
 Взору томному покой, 
 Общей грустью тупит терние 
 Память родины святой!


Вей же песней усыпительной, 
 Перелетная метель, 
 Хлад забвения мирительный 
 Сердца тлеющего цель.


Между мною и любимого 
 Безнадежное «прости!». 
 Не призвать невозвратимого, 
 Дважды сердцу не цвести.


Хоть порой улыбка нежная 
 Озарит мои черты, 
 Это -- радуга наснежная 
 На могильные цветы!


";А. А. Бестужев-Марлинский;Осень : «Пал туман на море синее...»;"Пал туман на море синее, 
 Листопада первенец, 
 И горит в алмазах инея 
 Гор безлиственный венец.


Тяжко ходят волны хладные, 
 Буйно ветр шумит крылом. 
 Только вьются чайки жадные 
 На помории пустом.


Только блещет за туманами, 
 Как созвездие морей, 
 Над сыпучими полянами 
 Стая поздних лебедей.


Только с хищностью упорною 
 Их медлительный отлет 
 Над твердынею подзорною 
 Дикий беркут стережет.


Всё безжизненно, безрадостно 
 В померкающей дали, 
 Но страдальцу как-то сладостно 
 Увядание земли.


Как осеннее дыхание 
 Красоту с ее чела, 
 Так с души моей сияние 
 Длань судьбины сорвала.


В полдень сумраки вечерние -- 
 Взору томному покой, 
 Общей грустью тупит терние 
 Память родины святой!


Вей же песней усыпительной, 
 Перелетная метель, 
 Хлад забвения мирительный 
 Сердца тлеющего цель.


Между мною и любимого 
 Безнадежное «прости!». 
 Не призвать невозвратимого, 
 Дважды сердцу не цвести.


Хоть порой улыбка нежная 
 Озарит мои черты, 
 Это -- радуга наснежная 
 На могильные цветы!


"
177;3493;ok;"Я за морем синим, за синею далью 
 Сердце свое схоронил. 
 Я тоской о былом ледовитой печалью, 
 Словно двойной нерушимою сталью, 
 Грудь от людей заградил.


И крепок мой сон. Не разбит, не расколот 
 Щит мой. Но во мраке ночей 
 Мнится порой, расступился мой холод 
 И снова я ожил, и снова я молод 
 Взглядом прелестных очей.


";А. А. Бестужев-Марлинский;«Я за морем синим, за синею далью...»;"Я за морем синим, за синею далью 
 Сердце свое схоронил. 
 Я тоской о былом ледовитой печалью, 
 Словно двойной нерушимою сталью, 
 Грудь от людей заградил.


И крепок мой сон. Не разбит, не расколот 
 Щит мой. Но во мраке ночей 
 Мнится порой, расступился мой холод 
 И снова я ожил, и снова я молод 
 Взглядом прелестных очей.


"
178;7228;ok;"Длань своенравной Судьбы простерта над всею вселенной! 
 Ей, непреклонной, ничто слезы печальной любви; 
 Милого хладной рукой отторгнув от милого друга, 
 Рок безмятежен, без чувств, неомрачаем вовек. 
 Ропот до слуха его не доходит! -- Будем же тверды: 
 Боги покорны ему, выше Судьбы человек; 
 Мы никому, друзья, не подвластны душою; в минувшем, 
 В будущем можем мы жить, в сладостной, светлой мечте.


";В. К. Кюхельбекер;Разлука : «Длань своенравной Судьбы простерта над всею вселенной!..»;"Длань своенравной Судьбы простерта над всею вселенной! 
 Ей, непреклонной, ничто слезы печальной любви; 
 Милого хладной рукой отторгнув от милого друга, 
 Рок безмятежен, без чувств, неомрачаем вовек. 
 Ропот до слуха его не доходит! -- Будем же тверды: 
 Боги покорны ему, выше Судьбы человек; 
 Мы никому, друзья, не подвластны душою; в минувшем, 
 В будущем можем мы жить, в сладостной, светлой мечте.


"
179;NA;ok;"Есть лучший мир: туда свои мечты,
Туда свои я перенес желанья! 
Там нет тоски, нет имени страданья; 
Там, там, о Лиза, ангел чистоты!
Тебя любить я смею всей душою.
Ужель любовию святою 
Там оскорбишься ты?";В. К. Кюхельбекер;К Лизе;"Есть лучший мир: туда свои мечты,
Туда свои я перенес желанья! 
Там нет тоски, нет имени страданья; 
Там, там, о Лиза, ангел чистоты!
Тебя любить я смею всей душою.
Ужель любовию святою 
Там оскорбишься ты?"
180;NA;ok;"Нагнулись надо мной дерев родимых своды, 
Прохлада тихая развесистых берез! 
Здесь наш знакомый луг; вот милый нам утес; 
На высоту его, сыны младой свободы, 
Питомцы, баловни и Феба, и Природы,
Бывало, мы рвались сквозь густоту древес 
И слабым гладкий путь с презреньем оставляли
О время сладкое и чуждое печали! 
Ужель навеки мир души моей исчез 
И бросили меня волшебные мечтаньи? 
Веселье нахожу в одном воспоминаньи: 
Глаза полны невольных слез! 
Так, вы умчалися, мои златые годы;
Но — будь хвала судьбе: я снова, снова здесь,
Стою над озером, и зеркальные воды
Мне кажут холм, лесок, и мост, и берег весь,
И чистую лазурь безоблачных небес!
Как часто, сидя здесь в полуночном мерцаньи,
На месяц я глядел в восторженном молчаньи!
Места прелестные, где возвышенных муз,
И дивный пламень их, и радости святые,
Порыв к великому, любовь к добру – впервые
Узнали мы, и где наш тройственный союз,
Союз младых певцов и чистый, и священный,
Всесильным навыком и дружбой заключенный,
     Был братскою каменой укреплен!
Пусть будет он для нас до гроба незабвен:
Ни радость ясная, ни мрачное страданье,
Ни нега, ни корысть, ни почестей исканье –
Моей души ничто от вас не удалит!
И в песнях сладостных и в славе состязанье
Соперников-друзей тесней соединит!
Зачем же нет вас здесь, избранники харит?
Тебя, о Дельвиг мой, о мой мудрец ленивый,
Беспечный и в своей беспечности счастливый!
Тебя, мой огненный, чувствительный певец
          Любви и доброго Руслана, –
Тебя, на чьем челе предвижу я венец
Арьоста и Парни, Петрарки и Баяна!
О други! почему не с вами я брожу?
Зачем не говорю, не спорю здесь я с вами?
Не с вами с башни сей на пышный сад гляжу?
               Или, сплетясь руками,
Зачем не вместе мы внимаем шуму вод,
Биющих искрами и пеною о камень?
Не вместе смотрим здесь на солнечный восход,
На потухающий на крае неба пламень?
     Мне с вами всё казалось бы мечтой,
          Несвязным, смутным сновиденьем,
     Всё, всё, что встретил я, простясь с уединеньем,
     Увы! что у меня и счастье, и покой,
     И тишину души младенческой отъяло
     И сердце бедное так больно растерзало! –
     При вас, товарищи, моя утихнет кровь,
     И я в родной стране забуду на мгновенье
     Заботы и тоску, и скуку и волненье,
     Забуду, может быть, и самую любовь!";В. К. Кюхельбекер;Царское село;"Нагнулись надо мной дерев родимых своды, 
Прохлада тихая развесистых берез! 
Здесь наш знакомый луг; вот милый нам утес; 
На высоту его, сыны младой свободы, 
Питомцы, баловни и Феба, и Природы,
Бывало, мы рвались сквозь густоту древес 
И слабым гладкий путь с презреньем оставляли
О время сладкое и чуждое печали! 
Ужель навеки мир души моей исчез 
И бросили меня волшебные мечтаньи? 
Веселье нахожу в одном воспоминаньи: 
Глаза полны невольных слез! 
Так, вы умчалися, мои златые годы;
Но — будь хвала судьбе: я снова, снова здесь,
Стою над озером, и зеркальные воды
Мне кажут холм, лесок, и мост, и берег весь,
И чистую лазурь безоблачных небес!
Как часто, сидя здесь в полуночном мерцаньи,
На месяц я глядел в восторженном молчаньи!
Места прелестные, где возвышенных муз,
И дивный пламень их, и радости святые,
Порыв к великому, любовь к добру – впервые
Узнали мы, и где наш тройственный союз,
Союз младых певцов и чистый, и священный,
Всесильным навыком и дружбой заключенный,
     Был братскою каменой укреплен!
Пусть будет он для нас до гроба незабвен:
Ни радость ясная, ни мрачное страданье,
Ни нега, ни корысть, ни почестей исканье –
Моей души ничто от вас не удалит!
И в песнях сладостных и в славе состязанье
Соперников-друзей тесней соединит!
Зачем же нет вас здесь, избранники харит?
Тебя, о Дельвиг мой, о мой мудрец ленивый,
Беспечный и в своей беспечности счастливый!
Тебя, мой огненный, чувствительный певец
          Любви и доброго Руслана, –
Тебя, на чьем челе предвижу я венец
Арьоста и Парни, Петрарки и Баяна!
О други! почему не с вами я брожу?
Зачем не говорю, не спорю здесь я с вами?
Не с вами с башни сей на пышный сад гляжу?
               Или, сплетясь руками,
Зачем не вместе мы внимаем шуму вод,
Биющих искрами и пеною о камень?
Не вместе смотрим здесь на солнечный восход,
На потухающий на крае неба пламень?
     Мне с вами всё казалось бы мечтой,
          Несвязным, смутным сновиденьем,
     Всё, всё, что встретил я, простясь с уединеньем,
     Увы! что у меня и счастье, и покой,
     И тишину души младенческой отъяло
     И сердце бедное так больно растерзало! –
     При вас, товарищи, моя утихнет кровь,
     И я в родной стране забуду на мгновенье
     Заботы и тоску, и скуку и волненье,
     Забуду, может быть, и самую любовь!"
181;7240;ok;"Ясные грезы от вас, о бессмертные жители неба! 
 Не отнимайте -- молю! -- райской мечты у меня: 
 Нет оскорбления вам, когда безнадежный страдалец, 
 Чарами ночи пленен, счастлив обманчивым сном. 
 Сладостный голос ее, небесные, светлые очи, 
 Прелесть -- улыбка и взор, прелесть -- волшебная грудь -- 
 Так! я видел Элизу! В прекрасном виденьи Элиза 
 Руку сжимала мою; боги! скажу ль? на меня 
 Нежно взглянув: «Я чистою дружбой утрату любови, 
 Бедный! тебе заменю!» -- мне говорила она.


";В. К. Кюхельбекер;Элегия : «Ясные грезы от вас, о бессмертные жители неба!..»;"Ясные грезы от вас, о бессмертные жители неба! 
 Не отнимайте -- молю! -- райской мечты у меня: 
 Нет оскорбления вам, когда безнадежный страдалец, 
 Чарами ночи пленен, счастлив обманчивым сном. 
 Сладостный голос ее, небесные, светлые очи, 
 Прелесть -- улыбка и взор, прелесть -- волшебная грудь -- 
 Так! я видел Элизу! В прекрасном виденьи Элиза 
 Руку сжимала мою; боги! скажу ль? на меня 
 Нежно взглянув: «Я чистою дружбой утрату любови, 
 Бедный! тебе заменю!» -- мне говорила она.


"
182;7251;ok;"Не мани меня, надежда, 
 Не прельщай меня, мечта! 
 Уж нельзя мне всей душою 
 Вдаться в сладостный обман: 
 Уж унесся предо мною 
 С жизни жизненный туман!


Неожиданная встреча 
 С сердцем, любящим меня,-- 
 Мне ль тобою восхищаться, 
 Мне ль противиться судьбе?- 
 Я боюсь тебе вверяться! 
 Я не радуюсь тебе!


Надо мною тяготеет 
 Клятва друга первых лет!- 
 Юношей связали музы, 
 Радость, молодость, любовь -- 
 Я расторг святые узы! 
 Он в толпе моих врагов!


«Ни любовницы, ни друга 
 Не иметь тебе вовек!» -- 
 Молвил гневом вдохновенный 
 И пропал мне из очей -- 
 С той поры уединенный 
 Я скитаюсь меж людей!


Раз еще я видел счастье, 
 Видел на глазах слезу, 
 Видел нежное участье, 
 Видел -- но прости, певец! 
 Уж предвижу я ненастье: 
 Для меня ль союз сердец?


Что же роковая пуля 
 Не прервала дней моих? 
 Что ж для нового изгнанья 
 Не ведут ко мне коня? 
 В тихой тьме воспоминанья 
 Ты б не разлюбил меня!


";В. К. Кюхельбекер;Разуверение : «Не мани меня, надежда...»;"Не мани меня, надежда, 
 Не прельщай меня, мечта! 
 Уж нельзя мне всей душою 
 Вдаться в сладостный обман: 
 Уж унесся предо мною 
 С жизни жизненный туман!


Неожиданная встреча 
 С сердцем, любящим меня,-- 
 Мне ль тобою восхищаться, 
 Мне ль противиться судьбе?- 
 Я боюсь тебе вверяться! 
 Я не радуюсь тебе!


Надо мною тяготеет 
 Клятва друга первых лет!- 
 Юношей связали музы, 
 Радость, молодость, любовь -- 
 Я расторг святые узы! 
 Он в толпе моих врагов!


«Ни любовницы, ни друга 
 Не иметь тебе вовек!» -- 
 Молвил гневом вдохновенный 
 И пропал мне из очей -- 
 С той поры уединенный 
 Я скитаюсь меж людей!


Раз еще я видел счастье, 
 Видел на глазах слезу, 
 Видел нежное участье, 
 Видел -- но прости, певец! 
 Уж предвижу я ненастье: 
 Для меня ль союз сердец?


Что же роковая пуля 
 Не прервала дней моих? 
 Что ж для нового изгнанья 
 Не ведут ко мне коня? 
 В тихой тьме воспоминанья 
 Ты б не разлюбил меня!


"
183;7305;ok;"Глагол господень был ко мне 
 За цепью гор на бреге Кира: 
 «Ты дни влачишь в мертвящем сне; 
 В объятьях леностного мира: 
 На то ль тебе я пламень дал 
 И силу воздвигать народы? -- 
 Восстань, певец, пророк Свободы! 
 Вспрянь, возвести, что я вещал! 
 Никто -- но я воззвал Элладу; 
 Железный разломил ярем: 
 Душа ее не дастся аду; 
 Она очистится мечем, 
 И, искушенная в горниле, 
 Она воскреснет предо мной: 
 Ее подымет смертный бой; 
 Она возблещет в новой силе!» 
 Беснуясь, варвары текут; 
 Огня и крови льются реки; 
 На страшный и священный труд 
 Помчались радостные греки; 
 Младенец обнажает меч, 
 С мужами жены ополчились, 
 И мужи в львов преобразились 
 Среди пожаров, казней, сеч! 
 Костьми усеялося море, 
 Судов могущий сонм исчез: 
 Главу вздымая до небес. 
 Грядет на Византию горе! 
 Приспели грозные часы: 
 Подернет грады запустенье; 
 Не примет трупов погребенье, 
 И брань за них подымут псы! 
 Напрасны будут все крамолы; 
 Святая сила победит! 
 Бог зыблет и громит престолы; 
 Он правых, он свободных щит! -- 
 Меня не он ли наполняет 
 И проясняет тусклый взор? 
 Се предо мной мгновенно тает 
 Утесов ряд твердынь и гор! 
 Блестит кровавая денница; 
 В полях волнуется туман: 
 Лежит в осаде Триполицца 
 И бодр, не дремлет верный стан! 
 Священный пастырь к богу брани 
 Воздел трепещущие длани; 
 В живых молитвах и слезах 
 Кругом вся рать простерлась в прах. 
 С бойниц неверный ям смеется, 
 Злодей подъемлет их на смех: 
 Но Кара в облаках несется; 
 Отяжелел Османов грех! 
 Воспрянул старец вдохновенный, 
 Булат в деснице, в шуйце крест: 
 Он вмиг взлетел на вражьи стены; 
 Огонь и дым и гром окрест! 
 Кровь отомстилась убиенных 
 Детей и дев, сирот и вдов! 
 Нет в страшном граде пощаженных: 
 Всех, всех глотает смертный ров! -- 
 И се вам знаменье Спасенья, 
 Народы! -- близок, близок час: 
 Сам Саваоф стоит за вас! 
 Восходит солнце обновленья! 
 Но ты, коварный Альбион, 
 Бессмертным избранный когда-то, 
 Своим ты богом назвал злато: 
 Всесильный сокрушит твой трон! 
 За злобных тайный ты воитель! 
 Но будет послан ангел-мститель; 
 Судьбы ты страшной не минешь: 
 Ты день рожденья проклянешь! 
 Тебя замучают владыки; 
 И чад твоих наляжет страх; 
 Во все рассыплешься языки, 
 Как вихрем восхищенный прах. 
 Народов чуждых песнью будешь 
 И притчею твоих врагов, 
 И имя славное забудешь 
 Среди бичей, среди оков! 
 А я -- и в ссылке, и в темнице 
 Глагол Господень возвещу: 
 О боже, я в твоей деснице! 
 Я слов твоих не умолчу! -- 
 Как буря по полю несется, 
 Так в мире мой раздастся глас 
 И в слухе Сильных отзовется: 
 Тобой сочтен мой каждый влас!


";В. К. Кюхельбекер;Пророчество : «Глагол господень был ко мне...»;"Глагол господень был ко мне 
 За цепью гор на бреге Кира: 
 «Ты дни влачишь в мертвящем сне; 
 В объятьях леностного мира: 
 На то ль тебе я пламень дал 
 И силу воздвигать народы? -- 
 Восстань, певец, пророк Свободы! 
 Вспрянь, возвести, что я вещал! 
 Никто -- но я воззвал Элладу; 
 Железный разломил ярем: 
 Душа ее не дастся аду; 
 Она очистится мечем, 
 И, искушенная в горниле, 
 Она воскреснет предо мной: 
 Ее подымет смертный бой; 
 Она возблещет в новой силе!» 
 Беснуясь, варвары текут; 
 Огня и крови льются реки; 
 На страшный и священный труд 
 Помчались радостные греки; 
 Младенец обнажает меч, 
 С мужами жены ополчились, 
 И мужи в львов преобразились 
 Среди пожаров, казней, сеч! 
 Костьми усеялося море, 
 Судов могущий сонм исчез: 
 Главу вздымая до небес. 
 Грядет на Византию горе! 
 Приспели грозные часы: 
 Подернет грады запустенье; 
 Не примет трупов погребенье, 
 И брань за них подымут псы! 
 Напрасны будут все крамолы; 
 Святая сила победит! 
 Бог зыблет и громит престолы; 
 Он правых, он свободных щит! -- 
 Меня не он ли наполняет 
 И проясняет тусклый взор? 
 Се предо мной мгновенно тает 
 Утесов ряд твердынь и гор! 
 Блестит кровавая денница; 
 В полях волнуется туман: 
 Лежит в осаде Триполицца 
 И бодр, не дремлет верный стан! 
 Священный пастырь к богу брани 
 Воздел трепещущие длани; 
 В живых молитвах и слезах 
 Кругом вся рать простерлась в прах. 
 С бойниц неверный ям смеется, 
 Злодей подъемлет их на смех: 
 Но Кара в облаках несется; 
 Отяжелел Османов грех! 
 Воспрянул старец вдохновенный, 
 Булат в деснице, в шуйце крест: 
 Он вмиг взлетел на вражьи стены; 
 Огонь и дым и гром окрест! 
 Кровь отомстилась убиенных 
 Детей и дев, сирот и вдов! 
 Нет в страшном граде пощаженных: 
 Всех, всех глотает смертный ров! -- 
 И се вам знаменье Спасенья, 
 Народы! -- близок, близок час: 
 Сам Саваоф стоит за вас! 
 Восходит солнце обновленья! 
 Но ты, коварный Альбион, 
 Бессмертным избранный когда-то, 
 Своим ты богом назвал злато: 
 Всесильный сокрушит твой трон! 
 За злобных тайный ты воитель! 
 Но будет послан ангел-мститель; 
 Судьбы ты страшной не минешь: 
 Ты день рожденья проклянешь! 
 Тебя замучают владыки; 
 И чад твоих наляжет страх; 
 Во все рассыплешься языки, 
 Как вихрем восхищенный прах. 
 Народов чуждых песнью будешь 
 И притчею твоих врагов, 
 И имя славное забудешь 
 Среди бичей, среди оков! 
 А я -- и в ссылке, и в темнице 
 Глагол Господень возвещу: 
 О боже, я в твоей деснице! 
 Я слов твоих не умолчу! -- 
 Как буря по полю несется, 
 Так в мире мой раздастся глас 
 И в слухе Сильных отзовется: 
 Тобой сочтен мой каждый влас!


"
184;7309;ok;"В ужасных тех стенах, где Иоанн, 
 В младенчестве лишенный багряницы, 
 Во мраке заточенья был заклан 
 Булатом ослепленного убийцы, -- 
 Во тьме на узничьем одре лежал 
 Певец, поклонник пламенной свободы; 
 Отторжен, отлучен от всей природы. 
 Он в вольных думах счастия искал. 
 Но не придут обратно днн былые: 
 Прошла пора надежд и снов, 
 И вы, мечты, вы, призраки златые, 
 Не позлатить железных вам оков! 
 Тогда -- то не был сон -- во мрак темницы 
 Небесное видение сошло: 
 Раздался звук торжественной цевницы; 
 Испуганный певец подъял чело 
 И зрит: на облаках несомый, 
 Явился образ, узнику знакомый. 
 «Несу товарищу привет 
 Из области, где нет тиранов, 
 Где вечен мир, где вечен свет. 
 Где нет ни бури, ни туманов. 
 Блажен и славен мой удел: 
 Свободу русскому народу 
 Могучим гласом я воспел, 
 Воспел и умер за свободу! 
 Счастливец, я запечатлел 
 Любовь к земле родимой кровью! 
 И ты -- я знаю -- пламенел 
 К отчизне чистою любовью. 
 Грядущее твоим очам 
 Разоблачу я в утешенье... 
 Поверь: не жертвовал ты снам; 
 Надеждам будет исполненье!» -- 
 Он рек -- и бестелесною рукой 
 Раздвинул стены, растворил затворы, 
 Воздвиг певец восторженные взоры 
 И видит: на Руси святой 
 Свобода, счастье и покой!


";В. К. Кюхельбекер;Тень Рылеева : «В ужасных тех стенах, где Иоанн...»;"В ужасных тех стенах, где Иоанн, 
 В младенчестве лишенный багряницы, 
 Во мраке заточенья был заклан 
 Булатом ослепленного убийцы, -- 
 Во тьме на узничьем одре лежал 
 Певец, поклонник пламенной свободы; 
 Отторжен, отлучен от всей природы. 
 Он в вольных думах счастия искал. 
 Но не придут обратно днн былые: 
 Прошла пора надежд и снов, 
 И вы, мечты, вы, призраки златые, 
 Не позлатить железных вам оков! 
 Тогда -- то не был сон -- во мрак темницы 
 Небесное видение сошло: 
 Раздался звук торжественной цевницы; 
 Испуганный певец подъял чело 
 И зрит: на облаках несомый, 
 Явился образ, узнику знакомый. 
 «Несу товарищу привет 
 Из области, где нет тиранов, 
 Где вечен мир, где вечен свет. 
 Где нет ни бури, ни туманов. 
 Блажен и славен мой удел: 
 Свободу русскому народу 
 Могучим гласом я воспел, 
 Воспел и умер за свободу! 
 Счастливец, я запечатлел 
 Любовь к земле родимой кровью! 
 И ты -- я знаю -- пламенел 
 К отчизне чистою любовью. 
 Грядущее твоим очам 
 Разоблачу я в утешенье... 
 Поверь: не жертвовал ты снам; 
 Надеждам будет исполненье!» -- 
 Он рек -- и бестелесною рукой 
 Раздвинул стены, растворил затворы, 
 Воздвиг певец восторженные взоры 
 И видит: на Руси святой 
 Свобода, счастье и покой!


"
185;7262;ok;"Слышу стон твой, ветер бурный! 
 Твой унылый, дикий вой: 
 Тьмой ненастной свод лазурный, 
 Черным саваном покрой!


Пусть леса, холмы и долы 
 Огласит твой шумный зык! 
 Внятны мне твои глаголы, 
 Мне понятен твой язык.


Из темницы безотрадной 
 Преклоняю жадный слух: 
 За тобою, ветер хладный, 
 Рвется мой стесненный дух!


Ветер! ветер! за тобою 
 К необъятной вышине 
 Над печальной мглой земною 
 В даль бы понестися мне!


Был бы воздух одеянье, 
 Собеседник -- Божий гром, 
 Песни -- бурей завыванье, 
 Небо -- мой пространный дом.


Облетел бы круг вселенной, 
 Только там бы отдохнул, 
 Где семьи, мне незабвенной, 
 Речи вторит тихий гул;


Среди летней светлой ночи, 
 У часовни той простой, 
 Им бы там мелькнул я в очи, 
 Где почиет их родной!


К милым я простер бы pyки, 
 Улыбнулся бы, исчез, 
 Но знакомой лиры звуки 
 Потрясли бы близкий лес.


";В. К. Кюхельбекер;Ветер : «Слышу стон твой, ветер бурный!..»;"Слышу стон твой, ветер бурный! 
 Твой унылый, дикий вой: 
 Тьмой ненастной свод лазурный, 
 Черным саваном покрой!


Пусть леса, холмы и долы 
 Огласит твой шумный зык! 
 Внятны мне твои глаголы, 
 Мне понятен твой язык.


Из темницы безотрадной 
 Преклоняю жадный слух: 
 За тобою, ветер хладный, 
 Рвется мой стесненный дух!


Ветер! ветер! за тобою 
 К необъятной вышине 
 Над печальной мглой земною 
 В даль бы понестися мне!


Был бы воздух одеянье, 
 Собеседник -- Божий гром, 
 Песни -- бурей завыванье, 
 Небо -- мой пространный дом.


Облетел бы круг вселенной, 
 Только там бы отдохнул, 
 Где семьи, мне незабвенной, 
 Речи вторит тихий гул;


Среди летней светлой ночи, 
 У часовни той простой, 
 Им бы там мелькнул я в очи, 
 Где почиет их родной!


К милым я простер бы pyки, 
 Улыбнулся бы, исчез, 
 Но знакомой лиры звуки 
 Потрясли бы близкий лес.


"
186;7266;ok;"Податель счастья и мученья, 
 Тебя ли я встречаю вновь? 
 И даже в мраке заточенья 
 Ты обрела меня, любовь!


Увы! почто твои приветы? 
 К чему улыбка мне твоя? 
 Твоим светилом ли согретый 
 Воскресну вновь для жизни я?


Нет! минула пора мечтаний, 
 Пора надежды и любви: 
 От мраза лютого страданий 
 Хладеет ток моей крови.


Для узника ли взоров страстных 
 Восторг, и блеск, и темнота?-- 
 Погаснет луч в парах ненастных: 
 Забудь страдальца, красота!


";В. К. Кюхельбекер;Любовь : «Податель счастья и мученья...»;"Податель счастья и мученья, 
 Тебя ли я встречаю вновь? 
 И даже в мраке заточенья 
 Ты обрела меня, любовь!


Увы! почто твои приветы? 
 К чему улыбка мне твоя? 
 Твоим светилом ли согретый 
 Воскресну вновь для жизни я?


Нет! минула пора мечтаний, 
 Пора надежды и любви: 
 От мраза лютого страданий 
 Хладеет ток моей крови.


Для узника ли взоров страстных 
 Восторг, и блеск, и темнота?-- 
 Погаснет луч в парах ненастных: 
 Забудь страдальца, красота!


"
187;7242;ok;"Мне ведомо море, седой океан: 
 Над ним беспредельный простерся туман. 
 Над ним лучезарный не катится щит; 
 Но звездочка бледная тихо горит.


Пускай океана неведом конец, 
 Его не боится отважный пловец; 
 В него меня манит незанятый блеск, 
 Таинственный шепот и сладостный плеск.


В него погружаюсь один, молчалив, 
 Когда настает полуночный прилив, 
 И чуть до груди прикоснется волна, 
 В больную вливается грудь тишина.


И вдруг я на береге -- будто знаком! 
 Гляжу и вхожу в очарованный дом: 
 Из окон мне милые лица глядят 
 И речи приветные слух веселят,


Не милых ли сердцу я вижу друзей, 
 Когда-то товарищей жизни моей? 
 Все, все они здесь! Удержать не могли 
 Ни рок их, ни люди, ни недра земли!


По-прежнему льется живой разговор; 
 По-прежнему светится дружеский взор... 
 При вещем сиянии райской звезды 
 Забыта разлука, забыты беды.


Но ах! пред зарей наступает отлив -- 
 И слышится мне не отрадный призыв... 
 Развеялось все -- и мерцание дня 
 В пустыне глухой осветило меня.


";В. К. Кюхельбекер;Море сна : «Мне ведомо море, седой океан...»;"Мне ведомо море, седой океан: 
 Над ним беспредельный простерся туман. 
 Над ним лучезарный не катится щит; 
 Но звездочка бледная тихо горит.


Пускай океана неведом конец, 
 Его не боится отважный пловец; 
 В него меня манит незанятый блеск, 
 Таинственный шепот и сладостный плеск.


В него погружаюсь один, молчалив, 
 Когда настает полуночный прилив, 
 И чуть до груди прикоснется волна, 
 В больную вливается грудь тишина.


И вдруг я на береге -- будто знаком! 
 Гляжу и вхожу в очарованный дом: 
 Из окон мне милые лица глядят 
 И речи приветные слух веселят,


Не милых ли сердцу я вижу друзей, 
 Когда-то товарищей жизни моей? 
 Все, все они здесь! Удержать не могли 
 Ни рок их, ни люди, ни недра земли!


По-прежнему льется живой разговор; 
 По-прежнему светится дружеский взор... 
 При вещем сиянии райской звезды 
 Забыта разлука, забыты беды.


Но ах! пред зарей наступает отлив -- 
 И слышится мне не отрадный призыв... 
 Развеялось все -- и мерцание дня 
 В пустыне глухой осветило меня.


"
188;NA;ok;"Не до конца меня покинул ты...
Увы! я унывал, я таял:
""Сокрылися, исчезли, - так я чаял, -
Живившие меня мечты;
Огонь небесный вдохновенья
Потух, потух в моей груди,
Уж светлый ангел песнопенья
По радужному не слетит пути,
Болезней сердца исцелитель,
В мою печальную обитель"".
И я душою пал и к жизни охладел.
И ждал и думал: ""Скоро ли предел
Моих увядших дней?"". Но, милосердый, вечный!
Услышал ты мой стон сердечный.
Ты ведаешь: еще я слаб,
Еще земных страстей, мирских желаний раб;
Твоя, всевышний, благодать
Еще не блещет надо мной...
Божественную звать, искать,
О ней в слезах молиться не устану;
А ныне... не Исраилю ли манну,
Отец, создатель, боже мой,
Так точно ты послал в божественной пустыне,
Как был тобой мне послан ныне
Мой утешитель временной?
Он пестун мой, он с самой колыбели
Меня в объятия приял:
Уста младенца приучал к свирели,
Растил меня, не покидал
Нигде питомца; обитал со мною
Над зеркальной, широкою Невою;
Со мною странствовал среди Кавказских скал;
Являлся мне с улыбкою и думой
На высоте суровой и угрюмой
Надоблачных, покрытых льдами гор;
Сияньем сладостной лазури
Живил и упоял в Гесперии мой взор;
На Севере ж вещал мне в воплях бури
И в жалобе взволнованных лесов...
Он мне не изменил, единый,
Ни под ударами неистовых врагов,
Ни под тяжелым бременем кручины...
И что же? наконец и он
Исчез, казалось, как ничтожный сон;
Махнул, казалось мне, воздушными крылами,
Взвился, исчез за облаками,
Меня покинул - и навек!
Я застонал, мне душу мрак облек...
Ах! кто такие испытал утраты,
Какие суждено мне было испытать,
Чьи лучшие надежды все пожаты,
Тот может ли не трепетать,
Когда последнее в страданьях утешенье
С ним расстается навсегда?
Но маловерье - слепота:
Ты, дивный в чудесах, приял мое моленье;
Ты щедр и благостен, ты весь любовь;
Ты рек - и возвратился вновь
В мою расцветшую обитель
Болезней сердца исцелитель!
Нет! не потух в моей груди
Огонь небесный вдохновенья:
Опять, опять по светлому пути
Ко мне слетает ангел песнопенья.";В. К. Кюхельбекер;Возврат вдохновения;"Не до конца меня покинул ты...
Увы! я унывал, я таял:
""Сокрылися, исчезли, - так я чаял, -
Живившие меня мечты;
Огонь небесный вдохновенья
Потух, потух в моей груди,
Уж светлый ангел песнопенья
По радужному не слетит пути,
Болезней сердца исцелитель,
В мою печальную обитель"".
И я душою пал и к жизни охладел.
И ждал и думал: ""Скоро ли предел
Моих увядших дней?"". Но, милосердый, вечный!
Услышал ты мой стон сердечный.
Ты ведаешь: еще я слаб,
Еще земных страстей, мирских желаний раб;
Твоя, всевышний, благодать
Еще не блещет надо мной...
Божественную звать, искать,
О ней в слезах молиться не устану;
А ныне... не Исраилю ли манну,
Отец, создатель, боже мой,
Так точно ты послал в божественной пустыне,
Как был тобой мне послан ныне
Мой утешитель временной?
Он пестун мой, он с самой колыбели
Меня в объятия приял:
Уста младенца приучал к свирели,
Растил меня, не покидал
Нигде питомца; обитал со мною
Над зеркальной, широкою Невою;
Со мною странствовал среди Кавказских скал;
Являлся мне с улыбкою и думой
На высоте суровой и угрюмой
Надоблачных, покрытых льдами гор;
Сияньем сладостной лазури
Живил и упоял в Гесперии мой взор;
На Севере ж вещал мне в воплях бури
И в жалобе взволнованных лесов...
Он мне не изменил, единый,
Ни под ударами неистовых врагов,
Ни под тяжелым бременем кручины...
И что же? наконец и он
Исчез, казалось, как ничтожный сон;
Махнул, казалось мне, воздушными крылами,
Взвился, исчез за облаками,
Меня покинул - и навек!
Я застонал, мне душу мрак облек...
Ах! кто такие испытал утраты,
Какие суждено мне было испытать,
Чьи лучшие надежды все пожаты,
Тот может ли не трепетать,
Когда последнее в страданьях утешенье
С ним расстается навсегда?
Но маловерье - слепота:
Ты, дивный в чудесах, приял мое моленье;
Ты щедр и благостен, ты весь любовь;
Ты рек - и возвратился вновь
В мою расцветшую обитель
Болезней сердца исцелитель!
Нет! не потух в моей груди
Огонь небесный вдохновенья:
Опять, опять по светлому пути
Ко мне слетает ангел песнопенья."
189;NA;ok;"Прибегну к Господу с мольбою,
Небесного взыщу Отца:
Не дай мне, Боже, пасть душою,
Но да креплюся до конца!

Ты знаешь испытаний меру,
Что мне во благо, знаешь ты:
Пролей живительную веру
В меня с надзвездной высоты!

Душа моя не есть ли поле,
Иссохшее в тяжелый зной?
О Боже, Боже мой, доколе
Отринут буду я Тобой?

Не презри Твоего созданья;
Твое творенье я, Творец!
Нечистые мои мечтанья
Сорви, исторгни, как волчец;

Низвергни в море преступленья
Грех буйной юности моей;
Даруй мне тихие моленья;
Очисти взор моих очей!

Да устремлю туда желанья,
Где ужаса и скорби нет,
Где блеском вечного сиянья
Господень вертоград одет.";В. К. Кюхельбекер;Молитва;"Прибегну к Господу с мольбою,
Небесного взыщу Отца:
Не дай мне, Боже, пасть душою,
Но да креплюся до конца!

Ты знаешь испытаний меру,
Что мне во благо, знаешь ты:
Пролей живительную веру
В меня с надзвездной высоты!

Душа моя не есть ли поле,
Иссохшее в тяжелый зной?
О Боже, Боже мой, доколе
Отринут буду я Тобой?

Не презри Твоего созданья;
Твое творенье я, Творец!
Нечистые мои мечтанья
Сорви, исторгни, как волчец;

Низвергни в море преступленья
Грех буйной юности моей;
Даруй мне тихие моленья;
Очисти взор моих очей!

Да устремлю туда желанья,
Где ужаса и скорби нет,
Где блеском вечного сиянья
Господень вертоград одет."
190;7270;ok;"Скажи: совсем ли ты мне изменил, 
 Доселе неизменный мой хранитель? 
 Для узника в волшебную обитель 
 Темницу превращал ты, Исфраил. 
 Я был один, покинут всеми в мире, 
 Всего страшился, даже и надежд... 
 Бывало же, коснешься темных вежд -- 
 С них снимешь мрак, дашь жизнь и пламень лире,-- 
 И снова я свободен и могуч: 
 Растаяли затворы, спали цепи, 
 И, как орел под солнцем из-за туч 
 Обозревает горы, реки, степи,-- 
 Так вижу мир, раскрытый под собой, 
 И, радостен, сквозь ужас хладной ночи, 
 Бросаю полные восторга очи 
 На свиток, писанный судьбы рукой!.. 
 А ныне пали стены предо мной: 
 Я волен: что же? Бледные заботы, 
 И грязный труд, и вопль глухой нужды, 
 И визг детей, и стук тупой работы 
 Перекричали песнь златой мечты, 
 Смели, как прах, с души моей виденья, 
 Отняли время и досуг творить -- 
 И вялых дней безжизненная нить 
 Прядется мне из мук и утомленья.


";В. К. Кюхельбекер;Разочарование : «Скажи: совсем ли ты мне изменил...»;"Скажи: совсем ли ты мне изменил, 
 Доселе неизменный мой хранитель? 
 Для узника в волшебную обитель 
 Темницу превращал ты, Исфраил. 
 Я был один, покинут всеми в мире, 
 Всего страшился, даже и надежд... 
 Бывало же, коснешься темных вежд -- 
 С них снимешь мрак, дашь жизнь и пламень лире,-- 
 И снова я свободен и могуч: 
 Растаяли затворы, спали цепи, 
 И, как орел под солнцем из-за туч 
 Обозревает горы, реки, степи,-- 
 Так вижу мир, раскрытый под собой, 
 И, радостен, сквозь ужас хладной ночи, 
 Бросаю полные восторга очи 
 На свиток, писанный судьбы рукой!.. 
 А ныне пали стены предо мной: 
 Я волен: что же? Бледные заботы, 
 И грязный труд, и вопль глухой нужды, 
 И визг детей, и стук тупой работы 
 Перекричали песнь златой мечты, 
 Смели, как прах, с души моей виденья, 
 Отняли время и досуг творить -- 
 И вялых дней безжизненная нить 
 Прядется мне из мук и утомленья.


"
191;NA;ok;"Раздался звук трубы военной,
Гремит сквозь бури бранный гром:
Народ, развратом воспоенный,
Грозит нам рабством и ярмом!
Текут толпы, корыстью гладны,
Ревут, как звери плотоядны,
Алкая пить в России кровь.
Идут, сердца их - жесткий камень,
В руках вращают меч и пламень
На гибель весей и градов!

В крови омочены знамена
Багреют в трепетных полях,
Враги нам вьют вериги плена,
Насилье грозно в их полках.
Идут, влекомы жаждой дани, -
О страх! срывают дерзки длани
Со храмов Божьих лепоту!
Идут - и след их пепл и степи!
На старцев возлагают цепи,
Влекут на муки красоту!

Теперь ли нам дремать в покое,
России верные сыны?!
Пойдем, сомкнемся в ратном строе,
Пойдем - и в ужасах войны
Друзьям, отечеству, народу
Отыщем славу и свободу
Иль все падем в родных полях!
Что лучше: жизнь - где узы плена,
Иль смерть - где росские знамена?
В героях быть или в рабах?

Исчезли мира дни счастливы,
Пылает зарево войны:
Простите, веси, паствы, нивы!
К оружью, дети тишины!
Теперь, сей час же мы, о други!
Скуем в мечи серпы и плуги:
На бой теперь - иль никогда!
Замедлим час - и будет поздно!
Уж близко, близко время грозно:
Для всех равно близка беда!

И всех, мне мнится, клятву внемлю:
Забав и радостей не знать,
Доколе враг святую землю
Престанет кровью обагрять!
Там друг зовет на битву друга,
Жена, рыдая, шлет супруга,
И матерь в бой - своих сынов!
Жених не мыслит о невесте,
И громче труб на поле чести
Зовет к отечеству любовь!";Ф. Н. Глинка;Военная песнь, написанная во время приближения неприятеля к Смоленской губернии;"Раздался звук трубы военной,
Гремит сквозь бури бранный гром:
Народ, развратом воспоенный,
Грозит нам рабством и ярмом!
Текут толпы, корыстью гладны,
Ревут, как звери плотоядны,
Алкая пить в России кровь.
Идут, сердца их - жесткий камень,
В руках вращают меч и пламень
На гибель весей и градов!

В крови омочены знамена
Багреют в трепетных полях,
Враги нам вьют вериги плена,
Насилье грозно в их полках.
Идут, влекомы жаждой дани, -
О страх! срывают дерзки длани
Со храмов Божьих лепоту!
Идут - и след их пепл и степи!
На старцев возлагают цепи,
Влекут на муки красоту!

Теперь ли нам дремать в покое,
России верные сыны?!
Пойдем, сомкнемся в ратном строе,
Пойдем - и в ужасах войны
Друзьям, отечеству, народу
Отыщем славу и свободу
Иль все падем в родных полях!
Что лучше: жизнь - где узы плена,
Иль смерть - где росские знамена?
В героях быть или в рабах?

Исчезли мира дни счастливы,
Пылает зарево войны:
Простите, веси, паствы, нивы!
К оружью, дети тишины!
Теперь, сей час же мы, о други!
Скуем в мечи серпы и плуги:
На бой теперь - иль никогда!
Замедлим час - и будет поздно!
Уж близко, близко время грозно:
Для всех равно близка беда!

И всех, мне мнится, клятву внемлю:
Забав и радостей не знать,
Доколе враг святую землю
Престанет кровью обагрять!
Там друг зовет на битву друга,
Жена, рыдая, шлет супруга,
И матерь в бой - своих сынов!
Жених не мыслит о невесте,
И громче труб на поле чести
Зовет к отечеству любовь!"
192;NA;ok;"Приятно алых зорь мерцанье...
                       Прелестно тихое сиянье
                       Луны прекрасной, молодой,
                       Когда над зеркальной водой
                  Стоит, и лик ее дрожит на дне потока,
                  Иль _девой чистою_, в безмолвии ночей,
                     Гуляет в голубых полях востока
                       В богатых тканях из лучей...
                  Но, друг мой, ангел мой, мне _блеск твоих очей_
                  И розовой зари и лун младых милее.
                       Что пышной радуги светлее,
                       Когда в воздушных высотах
                  Горит она в семи блистающих цветах
                  И, небо оттеня прекрасной полосою,
                       Любуется своей красою,
                       Смотрясь в серебряный ручей!
                  Но мне всего милей, мне - _блеск твоих очей_!
                       Я видел солнце на восходе,
                       Когда, как будто чрез окно,
                  Глядит с улыбкою из-за холмов оно
                       И дремлющей еще природе
                          Шлет утренний привет...
                  Я зрел потом его великолепный свет,
                  Когда и куст простой, осыпанный росою,
                          Сияет дивною красою
                  В алмазах, в пурпуре и в блеске богачей.
                  Всё мило. Но милей мне _блеск твоих очей_!
                  Я зрел дрожащее сиянье звезд в эфире
                     В часы спокойствия в безмолвном мире;
                     Я видел дивную игру лучей
                  В кристаллах и в сребре фонтанов и ключей!
                  Прекрасный, пышный блеск! Но _блеск твоих очей_
                  (Что делать мне?) - луны, зари и звезд милее!..
                  Ах! Много в жизни я терпел, томясь, стеня...
                  Но, _очи милые_! Смотрите на меня -
                  И будет жизнь моя луны младой светлее!..";Ф. Н. Глинка;Блеск очей;"Приятно алых зорь мерцанье...
                       Прелестно тихое сиянье
                       Луны прекрасной, молодой,
                       Когда над зеркальной водой
                  Стоит, и лик ее дрожит на дне потока,
                  Иль _девой чистою_, в безмолвии ночей,
                     Гуляет в голубых полях востока
                       В богатых тканях из лучей...
                  Но, друг мой, ангел мой, мне _блеск твоих очей_
                  И розовой зари и лун младых милее.
                       Что пышной радуги светлее,
                       Когда в воздушных высотах
                  Горит она в семи блистающих цветах
                  И, небо оттеня прекрасной полосою,
                       Любуется своей красою,
                       Смотрясь в серебряный ручей!
                  Но мне всего милей, мне - _блеск твоих очей_!
                       Я видел солнце на восходе,
                       Когда, как будто чрез окно,
                  Глядит с улыбкою из-за холмов оно
                       И дремлющей еще природе
                          Шлет утренний привет...
                  Я зрел потом его великолепный свет,
                  Когда и куст простой, осыпанный росою,
                          Сияет дивною красою
                  В алмазах, в пурпуре и в блеске богачей.
                  Всё мило. Но милей мне _блеск твоих очей_!
                  Я зрел дрожащее сиянье звезд в эфире
                     В часы спокойствия в безмолвном мире;
                     Я видел дивную игру лучей
                  В кристаллах и в сребре фонтанов и ключей!
                  Прекрасный, пышный блеск! Но _блеск твоих очей_
                  (Что делать мне?) - луны, зари и звезд милее!..
                  Ах! Много в жизни я терпел, томясь, стеня...
                  Но, _очи милые_! Смотрите на меня -
                  И будет жизнь моя луны младой светлее!.."
193;5602;ok;"О Пушкин, Пушкин! Кто тебя 
 Учил пленять в стихах чудесных? 
 Какой из жителей небесных, 
 Тебя младенцем полюбя, 
 Лелея, баял в колыбели? 
 Лишь ты завидел белый свет, 
 К тебе эроты прилетели 
 И с лаской грации подсели... 
 И музы, слышал я, совет 
 Нарочно всей семьей держали 
 И, кончив долгий спор, сказали: 
 «Расти, резвись -- и будь поэт!» 
 И вырос ты, резвился вволю, 
 И взрос с тобою дар богов: 
 И вот, блажа беспечну долю, 
 Поешь ты радость и любовь, 
 Поешь утехи, наслажденья, 
 И топот коней, гром сраженья, 
 И чары ведьм и колдунов, 
 И русских витязей забавы... 
 Склонясь под дубы величавы, 
 Лишь ты запел, младой певец, 
 И добрый дух седой дубравы, 
 Старинных дел, старинной славы 
 Певцу младому вьет венец! 
 И всё былое обновилось: 
 Воскресла в песне старина, 
 И песнь волшебного полна! 
 И боязливая луна 
 За облак дымный хоронилась 
 И молча в песнь твою влюбилась.. 
 Всё было слух и тишина: 
 В пустыне эхо замолчало, 
 Вниманье волны оковало, 
 И мнилось, слышат берега! 
 И в них русалка молодая 
 Забыла витязя Рогдая, 
 Родные воды -- и в луга 
 Бежит ласкать певца младого... 
 Судьбы и времени седого 
 Не бойся, молодой певец! 
 Следы исчезнут поколений, 
 Но жив талант, бессмертен гений!..


";Ф. Н. Глинка;К Пушкину : «О Пушкин, Пушкин! Кто тебя...»;"О Пушкин, Пушкин! Кто тебя 
 Учил пленять в стихах чудесных? 
 Какой из жителей небесных, 
 Тебя младенцем полюбя, 
 Лелея, баял в колыбели? 
 Лишь ты завидел белый свет, 
 К тебе эроты прилетели 
 И с лаской грации подсели... 
 И музы, слышал я, совет 
 Нарочно всей семьей держали 
 И, кончив долгий спор, сказали: 
 «Расти, резвись -- и будь поэт!» 
 И вырос ты, резвился вволю, 
 И взрос с тобою дар богов: 
 И вот, блажа беспечну долю, 
 Поешь ты радость и любовь, 
 Поешь утехи, наслажденья, 
 И топот коней, гром сраженья, 
 И чары ведьм и колдунов, 
 И русских витязей забавы... 
 Склонясь под дубы величавы, 
 Лишь ты запел, младой певец, 
 И добрый дух седой дубравы, 
 Старинных дел, старинной славы 
 Певцу младому вьет венец! 
 И всё былое обновилось: 
 Воскресла в песне старина, 
 И песнь волшебного полна! 
 И боязливая луна 
 За облак дымный хоронилась 
 И молча в песнь твою влюбилась.. 
 Всё было слух и тишина: 
 В пустыне эхо замолчало, 
 Вниманье волны оковало, 
 И мнилось, слышат берега! 
 И в них русалка молодая 
 Забыла витязя Рогдая, 
 Родные воды -- и в луга 
 Бежит ласкать певца младого... 
 Судьбы и времени седого 
 Не бойся, молодой певец! 
 Следы исчезнут поколений, 
 Но жив талант, бессмертен гений!..


"
194;NA;ok;"Когда, влекомы в плен, мы стали
                      От стен сионских далеки,
                      Мы слез ручьи не раз мешали
                      С волнами чуждыя реки.

                      В печали, молча, мы грустили
                      Всё по тебе, святой Сион;
                      Надежды редко нам светили,
                      И те надежды были - сон!

                      Замолкли вещие органы,
                      Затих веселый наш тимпан.
                      Напрасно нам гласят тираны:
                      ""Воспойте песнь сионских стран!""

                      Сиона песни - глас свободы!
                      Те песни слава нам дала!
                      В них тайны мы поем природы
                      И бога дивного дела!

                      Немей, орган наш голосистый,
                      Как занемел наш в рабстве дух!
                      Не опозорим песни чистой:
                      Не ей ласкать злодеев слух!

                      Увы, неволи дни суровы
                      Органам жизни не дают:
                      Рабы, влачащие оковы,
                      Высоких песней не поют!";Ф. Н. Глинка;Плач пленных иудеев;"Когда, влекомы в плен, мы стали
                      От стен сионских далеки,
                      Мы слез ручьи не раз мешали
                      С волнами чуждыя реки.

                      В печали, молча, мы грустили
                      Всё по тебе, святой Сион;
                      Надежды редко нам светили,
                      И те надежды были - сон!

                      Замолкли вещие органы,
                      Затих веселый наш тимпан.
                      Напрасно нам гласят тираны:
                      ""Воспойте песнь сионских стран!""

                      Сиона песни - глас свободы!
                      Те песни слава нам дала!
                      В них тайны мы поем природы
                      И бога дивного дела!

                      Немей, орган наш голосистый,
                      Как занемел наш в рабстве дух!
                      Не опозорим песни чистой:
                      Не ей ласкать злодеев слух!

                      Увы, неволи дни суровы
                      Органам жизни не дают:
                      Рабы, влачащие оковы,
                      Высоких песней не поют!"
195;NA;ok;"К Тебе, мой Бог, спешу с молитвой:
                       Я жизнью утомлен, как битвой!
                       Куда свое мне сердце деть?
                       Везде зазыв страстей лукавых;
                       И в чашах золотых - отравы,
                       И под травой душистой - сеть.
                       Там люди строят мне напасти;
                       А тут в груди бунтуют страсти!
                       Разбит мой щит, копье в куски,
                       И нет охранной мне руки!
                       Я бедный нищий, без защиты;
                       Кругом меня кипят беды,
                       И бледные мои ланиты
                       Изрыли слезные бразды.
                       Один, без вождя и без света,
                       Бродил я в темной жизни сей,
                       И быстро пролетали лета
                       Кипящей юности моей.
                       Везде, холодные, смеялись
                       Над сердцем пламенным моим,
                       И нечестивые ругались
                       Не мной, но Именем Твоим,
                       Но Ты меня, мой Бог великий,
                       Покою в бурях научил!
                       Ты вертоград в пустыне дикой
                       Небесной влагой упоил!
                       Ты стал кругом меня оградой,
                       И, грустный, я дышу отрадой.
                       Увы! мой путь - был путь сетей;
                       Но Ты хранил меня, Незримый!
                       И буря пламенных страстей,
                       Как страшный сон, промчалась мимо;
                       Затих тревожный жизни бой...
                       Отец! как сладко быть с Тобой!
                       Веди ж меня из сей темницы
                       Во Свой незаходимый свет!
                       Всё дар святой Твоей десницы:
                       И долгота и счастье лет!";Ф. Н. Глинка;Молитва души;"К Тебе, мой Бог, спешу с молитвой:
                       Я жизнью утомлен, как битвой!
                       Куда свое мне сердце деть?
                       Везде зазыв страстей лукавых;
                       И в чашах золотых - отравы,
                       И под травой душистой - сеть.
                       Там люди строят мне напасти;
                       А тут в груди бунтуют страсти!
                       Разбит мой щит, копье в куски,
                       И нет охранной мне руки!
                       Я бедный нищий, без защиты;
                       Кругом меня кипят беды,
                       И бледные мои ланиты
                       Изрыли слезные бразды.
                       Один, без вождя и без света,
                       Бродил я в темной жизни сей,
                       И быстро пролетали лета
                       Кипящей юности моей.
                       Везде, холодные, смеялись
                       Над сердцем пламенным моим,
                       И нечестивые ругались
                       Не мной, но Именем Твоим,
                       Но Ты меня, мой Бог великий,
                       Покою в бурях научил!
                       Ты вертоград в пустыне дикой
                       Небесной влагой упоил!
                       Ты стал кругом меня оградой,
                       И, грустный, я дышу отрадой.
                       Увы! мой путь - был путь сетей;
                       Но Ты хранил меня, Незримый!
                       И буря пламенных страстей,
                       Как страшный сон, промчалась мимо;
                       Затих тревожный жизни бой...
                       Отец! как сладко быть с Тобой!
                       Веди ж меня из сей темницы
                       Во Свой незаходимый свет!
                       Всё дар святой Твоей десницы:
                       И долгота и счастье лет!"
196;5626;ok;"Как сладко в уголок укромный 
 Залечь, с спокойствием в душе, 
 На сенокосе -- в шалаше, 
 Где виден, сквозь ветвей, надзвездный свод огромный 
 Иль светлый океан волнистых облаков!.. 
 Как сладко в тишине приютной хаты, 
 В садах природы пить роскошны ароматы, 
 Дыханье молодых цветов! 
 Вблизи -- ручей, грустя от тесноты брегов, 
 Как будто их раздвинуть хочет; 
 Вдали -- протекший гром грохочет... 
 Но вот заря глядит в серебряный поток, 
 И утро под окно спускается украдкой, 
 И веет негой ветерок... 
 Как мил он мне, сей час мечты и неги сладкой! 
 Я слушаю сквозь сон, чуть помня сам себя, 
 Как милый сын весны, впервые полюбя, 
 Протяжно, томно ноет, стонет, 
 Как будто в сладкой неге тонет, 
 Всё тише, тише... смолк -- и вдруг 
 Шумит, катит, дробит и щедро сыплет трели! 
 И песнь -- то яркий треск, то милый глас свирели -- 
 Переливается, лелеет, нежит слух!.. 
 Весь воздух -- аромат и пенье, 
 И весь я свежее, живое наслажденье!


";Ф. Н. Глинка;Сельский сон : «Как сладко в уголок укромный...»;"Как сладко в уголок укромный 
 Залечь, с спокойствием в душе, 
 На сенокосе -- в шалаше, 
 Где виден, сквозь ветвей, надзвездный свод огромный 
 Иль светлый океан волнистых облаков!.. 
 Как сладко в тишине приютной хаты, 
 В садах природы пить роскошны ароматы, 
 Дыханье молодых цветов! 
 Вблизи -- ручей, грустя от тесноты брегов, 
 Как будто их раздвинуть хочет; 
 Вдали -- протекший гром грохочет... 
 Но вот заря глядит в серебряный поток, 
 И утро под окно спускается украдкой, 
 И веет негой ветерок... 
 Как мил он мне, сей час мечты и неги сладкой! 
 Я слушаю сквозь сон, чуть помня сам себя, 
 Как милый сын весны, впервые полюбя, 
 Протяжно, томно ноет, стонет, 
 Как будто в сладкой неге тонет, 
 Всё тише, тише... смолк -- и вдруг 
 Шумит, катит, дробит и щедро сыплет трели! 
 И песнь -- то яркий треск, то милый глас свирели -- 
 Переливается, лелеет, нежит слух!.. 
 Весь воздух -- аромат и пенье, 
 И весь я свежее, живое наслажденье!


"
197;5599;ok;"Свеча, чуть теплясь, догорала, 
 Камин, дымяся, погасал; 
 Мечта мне что-то напевала, 
 И сон меня околдовал... 
 Уснул -- и вижу я долины 
 В наряде праздничном весны 
 И деревенские картины 
 Заветной русской стороны!.. 
 Играет рог, звенят цевницы, 
 И гонят парни и девицы 
 Свои стада на влажный луг. 
 Уж веял, веял теплый дух 
 Весенней жизни и свободы 
 От долгой и крутой зимы. 
 И рвутся из своей тюрьмы, 
 И хлещут с гор кипучи воды. 
 Пловцов брадатых на стругах 
 Несется с гулом отклик долгий; 
 И широко гуляет Волга 
 В заповедных своих лугах... 
 Поляны муравы одели, 
 И, вместо пальм и пышных роз, 
 Густеют молодые ели, 
 И льется запах от берез!.. 
 И мчится тройка удалая 
 В Казань дорогой столбовой, 
 И колокольчик -- дар Валдая -- 
 Гудит, качаясь под дугой... 
 Младой ямщик бежит с полночи: 
 Ему сгрустнулося в тиши, 
 И он запел про ясны очи, 
 Про очи девицы-души: 
 «Ах, очи, очи голубые! 
 Вы иссушили молодца! 
 Зачем, о люди, люди злые, 
 Зачем разрознили сердца? 
 Теперь я горький сиротина!» 
 И вдруг махнул по всем по трем... 
 Но я расстался с милым сном, 
 И чужеземная картина 
 Сияла пышно предо мной. 
 Немецкий город... все красиво, 
 Но я в раздумье молчаливо 
 Вздохнул по стороне родной...


";Ф. Н. Глинка;Сон русского на чужбине : «Свеча, чуть теплясь, догорала...»;"Свеча, чуть теплясь, догорала, 
 Камин, дымяся, погасал; 
 Мечта мне что-то напевала, 
 И сон меня околдовал... 
 Уснул -- и вижу я долины 
 В наряде праздничном весны 
 И деревенские картины 
 Заветной русской стороны!.. 
 Играет рог, звенят цевницы, 
 И гонят парни и девицы 
 Свои стада на влажный луг. 
 Уж веял, веял теплый дух 
 Весенней жизни и свободы 
 От долгой и крутой зимы. 
 И рвутся из своей тюрьмы, 
 И хлещут с гор кипучи воды. 
 Пловцов брадатых на стругах 
 Несется с гулом отклик долгий; 
 И широко гуляет Волга 
 В заповедных своих лугах... 
 Поляны муравы одели, 
 И, вместо пальм и пышных роз, 
 Густеют молодые ели, 
 И льется запах от берез!.. 
 И мчится тройка удалая 
 В Казань дорогой столбовой, 
 И колокольчик -- дар Валдая -- 
 Гудит, качаясь под дугой... 
 Младой ямщик бежит с полночи: 
 Ему сгрустнулося в тиши, 
 И он запел про ясны очи, 
 Про очи девицы-души: 
 «Ах, очи, очи голубые! 
 Вы иссушили молодца! 
 Зачем, о люди, люди злые, 
 Зачем разрознили сердца? 
 Теперь я горький сиротина!» 
 И вдруг махнул по всем по трем... 
 Но я расстался с милым сном, 
 И чужеземная картина 
 Сияла пышно предо мной. 
 Немецкий город... все красиво, 
 Но я в раздумье молчаливо 
 Вздохнул по стороне родной...


"
198;5601;ok;"Густая рожь стоит стеной! 
 Леса вкруг нивы как карнизы, 
 И всё окинул вечер сизый 
 Полупрозрачной пеленой... 
 Порою слышны отголосья 
 Младых косцов и сельских жниц; 
 Волнами зыблются колосья 
 Под пылкой ясностью зарниц; 
 И жатва, дочь златого лета, 
 Небесным кормится огнем 
 И жадно пьет разливы света 
 И зреет, утопая в нем... 
 Так горний пламень вдохновенья 
 Горит над нивою души, 
 И спеет жатва дум в тиши, 
 И созревают песнопенья...


";Ф. Н. Глинка;Жатва : «Густая рожь стоит стеной!..»;"Густая рожь стоит стеной! 
 Леса вкруг нивы как карнизы, 
 И всё окинул вечер сизый 
 Полупрозрачной пеленой... 
 Порою слышны отголосья 
 Младых косцов и сельских жниц; 
 Волнами зыблются колосья 
 Под пылкой ясностью зарниц; 
 И жатва, дочь златого лета, 
 Небесным кормится огнем 
 И жадно пьет разливы света 
 И зреет, утопая в нем... 
 Так горний пламень вдохновенья 
 Горит над нивою души, 
 И спеет жатва дум в тиши, 
 И созревают песнопенья...


"
199;NA;ok;"Спокойны спящие морей заливы,
                              Как синее стекло;
                     Уже сошли часы покоя молчаливы,
                     И небо светлые огни свои зажгло...
                           Горит росою сад душистый
                           Под легкой завесой теней,
                           И долго свищет меж ветвей
                           Любовник розы голосистый...
                           И мимолетный, сладкий сон
                     Навел на вежды мне златой покров дремоты
                           И отмахнул крылом заботы,
                     И веял н_а_ душу мечтой прелестной он...
                           Я спал... но сердце пробудилось
                           И к жизни ожило иной,
                        И, как дитя в объятия к родной,
                           Тоскуя, из груди просилось...
                     Мне что-то _милое_, бывалое явилось!
                     Я вздрогнул... грудь была унынием полна,
                           И растворились сердца раны...
                     Уже сливалися волнистые туманы
                     И раскрывалася цветущая страна...
                     Но мне нерадостен весенний сад природы,
                           Ни аромат младых цветов:
                     Мне вспомянулися во сне минувши годы
                              И прежняя любовь...
                     Я видел _милую_, как легкий призрак зыбкий,
                        Я слышал звук знакомых мне речей,
                     И, пробудясь, я всё ищу ее улыбки
                           И голубых ее очей...";Ф. Н. Глинка;Мечта;"Спокойны спящие морей заливы,
                              Как синее стекло;
                     Уже сошли часы покоя молчаливы,
                     И небо светлые огни свои зажгло...
                           Горит росою сад душистый
                           Под легкой завесой теней,
                           И долго свищет меж ветвей
                           Любовник розы голосистый...
                           И мимолетный, сладкий сон
                     Навел на вежды мне златой покров дремоты
                           И отмахнул крылом заботы,
                     И веял н_а_ душу мечтой прелестной он...
                           Я спал... но сердце пробудилось
                           И к жизни ожило иной,
                        И, как дитя в объятия к родной,
                           Тоскуя, из груди просилось...
                     Мне что-то _милое_, бывалое явилось!
                     Я вздрогнул... грудь была унынием полна,
                           И растворились сердца раны...
                     Уже сливалися волнистые туманы
                     И раскрывалася цветущая страна...
                     Но мне нерадостен весенний сад природы,
                           Ни аромат младых цветов:
                     Мне вспомянулися во сне минувши годы
                              И прежняя любовь...
                     Я видел _милую_, как легкий призрак зыбкий,
                        Я слышал звук знакомых мне речей,
                     И, пробудясь, я всё ищу ее улыбки
                           И голубых ее очей..."
200;5608;ok;"Не слышно шуму городского, 
 В заневских башнях тишина! 
 И на штыке у часового 
 Горит полночная луна!


А бедный юноша! ровесник 
 Младым цветущим деревам, 
 В глухой тюрьме заводит песни 
 И отдает тоску волнам!


«Прости отчизна, край любезный! 
 Прости мой дом, моя семья! 
 Здесь за решеткою железной -- 
 Уже не свой вам больше я!


Не жди меня отец с невестой, 
 Снимай венчальное кольцо; 
 Застынь мое навеки место; 
 Не быть мне мужем и отцом!


Сосватал я себе неволю, 
 Мой жребий -- слезы и тоска! 
 Но я молчу,-- такую долю 
 Взяла сама моя рука.


Откуда ж придет избавленье, 
 Откуда ждать бедам конец? 
 Но есть на свете утешенье 
 И на святой Руси отец!


О русской царь! в твоей короне 
 Есть без цены драгой алмаз. 
 Он значит -- милость! Будь на троне 
 И, наш отец, помилуй нас!


А мы с молитвой крепкой к богу 
 Падем все ниц к твоим стопам; 
 Велишь -- и мы пробьем дорогу 
 Твоим победным знаменам».


Уж ночь прошла, с рассветом в злате 
 Давно день новый засиял! 
 А бедный узник в каземате -- 
 Всё ту же песню запевал!..


";Ф. Н. Глинка;Песнь узника : «Не слышно шуму городского...»;"Не слышно шуму городского, 
 В заневских башнях тишина! 
 И на штыке у часового 
 Горит полночная луна!


А бедный юноша! ровесник 
 Младым цветущим деревам, 
 В глухой тюрьме заводит песни 
 И отдает тоску волнам!


«Прости отчизна, край любезный! 
 Прости мой дом, моя семья! 
 Здесь за решеткою железной -- 
 Уже не свой вам больше я!


Не жди меня отец с невестой, 
 Снимай венчальное кольцо; 
 Застынь мое навеки место; 
 Не быть мне мужем и отцом!


Сосватал я себе неволю, 
 Мой жребий -- слезы и тоска! 
 Но я молчу,-- такую долю 
 Взяла сама моя рука.


Откуда ж придет избавленье, 
 Откуда ждать бедам конец? 
 Но есть на свете утешенье 
 И на святой Руси отец!


О русской царь! в твоей короне 
 Есть без цены драгой алмаз. 
 Он значит -- милость! Будь на троне 
 И, наш отец, помилуй нас!


А мы с молитвой крепкой к богу 
 Падем все ниц к твоим стопам; 
 Велишь -- и мы пробьем дорогу 
 Твоим победным знаменам».


Уж ночь прошла, с рассветом в злате 
 Давно день новый засиял! 
 А бедный узник в каземате -- 
 Всё ту же песню запевал!..


"
201;NA;ok;"Порой в полночной тишине
                        В глухой, безлюдной стороне
                        Я слышу песнь, я слышу звуки -
                        И сердцу сладостны они,
                        Как детства золотые дни!
                        От них стихают сердца муки.
                        Незримый тенор! твой напев
                        Сквозь душу с роскошью проходит,
                        Как ясный взор невинных дев.
                        Не знаю я, отколь приходит
                        Сей глас, как отзыв горних стран;
                        Но с ним целенье скорбных ран;
                        Он сладостно питает думу.
                        Молчат светила в вышине,
                        Леса наземные без шуму;
                        Но в сей безгласной тишине
                        В глухой безлюдной стороне,
                        Скрестя на грудь в покое руки,
                        Я слышу песнь, я слышу звуки!..

                                     2

                        Опять они! всё те же звуки!
                        Там, где-то там, в туманной мгле,
                        Белее снега чьи-то руки
                        На звонком движутся стекле, -
                        И жизнь и песни под перстами!
                        Вон - там, незримыми устами,
                        О чем-то чудном говорят.
                        Сдается мне, поют про тайны
                        Плывущих в синеве миров,
                        О мятежах земли случайных,
                        О дивном жребии веков:
                        Возвышен голос сей и важен!
                        Как в ясном хрустале вода,
                        Он чист - и сладостно-протяжен,
                        Как чувство радости, когда
                        Мы, после долгия разлуки,
                        Пред девой милою сидим
                        И молча в очи ей глядим.
                        Опять они! всё те же звуки!..

                                     3

                        Когда погаснут все огни
                        И стихнут голоса в многоглагольном граде,
                        Я слышу в тишине - опять они!
                        Как челн в волнах - душа в отраде...
                        О чем поют, не знаю сам,
                        Но с песнью сей - як небесам!
                        Звучите ж вы, чарующие звуки!
                        Целите ж вы души скорбящей муки!
                        В часы святой, полночной тишины,
                        Отвеяв дня тоскливого заботы,
                        Вы так светлы, как луч луны,
                        Скользящий с ясной позолоты.";Ф. Н. Глинка;Звуки;"Порой в полночной тишине
                        В глухой, безлюдной стороне
                        Я слышу песнь, я слышу звуки -
                        И сердцу сладостны они,
                        Как детства золотые дни!
                        От них стихают сердца муки.
                        Незримый тенор! твой напев
                        Сквозь душу с роскошью проходит,
                        Как ясный взор невинных дев.
                        Не знаю я, отколь приходит
                        Сей глас, как отзыв горних стран;
                        Но с ним целенье скорбных ран;
                        Он сладостно питает думу.
                        Молчат светила в вышине,
                        Леса наземные без шуму;
                        Но в сей безгласной тишине
                        В глухой безлюдной стороне,
                        Скрестя на грудь в покое руки,
                        Я слышу песнь, я слышу звуки!..

                                     2

                        Опять они! всё те же звуки!
                        Там, где-то там, в туманной мгле,
                        Белее снега чьи-то руки
                        На звонком движутся стекле, -
                        И жизнь и песни под перстами!
                        Вон - там, незримыми устами,
                        О чем-то чудном говорят.
                        Сдается мне, поют про тайны
                        Плывущих в синеве миров,
                        О мятежах земли случайных,
                        О дивном жребии веков:
                        Возвышен голос сей и важен!
                        Как в ясном хрустале вода,
                        Он чист - и сладостно-протяжен,
                        Как чувство радости, когда
                        Мы, после долгия разлуки,
                        Пред девой милою сидим
                        И молча в очи ей глядим.
                        Опять они! всё те же звуки!..

                                     3

                        Когда погаснут все огни
                        И стихнут голоса в многоглагольном граде,
                        Я слышу в тишине - опять они!
                        Как челн в волнах - душа в отраде...
                        О чем поют, не знаю сам,
                        Но с песнью сей - як небесам!
                        Звучите ж вы, чарующие звуки!
                        Целите ж вы души скорбящей муки!
                        В часы святой, полночной тишины,
                        Отвеяв дня тоскливого заботы,
                        Вы так светлы, как луч луны,
                        Скользящий с ясной позолоты."
202;NA;ok;"О друг младой, прекрасный друг!
                            Уж солнце за горами.
                         Певец зари мой нежит слух,
                            Луна над озерами;

                         Тебя я жду, тебя зову:
                            Уже густеют тени;
                         Присядь ко мне, склони главу
                            На дружние колени...

                         Она пришла, она была,
                            Душа при ней так млела!..
                         Но вспыхнул день - и, как стрела,
                            Куда-то отлетела...

                         Уж нет ее, и грудь пуста;
                            Ах, если б, если б чаще
                         Ко мне слетала та ж мечта,
                            Мне б горе было слаще!";Ф. Н. Глинка;Призыв;"О друг младой, прекрасный друг!
                            Уж солнце за горами.
                         Певец зари мой нежит слух,
                            Луна над озерами;

                         Тебя я жду, тебя зову:
                            Уже густеют тени;
                         Присядь ко мне, склони главу
                            На дружние колени...

                         Она пришла, она была,
                            Душа при ней так млела!..
                         Но вспыхнул день - и, как стрела,
                            Куда-то отлетела...

                         Уж нет ее, и грудь пуста;
                            Ах, если б, если б чаще
                         Ко мне слетала та ж мечта,
                            Мне б горе было слаще!"
203;NA;ok;"Томление неизъяснимое
                           В душе моей,
                        Когда ласкается незримое
                           Незримо к ней,

                        Когда нисходит благодатное
                           От высоты,
                        И сердцу что-то непонятное
                           Сулят мечты.

                        Так с первых вешних дней дыханием,
                           Где я ни будь,
                        Уныло-сладостным страданием
                           Теснится грудь.

                        Забыто все, что обольщение,
                           Молва и шум,
                        И погружаюсь я в волнение
                           Великих дум.

                        И тут, что тайное, чудесное,
                           Все так светло:
                        Как будто все ко мне небесное
                           С небес сошло!..";Ф. Н. Глинка;Весеннее чувство;"Томление неизъяснимое
                           В душе моей,
                        Когда ласкается незримое
                           Незримо к ней,

                        Когда нисходит благодатное
                           От высоты,
                        И сердцу что-то непонятное
                           Сулят мечты.

                        Так с первых вешних дней дыханием,
                           Где я ни будь,
                        Уныло-сладостным страданием
                           Теснится грудь.

                        Забыто все, что обольщение,
                           Молва и шум,
                        И погружаюсь я в волнение
                           Великих дум.

                        И тут, что тайное, чудесное,
                           Все так светло:
                        Как будто все ко мне небесное
                           С небес сошло!.."
204;NA;ok;"Объято всё ночною тишиною,
                          Луга в алмазах, темен лес,
                    И город пожелтел под палевой луною,
                    И звездным бисером унизан свод небес;
                    Но влажные мои горят еще ресницы,
                    И не утишилась тоска моя во мне;
                    Отстал от песней я, отстал я от цевницы:
                    Мне скучно одному в безлюдной стороне.
                             Я живу, не живу,
                             И, склонивши главу,
                       Я брожу и без дум и без цели;
                             И в стране сей пустой,
                             Раздружившись с мечтой,
                       Я подобен _надломленной_ ели:
                             И весна прилетит
                             И луга расцветит,
                       И калека на миг воскресает,
                             Зеленеет главой,
                             Но излом роковой
                       Пробужденную жизнь испаряет;
                             И, завидя конец,
                             Половинный мертвец
                        Понемногу совсем замирает!";Ф. Н. Глинка;Грусть в тишине;"Объято всё ночною тишиною,
                          Луга в алмазах, темен лес,
                    И город пожелтел под палевой луною,
                    И звездным бисером унизан свод небес;
                    Но влажные мои горят еще ресницы,
                    И не утишилась тоска моя во мне;
                    Отстал от песней я, отстал я от цевницы:
                    Мне скучно одному в безлюдной стороне.
                             Я живу, не живу,
                             И, склонивши главу,
                       Я брожу и без дум и без цели;
                             И в стране сей пустой,
                             Раздружившись с мечтой,
                       Я подобен _надломленной_ ели:
                             И весна прилетит
                             И луга расцветит,
                       И калека на миг воскресает,
                             Зеленеет главой,
                             Но излом роковой
                       Пробужденную жизнь испаряет;
                             И, завидя конец,
                             Половинный мертвец
                        Понемногу совсем замирает!"
205;NA;ok;"Я долго, долго бы глядел
                          В твои лазоревые очи,
                          По дням ни жив ни мертв сидел,
                          Без сна просиживал бы ночи,
                          И всё бы радостью яснел,
                          Глядя в твои лазурны очи.
                          Так пастырь, празднуя весну,
                          Один, без мыслей, без волненья,
                          Сидит и смотрит на луну
                          И пьет душою тишину
                          Из бестревожного смотренья!";Ф. Н. Глинка;Я долго, долго бы глядел;"Я долго, долго бы глядел
                          В твои лазоревые очи,
                          По дням ни жив ни мертв сидел,
                          Без сна просиживал бы ночи,
                          И всё бы радостью яснел,
                          Глядя в твои лазурны очи.
                          Так пастырь, празднуя весну,
                          Один, без мыслей, без волненья,
                          Сидит и смотрит на луну
                          И пьет душою тишину
                          Из бестревожного смотренья!"
206;16088;ok;"Мы любим шумные пиры, 
 Вино и радости мы любим 
 И пылкой вольности дары 
 Заботой светскою не губим. 
 Мы любим шумные пиры, 
 Вино и радости мы любим.


Наш Август смотрит сентябрем -- 
 Нам до него какое дело! 
 Мы пьем, пируем и поем 
 Беспечно, радостно и смело. 
 Наш Август смотрит сентябрем -- 
 Нам до него какое дело!


Здесь нет ни скиптра, ни оков, 
 Мы все равны, мы все свободны, 
 Наш ум -- не раб чужих умов, 
 И чувства наши благородны. 
 Здесь нет ни скиптра, ни оков, 
 Мы все равны, мы все свободны.


Приди сюда хоть русской царь, 
 Мы от покалов не привстанем. 
 Хоть громом бог в наш стол ударь, 
 Мы пировать не перестанем. 
 Приди сюда хоть русской Царь, 
 Мы от покалов не привстанем.


Друзья! покалы к небесам 
 Обет правителю природы: 
 «Печаль и радость -- пополам, 
 Сердца -- на жертвенник свободы!» 
 Друзья! покалы к небесам 
 Обет правителю природы.


Да будут наши божества 
 Вино, свобода и веселье! 
 Им наши мысли и слова! 
 Им и занятье и безделье! 
 Да будут наши божества 
 Вино, свобода и веселье!


";Н. М. Языков;«Мы любим шумные пиры...»;"Мы любим шумные пиры, 
 Вино и радости мы любим 
 И пылкой вольности дары 
 Заботой светскою не губим. 
 Мы любим шумные пиры, 
 Вино и радости мы любим.


Наш Август смотрит сентябрем -- 
 Нам до него какое дело! 
 Мы пьем, пируем и поем 
 Беспечно, радостно и смело. 
 Наш Август смотрит сентябрем -- 
 Нам до него какое дело!


Здесь нет ни скиптра, ни оков, 
 Мы все равны, мы все свободны, 
 Наш ум -- не раб чужих умов, 
 И чувства наши благородны. 
 Здесь нет ни скиптра, ни оков, 
 Мы все равны, мы все свободны.


Приди сюда хоть русской царь, 
 Мы от покалов не привстанем. 
 Хоть громом бог в наш стол ударь, 
 Мы пировать не перестанем. 
 Приди сюда хоть русской Царь, 
 Мы от покалов не привстанем.


Друзья! покалы к небесам 
 Обет правителю природы: 
 «Печаль и радость -- пополам, 
 Сердца -- на жертвенник свободы!» 
 Друзья! покалы к небесам 
 Обет правителю природы.


Да будут наши божества 
 Вино, свобода и веселье! 
 Им наши мысли и слова! 
 Им и занятье и безделье! 
 Да будут наши божества 
 Вино, свобода и веселье!


"
207;16092;ok;"Боже! вина, вина! 
 Трезвому жизнь скучна 
 Пьяному рай! 
 Жизнь мне прелестную 
 И неизвестную, 
 Чашу ж не тесную 
 Боже подай!


Пьянства любителей, 
 Мира презрителей 
 Боже храни! 
 Души свободные, 
 С Вакховой сходные, 
 Вина безводные 
 Ты помяни!


Чаши высокие 
 И преширокие 
 Боже храни! 
 Вина им цельные 
 И неподдельные! 
 Вина ж не хмельные 
 Прочь отжени!


Пиры полуночные, 
 Зато непорочные 
 Боже спасай! 
 Студентам гуляющим, 
 Вино обожающим, 
 Тебе не мешающим 
 Ты не мешай!


";Н. М. Языков;Гимн : «Боже! вина, вина!..»;"Боже! вина, вина! 
 Трезвому жизнь скучна 
 Пьяному рай! 
 Жизнь мне прелестную 
 И неизвестную, 
 Чашу ж не тесную 
 Боже подай!


Пьянства любителей, 
 Мира презрителей 
 Боже храни! 
 Души свободные, 
 С Вакховой сходные, 
 Вина безводные 
 Ты помяни!


Чаши высокие 
 И преширокие 
 Боже храни! 
 Вина им цельные 
 И неподдельные! 
 Вина ж не хмельные 
 Прочь отжени!


Пиры полуночные, 
 Зато непорочные 
 Боже спасай! 
 Студентам гуляющим, 
 Вино обожающим, 
 Тебе не мешающим 
 Ты не мешай!


"
208;16097;ok;"«Ты знаешь ли, витязь, ужасную весть? -- 
 В рязанские стены вломились татары! 
 Там сильные долго сшибались удары, 
 Там долго сражалась с насилием честь, 
 Но все победили Батыевы рати: 
 Наш град -- пепелище, и князь наш убит!» 
 Евпатию бледный гонец говорит, 
 И, страшно бледнея, внимает Евпатий.


«О витязь! я видел сей день роковой: 
 Багровое пламя весь град обхватило: 
 Как башня, спрямилось, как буря, завыло; 
 На стогнах смертельный свирепствовал бой, 
 И крики последних молитв и проклятий 
 В дыму заглушали звенящий булат -- 
 Все пало... и небо стерпело сей ад!» 
 Ужасно бледнея, внимает Евпатий.


Где-где по широкой долине огонь 
 Сверкает во мраке ночного тумана: 
 То грозная рать победителя хана 
 Покоится; тихи воитель и конь; 
 Лишь изредка, черной тревожимый грезой, 
 Татарин впросонках с собой говорит, 
 Иль вздрогнув, безмолвный, поднимет свой щит, 
 Иль схватит свое боевое железо.


Вдруг... что там за топот в ночной тишине? 
 «На битву, на битву!» взывают татары. 
 Откуда ж свершитель отчаянной кары? 
 Не все ли погибло в крови и в огне? 
 Отчизна, отчизна! под латами чести 
 Есть сильное чувство, живое, одно... 
 Полмертвого руку подъемлет оно 
 С последним ударом решительной мести.


Не синее море кипит и шумит, 
 Почуя незапный набег урагана: 
 Шумят и волнуются ратники хана; 
 Оружие блещет, труба дребезжит, 
 Толпы за толпами, как тучи густые, 
 Дружину отважных стесняют кругом; 
 Сто копий сражаются с русским копьем... 
 И пало геройство под силой Батыя.


Редеет ночного тумана покров, 
 Утихла долина убийства и славы. 
 Кто сей на долине убийства и славы 
 Лежит, окруженный телами врагов? 
 Уста уж не кличут бестрепетных братий, 
 Уж кровь запеклася в отверстиях лат, 
 А длань еще держит кровавый булат: 
 Сей падший воитель свободы -- Евпатий!


";Н. М. Языков;Евпатий : ««Ты знаешь ли, витязь, ужасную весть? ...»;"«Ты знаешь ли, витязь, ужасную весть? -- 
 В рязанские стены вломились татары! 
 Там сильные долго сшибались удары, 
 Там долго сражалась с насилием честь, 
 Но все победили Батыевы рати: 
 Наш град -- пепелище, и князь наш убит!» 
 Евпатию бледный гонец говорит, 
 И, страшно бледнея, внимает Евпатий.


«О витязь! я видел сей день роковой: 
 Багровое пламя весь град обхватило: 
 Как башня, спрямилось, как буря, завыло; 
 На стогнах смертельный свирепствовал бой, 
 И крики последних молитв и проклятий 
 В дыму заглушали звенящий булат -- 
 Все пало... и небо стерпело сей ад!» 
 Ужасно бледнея, внимает Евпатий.


Где-где по широкой долине огонь 
 Сверкает во мраке ночного тумана: 
 То грозная рать победителя хана 
 Покоится; тихи воитель и конь; 
 Лишь изредка, черной тревожимый грезой, 
 Татарин впросонках с собой говорит, 
 Иль вздрогнув, безмолвный, поднимет свой щит, 
 Иль схватит свое боевое железо.


Вдруг... что там за топот в ночной тишине? 
 «На битву, на битву!» взывают татары. 
 Откуда ж свершитель отчаянной кары? 
 Не все ли погибло в крови и в огне? 
 Отчизна, отчизна! под латами чести 
 Есть сильное чувство, живое, одно... 
 Полмертвого руку подъемлет оно 
 С последним ударом решительной мести.


Не синее море кипит и шумит, 
 Почуя незапный набег урагана: 
 Шумят и волнуются ратники хана; 
 Оружие блещет, труба дребезжит, 
 Толпы за толпами, как тучи густые, 
 Дружину отважных стесняют кругом; 
 Сто копий сражаются с русским копьем... 
 И пало геройство под силой Батыя.


Редеет ночного тумана покров, 
 Утихла долина убийства и славы. 
 Кто сей на долине убийства и славы 
 Лежит, окруженный телами врагов? 
 Уста уж не кличут бестрепетных братий, 
 Уж кровь запеклася в отверстиях лат, 
 А длань еще держит кровавый булат: 
 Сей падший воитель свободы -- Евпатий!


"
209;16114;ok;"Еще молчит гроза народа, 
 Еще окован русский ум, 
 И угнетенная свобода 
 Таит порывы смелых дум. 
 О! долго цепи вековые 
 С рамен отчизны не спадут, 
 Столетья грозно протекут, -- 
 И не пробудится Россия!


";Н. М. Языков;Элегия : «Еще молчит гроза народа...»;"Еще молчит гроза народа, 
 Еще окован русский ум, 
 И угнетенная свобода 
 Таит порывы смелых дум. 
 О! долго цепи вековые 
 С рамен отчизны не спадут, 
 Столетья грозно протекут, -- 
 И не пробудится Россия!


"
210;16180;ok;"Счастлив, кто с юношеских дней, 
 Живыми чувствами убогой, 
 Идет проселочной дорогой 
 К мечте таинственной своей! 
 Кто рассудительной душою 
 Без горьких опытов узнал 
 Всю бедность жизни под луною, 
 И ничему не доверял! 
 Зачем не мне такую долю 
 Определили небеса? 
 Идя по жизненному полю, 
 Твержу: мой рай, моя краса, 
 А вижу лишь мою неволю!


";Н. М. Языков;Элегия : «Счастлив, кто с юношеских дней...»;"Счастлив, кто с юношеских дней, 
 Живыми чувствами убогой, 
 Идет проселочной дорогой 
 К мечте таинственной своей! 
 Кто рассудительной душою 
 Без горьких опытов узнал 
 Всю бедность жизни под луною, 
 И ничему не доверял! 
 Зачем не мне такую долю 
 Определили небеса? 
 Идя по жизненному полю, 
 Твержу: мой рай, моя краса, 
 А вижу лишь мою неволю!


"
211;16217;beginning;"В стране, где вольные живали 
 Сыны воинственных славян, 
 Где сладким именем граждан 
 Они друг друга называли; 
 Куда великая Ганза 
 Добро возила издалеча, 
 Пока московская гроза 
 Не пересиливала веча: 
 В стране, которую война 
 Кровопролитно пустошила, 
 Когда ливонски знамена 
 Душа геройская водила; 
 Где побеждающий Стефан 
 В один могущественный стан 
 Уже сдвигал толпы густыя, 
 Да уничтожит псковитян, 
 Да ниспровергнется Россия! 
 Но ты, к отечеству любовь, 
 Ты, чем гордились наши деды, 
 Ты ополчилась... Кровь за кровь... 
 И он не праздновал победы! 
 В стране, где славной старины 
 Не все следы истреблены, 
 Где сердцу русскому доныне 
 Красноречиво говорят: 
 То стен полуразбитых ряд 
 И вал на каменной вершине, 
 То одинокий древний храм 
 Среди беспажитной поляны, 
 То благородные курганы 
 По зеленеющим брегам. 
 В стране, где Сороть голубая. 
 Подруга зеркальных озер, 
 Разнообразно между гор 
 Свои изгибы расстилая, 
 Водами ясными поит 
 Поля, украшенные нивой -- 
 Там, у раздолья, горделиво 
 Гора трехолмная стоит; 
 На той горе, среди лощины, 
 Перед лазоревым прудом, 
 Белеется веселый дом 
 И сада темные картины, 
 Село и пажити кругом.
 
 
Приют свободного поэта, 
 Непобежденного судьбой! -- 
 Благоговею пред тобой. -- 
 И дар божественного света, 
 Краса и радость лучших лет, 
 Моя надежда и забава, 
 Моя любовь и честь и слава -- 
 Мои стихи -- тебе привет!
 
 
Как сна отрадные виденья, 
 Как утро пышное весны, 
 Волшебны, свежи наслажденья 
 На верном лоне тишины, 
 Когда душе, не утомленной 
 Житейских бременем трудов, 
 Доступен жертвенник священной 
 Богинь кастальских берегов; 
 Когда родимая природа 
 Ее лелеет и хранит 
 И ей, роскошная, дарит 
 Все, чем возвышена свобода.
 
 
Душе пленительна моей 
 Такая райская година: 
 Камены пламенного сына 
 Она утешила; об ней 
 Воспоминание живое 
 И ныне радует меня. 
 Бывало, в царственном покое, 
 Великое светило дня, 
 Во след за раннею денницей, 
 Шаром восходит огневым, 
 И небеса, как багряницей, 
 Окинет заревом своим; 
 Его лучами заиграют 
 Озер живые зеркала; 
 Поля, холмы благоухают; 
 С них белой скатертью слетают 
 И сон и утренняя мгла; 
 Росой перловой и зернистой 
 Дерев одежда убрана; 
 Пернатых песнью голосистой 
 Звучит лесная глубина.
 
 
Тогда, один, восторга полный, 
 Горы прибережной с высот, 
 Я озирал сей неба свод, 
 Великолепный и безмолвный, 
 Сии круги и ленты вод, 
 Сии ликующие нивы, 
 Где серп мелькал трудолюбивый 
 По золотистым полосам; 
 Скирды желтелись, там и там 
 Жнецы к товарищам взывали, 
 И на дороге, вдалеке, 
 С холмов бегущие к реке 
 Стада пылили и блеяли.
 
 
Бывало, солнце без лучей 
 Стоит и рдеет в бездне пара, 
 Тяжелый воздух полон жара; 
 Вода чуть движется; над ней 
 Склонилась томными ветвями 
 Дерев безжизненная сень; 
 На поле жатвы, меж скирдами, 
 Невольная почиет лень,  ";Н. М. Языков;Тригорское : «В стране, где вольные живали...»;"В стране, где вольные живали 
 Сыны воинственных славян, 
 Где сладким именем граждан 
 Они друг друга называли; 
 Куда великая Ганза 
 Добро возила издалеча, 
 Пока московская гроза 
 Не пересиливала веча: 
 В стране, которую война 
 Кровопролитно пустошила, 
 Когда ливонски знамена 
 Душа геройская водила; 
 Где побеждающий Стефан 
 В один могущественный стан 
 Уже сдвигал толпы густыя, 
 Да уничтожит псковитян, 
 Да ниспровергнется Россия! 
 Но ты, к отечеству любовь, 
 Ты, чем гордились наши деды, 
 Ты ополчилась... Кровь за кровь... 
 И он не праздновал победы! 
 В стране, где славной старины 
 Не все следы истреблены, 
 Где сердцу русскому доныне 
 Красноречиво говорят: 
 То стен полуразбитых ряд 
 И вал на каменной вершине, 
 То одинокий древний храм 
 Среди беспажитной поляны, 
 То благородные курганы 
 По зеленеющим брегам. 
 В стране, где Сороть голубая. 
 Подруга зеркальных озер, 
 Разнообразно между гор 
 Свои изгибы расстилая, 
 Водами ясными поит 
 Поля, украшенные нивой -- 
 Там, у раздолья, горделиво 
 Гора трехолмная стоит; 
 На той горе, среди лощины, 
 Перед лазоревым прудом, 
 Белеется веселый дом 
 И сада темные картины, 
 Село и пажити кругом.


Приют свободного поэта, 
 Непобежденного судьбой! -- 
 Благоговею пред тобой. -- 
 И дар божественного света, 
 Краса и радость лучших лет, 
 Моя надежда и забава, 
 Моя любовь и честь и слава -- 
 Мои стихи -- тебе привет!


Как сна отрадные виденья, 
 Как утро пышное весны, 
 Волшебны, свежи наслажденья 
 На верном лоне тишины, 
 Когда душе, не утомленной 
 Житейских бременем трудов, 
 Доступен жертвенник священной 
 Богинь кастальских берегов; 
 Когда родимая природа 
 Ее лелеет и хранит 
 И ей, роскошная, дарит 
 Все, чем возвышена свобода.


Душе пленительна моей 
 Такая райская година: 
 Камены пламенного сына 
 Она утешила; об ней 
 Воспоминание живое 
 И ныне радует меня. 
 Бывало, в царственном покое, 
 Великое светило дня, 
 Во след за раннею денницей, 
 Шаром восходит огневым, 
 И небеса, как багряницей, 
 Окинет заревом своим; 
 Его лучами заиграют 
 Озер живые зеркала; 
 Поля, холмы благоухают; 
 С них белой скатертью слетают 
 И сон и утренняя мгла; 
 Росой перловой и зернистой 
 Дерев одежда убрана; 
 Пернатых песнью голосистой 
 Звучит лесная глубина.


Тогда, один, восторга полный, 
 Горы прибережной с высот, 
 Я озирал сей неба свод, 
 Великолепный и безмолвный, 
 Сии круги и ленты вод, 
 Сии ликующие нивы, 
 Где серп мелькал трудолюбивый 
 По золотистым полосам; 
 Скирды желтелись, там и там 
 Жнецы к товарищам взывали, 
 И на дороге, вдалеке, 
 С холмов бегущие к реке 
 Стада пылили и блеяли.


Бывало, солнце без лучей 
 Стоит и рдеет в бездне пара, 
 Тяжелый воздух полон жара; 
 Вода чуть движется; над ней 
 Склонилась томными ветвями 
 Дерев безжизненная сень; 
 На поле жатвы, меж скирдами, 
 Невольная почиет лень, 
 И кони спутанные бродят, 
 И псы валяются; молчат 
 Село и холмы; душен сад, 
 И птицы песен не заводят...


Туда, туда, друзья мои! 
 На скат горы, на брег зеленой, 
 Где дремлют Сороти студеной 
 Гостеприимные струи; 
 Где под кустарником тенистым 
 Дугою выдалась она 
 По глади вогнутого дна, 
 Песком усыпанной сребристым. 
 Одежду прочь! Перед челом 
 Протянем руки удалые 
 И бух! -- блистательным дождем 
 Взлетают брызги водяные. 
 Какая сильная волна! 
 Какая свежесть и прохлада! 
 Как сладострастна, как нежна 
 Меня обнявшая Наяда! 
 Дышу вольнее, светел взор, 
 В холодной неге оживаю, 
 И бодр и весел выбегаю 
 Травы на бархатный ковер.


Что восхитительнее, краше 
 Свободных, дружеских бесед, 
 Когда за пенистою чашей 
 С поэтом говорит поэт? 
 Жрецы высокого искусства! 
 Пророки воли божества! 
 Как независимы их чувства 
 Как полновесны их слова! 
 Как быстро, мыслью вдохновенной, 
 Мечты на радужных крылах, 
 Они летают по вселенной 
 В былых и будущих веках! 
 Прекрасно радуясь, играя, 
 Надежды смелые кипят, 
 И грудь трепещет молодая, 
 И гордый вспыхивает взгляд!


Певец Руслана и Людмилы! 
 Была счастливая пора, 
 Когда так веселы, так милы 
 Неслися наши вечера 
 Там на горе под мирным кровом 
 Старейшин сада вековых, 
 На дерне свежем и шелковом, 
 В виду окрестностей живых; 
 Или в тиши благословенной 
 Жилища граций, где цветут 
 Каменами хранимый труд 
 И ум изящно просвещенной; 
 В часы, как сладостные там 
 Дары Эвтерпы нас пленяли, 
 Как персты легкие мелькали 
 По очарованным ладам: 
 С них звуки стройно подымались, 
 И в трелях чистых и густых 
 Они свивались, развивались -- 
 И сердце чувствовало их!


Вот за далекими горами 
 Скрывается прекрасный день; 
 От сеней леса над водами, 
 Волнообразными рядами 
 Длиннеет трепетная тень; 
 В реке сверкает блеск зарницы, 
 Пустеют холмы, дол и брег; 
 В село въезжают вереницы 
 Поля покинувших телег; 
 Где-где залает пес домовый, 
 Иль ветерок зашелестит 
 В листах темнеющей дубровы, 
 Иль птица робко пролетит, 
 Иль, воз тяжелый и скрыпучий, 
 Усталым движимый конем, 
 Считая бревна колесом, 
 Переступает мост пловучий; 
 И вдруг отрывной и глухой 
 Промчится грохот над рекой, 
 Уже спокойной и дремучей, -- 
 И вдруг замолкнет... Но вдали, 
 На крае неба, месяц полный 
 Со всех сторон заволокли 
 Большие, облачные волны; 
 Вон расступились, вон сошлись. 
 Вон грозно тихие слились 
 В одну громаду непогоды -- 
 И на лазоревые своды, 
 Молниеносна и черна, 
 С востока крадется она.


Уже безмолвие лесное 
 Налетом ветра смущено; 
 Уже не мирно и темно 
 Реки течение ночное; 
 Широко зыблются на нем 
 Теней раскидистые чащи, 
 Как парус, в воздухе дрожащий, 
 Почти упущенный пловцом, 
 Когда внезапно буря встанет, 
 Покатит шумные струи, 
 Рванет крыло его ладьи 
 И над пучиною растянет.


Тьма потопила небеса; 
 Пустился дождь; гроза волнует, 
 Взрывает воды и леса, 
 Гремит и блещет и бушует. 
 Мгновенья дивные! Когда 
 С конца в конец, по тучам бурным, 
 Зубчатой молнии бразда 
 Огнем рассыплется пурпурным, 
 Все видно: цепь далеких гор, 
 И разноцветные картины 
 Извивов Сороти, озер, 
 Села, и брега, и долины! 
 Вдруг тьма угрюмей и черней, 
 Удары громче громовые, 
 Шумнее, гуще и быстрей 
 Дождя потоки проливные.


Но завтра, в пышной тишине, 
 На небо ярко-голубое 
 Светило явится дневное 
 Восставить утро золотое 
 Грозой омытой стороне. 
 Придут ли дни? Увижу ль снова 
 Твои холмы, твои поля, 
 О православная земля 
 Священных памятников Пскова? 
 Твои родные красоты 
 Во имя муз благословляю, 
 И верным счастьем называю 
 Все, чем меня ласкала ты!


Как сладко узнику младому, 
 Покинув тьму и груз цепей, 
 Взглянуть на день, на блеск зыбей, 
 Пройти по брегу луговому, 
 Упиться воздухом полей! 
 Как утешительно поэту 
 От мира хладной суеты. -- 
 Где многочисленные в Лету 
 Бегут надежды и мечты, 
 Где в сердце, музою любимом, 
 Порой, как пламени струя, 
 Густым задавленная дымом, 
 Страстей при шуме нестерпимом, 
 Слабеют силы бытия, -- 
 В прекрасный мир, в сады природы 
 Себя свободного укрыть, 
 И вдруг и гордо позабыть 
 Свои потерянные годы!


"
212;16212;ok;"Из страны, страны далекой, 
 С Волги-матушки широкой, 
 Ради сладкого труда, 
 Ради вольности высокой 
 Собралися мы сюда. 
 Помним холмы, помним долы, 
 Наши храмы, наши села, 
 И в краю, краю чужом 
 Мы пируем пир веселый 
 И за родину мы пьем.


Благодетельною силой 
 С нами немцев подружило 
 Откровенное вино; 
 Шумно, пламенно и мило 
 Мы гуляем заодно. 
 Но с надеждою чудесной 
 Мы стакан и полновесной 
 Нашей Руси -- будь она 
 Первым царством в поднебесной, 
 И счастлива и славна!


";Н. М. Языков;Песня : «Из страны, страны далекой...»;"Из страны, страны далекой, 
 С Волги-матушки широкой, 
 Ради сладкого труда, 
 Ради вольности высокой 
 Собралися мы сюда. 
 Помним холмы, помним долы, 
 Наши храмы, наши села, 
 И в краю, краю чужом 
 Мы пируем пир веселый 
 И за родину мы пьем.


Благодетельною силой 
 С нами немцев подружило 
 Откровенное вино; 
 Шумно, пламенно и мило 
 Мы гуляем заодно. 
 Но с надеждою чудесной 
 Мы стакан и полновесной 
 Нашей Руси -- будь она 
 Первым царством в поднебесной, 
 И счастлива и славна!


"
213;16249;ok;"Когда умру, смиренно совершите 
 По мне обряд печальный и святой, 
 И мне стихов надгробных не пишите, 
 И мрамора не ставьте надо мной.


Но здесь, друзья, где ныне сходка наша 
 Беседует разгульна и вольна; 
 Где весела, как праздничная чаша, 
 Душа кипит студенчески-шумна, --


Во славу мне, вы чашу круговую 
 Наполните блистательным вином, 
 Торжественно пропойте песнь родную 
 И пьянствуйте об имени моем.


Все тлен и миг! Блажен, кому с друзьями 
 Свою весну пропировать дано; 
 Кто видит мир туманными глазами 
 И любит жизнь за песни и вино!..


";Н. М. Языков;Песня : «Когда умру, смиренно совершите...»;"Когда умру, смиренно совершите 
 По мне обряд печальный и святой, 
 И мне стихов надгробных не пишите, 
 И мрамора не ставьте надо мной.


Но здесь, друзья, где ныне сходка наша 
 Беседует разгульна и вольна; 
 Где весела, как праздничная чаша, 
 Душа кипит студенчески-шумна, --


Во славу мне, вы чашу круговую 
 Наполните блистательным вином, 
 Торжественно пропойте песнь родную 
 И пьянствуйте об имени моем.


Все тлен и миг! Блажен, кому с друзьями 
 Свою весну пропировать дано; 
 Кто видит мир туманными глазами 
 И любит жизнь за песни и вино!..


"
214;16240;ok;"Нелюдимо наше море, 
 День и ночь шумит оно; 
 В роковом его просторе 
 Много бед погребено.


Смело, братья! Ветром полный 
 Парус мой направил я: 
 Полетит на скользки волны 
 Быстрокрылая ладья!


Облака бегут над морем, 
 Крепнет ветер, зыбь черней, 
 Будет буря: мы поспорим 
 И помужествуем с ней.


Смело, братья! Туча грянет, 
 Закипит громада вод, 
 Выше вал сердитый встанет, 
 Глубже бездна упадет!


Там, за далью непогоды, 
 Есть блаженная страна: 
 Не темнеют неба своды, 
 Не проходит тишина.


Но туда выносят волны 
 Только сильного душой!.. 
 Смело, братья, бурей полный 
 Прям и крепок парус мой.


";Н. М. Языков;Пловец : «Нелюдимо наше море...»;"Нелюдимо наше море, 
 День и ночь шумит оно; 
 В роковом его просторе 
 Много бед погребено.


Смело, братья! Ветром полный 
 Парус мой направил я: 
 Полетит на скользки волны 
 Быстрокрылая ладья!


Облака бегут над морем, 
 Крепнет ветер, зыбь черней, 
 Будет буря: мы поспорим 
 И помужествуем с ней.


Смело, братья! Туча грянет, 
 Закипит громада вод, 
 Выше вал сердитый встанет, 
 Глубже бездна упадет!


Там, за далью непогоды, 
 Есть блаженная страна: 
 Не темнеют неба своды, 
 Не проходит тишина.


Но туда выносят волны 
 Только сильного душой!.. 
 Смело, братья, бурей полный 
 Прям и крепок парус мой.


"
215;16277;ok;"Что мечты мои волнует 
 На привычном ложе сна? 
 На лицо и грудь мне дует 
 Свежим воздухом весна; 
 Тихо очи мне целует 
 Полуночная луна.


Ты ль, приют восторгам нежным, 
 Радость юности моей, 
 Ангел взором безмятежным, 
 Ангел прелестью очей, 
 Персей блеском белоснежным, 
 Мягких золотом кудрей?


Ты ли мне любви мечтами 
 Прогоняешь мирны сны? 
 Ты ли свежими устами 
 Навеваешь свет луны, 
 Скрыта легкими тенями 
 Соблазнительной весны?


Благодатное виденье, 
 Тихий ангел! успокой, 
 Усыпи души волненье, 
 Чувства жаркие напой 
 И даруй мне утомленье, 
 Освященное тобой!


";Н. М. Языков;Бессонница : «Что мечты мои волнует...»;"Что мечты мои волнует 
 На привычном ложе сна? 
 На лицо и грудь мне дует 
 Свежим воздухом весна; 
 Тихо очи мне целует 
 Полуночная луна.


Ты ль, приют восторгам нежным, 
 Радость юности моей, 
 Ангел взором безмятежным, 
 Ангел прелестью очей, 
 Персей блеском белоснежным, 
 Мягких золотом кудрей?


Ты ли мне любви мечтами 
 Прогоняешь мирны сны? 
 Ты ли свежими устами 
 Навеваешь свет луны, 
 Скрыта легкими тенями 
 Соблазнительной весны?


Благодатное виденье, 
 Тихий ангел! успокой, 
 Усыпи души волненье, 
 Чувства жаркие напой 
 И даруй мне утомленье, 
 Освященное тобой!


"
216;16310;ok;"Ночь безлунная звездами 
 Убирала синий свод; 
 Тихи были зыби вод; 
 Под зелеными кустами 
 Сладко, дева-красота, 
 Я сжимал тебя руками; 
 Я горячими устами 
 Целовал тебя в уста; 
 Страстным жаром подымались 
 Перси полные твои; 
 Разлетаясь, развивались 
 Черных локонов струи; 
 Закрывала, открывала 
 Ты лазурь своих очей; 
 Трепетала и вздыхала 
 Грудь, прижатая к моей.


Под ночными небесами 
 Сладко, дева-красота, 
 Я горячими устами 
 Целовал тебя в уста... 
 Небесам благодаренье! 
 Здравствуй, дева-красота! 
 То играло сновиденье, 
 Бестелесная мечта!


";Н. М. Языков;Элегия : «Ночь безлунная звездами...»;"Ночь безлунная звездами 
 Убирала синий свод; 
 Тихи были зыби вод; 
 Под зелеными кустами 
 Сладко, дева-красота, 
 Я сжимал тебя руками; 
 Я горячими устами 
 Целовал тебя в уста; 
 Страстным жаром подымались 
 Перси полные твои; 
 Разлетаясь, развивались 
 Черных локонов струи; 
 Закрывала, открывала 
 Ты лазурь своих очей; 
 Трепетала и вздыхала 
 Грудь, прижатая к моей.


Под ночными небесами 
 Сладко, дева-красота, 
 Я горячими устами 
 Целовал тебя в уста... 
 Небесам благодаренье! 
 Здравствуй, дева-красота! 
 То играло сновиденье, 
 Бестелесная мечта!


"
217;16299;ok;"Радушно рабствует поэту 
 Животворящая мечта; 
 Его любовному привету 
 Не веруй, дева-красота! -- 
 Раздумье лени или скуки, 
 Пустую смесь обычных снов 
 Он рядит в сладостные звуки, -- 
 В музыку мыслей и стихов; -- 
 А ты, мой чистый ангел рая, 
 Ты примешь, очи потупляя, 
 Их гармоническую ложь; 
 Поверишь слепо чувствам ясным, 
 И сердца трепетом прекрасным 
 Сердечный голос ты поймешь. 
 Как мило взор его смиренный 
 Дичится взора твоего; 
 Кипят, тобою вдохновенны, 
 Восторги нежные его!


Уже давно под небесами 
 Ночная тень и тишина. 
 Не спишь, красавица! -- Мечтами 
 Ты беспокойными полна: 
 Чуть видны блестки огневые 
 Твоих лазоревых очей, 
 Блуждают кудри золотые 
 По скатам девственных грудей, 
 Ланиты рдеют пурпуровы, 
 Упали жаркие покровы 
 С младого стана и колен... 
 Вот день -- и бледная ты встала... 
 Ты не спала, ты все мечтала... 
 А он, таинственник Камен? 
 Им не играли грезы ночи 
 И бодр и свеж проснулся он, 
 И про любовь и черны очи 
 Уже выдумывает сон.


";Н. М. Языков;Поэт : «Радушно рабствует поэту...»;"Радушно рабствует поэту 
 Животворящая мечта; 
 Его любовному привету 
 Не веруй, дева-красота! -- 
 Раздумье лени или скуки, 
 Пустую смесь обычных снов 
 Он рядит в сладостные звуки, -- 
 В музыку мыслей и стихов; -- 
 А ты, мой чистый ангел рая, 
 Ты примешь, очи потупляя, 
 Их гармоническую ложь; 
 Поверишь слепо чувствам ясным, 
 И сердца трепетом прекрасным 
 Сердечный голос ты поймешь. 
 Как мило взор его смиренный 
 Дичится взора твоего; 
 Кипят, тобою вдохновенны, 
 Восторги нежные его!


Уже давно под небесами 
 Ночная тень и тишина. 
 Не спишь, красавица! -- Мечтами 
 Ты беспокойными полна: 
 Чуть видны блестки огневые 
 Твоих лазоревых очей, 
 Блуждают кудри золотые 
 По скатам девственных грудей, 
 Ланиты рдеют пурпуровы, 
 Упали жаркие покровы 
 С младого стана и колен... 
 Вот день -- и бледная ты встала... 
 Ты не спала, ты все мечтала... 
 А он, таинственник Камен? 
 Им не играли грезы ночи 
 И бодр и свеж проснулся он, 
 И про любовь и черны очи 
 Уже выдумывает сон.


"
218;16292;ok;"Поэта пламенных созданий 
 Не бойся, дева; сила их 
 Не отучнит твоих желаний 
 И не понизит дум твоих. 
 Когда в воздушные соблазны 
 И безграничные мечты, 
 В тот мир, всегда разнообразный 
 И полный свежей красоты, 
 Тебя, из тягостного мира 
 Телесных мыслей и забот. 
 Его пророческая лира 
 На крыльях звуков унесет, 
 Ты беззаботно предавайся 
 Очарованью твоему, 
 Им сладострастно упивайся 
 И гордо радуйся ему: 
 В тот час, как ты вполне забылась 
 Сим творческим, высоким сном, 
 Ты в божество преобразилась, 
 Живешь небесным бытием!


";Н. М. Языков;Мечтания : «Поэта пламенных созданий...»;"Поэта пламенных созданий 
 Не бойся, дева; сила их 
 Не отучнит твоих желаний 
 И не понизит дум твоих. 
 Когда в воздушные соблазны 
 И безграничные мечты, 
 В тот мир, всегда разнообразный 
 И полный свежей красоты, 
 Тебя, из тягостного мира 
 Телесных мыслей и забот. 
 Его пророческая лира 
 На крыльях звуков унесет, 
 Ты беззаботно предавайся 
 Очарованью твоему, 
 Им сладострастно упивайся 
 И гордо радуйся ему: 
 В тот час, как ты вполне забылась 
 Сим творческим, высоким сном, 
 Ты в божество преобразилась, 
 Живешь небесным бытием!


"
219;16300;ok;"Когда с тобой сроднилось вдохновенье, 
 И сильно им твоя трепещет грудь, 
 И видишь ты свое предназначенье, 
 И знаешь свой благословенный путь; 
 Когда тебе на подвиг все готово, 
 В чем на земле небесный явен дар, 
 Могучей мысли свет и жар 
 И огнедышущее слово:


Иди ты в мир: да слышит он пророка, 
 Но в мире будь величествен и свят: 
 Не лобызай саха́рных уст порока, 
 И не проси и не бери наград. 
 Приветно ли сияет багряница? 
 Ужасен ли венчанный произвол? 
 Невинен будь, как голубица, 
 Смел и отважен, как орел!


И стройные, и сладостные звуки 
 Поднимутся с гремящих струн твоих: 
 В тех звуках раб свои забудет муки, 
 И царь Саул заслушается их; 
 И жизнию торжественно-высокой 
 Ты процветешь -- и будет век светло 
 Твое открытое чело, -- 
 И зорко пламенное око!


Но если ты похвал и наслаждений 
 Исполнился желанием земным: 
 Не собирай богатых приношений 
 На жертвенник пред господом твоим: 
 Он на тебя немилосердно взглянет, 
 Не примет жертв лукавых; дым и гром 
 Размечут их -- и жрец отпрянет; 
 Дрожащий страхом и стыдом!


";Н. М. Языков;Поэту : «Когда с тобой сроднилось вдохновенье...»;"Когда с тобой сроднилось вдохновенье, 
 И сильно им твоя трепещет грудь, 
 И видишь ты свое предназначенье, 
 И знаешь свой благословенный путь; 
 Когда тебе на подвиг все готово, 
 В чем на земле небесный явен дар, 
 Могучей мысли свет и жар 
 И огнедышущее слово:


Иди ты в мир: да слышит он пророка, 
 Но в мире будь величествен и свят: 
 Не лобызай саха́рных уст порока, 
 И не проси и не бери наград. 
 Приветно ли сияет багряница? 
 Ужасен ли венчанный произвол? 
 Невинен будь, как голубица, 
 Смел и отважен, как орел!


И стройные, и сладостные звуки 
 Поднимутся с гремящих струн твоих: 
 В тех звуках раб свои забудет муки, 
 И царь Саул заслушается их; 
 И жизнию торжественно-высокой 
 Ты процветешь -- и будет век светло 
 Твое открытое чело, -- 
 И зорко пламенное око!


Но если ты похвал и наслаждений 
 Исполнился желанием земным: 
 Не собирай богатых приношений 
 На жертвенник пред господом твоим: 
 Он на тебя немилосердно взглянет, 
 Не примет жертв лукавых; дым и гром 
 Размечут их -- и жрец отпрянет; 
 Дрожащий страхом и стыдом!


"
220;16302;ok;"В час, как деву молодую 
 Я зову на ложе сна, 
 И ночному поцелую 
 Не противится она, 
 Грусть нежданно! о сомненья 
 Вдруг находит на меня -- 
 И боюсь я пробужденья 
 И божественного дня.


Он сияет, день прекрасный, 
 В блеске розовых лучей; 
 В сенях леса сладкогласный 
 Свищет песню соловей; 
 Резвым плеском льются воды, 
 И цветут ковры долин... 
 То любовница природы, 
 То красавица годин.


О! счастли́в, чья грудь младая 
 Силой чувств еще полна; 
 Жизнь ведет его, играя, 
 Как влюбленная, нежна; 
 И веселая ласкает, 
 И, пристрастная к нему, 
 И дарит и обещает 
 Все красавцу своему!


Есть любовь и наслажденья, 
 Небо есть и на земле; 
 Но могущество мгновенья, 
 Но грядущее во мгле. 
 О! друзья, что наша младость? 
 Чарка славного вина; 
 А забывчивая радость 
 Сразу пьет ее до дна!


";Н. М. Языков;Стансы : «В час, как деву молодую...»;"В час, как деву молодую 
 Я зову на ложе сна, 
 И ночному поцелую 
 Не противится она, 
 Грусть нежданно! о сомненья 
 Вдруг находит на меня -- 
 И боюсь я пробужденья 
 И божественного дня.


Он сияет, день прекрасный, 
 В блеске розовых лучей; 
 В сенях леса сладкогласный 
 Свищет песню соловей; 
 Резвым плеском льются воды, 
 И цветут ковры долин... 
 То любовница природы, 
 То красавица годин.


О! счастли́в, чья грудь младая 
 Силой чувств еще полна; 
 Жизнь ведет его, играя, 
 Как влюбленная, нежна; 
 И веселая ласкает, 
 И, пристрастная к нему, 
 И дарит и обещает 
 Все красавцу своему!


Есть любовь и наслажденья, 
 Небо есть и на земле; 
 Но могущество мгновенья, 
 Но грядущее во мгле. 
 О! друзья, что наша младость? 
 Чарка славного вина; 
 А забывчивая радость 
 Сразу пьет ее до дна!


"
221;16232;ok;"Покинул лиру ты. В обычном шуме света 
 Тебе не до нее. Я помню этот шум, 
 Я знаю этот шум. Он вреден для поэта: 
 Снотворно действует на ум!


Счастлив, кто убежал от светских наслаждений, 
 От городских забав, превратностей и смут 
 Далеко, в тишь и глушь, в приволье вдохновений, 
 В душеспасительный приют.


Беги же ты в свои родимые долины, 
 На свежие брега поемных берегов, 
 Под сень густых ветвей, где трели соловьины 
 И лепетание ручьев!


Свобода и покой, хранители поэта, 
 Дадут твоей душе и бодрость и простор, 
 И вдохновением, как было в прежни лета, 
 Светло заискрится твой взор.


И лиру ты возьмешь: проснется золотая, 
 И снова запоето жизни и любви, 
 И звуки полетят, красуясь и играя, 
 Живые, чистые твои!


Не медли, друг и брат! Судьбу твою решила 
 Поэзия. О, будь же верен ей всегда! 
 Она одна тебе прибежище и сила, 
 Она твой крест, твоя звезда!


И что же на землеи сладостней и краше? 
 Дай руку мне! Восстань с возвышенным челом 
 И ради наших муз, и ради дружбы нашей 
 Явись на поприще твоем!


Явись и торжествуй, -- и славою своею 
 Обрадуй вовь Парнас и оживи меня! 
 Да новый хор певцов исчезнет перед нею, 
 Как снег перед лицом огня!


";Н. М. Языков;Е. А. Баратынскому : «Покинул лиру ты. В обычном шуме света...»;"Покинул лиру ты. В обычном шуме света 
 Тебе не до нее. Я помню этот шум, 
 Я знаю этот шум. Он вреден для поэта: 
 Снотворно действует на ум!


Счастлив, кто убежал от светских наслаждений, 
 От городских забав, превратностей и смут 
 Далеко, в тишь и глушь, в приволье вдохновений, 
 В душеспасительный приют.


Беги же ты в свои родимые долины, 
 На свежие брега поемных берегов, 
 Под сень густых ветвей, где трели соловьины 
 И лепетание ручьев!


Свобода и покой, хранители поэта, 
 Дадут твоей душе и бодрость и простор, 
 И вдохновением, как было в прежни лета, 
 Светло заискрится твой взор.


И лиру ты возьмешь: проснется золотая, 
 И снова запоето жизни и любви, 
 И звуки полетят, красуясь и играя, 
 Живые, чистые твои!


Не медли, друг и брат! Судьбу твою решила 
 Поэзия. О, будь же верен ей всегда! 
 Она одна тебе прибежище и сила, 
 Она твой крест, твоя звезда!


И что же на землеи сладостней и краше? 
 Дай руку мне! Восстань с возвышенным челом 
 И ради наших муз, и ради дружбы нашей 
 Явись на поприще твоем!


Явись и торжествуй, -- и славою своею 
 Обрадуй вовь Парнас и оживи меня! 
 Да новый хор певцов исчезнет перед нею, 
 Как снег перед лицом огня!


"
222;16313;ok;"Громадные тучи нависли широко 
 Над морем и скрыли блистательный день, 
 И в синюю бездну спустились глубоко, 
 И в ней улеглася тяжелая тень;


Но бездна морская уже негодует, 
 Ей хочется света и ропщет она, 
 И скоро, могучая, встанет грозна, 
 Пространно и громко она забушует.


Великую силу уже подымая, 
 Полки она строит из водных громад; 
 И вал-великан, головою качая, 
 Становится в ряд, и ряды говорят;


И вот свои смуглые лица нахмуря, 
 И белые гребни колебля, они 
 Идут. В черных тучах блеснули огни, 
 И гром загудел. Начинается буря.


";Н. М. Языков;Буря : «Громадные тучи нависли широко...»;"Громадные тучи нависли широко 
 Над морем и скрыли блистательный день, 
 И в синюю бездну спустились глубоко, 
 И в ней улеглася тяжелая тень;


Но бездна морская уже негодует, 
 Ей хочется света и ропщет она, 
 И скоро, могучая, встанет грозна, 
 Пространно и громко она забушует.


Великую силу уже подымая, 
 Полки она строит из водных громад; 
 И вал-великан, головою качая, 
 Становится в ряд, и ряды говорят;


И вот свои смуглые лица нахмуря, 
 И белые гребни колебля, они 
 Идут. В черных тучах блеснули огни, 
 И гром загудел. Начинается буря.


"
223;3187;ok;"Отвсюду объятый равниною моря, 
 Утес гордо высится, -- мрачен, суров, 
 Незыблем стоит он, в могуществе споря 
 С прибоями волн и с напором веков. 
 Валы только лижут могучего пяты; 
 От времени только бразды вдоль чела; 
 Мох серый ползет на широкие скаты, 
 Седая вершина -- престол для орла.


Как в плащ исполин весь во мглу завернулся 
 Поник, будто в думах, косматой главой; 
 Бесстрашно над морем всем станом нагнулся 
 И грозно нависнул над бездной морской. 
 Вы ждете -- падет он -- не ждите паденья! 
 Наклонно он стал, чтобы сверху взирать 
 На слабые волны с усмешкой презренья 
 И смертного взоры отвагой пугать.


Он хладен, но жар в нем закован природный: 
 Во дне чудодейства зиждительных сил 
 Он силой огня -- сын огня первородный -- 
 Из сердца земли мощно выдвинут был! 
 Взлетел и застыл он твердыней гранита. 
 Ему не живителен солнечный луч; 
 Для нег его грудь вековая закрыта; 
 И дик и угрюм он: зато он могуч!


Зато он неистовой радостью блещет, 
 Как ветры помчатся в разгульный свой путь, 
 Когда в него море бурунами хлещет 
 И прыгает жадно гиганты на грудь. 
 Вот молнии пламя над ним засверкало. 
 Перун свой удар ему в сердце нанес -- 
 Что ж? -- огненный змей изломил свое жало, 
 И весь невредимый хохочет утес.


";В. Г. Бенедиктов;Утес : «Отвсюду объятый равниною моря...»;"Отвсюду объятый равниною моря, 
 Утес гордо высится, -- мрачен, суров, 
 Незыблем стоит он, в могуществе споря 
 С прибоями волн и с напором веков. 
 Валы только лижут могучего пяты; 
 От времени только бразды вдоль чела; 
 Мох серый ползет на широкие скаты, 
 Седая вершина -- престол для орла.


Как в плащ исполин весь во мглу завернулся 
 Поник, будто в думах, косматой главой; 
 Бесстрашно над морем всем станом нагнулся 
 И грозно нависнул над бездной морской. 
 Вы ждете -- падет он -- не ждите паденья! 
 Наклонно он стал, чтобы сверху взирать 
 На слабые волны с усмешкой презренья 
 И смертного взоры отвагой пугать.


Он хладен, но жар в нем закован природный: 
 Во дне чудодейства зиждительных сил 
 Он силой огня -- сын огня первородный -- 
 Из сердца земли мощно выдвинут был! 
 Взлетел и застыл он твердыней гранита. 
 Ему не живителен солнечный луч; 
 Для нег его грудь вековая закрыта; 
 И дик и угрюм он: зато он могуч!


Зато он неистовой радостью блещет, 
 Как ветры помчатся в разгульный свой путь, 
 Когда в него море бурунами хлещет 
 И прыгает жадно гиганты на грудь. 
 Вот молнии пламя над ним засверкало. 
 Перун свой удар ему в сердце нанес -- 
 Что ж? -- огненный змей изломил свое жало, 
 И весь невредимый хохочет утес.


"
224;3191;ok;"Небо полночное звезд мириадами 
 Взорам бессонным блестит; 
 Дивный венец его светит Плеядами, 
 Альдебараном горит. 
 Пышных тех звезд красоту лучезарную 
 Бегло мой взор миновал, 
 Все облетел, но, упав на Полярную, 
 Вдруг, как прикованный, стал.


Тихо горишь ты, дочь неба прелестная, 
 После докучного дня; 
 Томно и сладостно, дева небесная, 
 Смотришь с высот на меня. 
 Жителя севера ночь необъятная 
 Топит в лукавую тьму: 
 Ты безвосходная, ты беззакатная -- 
 Солнце ночное ему!


В длинную ночь селянин озабоченной, 
 Взоры стремя к высотам, 
 Ждет, не пропустит поры обуроченной: 
 Он наглядит ее там, 
 Где Колесница небес безотъездная 
 Искрой полярной блестит; 
 Там в книге звездной пред ним семизвездная 
 Времени буква стоит.


Плаватель по морю бурному носится -- 
 Где бы маяк проблеснул? 
 У моря жадного дна не допросится, 
 Берег -- давно потонул. 
 Там его берег, где ты зажигаешься, 
 Горний маяк для очес! 
 Там его дно, где ты в небо впиваешься, 
 Сребреный якорь небес!


Вижу: светил хоровод обращается -- 
 Ты неподвижна одна. 
 Лик неба синего чудно меняется -- 
 Ты неизменно верна. 
 Не от того ли так сердцу мечтателя 
 Мил твой таинственный луч? 
 Молви, не ты ли в деснице создателя, 
 Звездочка, вечности ключ?


";В. Г. Бенедиктов;К Полярной звезде : «Небо полночное звезд мириадами...»;"Небо полночное звезд мириадами 
 Взорам бессонным блестит; 
 Дивный венец его светит Плеядами, 
 Альдебараном горит. 
 Пышных тех звезд красоту лучезарную 
 Бегло мой взор миновал, 
 Все облетел, но, упав на Полярную, 
 Вдруг, как прикованный, стал.


Тихо горишь ты, дочь неба прелестная, 
 После докучного дня; 
 Томно и сладостно, дева небесная, 
 Смотришь с высот на меня. 
 Жителя севера ночь необъятная 
 Топит в лукавую тьму: 
 Ты безвосходная, ты беззакатная -- 
 Солнце ночное ему!


В длинную ночь селянин озабоченной, 
 Взоры стремя к высотам, 
 Ждет, не пропустит поры обуроченной: 
 Он наглядит ее там, 
 Где Колесница небес безотъездная 
 Искрой полярной блестит; 
 Там в книге звездной пред ним семизвездная 
 Времени буква стоит.


Плаватель по морю бурному носится -- 
 Где бы маяк проблеснул? 
 У моря жадного дна не допросится, 
 Берег -- давно потонул. 
 Там его берег, где ты зажигаешься, 
 Горний маяк для очес! 
 Там его дно, где ты в небо впиваешься, 
 Сребреный якорь небес!


Вижу: светил хоровод обращается -- 
 Ты неподвижна одна. 
 Лик неба синего чудно меняется -- 
 Ты неизменно верна. 
 Не от того ли так сердцу мечтателя 
 Мил твой таинственный луч? 
 Молви, не ты ли в деснице создателя, 
 Звездочка, вечности ключ?


"
225;3188;ok;"В дни, когда в груди моей чувство развивалося 
 Так свежо и молодо 
 И мечтой согретое сердце не сжималося 
 От земного холода, -- 
 В сумраке безвестности за Невой широкою, 
 Небом сокровенная, 
 Мне явилась чудная -- дева светлоокая, 
 Дева незабвенная. 
 Как она несла свою тихо и торжественно 
 Грудь полуразвитую! 
 Как глубоко принял я взор ее божественной 
 В душу ей открытую! 
 На младом челе ее -- над очей алмазами 
 Дивно отражалося, 
 Как ее мысль тихая, зрея в светлом разуме 
 Искрой разгоралася, 
 А потом из уст ее, словом оперенная, 
 Голубем пленительным 
 Вылетала чистая, в краски облеченная, 
 С шумом упоительным. 
 Если ж дева взорами иль улыбкой дружнею 
 Юношу лелеяла -- 
 Негою полуденной, теплотою южною 
 От прелестной веяло.


Помните ль, друзья мои? там ее видали мы 
 Вечно безмятежную, 
 С радостями темными, с ясными печалями 
 И с улыбкой нежною. 
 С ней влеклись мечтатели в области надзвездные 
 Помыслами скрытными; 
 Чудная влекла к себе и сердца железные 
 Персями магнитными. 
 Время перемчалося: скрылся ангел сладостной! 
 Все исчезло с младостью -- 
 Все, что только смертные на земле безрадостной 
 Называют радостью... 
 Перед девой новою сердца беспокойного 
 Тлело чувство новое; 
 Но уж было чувство то -- после лета знойного 
 Солнце сентябревое. 
 Предаю забвению новую прелестницу, 
 В грудь опустошенную 
 Заключив лишь первую счастья провозвестницу 
 Деву незабвенную.


Всюду в жизни суетной -- в бурях испытания 
 Бедность обнаружена; 
 Но, друзья, не беден я: в терниях страдания 
 Светится жемчужина -- 
 И по граням памяти ходит перекатная, 
 Блещет многоценная: 
 Это перл души моей -- дева невозвратная, 
 Дева незабвенная!


";В. Г. Бенедиктов;Незабвенная : «В дни, когда в груди моей чувство развивалося...»;"В дни, когда в груди моей чувство развивалося 
 Так свежо и молодо 
 И мечтой согретое сердце не сжималося 
 От земного холода, -- 
 В сумраке безвестности за Невой широкою, 
 Небом сокровенная, 
 Мне явилась чудная -- дева светлоокая, 
 Дева незабвенная. 
 Как она несла свою тихо и торжественно 
 Грудь полуразвитую! 
 Как глубоко принял я взор ее божественной 
 В душу ей открытую! 
 На младом челе ее -- над очей алмазами 
 Дивно отражалося, 
 Как ее мысль тихая, зрея в светлом разуме 
 Искрой разгоралася, 
 А потом из уст ее, словом оперенная, 
 Голубем пленительным 
 Вылетала чистая, в краски облеченная, 
 С шумом упоительным. 
 Если ж дева взорами иль улыбкой дружнею 
 Юношу лелеяла -- 
 Негою полуденной, теплотою южною 
 От прелестной веяло.


Помните ль, друзья мои? там ее видали мы 
 Вечно безмятежную, 
 С радостями темными, с ясными печалями 
 И с улыбкой нежною. 
 С ней влеклись мечтатели в области надзвездные 
 Помыслами скрытными; 
 Чудная влекла к себе и сердца железные 
 Персями магнитными. 
 Время перемчалося: скрылся ангел сладостной! 
 Все исчезло с младостью -- 
 Все, что только смертные на земле безрадостной 
 Называют радостью... 
 Перед девой новою сердца беспокойного 
 Тлело чувство новое; 
 Но уж было чувство то -- после лета знойного 
 Солнце сентябревое. 
 Предаю забвению новую прелестницу, 
 В грудь опустошенную 
 Заключив лишь первую счастья провозвестницу 
 Деву незабвенную.


Всюду в жизни суетной -- в бурях испытания 
 Бедность обнаружена; 
 Но, друзья, не беден я: в терниях страдания 
 Светится жемчужина -- 
 И по граням памяти ходит перекатная, 
 Блещет многоценная: 
 Это перл души моей -- дева невозвратная, 
 Дева незабвенная!


"
226;3233;ok;"Как могущественна сила 
 Черных глаз твоих, Адель! 
 В них бесстрастия могила 
 И блаженства колыбель. 
 Очи, очи -- обольщенье! 
 Как чудесно вы могли 
 Дать небесное значенье 
 Цвету скорбному земли!


Прочь с лазурными глазами, 
 Дева -- ангел! Ярче дня 
 Ты блестишь, но у меня 
 Ангел с черными очами. 
 Вы, кому любовь дано 
 Пить очей в лазурной чаше, -- 
 Будь лазурно небо ваше! 
 У меня -- оно черно. 
 Вам -- кудрей руно златое, 
 Други милые! Для вас 
 Блещет пламя голубое 
 В паре нежных, томных глаз: 
 Пир мой блещет в черном цвете, 
 И во сне и наяву 
 Я витаю в черном свете, 
 Черным пламенем живу. 
 Пусть вас тешит жизни сладость 
 В ярких красках и цветах: 
 Мне мила, понятна радость 
 Только в траурных очах. 
 Полдень катит волны света -- 
 Для других все тени прочь, 
 Предо мною все ж простерта 
 Глаз Адели черна ночь.


Вот -- смотрю ей долго в очи, 
 Взором в мраке их тону, 
 Глубже, глубже -- там одну 
 Вижу искру в бездне ночи. 
 Как блестящая чудна! 
 То трепещет, то затихнет, 
 То замрет, то пуще вспыхнет, 
 Мило резвится она. 
 Искра неба в женском теле -- 
 Я узнал тебя, узнал, 
 Дивный блеск твой разгадал: 
 Ты -- душа моей Адели!


Вот блестящая взвилась, 
 Прихотливо поднялась, 
 Прихотливо подлетела 
 К паре черненьких очей 
 И умильно посмотрела 
 В окна храмины своей; 
 Тихо влагой в них плеснула, 
 Тихо в глубь опять порхнула, 
 А на черные глаза 
 Накатилась и блеснула, 
 Как жемчужина, слеза.


Вот и ночь. Средь этой ночи 
 Черноты ее черней, 
 Дивно блещут черны очи 
 Тайным пламенем страстей. 
 Небо мраком обложило; 
 Дунул ветер; из-за туч 
 Лунный вырезался луч 
 И, упав на очи милой, 
 На окате их живом 
 Брызнул мелким серебром. 
 Девы грудь волнообразна, 
 Ночь тиха, полна соблазна...


Прочь, коварная мечта: 
 Нет, Адель, живи чиста! 
 Не довольно ль любоваться 
 На тебя, краса любви, 
 И очами погружаться 
 В очи черные твои, 
 Проницать в их мглу густую 
 И высматривать в тиши 
 Неба искру золотую, 
 Блестку ангельской души?


";В. Г. Бенедиктов;Черные очи : «Как могущественна сила...»;"Как могущественна сила 
 Черных глаз твоих, Адель! 
 В них бесстрастия могила 
 И блаженства колыбель. 
 Очи, очи -- обольщенье! 
 Как чудесно вы могли 
 Дать небесное значенье 
 Цвету скорбному земли!


Прочь с лазурными глазами, 
 Дева -- ангел! Ярче дня 
 Ты блестишь, но у меня 
 Ангел с черными очами. 
 Вы, кому любовь дано 
 Пить очей в лазурной чаше, -- 
 Будь лазурно небо ваше! 
 У меня -- оно черно. 
 Вам -- кудрей руно златое, 
 Други милые! Для вас 
 Блещет пламя голубое 
 В паре нежных, томных глаз: 
 Пир мой блещет в черном цвете, 
 И во сне и наяву 
 Я витаю в черном свете, 
 Черным пламенем живу. 
 Пусть вас тешит жизни сладость 
 В ярких красках и цветах: 
 Мне мила, понятна радость 
 Только в траурных очах. 
 Полдень катит волны света -- 
 Для других все тени прочь, 
 Предо мною все ж простерта 
 Глаз Адели черна ночь.


Вот -- смотрю ей долго в очи, 
 Взором в мраке их тону, 
 Глубже, глубже -- там одну 
 Вижу искру в бездне ночи. 
 Как блестящая чудна! 
 То трепещет, то затихнет, 
 То замрет, то пуще вспыхнет, 
 Мило резвится она. 
 Искра неба в женском теле -- 
 Я узнал тебя, узнал, 
 Дивный блеск твой разгадал: 
 Ты -- душа моей Адели!


Вот блестящая взвилась, 
 Прихотливо поднялась, 
 Прихотливо подлетела 
 К паре черненьких очей 
 И умильно посмотрела 
 В окна храмины своей; 
 Тихо влагой в них плеснула, 
 Тихо в глубь опять порхнула, 
 А на черные глаза 
 Накатилась и блеснула, 
 Как жемчужина, слеза.


Вот и ночь. Средь этой ночи 
 Черноты ее черней, 
 Дивно блещут черны очи 
 Тайным пламенем страстей. 
 Небо мраком обложило; 
 Дунул ветер; из-за туч 
 Лунный вырезался луч 
 И, упав на очи милой, 
 На окате их живом 
 Брызнул мелким серебром. 
 Девы грудь волнообразна, 
 Ночь тиха, полна соблазна...


Прочь, коварная мечта: 
 Нет, Адель, живи чиста! 
 Не довольно ль любоваться 
 На тебя, краса любви, 
 И очами погружаться 
 В очи черные твои, 
 Проницать в их мглу густую 
 И высматривать в тиши 
 Неба искру золотую, 
 Блестку ангельской души?


"
227;3251;ok;"Кудри девы-чародейки, 
 Кудри -- блеск и аромат, 
 Кудри -- кольца, струйки, змейки, 
 Кудри -- шелковый каскад! 
 Вейтесь, лейтесь, сыпьтесь дружно, 
 Пышно, искристо, жемчужно! 
 Вам не надобен алмаз: 
 Ваш извив неуловимый 
 Блещет краше без прикрас, 
 Без перловой диадимы, 
 Только роза -- цвет любви, 
 Роза -- нежности эмблема -- 
 Красит роскошью эдема 
 Ваши мягкие струи. 
 Помню прелесть пирной ночи: 
 Живо помню я, как вы, 
 Задремав, чрез ясны очи 
 Ниспадали с головы: 
 В ароматной сфере бала, 
 При пылающих свечах, 
 Пышно тень от вас дрожала 
 На груди и на плечах; 
 Ручка нежная бросала 
 Вас небрежно за ушко, 
 Грудь у юношей пылала 
 И металась высоко. 
 Мы, смущенные, смотрели -- 
 Сердце взорами неслось, 
 Ум тускнел, уста немели, 
 А в очах сверкал вопрос. 
 (Кто ж владелец будет полный 
 Этой россыпи златой? 
 Кто-то будет эти волны 
 Черпать жадною рукой? 
 Кто из нас, друзья -- страдальцы, 
 Будет амбру их впивать, 
 Навивать их шелк на пальцы, 
 Поцелуем припекать, 
 Мять и спутывать любовью 
 И во тьме по изголовью 
 Беззаветно рассыпать? )


Кудри, кудри золотые, 
 Кудри пышные, густые -- 
 Юной прелести венец! 
 Вами юноши пленялись, 
 И мольбы их выражались 
 Стуком пламенных сердец, 
 Но снедаемые взглядом 
 И доступны лишь ему, 
 Вы ручным бесценным кладом 
 Не далися никому: 
 Появились, порезвились -- 
 И, как в море вод хрусталь, 
 Ваши волны укатились 
 В неизведанную даль!


";В. Г. Бенедиктов;Кудри : «Кудри девы-чародейки...»;"Кудри девы-чародейки, 
 Кудри -- блеск и аромат, 
 Кудри -- кольца, струйки, змейки, 
 Кудри -- шелковый каскад! 
 Вейтесь, лейтесь, сыпьтесь дружно, 
 Пышно, искристо, жемчужно! 
 Вам не надобен алмаз: 
 Ваш извив неуловимый 
 Блещет краше без прикрас, 
 Без перловой диадимы, 
 Только роза -- цвет любви, 
 Роза -- нежности эмблема -- 
 Красит роскошью эдема 
 Ваши мягкие струи. 
 Помню прелесть пирной ночи: 
 Живо помню я, как вы, 
 Задремав, чрез ясны очи 
 Ниспадали с головы: 
 В ароматной сфере бала, 
 При пылающих свечах, 
 Пышно тень от вас дрожала 
 На груди и на плечах; 
 Ручка нежная бросала 
 Вас небрежно за ушко, 
 Грудь у юношей пылала 
 И металась высоко. 
 Мы, смущенные, смотрели -- 
 Сердце взорами неслось, 
 Ум тускнел, уста немели, 
 А в очах сверкал вопрос. 
 (Кто ж владелец будет полный 
 Этой россыпи златой? 
 Кто-то будет эти волны 
 Черпать жадною рукой? 
 Кто из нас, друзья -- страдальцы, 
 Будет амбру их впивать, 
 Навивать их шелк на пальцы, 
 Поцелуем припекать, 
 Мять и спутывать любовью 
 И во тьме по изголовью 
 Беззаветно рассыпать? )


Кудри, кудри золотые, 
 Кудри пышные, густые -- 
 Юной прелести венец! 
 Вами юноши пленялись, 
 И мольбы их выражались 
 Стуком пламенных сердец, 
 Но снедаемые взглядом 
 И доступны лишь ему, 
 Вы ручным бесценным кладом 
 Не далися никому: 
 Появились, порезвились -- 
 И, как в море вод хрусталь, 
 Ваши волны укатились 
 В неизведанную даль!


"
228;3252;ok;"Бездомный скиталец -- пустынный певец -- 
 Один, с непогодою в споре, 
 Он реет над бездной, певучий пловец 
 Безъякорный в жизненном море; 
 Все в даль его манит неведомый свет: 
 Он к берегу рвется, а берега нет.


Он странен; исполнен несбыточных дум, 
 Бывает он весел -- ошибкой; 
 Он к людям на праздник приходит -- угрюм, 
 К гробам их подходит -- с улыбкой; 
 Всеобщий кумир их ему не кумир; -- 
 Недаром безумцем зовет его мир!


Он ищет печалей -- и всюду найдет. 
 Он вызовет, вымыслит муки, 
 Взлелеет их в сердце, а там перельет 
 В волшебные, стройные звуки, 
 И сам же, обманутый ложью своей, 
 Безумно ей верит и плачет над ней.


Мир черный бранит он и громы со струн 
 Срывает карающей дланью: 
 Мир ловит безвредно сей пышный перун, 
 Доволен прекрасною бранью; 
 Ему для забавы кидает певец 
 Потешное пламя на мрамор сердец!


Пред девой застенчив; он милой своей 
 Не смеет смутить разговором; 
 Он, робкий, трепещет приблизиться к ней, 
 Коснуться к ней пламенным взором; -- 
 Святое молчанье смыкает уста, 
 Кипучая тайна в груди заперта;


И если признаньем язык задрожит -- 
 Певец не находит напева, 
 Из уст его буря тогда излетит, 
 И вздрогнет небесная дева, 
 И трепетный ангел сквозь пламя и гром 
 Умчится, взмахнув опаленным крылом.


Захочет ли дружбе тогда протянуть 
 Страдалец безбрачную руку -- 
 На чью упадет он отверстую грудь? 
 Родной всему свету по звуку, 
 Он тонет в печальном избытке связей, И нет ему друга, хоть много друзей.


Врагов он находит, -- но это рабы, 
 Завистников рой беспокойных; 
 Для жарких объятий кровавой борьбы 
 Врагов ему нету достойных: 
 Один, разрушитель всех собственных благ 
 Он сам себе в мире достойнейший враг!


";В. Г. Бенедиктов;Певец : «Бездомный скиталец -- пустынный певец...»;"Бездомный скиталец -- пустынный певец -- 
 Один, с непогодою в споре, 
 Он реет над бездной, певучий пловец 
 Безъякорный в жизненном море; 
 Все в даль его манит неведомый свет: 
 Он к берегу рвется, а берега нет.


Он странен; исполнен несбыточных дум, 
 Бывает он весел -- ошибкой; 
 Он к людям на праздник приходит -- угрюм, 
 К гробам их подходит -- с улыбкой; 
 Всеобщий кумир их ему не кумир; -- 
 Недаром безумцем зовет его мир!


Он ищет печалей -- и всюду найдет. 
 Он вызовет, вымыслит муки, 
 Взлелеет их в сердце, а там перельет 
 В волшебные, стройные звуки, 
 И сам же, обманутый ложью своей, 
 Безумно ей верит и плачет над ней.


Мир черный бранит он и громы со струн 
 Срывает карающей дланью: 
 Мир ловит безвредно сей пышный перун, 
 Доволен прекрасною бранью; 
 Ему для забавы кидает певец 
 Потешное пламя на мрамор сердец!


Пред девой застенчив; он милой своей 
 Не смеет смутить разговором; 
 Он, робкий, трепещет приблизиться к ней, 
 Коснуться к ней пламенным взором; -- 
 Святое молчанье смыкает уста, 
 Кипучая тайна в груди заперта;


И если признаньем язык задрожит -- 
 Певец не находит напева, 
 Из уст его буря тогда излетит, 
 И вздрогнет небесная дева, 
 И трепетный ангел сквозь пламя и гром 
 Умчится, взмахнув опаленным крылом.


Захочет ли дружбе тогда протянуть 
 Страдалец безбрачную руку -- 
 На чью упадет он отверстую грудь? 
 Родной всему свету по звуку, 
 Он тонет в печальном избытке связей, И нет ему друга, хоть много друзей.


Врагов он находит, -- но это рабы, 
 Завистников рой беспокойных; 
 Для жарких объятий кровавой борьбы 
 Врагов ему нету достойных: 
 Один, разрушитель всех собственных благ 
 Он сам себе в мире достойнейший враг!


"
229;3285;ok;"Я не люблю тебя. Любить уже не может, 
 Кто выкупал в холодном море дум 
 Свой сумрачный, тяжелый ум, 
 Кого везде, во всем, сомнение тревожит, 
 Кто в школе опыта давно уж перешел 
 Сердечной музыки мучительную гамму 
 И в жизни злую эпиграмму 
 На все прекрасное прочел. 
 Пусть юноша мечтам заветным предается! 
 Я продал их, я прожил их давно; 
 Мой ум давно уж там смеется, 
 Где сердцу плакать суждено.


Что б не сбылось с душой моею, 
 Какой бы ни горел огонь в моей крови, 
 Я не люблю тебя, я именем любви 
 Стремленья тайного знаменовать не смею, 
 Но ты мила моим очам, 
 Очам души моей мила, как день блаженный, 
 И взора твоего к божественным лучам 
 Прикован взор мой упоенный. 
 Язык мой скован -- и молчит; 
 Его мой скрытный жар в посредники не просит, 
 А сердце внятно говорит, 
 Чего язык не произносит.


Когда-то жизни на заре 
 С душой, отверстою к приятию святыни, 
 Я разводил свой огнь на алтаре 
 Минувших дней моих богини. 
 Тогда в мечтах заповедных 
 Повсюду предо мной сияла бесконечность, 
 И в думах девственных своих 
 Я сочетал любовь и вечность; 
 Но вскоре дал суровый рок 
 Мне охладительный урок: 
 Он мне открыл, что и любовь хранится 
 Не доле милого цветка, 
 Что вечность целая порой в нее ложится, 
 Но эта вечность -- коротка. 
 Теперь, сим знаньем просвещенный, 
 Я верить рад, что грудь моя 
 Объята вспышкою мгновенной, 
 Последним взрывом бытия. 
 На хладный свой язык мне разум переводит, 
 Что втайне чувство создает; 
 Оно растет, оно восходит, 
 А он твердит: оно пройдет! 
 Но что ж? На грудь, волнуемую тщетно, 
 Он хочет наложить свинцовую печать: 
 Душе ль насильственно изгнать, 
 Что в душу рвется так приветно?


Я не люблю тебя; -- но как бы я желал 
 Всегда с тобою быть, с тобою жизнью слиться, 
 С тобою пить ее фиал, 
 С тобой от мира отделиться! 
 И между тем как рыцарь наших дней 
 Лепечет с легкостью и резвостью воздушной 
 Бездушное «люблю» красавице бездушной 
 Как сладко было б мне, склонясь к главе твоей, 
 И руку сжав твою рукою воспаленной, 
 И взор твой обратив, отрадный, на себя, 
 Тебе шептать: мой друг бесценной! 
 Мой милый друг! я не люблю тебя!


";В. Г. Бенедиктов;Я не люблю тебя : «Я не люблю тебя. Любить уже не может...»;"Я не люблю тебя. Любить уже не может, 
 Кто выкупал в холодном море дум 
 Свой сумрачный, тяжелый ум, 
 Кого везде, во всем, сомнение тревожит, 
 Кто в школе опыта давно уж перешел 
 Сердечной музыки мучительную гамму 
 И в жизни злую эпиграмму 
 На все прекрасное прочел. 
 Пусть юноша мечтам заветным предается! 
 Я продал их, я прожил их давно; 
 Мой ум давно уж там смеется, 
 Где сердцу плакать суждено.


Что б не сбылось с душой моею, 
 Какой бы ни горел огонь в моей крови, 
 Я не люблю тебя, я именем любви 
 Стремленья тайного знаменовать не смею, 
 Но ты мила моим очам, 
 Очам души моей мила, как день блаженный, 
 И взора твоего к божественным лучам 
 Прикован взор мой упоенный. 
 Язык мой скован -- и молчит; 
 Его мой скрытный жар в посредники не просит, 
 А сердце внятно говорит, 
 Чего язык не произносит.


Когда-то жизни на заре 
 С душой, отверстою к приятию святыни, 
 Я разводил свой огнь на алтаре 
 Минувших дней моих богини. 
 Тогда в мечтах заповедных 
 Повсюду предо мной сияла бесконечность, 
 И в думах девственных своих 
 Я сочетал любовь и вечность; 
 Но вскоре дал суровый рок 
 Мне охладительный урок: 
 Он мне открыл, что и любовь хранится 
 Не доле милого цветка, 
 Что вечность целая порой в нее ложится, 
 Но эта вечность -- коротка. 
 Теперь, сим знаньем просвещенный, 
 Я верить рад, что грудь моя 
 Объята вспышкою мгновенной, 
 Последним взрывом бытия. 
 На хладный свой язык мне разум переводит, 
 Что втайне чувство создает; 
 Оно растет, оно восходит, 
 А он твердит: оно пройдет! 
 Но что ж? На грудь, волнуемую тщетно, 
 Он хочет наложить свинцовую печать: 
 Душе ль насильственно изгнать, 
 Что в душу рвется так приветно?


Я не люблю тебя; -- но как бы я желал 
 Всегда с тобою быть, с тобою жизнью слиться, 
 С тобою пить ее фиал, 
 С тобой от мира отделиться! 
 И между тем как рыцарь наших дней 
 Лепечет с легкостью и резвостью воздушной 
 Бездушное «люблю» красавице бездушной 
 Как сладко было б мне, склонясь к главе твоей, 
 И руку сжав твою рукою воспаленной, 
 И взор твой обратив, отрадный, на себя, 
 Тебе шептать: мой друг бесценной! 
 Мой милый друг! я не люблю тебя!


"
230;3273;ok;"Прости! -- Как много в этом звуке 
 Глубоких тайн заключено! 
 Святое слово! -- в миг разлуки 
 Граничит с вечностью оно. 
 Разлука... Где ее начало? 
 В немом пространстве без конца 
 Едва «да будет» прозвучало 
 Из уст божественных творца, 
 Мгновенно бездна закипела, 
 Мгновенно творческий глагол 
 Черту великого раздела 
 В хаосе дремлющем провел. 
 Сей глас расторгнул сочетанья, 
 Стихии рознял, ополчил, 
 И в самый первый миг созданья 
 С землею небо разлучил, 
 И мраку бездны довременной 
 Велел от света отойти, -- 
 И всюду в первый день вселенной 
 Промчалось грустное ""прости». 
 С тех пор доныне эти звуки 
 Идут, летят из века в век, 
 И брошенный в юдоль разлуки 
 Повит страданьем человек.


С тех пор как часто небо ночи 
 Стремит в таинственной дали 
 Свои мерцающие очи 
 На лоно сумрачной земли, 
 И к ней объятья простирая, 
 В свой светлый край ее манит! 
 Напрасно: узница родная 
 В оковах тяжести скорбит. 
 Заря с востока кинет розы -- 
 Росой увлажатся поля; 
 О, это слезы, скорби слезы, 
 В слезах купается земля. 
 Давно в века уходят годы, 
 И в вечность катятся века, 
 Все так же льется слез природы 
 Неистощимая река!


Прости! Прости! -- Сей звук унылый 
 Дано нам вторить каждый час, 
 И наконец -- в дверях могилы 
 Его издать в последний раз; -- 
 И здесь, впервые полон света, 
 Исходит он как новый луч, 
 Как над челом разбитых туч 
 Младая радуга завета, 
 И смерть спешит его умчать, 
 И этот звук с одра кончины, 
 Здесь излетев до половины, 
 Уходит в небо дозвучать, -- 
 И повторен эдемским клиром, 
 И принят в небе с торжеством, 
 Святой глагол разлуки с миром -- 
 Глагол свиданья с божеством!


";В. Г. Бенедиктов;Прости! : «Прости! -- Как много в этом звуке...»;"Прости! -- Как много в этом звуке 
 Глубоких тайн заключено! 
 Святое слово! -- в миг разлуки 
 Граничит с вечностью оно. 
 Разлука... Где ее начало? 
 В немом пространстве без конца 
 Едва «да будет» прозвучало 
 Из уст божественных творца, 
 Мгновенно бездна закипела, 
 Мгновенно творческий глагол 
 Черту великого раздела 
 В хаосе дремлющем провел. 
 Сей глас расторгнул сочетанья, 
 Стихии рознял, ополчил, 
 И в самый первый миг созданья 
 С землею небо разлучил, 
 И мраку бездны довременной 
 Велел от света отойти, -- 
 И всюду в первый день вселенной 
 Промчалось грустное ""прости». 
 С тех пор доныне эти звуки 
 Идут, летят из века в век, 
 И брошенный в юдоль разлуки 
 Повит страданьем человек.


С тех пор как часто небо ночи 
 Стремит в таинственной дали 
 Свои мерцающие очи 
 На лоно сумрачной земли, 
 И к ней объятья простирая, 
 В свой светлый край ее манит! 
 Напрасно: узница родная 
 В оковах тяжести скорбит. 
 Заря с востока кинет розы -- 
 Росой увлажатся поля; 
 О, это слезы, скорби слезы, 
 В слезах купается земля. 
 Давно в века уходят годы, 
 И в вечность катятся века, 
 Все так же льется слез природы 
 Неистощимая река!


Прости! Прости! -- Сей звук унылый 
 Дано нам вторить каждый час, 
 И наконец -- в дверях могилы 
 Его издать в последний раз; -- 
 И здесь, впервые полон света, 
 Исходит он как новый луч, 
 Как над челом разбитых туч 
 Младая радуга завета, 
 И смерть спешит его умчать, 
 И этот звук с одра кончины, 
 Здесь излетев до половины, 
 Уходит в небо дозвучать, -- 
 И повторен эдемским клиром, 
 И принят в небе с торжеством, 
 Святой глагол разлуки с миром -- 
 Глагол свиданья с божеством!


"
231;3284;ok;"Пиши, поэт! слагай для милой девы 
 Симфонии любовные свои! 
 Переливай в могучие напевы 
 Палящий жар страдальческой любви! 
 Чтоб выразить таинственные муки, 
 Чтоб сердца огнь в словах твоих изник. 
 Изобретай неслыханные звуки. 
 Выдумывай неведомый язык!


И он поет. Любовью к милой дышит 
 Откованный в горниле сердца стих; 
 Певец поет: она его не слышит; 
 Он слезы льет: она не видит их. 
 Когда ж молва, все тайны расторгая, 
 Песнь жаркую по свету разнесет, 
 И, может быть, красавица другая 
 Прочувствует ее, не понимая, 
 Она ее бесчувственно поймет; 
 Она пройдет, измерит без раздумья 
 Всю глубину поэта тяжких дум; 
 Ее живой, быстро -- летучий ум 
 Поймет язык сердечного безумья, 
 И, гордая могуществом своим 
 Пред данником и робким, и немым, 
 На бурный стих она ему укажет, 
 Где страсть его та бешено горит, 
 С улыбкою: как это мило! -- скажет, 
 И, легкая, к забавам улетит. 
 А ты ступай, мечтатель умиленный, 
 Вновь расточать бесплатные мечты! 
 Иди опять красавице надменной 
 Ковать венец, работник вдохновенный, 
 Ремесленник во славу красоты!


";В. Г. Бенедиктов;«Пиши, поэт! слагай для милой девы...»;"Пиши, поэт! слагай для милой девы 
 Симфонии любовные свои! 
 Переливай в могучие напевы 
 Палящий жар страдальческой любви! 
 Чтоб выразить таинственные муки, 
 Чтоб сердца огнь в словах твоих изник. 
 Изобретай неслыханные звуки. 
 Выдумывай неведомый язык!


И он поет. Любовью к милой дышит 
 Откованный в горниле сердца стих; 
 Певец поет: она его не слышит; 
 Он слезы льет: она не видит их. 
 Когда ж молва, все тайны расторгая, 
 Песнь жаркую по свету разнесет, 
 И, может быть, красавица другая 
 Прочувствует ее, не понимая, 
 Она ее бесчувственно поймет; 
 Она пройдет, измерит без раздумья 
 Всю глубину поэта тяжких дум; 
 Ее живой, быстро -- летучий ум 
 Поймет язык сердечного безумья, 
 И, гордая могуществом своим 
 Пред данником и робким, и немым, 
 На бурный стих она ему укажет, 
 Где страсть его та бешено горит, 
 С улыбкою: как это мило! -- скажет, 
 И, легкая, к забавам улетит. 
 А ты ступай, мечтатель умиленный, 
 Вновь расточать бесплатные мечты! 
 Иди опять красавице надменной 
 Ковать венец, работник вдохновенный, 
 Ремесленник во славу красоты!


"
232;6998;ok;"Есть тихая роща у быстрых ключей; 
 И днем там и ночью поет соловей; 
 Там светлые воды приветно текут, 
 Там алые розы, красуясь, цветут. 
 В ту пору, как младость манила мечтать, 
 В той роще любила я часто гулять; 
 Любуясь цветами под тенью густой, 
 Я слышала песни -- и млела душой.


Той рощи зеленой мне век не забыть! 
 Места наслажденья, как вас не любить! 
 Но с летом уж скоро и радость пройдет, 
 И душу невольно раздумье берет: 
 «Ах! в роще зеленой, у быстрых ключей, 
 Все так ли, как прежде, поет соловей? 
 И алые розы осенней порой 
 Цветут ли всё так же над светлой струей?»


Нет, розы увяли, мутнее струя, 
 И в роще не слышно теперь соловья! 
 Когда же, красуясь, там розы цвели, 
 Их часто срывали, венками плели; 
 Блеск нежных листочков хотя помрачен, 
 В росе ароматной их дух сохранен. 
 И воздух свежится душистой росой; 
 Весна миновала -- а веет весной.


Так памятью можно в минувшем нам жить 
 И чувств упоенья в душе сохранить; 
 Так веет отрадно и поздней порой 
 Бывалая прелесть любви молодой! 
 Не вовсе же радости время возьмет: 
 Пусть младость увянет, но сердце цветет. 
 И сладко мне помнить, как пел соловей, 
 И розы, и рощу у быстрых ключей!


";И. И. Козлов;Романс : «Есть тихая роща у быстрых ключей...»;"Есть тихая роща у быстрых ключей; 
 И днем там и ночью поет соловей; 
 Там светлые воды приветно текут, 
 Там алые розы, красуясь, цветут. 
 В ту пору, как младость манила мечтать, 
 В той роще любила я часто гулять; 
 Любуясь цветами под тенью густой, 
 Я слышала песни -- и млела душой.


Той рощи зеленой мне век не забыть! 
 Места наслажденья, как вас не любить! 
 Но с летом уж скоро и радость пройдет, 
 И душу невольно раздумье берет: 
 «Ах! в роще зеленой, у быстрых ключей, 
 Все так ли, как прежде, поет соловей? 
 И алые розы осенней порой 
 Цветут ли всё так же над светлой струей?»


Нет, розы увяли, мутнее струя, 
 И в роще не слышно теперь соловья! 
 Когда же, красуясь, там розы цвели, 
 Их часто срывали, венками плели; 
 Блеск нежных листочков хотя помрачен, 
 В росе ароматной их дух сохранен. 
 И воздух свежится душистой росой; 
 Весна миновала -- а веет весной.


Так памятью можно в минувшем нам жить 
 И чувств упоенья в душе сохранить; 
 Так веет отрадно и поздней порой 
 Бывалая прелесть любви молодой! 
 Не вовсе же радости время возьмет: 
 Пусть младость увянет, но сердце цветет. 
 И сладко мне помнить, как пел соловей, 
 И розы, и рощу у быстрых ключей!


"
233;6999;ok;"Ночь весенняя дышала 
 Светло-южною красой; 
 Тихо Брента протекала, 
 Серебримая луной; 
 Отражен волной огнистой 
 Блеск прозрачных облаков, 
 И восходит пар душистый 
 От зеленых берегов.


Свод лазурный, томный ропот 
 Чуть дробимыя волны, 
 Померанцев, миртов шепот 
 И любовный свет луны, 
 Упоенья аромата 
 И цветов и свежих трав, 
 И вдали напев Торквата 
 Гармонических октав --


Всё вливает тайно радость, 
 Чувствам снится дивный мир, 
 Сердце бьется, мчится младость 
 На любви весенний пир; 
 По вудам скользят гондолы, 
 Искры брызжут под веслом, 
 Звуки нежной баркаролы 
 Веют легким ветерком.


Что же, что не видно боле 
 Над игривою рекой 
 В светло-убранной гондоле 
 Той красавицы младой, 
 Чья улыбка, образ милый 
 Волновали все сердца 
 И пленяли дух унылый 
 Исступленного певца?


Нет ее: она тоскою 
 В замок свой удалена; 
 Там живет одна с мечтою, 
 Тороплива и мрачна. 
 Не мила ей прелесть ночи, 
 Не манит сребристый ток, 
 И задумчивые очи 
 Смотрят томно на восток.


Но густее тень ночная; 
 И красот цветущий рой, 
 В неге страстной утопая, 
 Покидает пир ночной. 
 Стихли пышные забавы, 
 Всё спокойно на реке, 
 Лишь Торкватовы октавы 
 Раздаются вдалеке.


Вот прекрасная выходит 
 На чугунное крыльцо; 
 Месяц бледно луч наводит 
 На печальное лицо; 
 В русых локонах небрежных 
 Рисовался легкий стан, 
 И на персях белоснежных 
 Изумрудный талисман!


Уж в гондоле одинокой 
 К той скале она плывет, 
 Где под башнею высокой 
 Море бурное ревет. 
 Там певца воспоминанье 
 В сердце пламенном живей, 
 Там любви очарованье 
 С отголоском прежних дней.


И в мечтах она внимала, 
 Как полночный вещий бой 
 Медь гудящая сливала 
 С вечно-шумною волной. 
 Не мила ей прелесть ночи, 
 Душен свежий ветерок, 
 И задумчивые очи 
 Смотрят томно на восток.


Тучи тянутся грядою, 
 Затмевается луна; 
 Ясный свод оделся мглою; 
 Тьма внезапная страшна. 
 Вдруг гондола осветилась, 
 И звезда на высоте 
 По востоку покатилась 
 И пропала в темноте.


И во тьме с востока веет 
 Тихогласный ветерок; 
 Факел дальний пламенеет, -- 
 Мчится по морю челнок. 
 В нем уныло молодая 
 Тень знакомая сидит, 
 Подле арфа золотая, 
 Меч под факелом блестит.


Не играйте, не звучите, 
 Струны дерзкие мои: 
 Славной тени не гневите!.. 
 О! свободы и любви 
 Где же, где певец чудесный? 
 Иль его не сыщет взор? 
 Иль угас огонь небесный, 
 Как блестящий метеор?


";И. И. Козлов;Венецианская ночь : «Ночь весенняя дышала...»;"Ночь весенняя дышала 
 Светло-южною красой; 
 Тихо Брента протекала, 
 Серебримая луной; 
 Отражен волной огнистой 
 Блеск прозрачных облаков, 
 И восходит пар душистый 
 От зеленых берегов.


Свод лазурный, томный ропот 
 Чуть дробимыя волны, 
 Померанцев, миртов шепот 
 И любовный свет луны, 
 Упоенья аромата 
 И цветов и свежих трав, 
 И вдали напев Торквата 
 Гармонических октав --


Всё вливает тайно радость, 
 Чувствам снится дивный мир, 
 Сердце бьется, мчится младость 
 На любви весенний пир; 
 По вудам скользят гондолы, 
 Искры брызжут под веслом, 
 Звуки нежной баркаролы 
 Веют легким ветерком.


Что же, что не видно боле 
 Над игривою рекой 
 В светло-убранной гондоле 
 Той красавицы младой, 
 Чья улыбка, образ милый 
 Волновали все сердца 
 И пленяли дух унылый 
 Исступленного певца?


Нет ее: она тоскою 
 В замок свой удалена; 
 Там живет одна с мечтою, 
 Тороплива и мрачна. 
 Не мила ей прелесть ночи, 
 Не манит сребристый ток, 
 И задумчивые очи 
 Смотрят томно на восток.


Но густее тень ночная; 
 И красот цветущий рой, 
 В неге страстной утопая, 
 Покидает пир ночной. 
 Стихли пышные забавы, 
 Всё спокойно на реке, 
 Лишь Торкватовы октавы 
 Раздаются вдалеке.


Вот прекрасная выходит 
 На чугунное крыльцо; 
 Месяц бледно луч наводит 
 На печальное лицо; 
 В русых локонах небрежных 
 Рисовался легкий стан, 
 И на персях белоснежных 
 Изумрудный талисман!


Уж в гондоле одинокой 
 К той скале она плывет, 
 Где под башнею высокой 
 Море бурное ревет. 
 Там певца воспоминанье 
 В сердце пламенном живей, 
 Там любви очарованье 
 С отголоском прежних дней.


И в мечтах она внимала, 
 Как полночный вещий бой 
 Медь гудящая сливала 
 С вечно-шумною волной. 
 Не мила ей прелесть ночи, 
 Душен свежий ветерок, 
 И задумчивые очи 
 Смотрят томно на восток.


Тучи тянутся грядою, 
 Затмевается луна; 
 Ясный свод оделся мглою; 
 Тьма внезапная страшна. 
 Вдруг гондола осветилась, 
 И звезда на высоте 
 По востоку покатилась 
 И пропала в темноте.


И во тьме с востока веет 
 Тихогласный ветерок; 
 Факел дальний пламенеет, -- 
 Мчится по морю челнок. 
 В нем уныло молодая 
 Тень знакомая сидит, 
 Подле арфа золотая, 
 Меч под факелом блестит.


Не играйте, не звучите, 
 Струны дерзкие мои: 
 Славной тени не гневите!.. 
 О! свободы и любви 
 Где же, где певец чудесный? 
 Иль его не сыщет взор? 
 Иль угас огонь небесный, 
 Как блестящий метеор?


"
234;6992;ok;"Я арфа тревоги, ты -- арфа любви 
 И радости мирной, небесной; 
 Звучу я напевом мятежной тоски, -- 
 Мил сердцу твой голос чудесный.


Я здесь омрачаюсь земною судьбой, 
 Мечтами страстей сокрушенный, -- 
 А ты горишь в небе прекрасной звездой, 
 Как ангел прекрасный, нетленный!


";И. И. Козлов;Княгине З. А. Волконской : «Я арфа тревоги, ты -- арфа любви...»;"Я арфа тревоги, ты -- арфа любви 
 И радости мирной, небесной; 
 Звучу я напевом мятежной тоски, -- 
 Мил сердцу твой голос чудесный.


Я здесь омрачаюсь земною судьбой, 
 Мечтами страстей сокрушенный, -- 
 А ты горишь в небе прекрасной звездой, 
 Как ангел прекрасный, нетленный!


"
235;6976;ok;"Вечерний звон, вечерний звон! 
 Как много дум наводит он 
 О юных днях в краю родном, 
 Где я любил, где отчий дом, 
 И как я, с ним навек простясь, 
 Там слушал звон в последний раз!


Уже не зреть мне светлых дней 
 Весны обманчивой моей! 
 И сколько нет теперь в живых 
 Тогда веселых, молодых! 
 И крепок их могильный сон,- 
 Не слышен им вечерний звон.


Лежать и мне в земле сырой! 
 Напев унылый надо мной 
 В долине ветер разнесет; 
 Другой певец по ней пройдет, 
 И уж не я, а будет он 
 В раздумье петь вечерний звон!


";И. И. Козлов;Вечерний звон : «Вечерний звон, вечерний звон!..»;"Вечерний звон, вечерний звон! 
 Как много дум наводит он 
 О юных днях в краю родном, 
 Где я любил, где отчий дом, 
 И как я, с ним навек простясь, 
 Там слушал звон в последний раз!


Уже не зреть мне светлых дней 
 Весны обманчивой моей! 
 И сколько нет теперь в живых 
 Тогда веселых, молодых! 
 И крепок их могильный сон,- 
 Не слышен им вечерний звон.


Лежать и мне в земле сырой! 
 Напев унылый надо мной 
 В долине ветер разнесет; 
 Другой певец по ней пройдет, 
 И уж не я, а будет он 
 В раздумье петь вечерний звон!


"
236;7003;ok;"Москва, Москва, где радости и горе 
 Мой юный дух, пылая, обнимал, -- 
 Где жизнь мою, как в непогоду море, 
 Мятеж страстей так часто волновал! 
 Ты -- колыбель моих воспоминаний, 
 Сердечных дум и дерзких упований! 
 О, сколько их увяло, не сбылось! 
 Но хоть тогда и много туч неслось, -- 
 Отважный взор не устрашен был мглою, 
 И вдалеке мелькающей звездою 
 Пленялся я: во тьме -- она одна 
 Светила мне; но так мила, ясна, 
 Она меж туч так радостно играла, 
 Надеждою, любовью мне сияла! 
 Шуми же ветр, тмись небо, вой гроза: 
 В очах, в душе -- звезды моей краса!


И мой удел, с надеждами, с мечтами, 
 С веселыми и горестными днями, 
 По сердцу мне; он мне не утаил 
 Душевных тайн, и я недаром жил. 
 Туч грозных мрак, румяной блеск денницы 
 Знакомы мне, и отзыв их живой 
 То ужас льет, как в ночь протяжный вой 
 Далеких бурь, то нежный звук цевницы 
 Пред ним ничто. Я снова, если б мог, 
 Искать бы стал тех пламенных тревог, 
 В которых всё земное нам милее, 
 Небесное и ближе, и святее! 
 Стремлю назад, вздыхая, томный взор, 
 Но в нем Москва -- привет, а не укор.


Бывало, я в лесу уединенном, 
 Где Кунцово на холме возвышенном 
 Задумчивой пленяет красотой, 
 Брожу один вечернею зарей; 
 Москва-река там с синими волнами; 
 В тени берез, меж дикими кустами, 
 Шумя, блестит и прихотей полна: 
 То скрылась вдруг, то вдруг опять видна; 
 Зеленый луг и роща за рекою; 
 Вдали вид сел, полуодетых тьмою, 
 Манили взор, -- и сладостной мечте 
 Вдавался я в сердечной простоте: 
 «О, если б здесь она, мой друг прелестный, 
 Кем для меня всё дышит в поднебесной, 
 Таясь от всех в беспечной тишине, 
 Прекрасный сон! была подругой мне! 
 Деревня, сад, любовь, уединенье 
 И божье с ней и в ней благословенье -- 
 Во всем она!» -- И месяц уж всходил, 
 А я в лесу, забыв часы, бродил, 
 И с ним тогда прощался поневоле, 
 Как мрак ночной ложился в тихом поле. 
 Иду -- ко мне из сел летит порой 
 То звук рожка, то песни плясовой: 
 Я оживлен веселыми мечтами! 
 Но, проходя кладбище под Филями, 
 Случалось мне -- внезапно я смущен: 
 Над свежею могилой, слышу стон, -- 
 И я, крестясь, задумаюсь уныло... 
 И пламенней люблю что сердцу мило!


Но уж прошел я поле и погост, 
 Дрожит вдали Дорогомилов мост, 
 Бегу к нему, надеждою томимый; 
 Спешу пройти по улице любимой: 
 Там, может быть, теперь пред тихим сном 
 Она сидит, в раздумье, под окном. 
 Но хоть один огонь меж ставней блещет, 
 Всё счастлив я, -- и сердце затрепещет! 
 Нет! тайну чувств, несметных сердца дум, 
 Их чудный мир постичь не может ум.


Мечта сбылась. Меня любила радость, 
 Священный жар мою лелеял младость; 
 Хоть жизнь моя утрачена в страстях 
 И божий свет померк в моих очах, 
 Но я стеснен, а не убит судьбою -- 
 Моя жена, и сын, и дочь со мною! 
 Мой дух кипит, моя не стынет кровь, 
 По-прежнему я верую в любовь... 
 Так видим мы: покинув мать родную, 
 Мечтатель-сын летит в страну чужую, 
 Где буря ждет, печаль, тоска крушат -- 
 Быть может, сам он, дерзкий, виноват, 
 Но он -- ее; то ж сердце в нем пылает, 
 И мать в слезах страдальца обнимает. 
 Москва! с тобой давно расстался я, 
 Но я твой сын -- родная ты моя!


";И. И. Козлов;Безумная / [Пролог] : «Москва, Москва, где радости и горе...»;"Москва, Москва, где радости и горе 
 Мой юный дух, пылая, обнимал, -- 
 Где жизнь мою, как в непогоду море, 
 Мятеж страстей так часто волновал! 
 Ты -- колыбель моих воспоминаний, 
 Сердечных дум и дерзких упований! 
 О, сколько их увяло, не сбылось! 
 Но хоть тогда и много туч неслось, -- 
 Отважный взор не устрашен был мглою, 
 И вдалеке мелькающей звездою 
 Пленялся я: во тьме -- она одна 
 Светила мне; но так мила, ясна, 
 Она меж туч так радостно играла, 
 Надеждою, любовью мне сияла! 
 Шуми же ветр, тмись небо, вой гроза: 
 В очах, в душе -- звезды моей краса!


И мой удел, с надеждами, с мечтами, 
 С веселыми и горестными днями, 
 По сердцу мне; он мне не утаил 
 Душевных тайн, и я недаром жил. 
 Туч грозных мрак, румяной блеск денницы 
 Знакомы мне, и отзыв их живой 
 То ужас льет, как в ночь протяжный вой 
 Далеких бурь, то нежный звук цевницы 
 Пред ним ничто. Я снова, если б мог, 
 Искать бы стал тех пламенных тревог, 
 В которых всё земное нам милее, 
 Небесное и ближе, и святее! 
 Стремлю назад, вздыхая, томный взор, 
 Но в нем Москва -- привет, а не укор.


Бывало, я в лесу уединенном, 
 Где Кунцово на холме возвышенном 
 Задумчивой пленяет красотой, 
 Брожу один вечернею зарей; 
 Москва-река там с синими волнами; 
 В тени берез, меж дикими кустами, 
 Шумя, блестит и прихотей полна: 
 То скрылась вдруг, то вдруг опять видна; 
 Зеленый луг и роща за рекою; 
 Вдали вид сел, полуодетых тьмою, 
 Манили взор, -- и сладостной мечте 
 Вдавался я в сердечной простоте: 
 «О, если б здесь она, мой друг прелестный, 
 Кем для меня всё дышит в поднебесной, 
 Таясь от всех в беспечной тишине, 
 Прекрасный сон! была подругой мне! 
 Деревня, сад, любовь, уединенье 
 И божье с ней и в ней благословенье -- 
 Во всем она!» -- И месяц уж всходил, 
 А я в лесу, забыв часы, бродил, 
 И с ним тогда прощался поневоле, 
 Как мрак ночной ложился в тихом поле. 
 Иду -- ко мне из сел летит порой 
 То звук рожка, то песни плясовой: 
 Я оживлен веселыми мечтами! 
 Но, проходя кладбище под Филями, 
 Случалось мне -- внезапно я смущен: 
 Над свежею могилой, слышу стон, -- 
 И я, крестясь, задумаюсь уныло... 
 И пламенней люблю что сердцу мило!


Но уж прошел я поле и погост, 
 Дрожит вдали Дорогомилов мост, 
 Бегу к нему, надеждою томимый; 
 Спешу пройти по улице любимой: 
 Там, может быть, теперь пред тихим сном 
 Она сидит, в раздумье, под окном. 
 Но хоть один огонь меж ставней блещет, 
 Всё счастлив я, -- и сердце затрепещет! 
 Нет! тайну чувств, несметных сердца дум, 
 Их чудный мир постичь не может ум.


Мечта сбылась. Меня любила радость, 
 Священный жар мою лелеял младость; 
 Хоть жизнь моя утрачена в страстях 
 И божий свет померк в моих очах, 
 Но я стеснен, а не убит судьбою -- 
 Моя жена, и сын, и дочь со мною! 
 Мой дух кипит, моя не стынет кровь, 
 По-прежнему я верую в любовь... 
 Так видим мы: покинув мать родную, 
 Мечтатель-сын летит в страну чужую, 
 Где буря ждет, печаль, тоска крушат -- 
 Быть может, сам он, дерзкий, виноват, 
 Но он -- ее; то ж сердце в нем пылает, 
 И мать в слезах страдальца обнимает. 
 Москва! с тобой давно расстался я, 
 Но я твой сын -- родная ты моя!


"
237;NA;ok;"Корма запрещала, летят паруса,
                     Встревоженной хляби звучат голоса,
                     И солнце затмилось над бездной морокою
                     С последней надеждой, кровавой зарею.

                     Громада, бунтуя, ревет и кипит,
                     И волны бушуют, и ветер шумит,
                     И стон раздается зловещих насосов,
                     И вырвались верьви из рук у матросов.

                     Торжественно буря завыла; дымясь,
                     Из бездны кипучей гора поднялась,
                     И ангел-губитель по ярусам пены
                     В корабль уже входит, как ратник на стены.

                     Кто, силы утратив, без чувства падет;
                     Кто, руки ломая, свой жребий клянет;
                     Иной, полумертвый, о друге тоскует,
                     Другой молит бога, да гибель минует.

                     Младой иноземец безмолвно сидит,
                     И мнит он: ""Тот счастлив, кто мертвым лежит;
                     И тот, кто умеет усердно молиться,
                     И тот, у кого еще есть с кем проститься"".";И. И. Козлов;Буря;"Корма запрещала, летят паруса,
                     Встревоженной хляби звучат голоса,
                     И солнце затмилось над бездной морокою
                     С последней надеждой, кровавой зарею.

                     Громада, бунтуя, ревет и кипит,
                     И волны бушуют, и ветер шумит,
                     И стон раздается зловещих насосов,
                     И вырвались верьви из рук у матросов.

                     Торжественно буря завыла; дымясь,
                     Из бездны кипучей гора поднялась,
                     И ангел-губитель по ярусам пены
                     В корабль уже входит, как ратник на стены.

                     Кто, силы утратив, без чувства падет;
                     Кто, руки ломая, свой жребий клянет;
                     Иной, полумертвый, о друге тоскует,
                     Другой молит бога, да гибель минует.

                     Младой иноземец безмолвно сидит,
                     И мнит он: ""Тот счастлив, кто мертвым лежит;
                     И тот, кто умеет усердно молиться,
                     И тот, у кого еще есть с кем проститься""."
238;NA;ok;"Корабль наш рассекал стекло морских равнин,
И сеял искрами бездонный мрак пучин.
Уж месяц пламенел, вздымался пар душистый,
И сноп серебряный дрожал в лазури чистой
Дремотных волн, и звёзд лелеяла краса
И волны, и эфир, и мрак, и небеса.
На палубе сидел, накинув плащ широкий,
Влюблённый юноша, красивый, черноокий;
Он думой тайною в родимый край летал,
Где брак с прекрасною счастливца ожидал.
Гитары трепетной со звонкими струна́ми
Сливал он песнь любви наш, тихими волнами;
Он пел, воспламенён девичьей красотой,
И встречу первую с невестой молодой,
И взгляды робкие, и лепет торопливый,
И буйный пламень свой, и жар её стыдливый,
И грудь лилейную, и шёлк её кудрей,
И алые уста, и томный блеск очей.
Он пел, — а сердце в нём от неги замирало,
Одной невестою, одною ей дышало.
И мнилось: для неё, для их святой любви
Часы полночные так сладостно текли,
Для них вкруг корабля вздымался пар душистый,
И сноп серебряный дрожал в лазури чистой
Дремотных волн, и звёзд лелеяла краса
И волны, и эфир, и мрак, и небеса.";И. И. Козлов;Ночь;"Корабль наш рассекал стекло морских равнин,
И сеял искрами бездонный мрак пучин.
Уж месяц пламенел, вздымался пар душистый,
И сноп серебряный дрожал в лазури чистой
Дремотных волн, и звёзд лелеяла краса
И волны, и эфир, и мрак, и небеса.
На палубе сидел, накинув плащ широкий,
Влюблённый юноша, красивый, черноокий;
Он думой тайною в родимый край летал,
Где брак с прекрасною счастливца ожидал.
Гитары трепетной со звонкими струна́ми
Сливал он песнь любви наш, тихими волнами;
Он пел, воспламенён девичьей красотой,
И встречу первую с невестой молодой,
И взгляды робкие, и лепет торопливый,
И буйный пламень свой, и жар её стыдливый,
И грудь лилейную, и шёлк её кудрей,
И алые уста, и томный блеск очей.
Он пел, — а сердце в нём от неги замирало,
Одной невестою, одною ей дышало.
И мнилось: для неё, для их святой любви
Часы полночные так сладостно текли,
Для них вкруг корабля вздымался пар душистый,
И сноп серебряный дрожал в лазури чистой
Дремотных волн, и звёзд лелеяла краса
И волны, и эфир, и мрак, и небеса."
239;NA;beginning;"На мшистом берегу морском
                         Один, вечернею зарею,
                         Сидишь ты в сумраке ночном,
                         Сидишь - и пылкою душою
                         Стремишься вдаль: на свод небес,
                         Мерцающий в тени сребристой,
                         На взморье, на прибрежный лес
                         С его поляною душистой,
                         На своенравных облаков
                         Летящий хоровод эфирный,
                         На дымные ряды холмов
                         И на луну во тме сапфирной -
                         Задумчиво бросаешь взгляд.
                         О, сколько сердцу говорят
                         Безмолвные красы творенья!
                         Как их пленительны виденья,
                         Одушевленные мечтой!
                         Они таинственного полны.
                         О дивном шепчет бор густой,
                         Шумят о неизвестном волны;
                         Надежду, радость, горе, страх,
                         Тоску о невозвратных днях,
                         Невольный ужас мрачной бездны,
                         Влеченья сердца в мир надзвездный
                         От них, сливаяся с душой,
                         Несет нам голос неземной.
                         И тихо в думу погруженный,
                         Ты взор обводишь вкруг себя,
                         Ты полон жизни вдохновенной,
                         Мечтая, чувствуя, любя.
                         С тобою в дни твои младые
                         Сбылись, сбылись мечты снятые;
                         Благословляя твой удел,
                         Ты оценить его умел.
                         Но так, как буря с синим морем,
                         Так сердце неразлучно с горем;
                         И, может быть, творцом оно
                         Душе светильником дано.
                         Ты счастлив друг, а долетали
                         И до тебя уже печали;
                         И тех давно теперь уж нет,
                         С кем зеленел твой юный цвет.
                         Но кто здесь встретился с тоскою
                         И кто порою слезы льет,
                         Тот озаренною душою
                         Теснее радость обоймет.
 
                         Но уж пора, и меж дренами -
                         Ты видишь - блещет огонек;
                         Ты встал и скорыми шагами
                         Идешь в родимый уголок;
                         Твое отрадно сердце бьется,
                         Оно в груди твоей смеется:
                         Там ждет тебя и друг, и мать,
                         И дети с милою женою.
                         Любви семейной благодать,
                         О, что равняется с тобою!
 
                         Так часто я к тебе лечу,
                         Себя обманывая снами,
                         И тихо, тихо между вами
                         Пожить я в Знаменском хочу.
                         Влекомый легкостью природной,
                         Знакомкой резвой юных дней,
                         Почти забыл я, сумасбродный,
                         Что я без ног и без очей;
                         Но их, подругою заветной,
                         Моей мечтою я сберег...
 
                         Уж я иду в твой сад приветный,
                         Брожу и вдоль и поперек,
                         На божий храм золотоглавый
                         Стремлю я с умиленьем взгляд;
                         Приятен вид мне величавый
                         Боярских каменных палат;
                         Чрез поле, рощи и долины
                         Смотреть с тобой помчался я
                         На взморья зыбкие равнины,
                         На бег неверный корабля
                         И как, надеждою маня,
                         Играет им волна морская.
                         Но, томно берег озаряя,
                         Уж месяц встал - унылых мест
                         Давно друзья, в твое жилище
                         Идем чрез сельское кладбище;
                         Там вижу вновь _зеленый_ крест, -
                         И вспомнил я твою балладу...
                         Ты дал усопшему отраду:
                         Подземный горестный жилен.
                         Уж боле страха не наводит,
                         И в белом саване мертвец
                         В полночной тме теперь не бродит.
";И. И. Козлов;К И. П. Мятлеву;"На мшистом берегу морском
                         Один, вечернею зарею,
                         Сидишь ты в сумраке ночном,
                         Сидишь - и пылкою душою
                         Стремишься вдаль: на свод небес,
                         Мерцающий в тени сребристой,
                         На взморье, на прибрежный лес
                         С его поляною душистой,
                         На своенравных облаков
                         Летящий хоровод эфирный,
                         На дымные ряды холмов
                         И на луну во тме сапфирной -
                         Задумчиво бросаешь взгляд.
                         О, сколько сердцу говорят
                         Безмолвные красы творенья!
                         Как их пленительны виденья,
                         Одушевленные мечтой!
                         Они таинственного полны.
                         О дивном шепчет бор густой,
                         Шумят о неизвестном волны;
                         Надежду, радость, горе, страх,
                         Тоску о невозвратных днях,
                         Невольный ужас мрачной бездны,
                         Влеченья сердца в мир надзвездный
                         От них, сливаяся с душой,
                         Несет нам голос неземной.
                         И тихо в думу погруженный,
                         Ты взор обводишь вкруг себя,
                         Ты полон жизни вдохновенной,
                         Мечтая, чувствуя, любя.
                         С тобою в дни твои младые
                         Сбылись, сбылись мечты снятые;
                         Благословляя твой удел,
                         Ты оценить его умел.
                         Но так, как буря с синим морем,
                         Так сердце неразлучно с горем;
                         И, может быть, творцом оно
                         Душе светильником дано.
                         Ты счастлив друг, а долетали
                         И до тебя уже печали;
                         И тех давно теперь уж нет,
                         С кем зеленел твой юный цвет.
                         Но кто здесь встретился с тоскою
                         И кто порою слезы льет,
                         Тот озаренною душою
                         Теснее радость обоймет.

                         Но уж пора, и меж дренами -
                         Ты видишь - блещет огонек;
                         Ты встал и скорыми шагами
                         Идешь в родимый уголок;
                         Твое отрадно сердце бьется,
                         Оно в груди твоей смеется:
                         Там ждет тебя и друг, и мать,
                         И дети с милою женою.
                         Любви семейной благодать,
                         О, что равняется с тобою!

                         Так часто я к тебе лечу,
                         Себя обманывая снами,
                         И тихо, тихо между вами
                         Пожить я в Знаменском хочу.
                         Влекомый легкостью природной,
                         Знакомкой резвой юных дней,
                         Почти забыл я, сумасбродный,
                         Что я без ног и без очей;
                         Но их, подругою заветной,
                         Моей мечтою я сберег...

                         Уж я иду в твой сад приветный,
                         Брожу и вдоль и поперек,
                         На божий храм золотоглавый
                         Стремлю я с умиленьем взгляд;
                         Приятен вид мне величавый
                         Боярских каменных палат;
                         Чрез поле, рощи и долины
                         Смотреть с тобой помчался я
                         На взморья зыбкие равнины,
                         На бег неверный корабля
                         И как, надеждою маня,
                         Играет им волна морская.
                         Но, томно берег озаряя,
                         Уж месяц встал - унылых мест
                         Давно друзья, в твое жилище
                         Идем чрез сельское кладбище;
                         Там вижу вновь _зеленый_ крест, -
                         И вспомнил я твою балладу...
                         Ты дал усопшему отраду:
                         Подземный горестный жилен.
                         Уж боле страха не наводит,
                         И в белом саване мертвец
                         В полночной тме теперь не бродит.
                         Но я, мой друг, жалеть готов,
                         Что твой покойник меж гробов
                         Надолго перестал скитаться:
                         Я с ним хотел бы повстречаться;
                         И ты один тому виной,
                         Что он уснул в земле сырой.

                         Быть может, что, летя мечтами
                         Туда, где быть не суждено,
                         Я усыпил тебя струнами.
                         Итак, прости... Скажу одно:
                         О! счастлив тот, кто жизни цену
                         В младые дни уразумел
                         И после бурь нашел в замену
                         Блаженный по сердцу удел;
                         Кто без святого упоенья
                         Очей не взводит к небесам,
                         Лелея мир воображенья,
                         Знакомый, пламенным сердцам;
                         Кто знает, что в житейской доле
                         Любовь - прекрасному венец,
                         И каждый день кто любит боле,
                         Как сын, как муж и как отец."
240;NA;ok;"Настала тень осенней длинной ночи.
                     Крушился я, страданьем утомлен,
                     Искали сна мои печальны очи,
                     Но их давно покинул сладкий сон.

                     И я летал в дали, душою зримой:
                     Младые дни мелькали предо мной
                     В своей красе невозвратимой
                     И с мрачной их внезапною грозой.

                     Но сердце вдруг мечтою возвышенной
                     В груди моей кипит, оживлено,
                     С тревогой дум, надеждой примиренной,
                     Подумал я: несчастье... что оно?

                     Оно - гигант, кругом себя бросая
                     Повсюду страх, и ноги из свинца,
                     Но ярче звезд горит глава златая
                     И дивный блеск от светлого лица.

                     Подавлен тот свинцовыми ногами,
                     Пред грозным кто от ужаса падет,
                     Но, озарен, блестит его огнями,
                     Кто смело взор на призрак возведет.

                     За тяжкий крест получит он замену:
                     Забытый гость счастливцами земли
                     Душой поймет священной дружбы цену
                     И жар святой, таинственной любви.

                     Его удел - живые впечатленья,
                     Житейским сном уж грудь не стеснена,
                     В слезах своих найдет он наслажденья, -
                     Страдальца жизнь высокого полна.

                     Так пыл мечты в прозе красу вам кажет,
                     Быстрее путь в час бури по волнам, -
                     И сколько тайн прекрасных горе окажет
                     Тому, чей дух стремится к небесам!

                     В его душе звук совести яснее,
                     Луч правды чист и бледен страх людской:
                     Он думает, он чувствует сильнее, -
                     Не узником он прихоти мирской.

                     Летучий вихрь равно в полях разносит
                     Ковыль-траву и розовый листок,
                     И якоря, увы! никто не бросит
                     В сияющий, но бурный жизни ток.

                     О жизнь! теки: не страшен мрак могилы
                     Тому, кто здесь молился и страдал,
                     Кто, против бед стремя душевны силы,
                     Не смел роптать, любил и уповал.";И. И. Козлов;Стансы (Настала тень осенней длинной ночи);"Настала тень осенней длинной ночи.
                     Крушился я, страданьем утомлен,
                     Искали сна мои печальны очи,
                     Но их давно покинул сладкий сон.

                     И я летал в дали, душою зримой:
                     Младые дни мелькали предо мной
                     В своей красе невозвратимой
                     И с мрачной их внезапною грозой.

                     Но сердце вдруг мечтою возвышенной
                     В груди моей кипит, оживлено,
                     С тревогой дум, надеждой примиренной,
                     Подумал я: несчастье... что оно?

                     Оно - гигант, кругом себя бросая
                     Повсюду страх, и ноги из свинца,
                     Но ярче звезд горит глава златая
                     И дивный блеск от светлого лица.

                     Подавлен тот свинцовыми ногами,
                     Пред грозным кто от ужаса падет,
                     Но, озарен, блестит его огнями,
                     Кто смело взор на призрак возведет.

                     За тяжкий крест получит он замену:
                     Забытый гость счастливцами земли
                     Душой поймет священной дружбы цену
                     И жар святой, таинственной любви.

                     Его удел - живые впечатленья,
                     Житейским сном уж грудь не стеснена,
                     В слезах своих найдет он наслажденья, -
                     Страдальца жизнь высокого полна.

                     Так пыл мечты в прозе красу вам кажет,
                     Быстрее путь в час бури по волнам, -
                     И сколько тайн прекрасных горе окажет
                     Тому, чей дух стремится к небесам!

                     В его душе звук совести яснее,
                     Луч правды чист и бледен страх людской:
                     Он думает, он чувствует сильнее, -
                     Не узником он прихоти мирской.

                     Летучий вихрь равно в полях разносит
                     Ковыль-траву и розовый листок,
                     И якоря, увы! никто не бросит
                     В сияющий, но бурный жизни ток.

                     О жизнь! теки: не страшен мрак могилы
                     Тому, кто здесь молился и страдал,
                     Кто, против бед стремя душевны силы,
                     Не смел роптать, любил и уповал."
241;NA;ok;"Море синее, море бурное,
                        Ветер воющий, необузданный,
                        Ты, звезда моя полуночная, -
                        Ах, отдайте мне друга милого!

                        Где он? где? скажи мне, море;
                        Чем в далекой стороне
                        Он свое лелеет горе?
                        Всё ли помнит обо мне?
                        Днем меня ли ищут очи,
                        Я ль одна в его мечтах,
                        И меня ль во мраке ночи
                        Видит он в тревожных снах?

                        Ты, всегда везде летая,
                        Ветер, ветер, знаешь всё:
                        Заставил ты, как, вздыхая,
                        Шепчет имя он мое?
                        Как, в раздумье и печальный,
                        Жадный взор стремит к волнам
                        И мой локон, дар прощальный,
                        Жмет к пылающим устам?

                        Светлый друг тоски мятежной,
                        Полуночная звезда!
                        Будь вожатою надежной,
                        Нашей радостью всегда;
                        Ты пред ним святой красою
                        Знаком будь любви моей...
                        Если ж он пленен другою,
                        О звезда! затмись скорей!

                        Скоро год уже промчится,
                        Как со мной расстался он,
                        А в разлуке часто снится
                        Поневоле страшный сон.
                        Дух сомненье сокрушило:
                        Мне ль измену пережить? -
                        Лучше то, что сердцу мило,
                        Потерять, а не делить.

                        Но я верю, я мечтаю,
                        Что я с ним соединюсь,
                        Я волненье дум стесняю, -
                        Я измены не боюсь;
                        Чуть коснется страх случайный -
                        Я маню надежду вновь...
                        Есть у сердца вестник тайный:
                        Не обманет он любовь!

                        Море синее, море бурное,
                        Ветер воющий, необузданный,
                        Ты, звезда моя полуночная, -
                        Ах, отдайте мне друга милого!";И. И. Козлов;Тревожное раздумье;"Море синее, море бурное,
                        Ветер воющий, необузданный,
                        Ты, звезда моя полуночная, -
                        Ах, отдайте мне друга милого!

                        Где он? где? скажи мне, море;
                        Чем в далекой стороне
                        Он свое лелеет горе?
                        Всё ли помнит обо мне?
                        Днем меня ли ищут очи,
                        Я ль одна в его мечтах,
                        И меня ль во мраке ночи
                        Видит он в тревожных снах?

                        Ты, всегда везде летая,
                        Ветер, ветер, знаешь всё:
                        Заставил ты, как, вздыхая,
                        Шепчет имя он мое?
                        Как, в раздумье и печальный,
                        Жадный взор стремит к волнам
                        И мой локон, дар прощальный,
                        Жмет к пылающим устам?

                        Светлый друг тоски мятежной,
                        Полуночная звезда!
                        Будь вожатою надежной,
                        Нашей радостью всегда;
                        Ты пред ним святой красою
                        Знаком будь любви моей...
                        Если ж он пленен другою,
                        О звезда! затмись скорей!

                        Скоро год уже промчится,
                        Как со мной расстался он,
                        А в разлуке часто снится
                        Поневоле страшный сон.
                        Дух сомненье сокрушило:
                        Мне ль измену пережить? -
                        Лучше то, что сердцу мило,
                        Потерять, а не делить.

                        Но я верю, я мечтаю,
                        Что я с ним соединюсь,
                        Я волненье дум стесняю, -
                        Я измены не боюсь;
                        Чуть коснется страх случайный -
                        Я маню надежду вновь...
                        Есть у сердца вестник тайный:
                        Не обманет он любовь!

                        Море синее, море бурное,
                        Ветер воющий, необузданный,
                        Ты, звезда моя полуночная, -
                        Ах, отдайте мне друга милого!"
242;NA;ok;"В тиши села уединенной
                       Младой страдалец грустно жил,
                       И, долгой мукой утомленный,
                       Он добрым людям говорил:
                       ""Уж в церковь нашего селенья
                       Вас призывают на моленья,
                       В вечерний колокол звоня;
                       Молитесь богу за меня.

                       Когда ж начнет дубрава тмиться,
                       Туманы лягут над водой,
                       Тогда скажите: ""Не томится
                       Теперь страдалец молодой"".
                       Но вы меня не забывайте,
                       В унывных песнях поминайте

                       И, слыша звон с кончиной дня,
                       Молитесь богу за меня.
                       Пред хитрой, злобной клеветою
                       Я дам всю жизнь мою в ответ,
                       И с непорочною душою
                       Без страха я покину свет.
                       Не долог был мой путь унылый, -
                       В моей весне уж над могилой
                       Стою в слезах; к ней взор склоня,
                       Молитесь богу за меня.

                       Мой милый друг, мой друг прекрасный!
                       Я думал долго жить с тобой;
                       Но, жертвою мечты напрасной,
                       Мой век минутой был одной.
                       О! сердца нежного тревогу
                       Простите ей; молитесь богу,
                       Услыша звон в мерцанье дня,
                       И за нее, и за меня"".";И. И. Козлов;Сельская элегия;"В тиши села уединенной
                       Младой страдалец грустно жил,
                       И, долгой мукой утомленный,
                       Он добрым людям говорил:
                       ""Уж в церковь нашего селенья
                       Вас призывают на моленья,
                       В вечерний колокол звоня;
                       Молитесь богу за меня.

                       Когда ж начнет дубрава тмиться,
                       Туманы лягут над водой,
                       Тогда скажите: ""Не томится
                       Теперь страдалец молодой"".
                       Но вы меня не забывайте,
                       В унывных песнях поминайте

                       И, слыша звон с кончиной дня,
                       Молитесь богу за меня.
                       Пред хитрой, злобной клеветою
                       Я дам всю жизнь мою в ответ,
                       И с непорочною душою
                       Без страха я покину свет.
                       Не долог был мой путь унылый, -
                       В моей весне уж над могилой
                       Стою в слезах; к ней взор склоня,
                       Молитесь богу за меня.

                       Мой милый друг, мой друг прекрасный!
                       Я думал долго жить с тобой;
                       Но, жертвою мечты напрасной,
                       Мой век минутой был одной.
                       О! сердца нежного тревогу
                       Простите ей; молитесь богу,
                       Услыша звон в мерцанье дня,
                       И за нее, и за меня""."
243;NA;ok;"Что я во цвете юных дней
                      Был навсегда убит страданьем, -
                      В том дива нет: огонь страстей
                      Своим губительным дыханьем
                      Меня крушил, меня он жег
                      В мечтах, в тоске, в пылу тревог.
                      Что я в борьбе с моей душою
                      Внезапно схвачен был грозою;
                      Что опален надежды цвет,
                      Истлела жизнь, - в том дива нет.
                      Но ты, прекрасная, чья младость
                      Цвела, невинности полна,
                      Кто взору и сердцам на радость
                      Улыбкою небес дана, -
                      О милый друг! какой судьбою
                      Страданье встретилось с тобою
                      И муки бренные земли
                      С эфирным ангелом любви?
                      Иль ждет нас всех печаль и горе,
                      Как ждет пловца ветр буйный в море?
                      Ужели та должна страдать,
                      В чьем сердце дышит благодать?
                      Но не страшись: опять день ясный
                      Проглянет после тмы ненастной!
                      Ах, об тебе и день, и ночь
                      В молитве муж, и мать, и дочь!
                      Твое пролетное мученье
                      Не есть беда, но искушенье!
                      И мрак, летящий над тобой,
                      Нам веет тайною святой.
                      Тебя лелеет искупитель! -
                      Томленье мук пройдет как сон,
                      Твоя душа - его обитель,
                      Везде, всегда с тобою он!";И. И. Козлов;К ***;"Что я во цвете юных дней
                      Был навсегда убит страданьем, -
                      В том дива нет: огонь страстей
                      Своим губительным дыханьем
                      Меня крушил, меня он жег
                      В мечтах, в тоске, в пылу тревог.
                      Что я в борьбе с моей душою
                      Внезапно схвачен был грозою;
                      Что опален надежды цвет,
                      Истлела жизнь, - в том дива нет.
                      Но ты, прекрасная, чья младость
                      Цвела, невинности полна,
                      Кто взору и сердцам на радость
                      Улыбкою небес дана, -
                      О милый друг! какой судьбою
                      Страданье встретилось с тобою
                      И муки бренные земли
                      С эфирным ангелом любви?
                      Иль ждет нас всех печаль и горе,
                      Как ждет пловца ветр буйный в море?
                      Ужели та должна страдать,
                      В чьем сердце дышит благодать?
                      Но не страшись: опять день ясный
                      Проглянет после тмы ненастной!
                      Ах, об тебе и день, и ночь
                      В молитве муж, и мать, и дочь!
                      Твое пролетное мученье
                      Не есть беда, но искушенье!
                      И мрак, летящий над тобой,
                      Нам веет тайною святой.
                      Тебя лелеет искупитель! -
                      Томленье мук пройдет как сон,
                      Твоя душа - его обитель,
                      Везде, всегда с тобою он!"
244;NA;ok;"Да будет! — был глагол творящий
Средь бездн ничтожества немых:
Из мрака смерти — свет живящий
Ответствует на глас — и в миг
Из волн ожившего эфира
Согласные светила мира,
По гласу времени летят,
Стихии жизнию кипят,
Хор тварей звуками немыми
Ответ Творящему воздал;
Но человек восстал над ними
И первым словом отвещал:
Я есмь! — и в сей глагол единый, совершенный
Слился нестройный тварей хор
И глас гармонии был отзыв во вселенной
И примирен стихий раздор.
И звук всесильного глагола
Достиг до горняго престола,
Отколе глас творящий был:
Ответу внял от века сущий
И в нем познал свой глас могущий
И рекшего благословил.

Мир бысть — прошли века, но в каждое мгновенье
Да будет! — оглашает свет,
И человек за все творенье
Дает творящему ответ.
Быстрей, чем мысль в своем паренье,
Века ответ его передают векам:
Так на крылах грозы ужасной
Несется гром далекогласный
По неизмерным небесам
От облаков ко облакам.
Сим гласом жизни и свободы
Наук воздвигнут светлый храм,
Открыты тайны в нем природы
И светит истина очам.
Там мудрость малый сонм предводит
Любимцев избранных ея
И по ступеням бытия
К началу вечному возводит.
Сим гласом в роковой борьбе
Муж доблести исполнен жаром,
Соперник мстительной судьбе,
Ответствует ее ударам.
Судьба безщадная разит
И силе смертной изумилась;
Над жертвой смерть остановилась;
Гремит косой и глас гремит.
Ни звук времен его не заглушит.
Великих нет, но подвиги их живы!
Над мраком воспарил их дух,
И славы дальные отзывы
Потомства поражают слух.

Сим гласом держится святая прав свобода!
Я есмь! — гремит в устах народа
Перед престолами Царей,
И чтут Цари в законе строгом
Сей глас благословенный Богом.
В раздорах Царств, на поле прей
Велик и силен и возвышен,
Во звуке гневного оружия он слышен!
Стеклись два воинства: где глас в сердцах сильней,
Одушевлен любовью раздается,
Победа там несется!
Но выше он гремит, согласнее, звучней,
В порывах творческого чувства,
Им создан древний мир искусства —
И с неба красота в лучах
Пред взором Гения явилась
И в звуках, образах, словах
Чудесной силой оживилась.
Как в миг созданья вечный Бог
Узрел себя в миророжденьи,
Так смертный человек возмог
Познать себя в своем твореньи.

*
Греми сильней, о мощный глас!
И ныне и в веках грядущих
Звучи дотоле, как слиясь
Со звуками миров, в ничтожество падущих,
Ты возгремишь в последний раз";С. П. Шевырев;Я есмь;"Да будет! — был глагол творящий
Средь бездн ничтожества немых:
Из мрака смерти — свет живящий
Ответствует на глас — и в миг
Из волн ожившего эфира
Согласные светила мира,
По гласу времени летят,
Стихии жизнию кипят,
Хор тварей звуками немыми
Ответ Творящему воздал;
Но человек восстал над ними
И первым словом отвещал:
Я есмь! — и в сей глагол единый, совершенный
Слился нестройный тварей хор
И глас гармонии был отзыв во вселенной
И примирен стихий раздор.
И звук всесильного глагола
Достиг до горняго престола,
Отколе глас творящий был:
Ответу внял от века сущий
И в нем познал свой глас могущий
И рекшего благословил.

Мир бысть — прошли века, но в каждое мгновенье
Да будет! — оглашает свет,
И человек за все творенье
Дает творящему ответ.
Быстрей, чем мысль в своем паренье,
Века ответ его передают векам:
Так на крылах грозы ужасной
Несется гром далекогласный
По неизмерным небесам
От облаков ко облакам.
Сим гласом жизни и свободы
Наук воздвигнут светлый храм,
Открыты тайны в нем природы
И светит истина очам.
Там мудрость малый сонм предводит
Любимцев избранных ея
И по ступеням бытия
К началу вечному возводит.
Сим гласом в роковой борьбе
Муж доблести исполнен жаром,
Соперник мстительной судьбе,
Ответствует ее ударам.
Судьба безщадная разит
И силе смертной изумилась;
Над жертвой смерть остановилась;
Гремит косой и глас гремит.
Ни звук времен его не заглушит.
Великих нет, но подвиги их живы!
Над мраком воспарил их дух,
И славы дальные отзывы
Потомства поражают слух.

Сим гласом держится святая прав свобода!
Я есмь! — гремит в устах народа
Перед престолами Царей,
И чтут Цари в законе строгом
Сей глас благословенный Богом.
В раздорах Царств, на поле прей
Велик и силен и возвышен,
Во звуке гневного оружия он слышен!
Стеклись два воинства: где глас в сердцах сильней,
Одушевлен любовью раздается,
Победа там несется!
Но выше он гремит, согласнее, звучней,
В порывах творческого чувства,
Им создан древний мир искусства —
И с неба красота в лучах
Пред взором Гения явилась
И в звуках, образах, словах
Чудесной силой оживилась.
Как в миг созданья вечный Бог
Узрел себя в миророжденьи,
Так смертный человек возмог
Познать себя в своем твореньи.

*
Греми сильней, о мощный глас!
И ныне и в веках грядущих
Звучи дотоле, как слиясь
Со звуками миров, в ничтожество падущих,
Ты возгремишь в последний раз"
245;13594;ok;"Две чаши, други, нам дано; Из них-то жизни гений 
 Нам льет кипящее вино 
 Скорбей и наслаждений. 
 Но из одной мне пить, друзья, 
 Ни разу не случалось, 
 И в каждом чувстве бытия 
 С весельем грусть сливалась.


Подаст ли рок сосуд забот -- 
 Слетает вмиг украдкой 
 Надежда и в него вольет 
 Вино отрады сладкой. 
 Упился ль счастьем в жизни я 
 И душу переполнил -- 
 Но ах! миг райский бытия 
 О вечном ей напомнил.


И в мой сосуд отраву льет 
 Томящее желанье, 
 И пламень жажды душу жжет, 
 И ожило страданье. 
 Горит душа, огнем полна, 
 Бессмертной в мире тесно, 
 И стонет сирая она 
 По родине небесной.


";С. П. Шевырев;Две чаши : «Две чаши, други, нам дано...»;"Две чаши, други, нам дано; Из них-то жизни гений 
 Нам льет кипящее вино 
 Скорбей и наслаждений. 
 Но из одной мне пить, друзья, 
 Ни разу не случалось, 
 И в каждом чувстве бытия 
 С весельем грусть сливалась.


Подаст ли рок сосуд забот -- 
 Слетает вмиг украдкой 
 Надежда и в него вольет 
 Вино отрады сладкой. 
 Упился ль счастьем в жизни я 
 И душу переполнил -- 
 Но ах! миг райский бытия 
 О вечном ей напомнил.


И в мой сосуд отраву льет 
 Томящее желанье, 
 И пламень жажды душу жжет, 
 И ожило страданье. 
 Горит душа, огнем полна, 
 Бессмертной в мире тесно, 
 И стонет сирая она 
 По родине небесной.


"
246;13596;ok;"Мне бог послал чудесный сон: 
 Преобразилася природа, 
 Гляжу -- с заката и с восхода 
 В единый миг на небосклон 
 Два солнца всходят лучезарных 
 В порфирах огненно-янтарных, 
 И над воскреснувшей землей 
 Чета светил по небокругу 
 Течет во сретенье друг другу. 
 Всё дышит жизнию двойной: 
 Два солнца отражают воды, 
 Два сердца бьют в груди природы -- 
 И кровь ключом двойным течет 
 По жилам божия творенья, 
 И мир удвоенный живет -- 
 В едином миге два мгновенья.


И с сердцем грудь полуразбитым 
 Дышала вдвое у меня, 
 И двумочам полузакрытым 
 Тяжел был свет двойногодня. 
 Мой дух предчувствие томило: 
 Ударит полдень роковой, 
 Найдет светило на светило, 
 И сокрушительной грозой 
 Небесны огласятся своды, 
 И море смерти и огня 
 Польется в жилы всей природы; 
 Не станет мира и меня... 
 И на последний мира стон 
 Последним вздохом я отвечу. 
 Вот вижу роковую встречу, 
 Полудня слышу вещий звон. 
 Как будто молний миллионы 
 Мне опаляют ясный взор, 
 Как будто рвутся цепи гор, 
 Как будто твари слышны стоны.., 
 От треска рухнувших небес 
 Мой слух содрогся и исчез. 
 Я бездыханный пал на землю; 
 Прошла гроза -- очнулся -- внемлю: 
 Звучит гармония небес, 
 Как будто надо мной незримы 
 Егову славят серафимы. 
 Я пробуждался ото сна -- 
 И тихо открывались очи, 
 Как звезды в мраке бурной ночи, -- 
 Взглянул горе́: прошла война, 
 В долинах неба осиянных 
 Не видел я двух солнцев бранных -- 
 И вылетел из сердца страх! 
 Прозрел я смелыми очами -- 
 И видел: светлыми семьями 
 Сияли звезды в небесах.


";С. П. Шевырев;Сон : «Мне бог послал чудесный сон...»;"Мне бог послал чудесный сон: 
 Преобразилася природа, 
 Гляжу -- с заката и с восхода 
 В единый миг на небосклон 
 Два солнца всходят лучезарных 
 В порфирах огненно-янтарных, 
 И над воскреснувшей землей 
 Чета светил по небокругу 
 Течет во сретенье друг другу. 
 Всё дышит жизнию двойной: 
 Два солнца отражают воды, 
 Два сердца бьют в груди природы -- 
 И кровь ключом двойным течет 
 По жилам божия творенья, 
 И мир удвоенный живет -- 
 В едином миге два мгновенья.


И с сердцем грудь полуразбитым 
 Дышала вдвое у меня, 
 И двумочам полузакрытым 
 Тяжел был свет двойногодня. 
 Мой дух предчувствие томило: 
 Ударит полдень роковой, 
 Найдет светило на светило, 
 И сокрушительной грозой 
 Небесны огласятся своды, 
 И море смерти и огня 
 Польется в жилы всей природы; 
 Не станет мира и меня... 
 И на последний мира стон 
 Последним вздохом я отвечу. 
 Вот вижу роковую встречу, 
 Полудня слышу вещий звон. 
 Как будто молний миллионы 
 Мне опаляют ясный взор, 
 Как будто рвутся цепи гор, 
 Как будто твари слышны стоны.., 
 От треска рухнувших небес 
 Мой слух содрогся и исчез. 
 Я бездыханный пал на землю; 
 Прошла гроза -- очнулся -- внемлю: 
 Звучит гармония небес, 
 Как будто надо мной незримы 
 Егову славят серафимы. 
 Я пробуждался ото сна -- 
 И тихо открывались очи, 
 Как звезды в мраке бурной ночи, -- 
 Взглянул горе́: прошла война, 
 В долинах неба осиянных 
 Не видел я двух солнцев бранных -- 
 И вылетел из сердца страх! 
 Прозрел я смелыми очами -- 
 И видел: светлыми семьями 
 Сияли звезды в небесах.


"
247;13563;ok;"Падет в наш ум чуть видное зерно 
 И зреет в нем, питаясь жизни соком; 
 Но час придет -- и вырастет оно 
 В создании иль подвиге высоком 
 И разовьет красу своих рамен, 
 Как пышный кедр на высотах Ливана: 
 Не подточить его червям времен, 
 Не смыть корней волнами океана; 
 Не потрясти и бурям вековым 
 Его главы, увенчанной звездами, 
 И не стереть потоком дождевым 
 Его коры, исписанной летами. 
 Под ним идут неслышною стопой 
 Полки веков -- и падают державы, 
 И племена сменяются чредой 
 В тени его благословенной славы. 
 И трупы царств под ним лежат без сил, 
 И новые растут для новых целей, 
 И миллион оплаканных могил, 
 И миллион веселых колыбелей. 
 Под ним и тот уже давно истлел, 
 Во чьей главе зерно то сокрывалось, 
 Отколь тот кедр родился и созрел, 
 Под тенью чьей потомство воспиталось.


";С. П. Шевырев;Мысль : «Падет в наш ум чуть видное зерно...»;"Падет в наш ум чуть видное зерно 
 И зреет в нем, питаясь жизни соком; 
 Но час придет -- и вырастет оно 
 В создании иль подвиге высоком 
 И разовьет красу своих рамен, 
 Как пышный кедр на высотах Ливана: 
 Не подточить его червям времен, 
 Не смыть корней волнами океана; 
 Не потрясти и бурям вековым 
 Его главы, увенчанной звездами, 
 И не стереть потоком дождевым 
 Его коры, исписанной летами. 
 Под ним идут неслышною стопой 
 Полки веков -- и падают державы, 
 И племена сменяются чредой 
 В тени его благословенной славы. 
 И трупы царств под ним лежат без сил, 
 И новые растут для новых целей, 
 И миллион оплаканных могил, 
 И миллион веселых колыбелей. 
 Под ним и тот уже давно истлел, 
 Во чьей главе зерно то сокрывалось, 
 Отколь тот кедр родился и созрел, 
 Под тенью чьей потомство воспиталось.


"
248;13600;ok;"Как ночь прекрасна и чиста, 
 Как чувства тихи, светлы, ясны! 
 Их не коснется суета, 
 Ни пламень неги сладострастный!


Они свободны, как эфир; 
 Они, как эти звезды, стройны; 
 Как в лоне бога спящий мир, 
 И величавы и спокойны.


Единый хор их слышу я, 
 Когда всё спит в странах окрестных! 
 Полна, полна душа моя 
 Каких-то звуков неизвестных.


И всё, что ясно зрится в день, 
 Что может выразиться словом, 
 Слилося в сумрачную тень, 
 Облечено мечты покровом.


Неясно созерцает взор, 
 Но всё душою дозреваешь: 
 Так часто сердцем понимаешь 
 Любви безмолвный разговор.


";С. П. Шевырев;Ночь : «Как ночь прекрасна и чиста...»;"Как ночь прекрасна и чиста, 
 Как чувства тихи, светлы, ясны! 
 Их не коснется суета, 
 Ни пламень неги сладострастный!


Они свободны, как эфир; 
 Они, как эти звезды, стройны; 
 Как в лоне бога спящий мир, 
 И величавы и спокойны.


Единый хор их слышу я, 
 Когда всё спит в странах окрестных! 
 Полна, полна душа моя 
 Каких-то звуков неизвестных.


И всё, что ясно зрится в день, 
 Что может выразиться словом, 
 Слилося в сумрачную тень, 
 Облечено мечты покровом.


Неясно созерцает взор, 
 Но всё душою дозреваешь: 
 Так часто сердцем понимаешь 
 Любви безмолвный разговор.


"
249;13599;ok;"Видал ли ты, как пляшет египтянка? 
 Как вихрь, она столбом взвивает прах, 
 Бежит, поет, как дикая вакханка, 
 Ее власы -- как змеи на плечах...


Как песня вольности, она прекрасна, 
 Как песнь любви, она души полна, 
 Как поцелуй горячий -- сладострастна, 
 Как буйный хмель -- неистова она.


Она летит, как полный звук цевницы, 
 Она дрожит, как звонкая струна, 
 И пышет взор, как жаркий луч денницы, 
 И дышит грудь, как бурная волна.


";С. П. Шевырев;Цыганская пляска : «Видал ли ты, как пляшет египтянка?..»;"Видал ли ты, как пляшет египтянка? 
 Как вихрь, она столбом взвивает прах, 
 Бежит, поет, как дикая вакханка, 
 Ее власы -- как змеи на плечах...


Как песня вольности, она прекрасна, 
 Как песнь любви, она души полна, 
 Как поцелуй горячий -- сладострастна, 
 Как буйный хмель -- неистова она.


Она летит, как полный звук цевницы, 
 Она дрожит, как звонкая струна, 
 И пышет взор, как жаркий луч денницы, 
 И дышит грудь, как бурная волна.


"
250;13564;ok;"Немая ночь! прими меня, 
 Укрой испуганную думу; 
 Боюсь рассеянного дня, 
 Его бессмысленного шуму. 
 Там дремлют праздные умы, 
 Лепечут ветреные люди, 
 И свет их пуст, как пусты груди. 
 Бегу его в твои потьмы, 
 Где смело думы пробегают, 
 Не сторожит их чуждый зрак, 
 Где искры мыслей освещают 
 Кипящий призраками мрак.


Как всё в тебе согласно, стройно! 
 Как ты велика и спокойна! 
 И скольких тайн твоя полна 
 Пророческая тишина! 
 Какие думы и порывы 
 Ты в недрах зачала святых, 
 И сколько подвигов твоих 
 Присвоил день самолюбивый! 
 Как часто в тьме твоей сверкал 
 Смертельной искрою кинжал 
 И освещал перун свободы 
 Спокойно-темные народы! 
 О ночь! на глас любви моей 
 Слети в тумане покрывала; 
 Под чистой ризою твоей 
 Не скрою теплого кинжала. 
 Не в соучастницы греха, 
 Не на кровавое свиданье 
 Мольбой смиренного стиха 
 Зовет тебя мое желанье: 
 Я чист -- и, чистая, ко мне 
 Простри прохладные объятья 
 И нарисуй в волшебном сне, 
 Где други сердца, мысли братья! 
 И коль утраты суждены, 
 Не откажи ты мне в участьи 
 И звуком порванной струны 
 Не вдруг пророчь мне о несчастьи. 
 В душе потонет тяжкий стон, 
 Твоей тиши я не нарушу; 
 Любовник ждет -- сведите сон 
 И всех друзей в родную душу.


";С. П. Шевырев;Ночь : «Немая ночь! прими меня...»;"Немая ночь! прими меня, 
 Укрой испуганную думу; 
 Боюсь рассеянного дня, 
 Его бессмысленного шуму. 
 Там дремлют праздные умы, 
 Лепечут ветреные люди, 
 И свет их пуст, как пусты груди. 
 Бегу его в твои потьмы, 
 Где смело думы пробегают, 
 Не сторожит их чуждый зрак, 
 Где искры мыслей освещают 
 Кипящий призраками мрак.


Как всё в тебе согласно, стройно! 
 Как ты велика и спокойна! 
 И скольких тайн твоя полна 
 Пророческая тишина! 
 Какие думы и порывы 
 Ты в недрах зачала святых, 
 И сколько подвигов твоих 
 Присвоил день самолюбивый! 
 Как часто в тьме твоей сверкал 
 Смертельной искрою кинжал 
 И освещал перун свободы 
 Спокойно-темные народы! 
 О ночь! на глас любви моей 
 Слети в тумане покрывала; 
 Под чистой ризою твоей 
 Не скрою теплого кинжала. 
 Не в соучастницы греха, 
 Не на кровавое свиданье 
 Мольбой смиренного стиха 
 Зовет тебя мое желанье: 
 Я чист -- и, чистая, ко мне 
 Простри прохладные объятья 
 И нарисуй в волшебном сне, 
 Где други сердца, мысли братья! 
 И коль утраты суждены, 
 Не откажи ты мне в участьи 
 И звуком порванной струны 
 Не вдруг пророчь мне о несчастьи. 
 В душе потонет тяжкий стон, 
 Твоей тиши я не нарушу; 
 Любовник ждет -- сведите сон 
 И всех друзей в родную душу.


"
251;13575;ok;"Море спорило с Петром: 
 «Не построишь Петрограда; 
 Покачу я шведской гром, 
 Кораблей крылатых стадо. 
 Хлынет вспять моя Нева, 
 Ополченная водами: 
 За отъятые права 
 Отомщу её волнами.


Что тебе мои поля, 
 Вечно полные волнений? 
 Велика твоя земля, 
 Не озреть твоих владений!» 
 Глухо Пётр внимал речам: 
 Море злилось и шумело, 
 По синеющим устам 
 Пена белая кипела. 
 Речь Петра гремит в ответ: 
 «Сдайся, дерзостное море! 
 Нет, -- так пусть узнает свет: 
 Кто из нас могучей в споре? 
 Станет град же, наречён 
 По строителе высоком: 
 Для моей России он 
 Просвещенья будет оком.


По хребтам твоих же вод, 
 Благодарна, изумленна, 
 Плод наук мне принесёт 
 В пользу чад моих вселенна, -- 
 И с твоих же берегов 
 Да узрят народы славу 
 Руси бодрственных сынов 
 И окрепшую державу».


Рек могучий -- и речам 
 Море вторило сурово, 
 Пена билась по устам, 
 Но сбылось Петрово слово. 
 Чу!.. в Рифей стучит булат! 
 Истекают реки злата, 
 И родится чудо-град 
 Из неплодных топей блата.


Тяжкой движется стопой 
 Исполин -- гранит упорный 
 И приемлет вид живой, 
 Млату бодрому покорный. 
 И в основу зыбких блат 
 Улеглися миллионы: 
 Всходят храмы из громад 
 И чертоги и колонны.


Шпиц, прорезав недра туч, 
 С башни вспыхнул величавый, 
 Как ниспадший солнца луч 
 Или луч Петровой славы. 
 Что чернеет лоно вод? 
 Что шумят валы морские? 
 То дары Петру несёт 
 Побежденная стихия.


Прилетели корабли. 
 Вышли чуждые народы 
 И России принесли 
 Дань наук и плод свободы. 
 Отряхнув она с очей 
 Мрак невежественной ночи, 
 К свету утренних лучей 
 Отверзает бодры очи.


Помнит древнюю вражду, 
 Помнит мстительное море, 
 И да мщенья примет мзду, 
 Шлёт на град потоп и горе. 
 Ополчается Нева, 
 Но от твёрдого гранита, 
 Не отъяв свои права, 
 Удаляется сердита. 
 На отломок диких гор 
 На коне взлетел строитель; 
 На добычу острый взор 
 Устремляет победитель; 
 Зоркий страж своих работ 
 Взором сдерживает море 
 И насмешливо зовёт: 
 «Кто ж из нас могучей в споре?»


";С. П. Шевырев;Петроград : «Море спорило с Петром...»;"Море спорило с Петром: 
 «Не построишь Петрограда; 
 Покачу я шведской гром, 
 Кораблей крылатых стадо. 
 Хлынет вспять моя Нева, 
 Ополченная водами: 
 За отъятые права 
 Отомщу её волнами.


Что тебе мои поля, 
 Вечно полные волнений? 
 Велика твоя земля, 
 Не озреть твоих владений!» 
 Глухо Пётр внимал речам: 
 Море злилось и шумело, 
 По синеющим устам 
 Пена белая кипела. 
 Речь Петра гремит в ответ: 
 «Сдайся, дерзостное море! 
 Нет, -- так пусть узнает свет: 
 Кто из нас могучей в споре? 
 Станет град же, наречён 
 По строителе высоком: 
 Для моей России он 
 Просвещенья будет оком.


По хребтам твоих же вод, 
 Благодарна, изумленна, 
 Плод наук мне принесёт 
 В пользу чад моих вселенна, -- 
 И с твоих же берегов 
 Да узрят народы славу 
 Руси бодрственных сынов 
 И окрепшую державу».


Рек могучий -- и речам 
 Море вторило сурово, 
 Пена билась по устам, 
 Но сбылось Петрово слово. 
 Чу!.. в Рифей стучит булат! 
 Истекают реки злата, 
 И родится чудо-град 
 Из неплодных топей блата.


Тяжкой движется стопой 
 Исполин -- гранит упорный 
 И приемлет вид живой, 
 Млату бодрому покорный. 
 И в основу зыбких блат 
 Улеглися миллионы: 
 Всходят храмы из громад 
 И чертоги и колонны.


Шпиц, прорезав недра туч, 
 С башни вспыхнул величавый, 
 Как ниспадший солнца луч 
 Или луч Петровой славы. 
 Что чернеет лоно вод? 
 Что шумят валы морские? 
 То дары Петру несёт 
 Побежденная стихия.


Прилетели корабли. 
 Вышли чуждые народы 
 И России принесли 
 Дань наук и плод свободы. 
 Отряхнув она с очей 
 Мрак невежественной ночи, 
 К свету утренних лучей 
 Отверзает бодры очи.


Помнит древнюю вражду, 
 Помнит мстительное море, 
 И да мщенья примет мзду, 
 Шлёт на град потоп и горе. 
 Ополчается Нева, 
 Но от твёрдого гранита, 
 Не отъяв свои права, 
 Удаляется сердита. 
 На отломок диких гор 
 На коне взлетел строитель; 
 На добычу острый взор 
 Устремляет победитель; 
 Зоркий страж своих работ 
 Взором сдерживает море 
 И насмешливо зовёт: 
 «Кто ж из нас могучей в споре?»


"
252;13606;ok;"По лествице торжественной веков 
 Ты в славе шел, о древний град свободы! 
 Ты путь свершил при звоне тех оков, 
 Которыми опутывал народы. 
 Всё вслед тебе, покорное, текло, 
 И тучами ты скрыл во мгле эфирной 
 Перунами сверкавшее чело, 
 Венчанное короною всемирной.


Но ринулись посланницы снегов, 
 Кипящие метели поколений, -- 
 И пал гигант, по лествице ж веков, 
 Биясь об их отзывные ступени; 
 Рассыпалась, слетев с главы твоей, 
 На мелкие венцы корона власти... 
 Так новый рой плодится малых змей 
 От аспида, разбитого на части.


Но путь торжеств еще не истреблен, 
 Проложенный гигантскими пятами; 
 И Колосей, и мрачный Пантеон, 
 И храм Петра стоят перед веками. 
 В дар вечности обрек твои труды 
 С тобой времен условившийся гений, 
 Как шествия великого следы, 
 Не стертые потопом изменений.


";С. П. Шевырев;К Риму : «По лествице торжественной веков...»;"По лествице торжественной веков 
 Ты в славе шел, о древний град свободы! 
 Ты путь свершил при звоне тех оков, 
 Которыми опутывал народы. 
 Всё вслед тебе, покорное, текло, 
 И тучами ты скрыл во мгле эфирной 
 Перунами сверкавшее чело, 
 Венчанное короною всемирной.


Но ринулись посланницы снегов, 
 Кипящие метели поколений, -- 
 И пал гигант, по лествице ж веков, 
 Биясь об их отзывные ступени; 
 Рассыпалась, слетев с главы твоей, 
 На мелкие венцы корона власти... 
 Так новый рой плодится малых змей 
 От аспида, разбитого на части.


Но путь торжеств еще не истреблен, 
 Проложенный гигантскими пятами; 
 И Колосей, и мрачный Пантеон, 
 И храм Петра стоят перед веками. 
 В дар вечности обрек твои труды 
 С тобой времен условившийся гений, 
 Как шествия великого следы, 
 Не стертые потопом изменений.


"
253;13580;beginning;"Из гроба древности тебе привет: 
 Тебе сей глас, глас неокреплый, юный; 
 Тебе звучат, наш камертон Поэт, 
 На лад твоих настроенные струны. 
 Простишь меня великодушно в том, 
 Когда твой слух взыскательный и нежной 
 Я оскорблю неслаженным стихом 
 Иль рифмою нестройной и мятежной; 
 Но, может быть, порадуешь себя 
 В моём стихе своим же ты успехом, 
 Что в древний Рим отозвалась твоя 
 Гармония, хотя и слабым эхом.
 
 
Из Рима мой к тебе несётся стих, 
 Весь трепетный, но полный чувством тайным, 
 Пророчеством, невнятным для других, 
 Но для тебя не тёмным, не случайным. 
 Здесь, как в гробу, грядущее видней; 
 Здесь и слепец дерзает быть пророком; 
 Здесь мысль, полна предания, смелей 
 Потьмы веков пронзает орлим оком; 
 Здесь Дантов стих всю бездну исходил 
 От дна земли до горнего эфира; 
 Здесь Анжело, зря день последний мира, 
 Пророчественной кистью гробы вскрыл. 
 Здесь, расшатавшись от изнеможенья, 
 В развалины распался древний мир, 
 И на обломках начат новый пир, 
 Блистательный, во здравье просвещенья, 
 Куда чредой все племена земли, 
 Избранники, сосуды принесли; 
 Куда и мы приходим, с честью равной, 
 Последние, как древле Рим пришёл, 
 Да скажем наш решительный глагол, 
 Да поднесём и свой сосуд заздравной! -- 
 Здесь двух миров и гроб и колыбель, 
 Здесь нового святое зарожденье: 
 Предчувствием объемлю я отсель 
 Великое отчизны назначенье!
 
 
Когда, крылат мечтою дивной сей, 
 Мой быстрый дух родную Русь объемлет 
 И ей отсель прилежным слухом внемлет, 
 Он слышит там: со плесками морей, 
 Внутри её просторно заключенных, 
 И с воем рек, лесов благословенных, 
 Гремит язык, созвучно вторя им, 
 От белых льдов до вод, биющих в Крым, 
 Из свежих уст могучего народа, 
 Весь звуками богатый как природа: 
 Душа кипит!../ Какой тогда хвалой гремлю я Богу, 
 Что сей язык он мне вложил в уста. 
 Но чьи из всех родимых звуков мне 
 Теснятся в грудь неотразимой силой? 
 Всё русское звучит в их глубине, 
 Надежды все и слава Руси милой, 
 Что с детских лет втвердилося в слова, 
 Что сердце жмёт и будит вздох заочный: 
 Твои -- певец! избранник Божества, 
 Любовию народа полномочный! 
 Ты русских дум на все лады орган! 
 Помазанный Державиным предтечей 
 Наш депутат на Европейском вече; -- 
 Ты -- колокол во славу россиян!
 
 
Кому ж, певец, коль не тебе, открою 
 Вопрос, в уме раздавшийся моём 
 И тщетно в нём гремящий без покою: 
 Что сделалось с российским языком! 
 Что он творит безумные проказы! -- 
 Тебе странна, быть может, речь моя; 
 Но краткие его развернем фазы, -- 
 И ты поймёшь, к чему стремлюся я. -- 
 Сей богатырь, сей Муромец Илья, 
 Баюканный на льдах под вихрем мразным, 
";С. П. Шевырев;Послание к А. С. Пушкину : «Из гроба древности тебе привет...»;"Из гроба древности тебе привет: 
 Тебе сей глас, глас неокреплый, юный; 
 Тебе звучат, наш камертон Поэт, 
 На лад твоих настроенные струны. 
 Простишь меня великодушно в том, 
 Когда твой слух взыскательный и нежной 
 Я оскорблю неслаженным стихом 
 Иль рифмою нестройной и мятежной; 
 Но, может быть, порадуешь себя 
 В моём стихе своим же ты успехом, 
 Что в древний Рим отозвалась твоя 
 Гармония, хотя и слабым эхом.


Из Рима мой к тебе несётся стих, 
 Весь трепетный, но полный чувством тайным, 
 Пророчеством, невнятным для других, 
 Но для тебя не тёмным, не случайным. 
 Здесь, как в гробу, грядущее видней; 
 Здесь и слепец дерзает быть пророком; 
 Здесь мысль, полна предания, смелей 
 Потьмы веков пронзает орлим оком; 
 Здесь Дантов стих всю бездну исходил 
 От дна земли до горнего эфира; 
 Здесь Анжело, зря день последний мира, 
 Пророчественной кистью гробы вскрыл. 
 Здесь, расшатавшись от изнеможенья, 
 В развалины распался древний мир, 
 И на обломках начат новый пир, 
 Блистательный, во здравье просвещенья, 
 Куда чредой все племена земли, 
 Избранники, сосуды принесли; 
 Куда и мы приходим, с честью равной, 
 Последние, как древле Рим пришёл, 
 Да скажем наш решительный глагол, 
 Да поднесём и свой сосуд заздравной! -- 
 Здесь двух миров и гроб и колыбель, 
 Здесь нового святое зарожденье: 
 Предчувствием объемлю я отсель 
 Великое отчизны назначенье!


Когда, крылат мечтою дивной сей, 
 Мой быстрый дух родную Русь объемлет 
 И ей отсель прилежным слухом внемлет, 
 Он слышит там: со плесками морей, 
 Внутри её просторно заключенных, 
 И с воем рек, лесов благословенных, 
 Гремит язык, созвучно вторя им, 
 От белых льдов до вод, биющих в Крым, 
 Из свежих уст могучего народа, 
 Весь звуками богатый как природа: 
 Душа кипит!../ Какой тогда хвалой гремлю я Богу, 
 Что сей язык он мне вложил в уста. 
 Но чьи из всех родимых звуков мне 
 Теснятся в грудь неотразимой силой? 
 Всё русское звучит в их глубине, 
 Надежды все и слава Руси милой, 
 Что с детских лет втвердилося в слова, 
 Что сердце жмёт и будит вздох заочный: 
 Твои -- певец! избранник Божества, 
 Любовию народа полномочный! 
 Ты русских дум на все лады орган! 
 Помазанный Державиным предтечей 
 Наш депутат на Европейском вече; -- 
 Ты -- колокол во славу россиян!


Кому ж, певец, коль не тебе, открою 
 Вопрос, в уме раздавшийся моём 
 И тщетно в нём гремящий без покою: 
 Что сделалось с российским языком! 
 Что он творит безумные проказы! -- 
 Тебе странна, быть может, речь моя; 
 Но краткие его развернем фазы, -- 
 И ты поймёшь, к чему стремлюся я. -- 
 Сей богатырь, сей Муромец Илья, 
 Баюканный на льдах под вихрем мразным, 
 Во тьме веков сидевший сиднем праздным, 
 Стал на ноги уменьем рыбаря 
 И начал песнь от Бога и царя. 
 Воскормленный средь северного хлада 
 Родной зимы и льдистых Альп певцом, 
 Окреп совсем и стал богатырём, 
 И с ним гремел под бурю водопада. 
 Но, отгремев, он плавно речь повёл 
 И чистыми Карамзина устами 
 Нам исповедь народную прочёл, -- 
 И речь неслась широкими волнами: 
 Что далее -- то глубже и светлей; -- 
 Как в зеркале, вся Русь гляделась в ней; -- 
 И в океан лишь только превратилась, 
 Как Нил в песках, внезапная сокрылась, 
 Сокровища с собою унесла, 
 И тайного никто не сметил хода... 
 И что ж теперь? -- вдруг лужею всплыла 
 В Истории российского народа.


Меж тем когда из уст Карамзина 
 Минувшее рекою очищенной 
 Текло в народ: священная война 
 Звала язык на подвиг современной. 
 С Жуковским он, на отческих стенах 
 Развив с Кремля воинственное знамя, 
 Вещал за Русь: пылали в тех речах 
 И дух Москвы и жертвенное пламя! 
 Со славой он родную славу пел, 
 И мира звук в ответ мечу гремел. 
 Теперь кому ж, коль не тебе, по праву 
 Грядущую вручит он славу?


Что ж ныне стал наш мощный богатырь? 
 Он, гальскою диэтою замучен, 
 Весь испитой, стал бледен, вял и скучен, 
 И прихотлив, как лакомый визирь, 
 Иль сибарит, на розах почивавший, 
 Недужные стенанья издававший, 
 Когда под ним сминался лепесток.


Так наш язык: от слова ль праздный слог 
 Чуть отогнёшь, небережно ли вынешь, 
 Теснее ль в речь мысль новую водвинешь, -- 
 Уж болен он, не вынесет, крягтит, 
 И мысль на нём как груз какой лежит! 
 Лишь песенки ему да брани милы; 
 Лишь только б ум был тихо усыплён 
 Под рифменный, отборный пустозвон. 
 Что, если б встал Державин из могилы, 
 Какую б он наслал ему грозу! 
 На то ли он его взлелеял силы, 
 Чтоб превратить в ленивого мурзу? 
 Иль чтоб ругал заезжий иностранец, 
 Какой-нибудь писатель-самозванец, 
 Святую Русь российским языком 
 И нас бранил, и нашим же пером?


Недужного иные врачевали, 
 Но тайного состава не узнали: 
 Тянули из его расслабших недр 
 Зазубренный спондеем гекзаметр, 
 Но он охрип... / И кто ж его оправит? 
 Кто от одра болящего восставит?.. 
 Тебе открыт природный в нём состав, 
 Тебе знаком и звук его и нрав, 
 Врачуй его: под хладным русским Фебом 
 Корми его почаще сытным хлебом, 
 От суетных печалей отучи 
 И русскими в нём чувствами звучи. 
 Да призови в сотрудники Поэта 
 На важные Иракловы дела, 
 Кого судьба, в знак доброго привета, 
 По языку недаром назвала: 
 Чтоб богатырь стряхнул свой сон глубокой, 
 Дал звук густой и сильный и широкой, 
 Чтоб славою отчизны прогудел, 
 Как колокол из меди лит Рифейской, 
 Чтоб перешёл за свой родной предел.


"
254;11787;ok;"Исчезли, исчезли веселые дни, 
 Как быстрые воды умчались 
 Увы! Но в душе охладелой они 
 С прискорбною думой остались. 
 Как своды лазурного неба мрачит, 
 Облекшися в бурю, ненастье. 
 Так грусть мое сердце и дух тяготит. 
 Полина, отдай мое счастье! 
 Полина! О боги! Почто я узрел 
 Твои красоты несравненны? 
 Любовь без надежды -- мой грозный удел 
 Безумец слепой, дерзновенный, 
 Чтоб видеть улыбку на милых устах, 
 Я жертвовал каждой минутой 
 И пил не блаженство в прелестных очах, 
 Но яд смертоносный и лютый. 
 Невольно кипела горячая кровь 
 В мечтаниях нежных и страстных, 
 Невольно в груди волновалась любовь 
 И пламя желаний опасных. 
 Приятное иго почувствовал я, 
 В душе родилась перемена, 
 Исчезла свобода, подруга моя, 
 Не мог избежать я от плена. 
 Но что, о прекрасная, сталось со мной -- 
 Волшебная прелестей сила! -- 
 Когда тебя обнял я пылкой рукой. 
 Когда ты, мой друг, приклонила 
 На перси лилейные робко главу 
 И в страсти взаимной призналась? 
 И всё совершилось... Почто ж я живу? 
 Минута любви миновалась! 
 Далёко, Полина, далёко оно, 
 Восторгов живых упоенье; 
 Быть может, навек и навек мне одно 
 В награду осталось мученье... 
 Исчезли, исчезли веселые дни, 
 Как быстрые воды умчались. 
 Увы! Но в душе охладелой они 
 С прискорбною думой остались.


";А. И. Полежаев;Воспоминание : «Исчезли, исчезли веселые дни...»;"Исчезли, исчезли веселые дни, 
 Как быстрые воды умчались 
 Увы! Но в душе охладелой они 
 С прискорбною думой остались. 
 Как своды лазурного неба мрачит, 
 Облекшися в бурю, ненастье. 
 Так грусть мое сердце и дух тяготит. 
 Полина, отдай мое счастье! 
 Полина! О боги! Почто я узрел 
 Твои красоты несравненны? 
 Любовь без надежды -- мой грозный удел 
 Безумец слепой, дерзновенный, 
 Чтоб видеть улыбку на милых устах, 
 Я жертвовал каждой минутой 
 И пил не блаженство в прелестных очах, 
 Но яд смертоносный и лютый. 
 Невольно кипела горячая кровь 
 В мечтаниях нежных и страстных, 
 Невольно в груди волновалась любовь 
 И пламя желаний опасных. 
 Приятное иго почувствовал я, 
 В душе родилась перемена, 
 Исчезла свобода, подруга моя, 
 Не мог избежать я от плена. 
 Но что, о прекрасная, сталось со мной -- 
 Волшебная прелестей сила! -- 
 Когда тебя обнял я пылкой рукой. 
 Когда ты, мой друг, приклонила 
 На перси лилейные робко главу 
 И в страсти взаимной призналась? 
 И всё совершилось... Почто ж я живу? 
 Минута любви миновалась! 
 Далёко, Полина, далёко оно, 
 Восторгов живых упоенье; 
 Быть может, навек и навек мне одно 
 В награду осталось мученье... 
 Исчезли, исчезли веселые дни, 
 Как быстрые воды умчались. 
 Увы! Но в душе охладелой они 
 С прискорбною думой остались.


"
255;11697;ok;"Я умру! на позор палачам 
 Беззащитное тело отдам! 
 Равнодушно они 
 Для забавы детей 
 Отдирать от костей 
 Будут жилы мои! 
 Обругают, убьют 
 И мой труп разорвут! 
 Но стерплю! Не скажу ничего, 
 Не наморщу чела моего! 
 И, как дуб вековой, 
 Неподвижный от стрел, 
 Неподвижен и смел, 
 Встречу миг роковой 
 И, как воин и муж, 
 Перейду в страну душ. 
 Перед сонмом теней воспою 
 Я бесстрашную гибель мою. 
 И рассказ мой пленит 
 Их внимательный слух, 
 И воинственный дух 
 Стариков оживит; 
 И пройдет по устам 
 Слава громким делам. 
 И рекут они в голос один: 
 «Ты достойный прапрадедов сын!» 
 Совокупной толпой 
 Мы на землю сойдем 
 И в родных разольем 
 Пыл вражды боевой; 
 Победим, поразим 
 И врагам отомстим! 
 Я умру! на позор палачам 
 Беззащитное тело отдам! 
 Но, как дуб вековой, 
 Неподвижный от стрел, 
 Я недвижим и смел 
 Встречу миг роковой!


";А. И. Полежаев;Песнь пленного ирокезца : «Я умру! на позор палачам...»;"Я умру! на позор палачам 
 Беззащитное тело отдам! 
 Равнодушно они 
 Для забавы детей 
 Отдирать от костей 
 Будут жилы мои! 
 Обругают, убьют 
 И мой труп разорвут! 
 Но стерплю! Не скажу ничего, 
 Не наморщу чела моего! 
 И, как дуб вековой, 
 Неподвижный от стрел, 
 Неподвижен и смел, 
 Встречу миг роковой 
 И, как воин и муж, 
 Перейду в страну душ. 
 Перед сонмом теней воспою 
 Я бесстрашную гибель мою. 
 И рассказ мой пленит 
 Их внимательный слух, 
 И воинственный дух 
 Стариков оживит; 
 И пройдет по устам 
 Слава громким делам. 
 И рекут они в голос один: 
 «Ты достойный прапрадедов сын!» 
 Совокупной толпой 
 Мы на землю сойдем 
 И в родных разольем 
 Пыл вражды боевой; 
 Победим, поразим 
 И врагам отомстим! 
 Я умру! на позор палачам 
 Беззащитное тело отдам! 
 Но, как дуб вековой, 
 Неподвижный от стрел, 
 Я недвижим и смел 
 Встречу миг роковой!


"
256;11704;ok;"Смейся, Наденька, шути! 
 Пей из чаши золотой 
 Счастье жизни молодой, 
 Милый ангел во плоти! 
 Быстро волны ручейка 
 Мчат оторванный цветок; 
 Видит резвый мотылек 
 Листик алого цветка, 
 Вьется в воздухе, летит, 
 Ближе... вот к нему прильнул... 
 Ветер волны колыхнул -- 
 И цветок на дне лежит... 
 Где же, где же, мотылек, 
 Роза нежная твоя? 
 Ах, не может для тебя 
 Возвратить ее поток!.. 
 Смейся, Наденька, шути! 
 Пей из чаши золотой 
 Счастье жизни молодой, 
 Милый ангел во плоти! 
 Было время, как и ты, 
 Я глядел на божий свет; 
 Но прошли пятнадцать лет -- 
 И рассеялись мечты. 
 Хладной бурною рекой 
 Рой обманов пролетел, 
 И мой дух окаменел 
 Под свинцовою тоской! 
 Где ты, радость? Где ты, кровь? 
 Где огонь бывалых дней?.. 
 Ах, из памяти моей 
 Истребила их любовь! 
 Смейся, Наденька, шути! 
 Пей из чаши золотой 
 Счастье жизни молодой, 
 Милый ангел во плоти! 
 Будет время, как и я, 
 Ты о прежнем воздохнешь 
 И печально вспомянешь: 
 «Где ты, молодость моя?..» 
 Молчалива и одна, 
 Будешь сердце поверять 
 И, уныния полна, 
 Втайне слезы проливать. 
 Потемнеют небеса 
 В ясный полдень для тебя, 
 Не узнаешь ты себя -- 
 Пролетит твоя краса... 
 Смейся ж, смейся и шути! 
 Пей из чаши золотой 
 Счастье жизни молодой, 
 Милый ангел во плоти!


";А. И. Полежаев;Наденьке : «Смейся, Наденька, шути!..»;"Смейся, Наденька, шути! 
 Пей из чаши золотой 
 Счастье жизни молодой, 
 Милый ангел во плоти! 
 Быстро волны ручейка 
 Мчат оторванный цветок; 
 Видит резвый мотылек 
 Листик алого цветка, 
 Вьется в воздухе, летит, 
 Ближе... вот к нему прильнул... 
 Ветер волны колыхнул -- 
 И цветок на дне лежит... 
 Где же, где же, мотылек, 
 Роза нежная твоя? 
 Ах, не может для тебя 
 Возвратить ее поток!.. 
 Смейся, Наденька, шути! 
 Пей из чаши золотой 
 Счастье жизни молодой, 
 Милый ангел во плоти! 
 Было время, как и ты, 
 Я глядел на божий свет; 
 Но прошли пятнадцать лет -- 
 И рассеялись мечты. 
 Хладной бурною рекой 
 Рой обманов пролетел, 
 И мой дух окаменел 
 Под свинцовою тоской! 
 Где ты, радость? Где ты, кровь? 
 Где огонь бывалых дней?.. 
 Ах, из памяти моей 
 Истребила их любовь! 
 Смейся, Наденька, шути! 
 Пей из чаши золотой 
 Счастье жизни молодой, 
 Милый ангел во плоти! 
 Будет время, как и я, 
 Ты о прежнем воздохнешь 
 И печально вспомянешь: 
 «Где ты, молодость моя?..» 
 Молчалива и одна, 
 Будешь сердце поверять 
 И, уныния полна, 
 Втайне слезы проливать. 
 Потемнеют небеса 
 В ясный полдень для тебя, 
 Не узнаешь ты себя -- 
 Пролетит твоя краса... 
 Смейся ж, смейся и шути! 
 Пей из чаши золотой 
 Счастье жизни молодой, 
 Милый ангел во плоти!


"
257;11712;ok;"Вот мрачится 
 Свод лазурный! 
 Вот крутится 
 Вихорь бурный! 
 Ветр свистит, 
 Гром гремит, 
 Море стонет -- 
 Путь далек... 
 Тонет, тонет 
 Мой челнок!


Все чернее 
 Свод надзвездный, 
 Все страшнее 
 Воют бездны. 
 Глубь без дна -- 
 Смерть верна! 
 Как заклятый 
 Враг грозит, 
 Вот девятый 
 Вал бежит!..


Горе, горе! 
 Он настигнет: 
 В шумном море 
 Челн погибнет! 
 Гроб готов... 
 Треск громов 
 Над пучиной 
 Ярых вод -- 
 Вздох пустынный 
 Разнесет!


Дар заветный 
 Провиденья, 
 Гость приветный 
 Наслажденья -- 
 Жизнь иль миг! 
 Не привык 
 Утешаться 
 Я тобой -- 
 И расстаться 
 Мне с мечтой!


Сокровенный 
 Сын природы, 
 Неизменный 
 Друг свободы, -- 
 С юных лет 
 В море бед 
 Я направил 
 Быстрый бег 
 И оставил 
 Мирный брег!


На равнинах 
 Вод зеркальных, 
 На пучинах 
 Погребальных 
 Я скользил; 
 Я шутил 
 Грозной влагой -- 
 Смертный вал 
 Я отвагой 
 побеждал!


Как минутный 
 Прах в эфире, 
 Бесприютный 
 Странник в мире, 
 Одинок, 
 Как челнок, 
 Уз любови 
 Я не знал, 
 Жаждой крови 
 Не сгорал!


Парус белый 
 Перелетный, 
 Якорь смелый 
 Беззаботный, 
 Тусклый луч 
 Из-за туч, 
 Проблеск дали 
 В тьме ночей -- 
 Заменяли 
 Мне друзей!


Что ж мне в жизни 
 Безызвестной? 
 Что в отчизне 
 Повсеместной ? 
 Чем страшна 
 Мне волна? 
 Пусть настигнет 
 С вечной мглой, 
 И погибнет 
 Труп живой!..


Все чернее 
 Свод надзвездный; 
 Все страшнее 
 Воют бездны; 
 Ветр свистит, 
 Гром гремит, 
 Море стонет -- 
 Путь далек... 
 Тонет, тонет 
 Мой челнок!


";А. И. Полежаев;Песнь погибающего пловца : «Вот мрачится...»;"Вот мрачится 
 Свод лазурный! 
 Вот крутится 
 Вихорь бурный! 
 Ветр свистит, 
 Гром гремит, 
 Море стонет -- 
 Путь далек... 
 Тонет, тонет 
 Мой челнок!


Все чернее 
 Свод надзвездный, 
 Все страшнее 
 Воют бездны. 
 Глубь без дна -- 
 Смерть верна! 
 Как заклятый 
 Враг грозит, 
 Вот девятый 
 Вал бежит!..


Горе, горе! 
 Он настигнет: 
 В шумном море 
 Челн погибнет! 
 Гроб готов... 
 Треск громов 
 Над пучиной 
 Ярых вод -- 
 Вздох пустынный 
 Разнесет!


Дар заветный 
 Провиденья, 
 Гость приветный 
 Наслажденья -- 
 Жизнь иль миг! 
 Не привык 
 Утешаться 
 Я тобой -- 
 И расстаться 
 Мне с мечтой!


Сокровенный 
 Сын природы, 
 Неизменный 
 Друг свободы, -- 
 С юных лет 
 В море бед 
 Я направил 
 Быстрый бег 
 И оставил 
 Мирный брег!


На равнинах 
 Вод зеркальных, 
 На пучинах 
 Погребальных 
 Я скользил; 
 Я шутил 
 Грозной влагой -- 
 Смертный вал 
 Я отвагой 
 побеждал!


Как минутный 
 Прах в эфире, 
 Бесприютный 
 Странник в мире, 
 Одинок, 
 Как челнок, 
 Уз любови 
 Я не знал, 
 Жаждой крови 
 Не сгорал!


Парус белый 
 Перелетный, 
 Якорь смелый 
 Беззаботный, 
 Тусклый луч 
 Из-за туч, 
 Проблеск дали 
 В тьме ночей -- 
 Заменяли 
 Мне друзей!


Что ж мне в жизни 
 Безызвестной? 
 Что в отчизне 
 Повсеместной ? 
 Чем страшна 
 Мне волна? 
 Пусть настигнет 
 С вечной мглой, 
 И погибнет 
 Труп живой!..


Все чернее 
 Свод надзвездный; 
 Все страшнее 
 Воют бездны; 
 Ветр свистит, 
 Гром гремит, 
 Море стонет -- 
 Путь далек... 
 Тонет, тонет 
 Мой челнок!


"
258;11716;ok;"Я видел море, я измерил 
 Очами жадными его; 
 Я силы духа моего 
 Перед лицом его поверил. 
 «О море, море! -- я мечтал 
 В раздумье грустном и глубоком, -- 
 Кто первый мыслил и стоял 
 На берегу твоем высоком? 
 Кто, не разгаданный в веках, 
 Заметил первый блеск лазури, 
 Войну громов и ярость бури 
 В твоих младенческих волнах? 
 Куда исчезли друг за другом 
 Твоих владельцев племена, 
 О коих весть нам предана 
 Одним злопамятным досугом? 
 ......................... 
 ......................... 
 Всегда ли, море, ты точило 
 В скалах, висящих надо мной? 
 Или неведомая сила, 
 Враждуя с мирной тишиной, 
 Не раз твой образ изменила? 
 Что ты? Откуда? Из чего? 
 Игра случайная природы 
 Или орудие свободы, 
 Воззвавшей все из ничего? 
 Надолго ль влажная порфира 
 Твоей бесстрастной красоты 
 Осуждена блистать для мира 
 Из недр бездонной пустоты?»


Вот тайный плод воображенья, 
 Души, волнуемой тоской, 
 За миг невольный восхищенья 
 Перед пучиною морской!.. 
 Я вопрошал ее... Но море 
 Под знойным солнечным лучом, 
 Сребрясь в узорчатом уборе, 
 Меж тем лелеялось кругом 
 В своем покое роковом. 
 Через рассыпанные волны 
 Катились груды новых волн, 
 И между них, отваги полный, 
 Нырял пред бурей утлый челн. 
 Счастливец, знаешь ли ты цену 
 Смешного счастья твоего? 
 Смотри на челн -- уж нет его: 
 В отваге он нашел измену!..


В другое время на брегах 
 Балтийских вод, в моей отчизне, 
 Красуясь цветом юной жизни, 
 Стоял я некогда в мечтах: 
 Но те мечты мне сладки были: 
 Они приветно сквозь туман, 
 Как за волной волну, манили 
 Меня в житейский океан. 
 И я поплыл... О море, море! 
 Когда увижу берег твой? 
 Или, как челн залетный, вскоре 
 Сокроюсь в бездне гробовой?


";А. И. Полежаев;Море : «Я видел море, я измерил...»;"Я видел море, я измерил 
 Очами жадными его; 
 Я силы духа моего 
 Перед лицом его поверил. 
 «О море, море! -- я мечтал 
 В раздумье грустном и глубоком, -- 
 Кто первый мыслил и стоял 
 На берегу твоем высоком? 
 Кто, не разгаданный в веках, 
 Заметил первый блеск лазури, 
 Войну громов и ярость бури 
 В твоих младенческих волнах? 
 Куда исчезли друг за другом 
 Твоих владельцев племена, 
 О коих весть нам предана 
 Одним злопамятным досугом? 
 ......................... 
 ......................... 
 Всегда ли, море, ты точило 
 В скалах, висящих надо мной? 
 Или неведомая сила, 
 Враждуя с мирной тишиной, 
 Не раз твой образ изменила? 
 Что ты? Откуда? Из чего? 
 Игра случайная природы 
 Или орудие свободы, 
 Воззвавшей все из ничего? 
 Надолго ль влажная порфира 
 Твоей бесстрастной красоты 
 Осуждена блистать для мира 
 Из недр бездонной пустоты?»


Вот тайный плод воображенья, 
 Души, волнуемой тоской, 
 За миг невольный восхищенья 
 Перед пучиною морской!.. 
 Я вопрошал ее... Но море 
 Под знойным солнечным лучом, 
 Сребрясь в узорчатом уборе, 
 Меж тем лелеялось кругом 
 В своем покое роковом. 
 Через рассыпанные волны 
 Катились груды новых волн, 
 И между них, отваги полный, 
 Нырял пред бурей утлый челн. 
 Счастливец, знаешь ли ты цену 
 Смешного счастья твоего? 
 Смотри на челн -- уж нет его: 
 В отваге он нашел измену!..


В другое время на брегах 
 Балтийских вод, в моей отчизне, 
 Красуясь цветом юной жизни, 
 Стоял я некогда в мечтах: 
 Но те мечты мне сладки были: 
 Они приветно сквозь туман, 
 Как за волной волну, манили 
 Меня в житейский океан. 
 И я поплыл... О море, море! 
 Когда увижу берег твой? 
 Или, как челн залетный, вскоре 
 Сокроюсь в бездне гробовой?


"
259;11717;ok;"Между стремнин с горы высокой 
 Ручьи прозрачные журчат, 
 И вдруг, сливаясь в ток широкой, 
 Являют грозный водопад. 
 Громады волн буграми хлещут 
 В паденьи быстром и крутом 
 И, разлетевшись, ярко блещут 
 Вокруг серебряным дождем; 
 Ревет и стонет гул протяжный 
 По разорвавшейся реке 
 И, исчезая с пеной влажной, 
 Смолкает глухо вдалеке. 
 Вот наша жизнь! вот образ верный 
 Погибшей юности моей! -- 
 Она в красе нелицемерной 
 Сперва катилась, как ручей; 
 Потом, в пылу страстей безумных, 
 Быстра, как горный водопад, 
 Исчезла вдруг при плесках шумных, 
 Как эха дальнего раскат. 
 Шуми, шуми, о сын природы! 
 Ты безотрадною порой 
 Певцу напомнил блеск свободы 
 Своей свободною игрой!


";А. И. Полежаев;Водопад : «Между стремнин с горы высокой...»;"Между стремнин с горы высокой 
 Ручьи прозрачные журчат, 
 И вдруг, сливаясь в ток широкой, 
 Являют грозный водопад. 
 Громады волн буграми хлещут 
 В паденьи быстром и крутом 
 И, разлетевшись, ярко блещут 
 Вокруг серебряным дождем; 
 Ревет и стонет гул протяжный 
 По разорвавшейся реке 
 И, исчезая с пеной влажной, 
 Смолкает глухо вдалеке. 
 Вот наша жизнь! вот образ верный 
 Погибшей юности моей! -- 
 Она в красе нелицемерной 
 Сперва катилась, как ручей; 
 Потом, в пылу страстей безумных, 
 Быстра, как горный водопад, 
 Исчезла вдруг при плесках шумных, 
 Как эха дальнего раскат. 
 Шуми, шуми, о сын природы! 
 Ты безотрадною порой 
 Певцу напомнил блеск свободы 
 Своей свободною игрой!


"
260;11719;ok;"В душе горит огонь любви, 
 Я жажду наслажденья,-- 
 О милый мой, лови, лови 
 Минуту заблужденья! 
 Явись ко мне -- явись, как дух, 
 Нежданный, беспощадный, 
 Пока томится, ноет дух 
 В надежде безотрадной, 
 Пока играет на челе 
 Румянец прихотливый, 
 И вижу я в туманной мгле 
 Звезду любви счастливой! 
 Я жду тебя -- я вся твоя, 
 Покрой меня лобзаньем, 
 И полно жить,-- и тихо я 
 Сольюсь с твоим дыханьем! 
 В душе горит огонь любви, 
 Я жажду наслажденья,-- 
 О милый мой, лови, лови 
 Минуту заблужденья!


";А. И. Полежаев;Призвание : «В душе горит огонь любви...»;"В душе горит огонь любви, 
 Я жажду наслажденья,-- 
 О милый мой, лови, лови 
 Минуту заблужденья! 
 Явись ко мне -- явись, как дух, 
 Нежданный, беспощадный, 
 Пока томится, ноет дух 
 В надежде безотрадной, 
 Пока играет на челе 
 Румянец прихотливый, 
 И вижу я в туманной мгле 
 Звезду любви счастливой! 
 Я жду тебя -- я вся твоя, 
 Покрой меня лобзаньем, 
 И полно жить,-- и тихо я 
 Сольюсь с твоим дыханьем! 
 В душе горит огонь любви, 
 Я жажду наслажденья,-- 
 О милый мой, лови, лови 
 Минуту заблужденья!


"
261;11722;beginning;"О грустно мне!.. Вся жизнь моя -- гроза! 
 Наскучил я обителью земною! 
 Зачем же вы горите предо мною, 
 Как райские лучи пред сатаною, 
 Вы -- черные волшебные глаза?
 
 
Увы! давно печален, равнодушен, 
 Я привыкал к лихой моей судьбе, 
 Неистовый, безжалостный к себе, 
 Презрел ее в отчаянной борьбе 
 И гордо был несчастию послушен!..
 
 
Старинный раб мучительных страстей, 
 Я испытал их бремя роковое; 
 И буйный дух и сердце огневое -- 
 Я всё убил в обманчивом покое, 
 Как лютый враг покоя и людей!
 
 
В моей тоске, в неволе безотрадной 
 Я не страдал, как робкая жена: 
 Меня несла противная волна, 
 Несла на смерть -- и гибель не страшна 
 Казалась мне в пучине беспощадной.
 
 
И мрак небес, и гром, и черный вал 
 Любил встречать я с думою суровой, 
 И свисту бурь, под молнией багровой, 
 Внимать, как муж отважный и готовый 
 Испить до дна губительный фиал.
 
 
И, погрузясь в преступные сомненья 
 О цели бытия, судьбу кляня, 
 Я трепетал, чтоб истина меня, 
 Как яркий луч, внезапно осеня, 
 Не извлекла из тьмы ожесточенья.
 
 
Мне страшен был великий переход 
 От дерзких дум до света провиденья; 
 Я избегал невинного творенья, 
 Которое б могло, из сожаленья, 
 Моей душе дать выспренний полет.
 
 
И вдруг оно, как ангел благодатный... 
 О нет! как дух карающий и злой, 
 Светлее дня, явилось предо мной 
 С улыбкой роз, пылающих весной 
 На мураве долины ароматной.
 
 
Явилось... всё исчезло для меня: 
 Я позабыл в мучительной невзгоде 
 Мою любовь и ненависть к природе, 
 Безумный пыл к утраченной свободе 
 И всё, чем жил, дышал доселе я...
 
 
В ее очах алмазных и приветных 
 Увидел я с невольным торжеством 
 Земной эдем!.. Как будто существом 
 Других миров, как будто божеством 
 Исполнен был в мечтаниях заветных.
 
 
И дева-рай, и дева-красота 
 Лила мне в грудь невыразимым взором 
 Невинную любовь с таинственным укором, 
 И пела в ней душа небесным хором: 
 «Люби меня... и в очи и в уста
 
 
Лобзай меня, певец осиротелый, 
 Как мотылек лилею поутру! 
 Люби меня, как милую сестру, 
 И снова я и к небу и к добру 
 Направлю твой рассудок омертвелый!»
 
 
И этот звук разгаданных речей, 
 И эта песнь души ее прекрасной, 
 В восторге чувств и неги сладострастной, 
 Гремели в ней, волшебнице опасной, 
 Сверкали в зеркале ее очей!..
 
 
Напрасно я мой гений горделивый, 
 Мой злобный рок на помощь призывал: 
 Со мною он как друг изнемогал, 
 Как слабый враг пред мощным трепетал: 
 И я в цепях пред девою стыдливой.
 
 
В цепях!.. Творец!.. Бессильное дитя 
 Играет мной по воле безотчетной, 
 Казнит меня с улыбкой беззаботной, ";А. И. Полежаев;Черные глаза : «О грустно мне!.. Вся жизнь моя -- гроза!..»;"О грустно мне!.. Вся жизнь моя -- гроза! 
 Наскучил я обителью земною! 
 Зачем же вы горите предо мною, 
 Как райские лучи пред сатаною, 
 Вы -- черные волшебные глаза?


Увы! давно печален, равнодушен, 
 Я привыкал к лихой моей судьбе, 
 Неистовый, безжалостный к себе, 
 Презрел ее в отчаянной борьбе 
 И гордо был несчастию послушен!..


Старинный раб мучительных страстей, 
 Я испытал их бремя роковое; 
 И буйный дух и сердце огневое -- 
 Я всё убил в обманчивом покое, 
 Как лютый враг покоя и людей!


В моей тоске, в неволе безотрадной 
 Я не страдал, как робкая жена: 
 Меня несла противная волна, 
 Несла на смерть -- и гибель не страшна 
 Казалась мне в пучине беспощадной.


И мрак небес, и гром, и черный вал 
 Любил встречать я с думою суровой, 
 И свисту бурь, под молнией багровой, 
 Внимать, как муж отважный и готовый 
 Испить до дна губительный фиал.


И, погрузясь в преступные сомненья 
 О цели бытия, судьбу кляня, 
 Я трепетал, чтоб истина меня, 
 Как яркий луч, внезапно осеня, 
 Не извлекла из тьмы ожесточенья.


Мне страшен был великий переход 
 От дерзких дум до света провиденья; 
 Я избегал невинного творенья, 
 Которое б могло, из сожаленья, 
 Моей душе дать выспренний полет.


И вдруг оно, как ангел благодатный... 
 О нет! как дух карающий и злой, 
 Светлее дня, явилось предо мной 
 С улыбкой роз, пылающих весной 
 На мураве долины ароматной.


Явилось... всё исчезло для меня: 
 Я позабыл в мучительной невзгоде 
 Мою любовь и ненависть к природе, 
 Безумный пыл к утраченной свободе 
 И всё, чем жил, дышал доселе я...


В ее очах алмазных и приветных 
 Увидел я с невольным торжеством 
 Земной эдем!.. Как будто существом 
 Других миров, как будто божеством 
 Исполнен был в мечтаниях заветных.


И дева-рай, и дева-красота 
 Лила мне в грудь невыразимым взором 
 Невинную любовь с таинственным укором, 
 И пела в ней душа небесным хором: 
 «Люби меня... и в очи и в уста


Лобзай меня, певец осиротелый, 
 Как мотылек лилею поутру! 
 Люби меня, как милую сестру, 
 И снова я и к небу и к добру 
 Направлю твой рассудок омертвелый!»


И этот звук разгаданных речей, 
 И эта песнь души ее прекрасной, 
 В восторге чувств и неги сладострастной, 
 Гремели в ней, волшебнице опасной, 
 Сверкали в зеркале ее очей!..


Напрасно я мой гений горделивый, 
 Мой злобный рок на помощь призывал: 
 Со мною он как друг изнемогал, 
 Как слабый враг пред мощным трепетал: 
 И я в цепях пред девою стыдливой.


В цепях!.. Творец!.. Бессильное дитя 
 Играет мной по воле безотчетной, 
 Казнит меня с улыбкой беззаботной, 
 И я, как раб, влачусь за ним охотно, 
 Всю жизнь мою страданью посвятя!..


Но кто она, прелестное созданье? 
 Кому любви беспечной и живой 
 Приносит дар, быть может, роковой? 
 Увы! где тот, кто девы молодой 
 Вопьет в себя невинное дыханье?..


Гроза и гром!.. Ужель мои уста 
 Произнесут убийственное слово? 
 Ужели всё в подсолнечной готово 
 Лишить меня прекрасного земного?.. 
 Так! я лишен, лишен -- и навсегда!..


Кто видел терн колючий и бесплодный 
 И рядом с ним роскошный виноград? 
 Когда ж и где равно их оценят 
 И на одной гряде соединят? 
 Цветет ли мирт в Лапландии холодной?


Вот жребий мой! Благие небеса! 
 Быть может, я достоин наказанья; 
 Но я с душой -- могу ли без роптанья 
 Сносить мои жестокие страданья? 
 Забуду ль вас,-- о черные глаза?


Забуду ль те бесценные мгновенья, 
 Когда с тобой как друг, наедине, 
 Как нежный друг, при солнце и луне 
 Я заводил беседы в тишине 
 И изнывал в тоске, без утешенья!


Когда между развалин и гробов 
 Блуждали мы с унылыми мечтами, 
 И вечный сон над мирными крестами, 
 И смерть, и жизнь летали перед нами, 
 И я искал покоя мертвецов,--


Тогда одной рассеянною думой 
 Питали мы знакомые сердца... 
 О, как близка могила от венца! 
 И что любовь -- не прах ли мертвеца?.. 
 И я склонял к могилам взор угрюмый.


И ты, бледна, с потупленной главой, 
 Следила ход мой, быстрый и неровный: 
 Ты шла за мной, под тению дубровной 
 Была со мной... и я наш мир духовный 
 Не променял на счастливый земной...


И сколько раз над нежной Элоизой 
 Я находил прекрасную в слезах, 
 Иль, затая дыханье на устах, 
 Во тьме ночной стерег ее в волнах, 
 Где иногда, под сумрачною ризой,


Бела, как снег, волшебные красы 
 Она струям зеркальным предавала, 
 А между тем стыдливо обнажала 
 И грудь и стан, и ветром развевало 
 И флер ее и черные власы...


Смертельный яд любви неотразимой 
 Меня терзал и медленно губил; 
 Мне снова мир, как прежде, опостыл... 
 Быть может... нет! мой час уже пробил, 
 Ужасный час, ничем не отвратимый!


Зачем гневить безумно небеса? 
 Ее уж нет!.. Она цветет и ныне... 
 Но где?.. Для чьей цветет она гордыни? 
 Чей фимиам курится для богини?.. 
 Скажите мне,-- о черные глаза!


"
262;11752;ok;"Где ты, время невозвратное 
 Незабвенной старины? 
 Где ты, солнце благодатное 
 Золотой моей весны? 
 Как видение прекрасное, 
 В блеске радужных лучей, 
 Ты мелькнуло, самовластное, 
 И сокрылось от очей! 
 Ты не светишь мне по-прежнему, 
 Не горишь в моей груди -- 
 Предан року неизбежному 
 Я на жизненном пути. 
 Тучи мрачные, громовые 
 Над главой моей шумят; 
 Предвещания суровые 
 Дух унылый тяготят. 
 Ах, как много драгоценного 
 Я в сей жизни погубил! 
 Как я идола презренного -- 
 Жалкий мир -- боготворил! 
 С силой дивной и кичливою 
 Добровольного бойца 
 И с любовию ревнивою 
 Исступленного жреца 
 Я служил ему торжественно, 
 Без раскаянья страдал 
 И рассудка луч божественный 
 На безумство променял! 
 Как преступник, лишь окованный 
 Правосудною рукой, -- 
 Грозен ум, разочарованный 
 Светом истины нагой! 
 Что же!.. Страсти ненасытные 
 Я таил среди огня, 
 И друзья -- злодеи скрытные -- 
 Злобно предали меня! 
 Под эгидою ласкательства, 
 Под личиною любви 
 Роковой кинжал предательства 
 Потонул в моей крови! 
 Грустно видеть бездну черную 
 После неба и цветов, 
 Но грустнее жизнь позорную 
 Убивать среди рабов, 
 И, попранному обидою, 
 Видеть вечно за собой 
 С неотступной Немезидою 
 Безответственный разбой! 
 Где ж вы, громы-истребители, 
 Что ж вы кроетесь во мгле, 
 Между тем как притеснители 
 Торжествуют на земле! 
 Люди, люди развращенные -- 
 То рабы, то палачи, -- 
 Бросьте, злобой изощренные, 
 Ваши копья и мечи! 
 Не тревожьте сталь холодную -- 
 Лютой ярости кумир! 
 Вашу внутренность голодную 
 Не насытит целый мир! 
 Ваши зубы кровожадные 
 Блещут лезвием косы -- 
 Так грызитесь, плотоядные, 
 До последнего, как псы!..


";А. И. Полежаев;Негодование : «Где ты, время невозвратное...»;"Где ты, время невозвратное 
 Незабвенной старины? 
 Где ты, солнце благодатное 
 Золотой моей весны? 
 Как видение прекрасное, 
 В блеске радужных лучей, 
 Ты мелькнуло, самовластное, 
 И сокрылось от очей! 
 Ты не светишь мне по-прежнему, 
 Не горишь в моей груди -- 
 Предан року неизбежному 
 Я на жизненном пути. 
 Тучи мрачные, громовые 
 Над главой моей шумят; 
 Предвещания суровые 
 Дух унылый тяготят. 
 Ах, как много драгоценного 
 Я в сей жизни погубил! 
 Как я идола презренного -- 
 Жалкий мир -- боготворил! 
 С силой дивной и кичливою 
 Добровольного бойца 
 И с любовию ревнивою 
 Исступленного жреца 
 Я служил ему торжественно, 
 Без раскаянья страдал 
 И рассудка луч божественный 
 На безумство променял! 
 Как преступник, лишь окованный 
 Правосудною рукой, -- 
 Грозен ум, разочарованный 
 Светом истины нагой! 
 Что же!.. Страсти ненасытные 
 Я таил среди огня, 
 И друзья -- злодеи скрытные -- 
 Злобно предали меня! 
 Под эгидою ласкательства, 
 Под личиною любви 
 Роковой кинжал предательства 
 Потонул в моей крови! 
 Грустно видеть бездну черную 
 После неба и цветов, 
 Но грустнее жизнь позорную 
 Убивать среди рабов, 
 И, попранному обидою, 
 Видеть вечно за собой 
 С неотступной Немезидою 
 Безответственный разбой! 
 Где ж вы, громы-истребители, 
 Что ж вы кроетесь во мгле, 
 Между тем как притеснители 
 Торжествуют на земле! 
 Люди, люди развращенные -- 
 То рабы, то палачи, -- 
 Бросьте, злобой изощренные, 
 Ваши копья и мечи! 
 Не тревожьте сталь холодную -- 
 Лютой ярости кумир! 
 Вашу внутренность голодную 
 Не насытит целый мир! 
 Ваши зубы кровожадные 
 Блещут лезвием косы -- 
 Так грызитесь, плотоядные, 
 До последнего, как псы!..


"
263;11757;ok;"О, дайте мне кинжал и яд, 
 Мои друзья, мои злодеи! 
 Я понял, понял жизни ад, 
 Мне сердце высосали змеи!.. 
 Смотрю на жизнь, как на позор -- 
 Пора расстаться с своенравной 
 И произнесть ей приговор 
 Последний, страшный и бесславный! 
 Что в ней? Зачем я на земле 
 Влачу убийственное бремя?.. 
 Скорей во прах!.. В холодной мгле 
 Покойно спит земное племя: 
 Ничто печальной тишины 
 Костей иссохших не тревожит, 
 И череп мертвой головы 
 Один лишь червь могильный гложет. 
 Безумство, страсти и тоска, 
 Любовь, отчаянье, надежды 
 И все, чем славились века, 
 Чем жили гении, невежды, -- 
 Все праху, все заплатит дань, 
 До той поры, пока природа 
 В слух уничтоженного рода 
 Речет торжественно: «Восстань!»


";А. И. Полежаев;Отчаяние : «О, дайте мне кинжал и яд...»;"О, дайте мне кинжал и яд, 
 Мои друзья, мои злодеи! 
 Я понял, понял жизни ад, 
 Мне сердце высосали змеи!.. 
 Смотрю на жизнь, как на позор -- 
 Пора расстаться с своенравной 
 И произнесть ей приговор 
 Последний, страшный и бесславный! 
 Что в ней? Зачем я на земле 
 Влачу убийственное бремя?.. 
 Скорей во прах!.. В холодной мгле 
 Покойно спит земное племя: 
 Ничто печальной тишины 
 Костей иссохших не тревожит, 
 И череп мертвой головы 
 Один лишь червь могильный гложет. 
 Безумство, страсти и тоска, 
 Любовь, отчаянье, надежды 
 И все, чем славились века, 
 Чем жили гении, невежды, -- 
 Все праху, все заплатит дань, 
 До той поры, пока природа 
 В слух уничтоженного рода 
 Речет торжественно: «Восстань!»


"
264;11758;ok;"Разлюби меня, покинь меня, 
 Доля, долюшка железная! 
 Опротивела мне жизнь моя, 
 Молодая, бесполезная!


Не припомню я счастливых дней -- 
 Не знавал я их с младенчества! 
 Для измученной души моей 
 Нет в подсолнечной отечества!


Слышал я, что будто божий свет 
 Я увидел с тихим ропотом, 
 А потом житейских бурь и бед 
 Не избегнул горьким опытом.


Рано-рано ознакомился 
 Я на море с непогодою; 
 Поздно-поздно приготовился 
 В бой отчаянный с невзгодою!


Закатилася звезда моя, 
 Та ль звезда моя туманная, 
 Что следила завсегда меня, 
 Как невеста нежеланная!


Не ласкала, не лелеяла, 
 Как любовница заветная, 
 Только холодом обвеяла, 
 Как изменница всесветная!


";А. И. Полежаев;Русская песня. I : «Разлюби меня, покинь меня...»;"Разлюби меня, покинь меня, 
 Доля, долюшка железная! 
 Опротивела мне жизнь моя, 
 Молодая, бесполезная!


Не припомню я счастливых дней -- 
 Не знавал я их с младенчества! 
 Для измученной души моей 
 Нет в подсолнечной отечества!


Слышал я, что будто божий свет 
 Я увидел с тихим ропотом, 
 А потом житейских бурь и бед 
 Не избегнул горьким опытом.


Рано-рано ознакомился 
 Я на море с непогодою; 
 Поздно-поздно приготовился 
 В бой отчаянный с невзгодою!


Закатилася звезда моя, 
 Та ль звезда моя туманная, 
 Что следила завсегда меня, 
 Как невеста нежеланная!


Не ласкала, не лелеяла, 
 Как любовница заветная, 
 Только холодом обвеяла, 
 Как изменница всесветная!


"
265;11764;ok;"Я осужден! К позорной казни 
 Меня закон приговорил! 
 Но я печальный мрак могил 
 На плахе встречу без боязни, 
 Окончу дни мои, как жил.


К чему раскаянье и слезы 
 Перед бесчувственной толпой, 
 Когда назначено судьбой 
 Мне слышать вопли и угрозы 
 И гул проклятий за собой?


Давно душой моей мятежной 
 Какой-то демон овладел, 
 И я зловещий мой удел, 
 Неотразимый, неизбежный, 
 В дали туманной усмотрел...


Не розы светлого Пафоса, 
 Не ласки гурий в тишине, 
 Не искры яхонта в вине, -- 
 Но смерть, секира и колеса 
 Всегда мне грезились во сне!


Меня постигла дума эта 
 И ознакомилась со мной, 
 Как холод с южною весной, 
 Или фантазия поэта 
 С унылой северной луной.


Мои утраченные годы 
 Текли, как бурные ручьи, 
 Которых мутные струи 
 Не серебрят, а пенят воды 
 На лоне илистой земли.


Они рвались, они бежали 
 К неверной цели без препон; 
 Но быстрый бег остановлен, 
 И мне размах холодной стали 
 Готовит праведный закон.


Взойдет она, взойдет, как прежде, 
 Заутра ранняя звезда, 
 Проснется неба красота, -- 
 Но я, я небу и надежде 
 Скажу: «Простите навсегда!»


Взгляну с улыбкою печальной 
 На этот мир, на этот дом, 
 Где я был с счастьем незнаком, 
 Где я, как факел погребальный, 
 Горел в безмолвии ночном;


Где, может быть, суровой доле 
 Я чем-то свыше обречен, 
 Где я страстями заклеймен, 
 Где чем-то свыше, поневоле 
 Я был на время заключен;


Где я... Но что?.. Толпа народа 
 Уже кипит на площади... 
 Я слышу: «Узник, выходи!» 
 Готов -- иду!.. Прости, природа! 
 Палач, на казнь меня веди!..


";А. И. Полежаев;Осужденный : «Нас было двое -- брат и я...»;"Я осужден! К позорной казни 
 Меня закон приговорил! 
 Но я печальный мрак могил 
 На плахе встречу без боязни, 
 Окончу дни мои, как жил.


К чему раскаянье и слезы 
 Перед бесчувственной толпой, 
 Когда назначено судьбой 
 Мне слышать вопли и угрозы 
 И гул проклятий за собой?


Давно душой моей мятежной 
 Какой-то демон овладел, 
 И я зловещий мой удел, 
 Неотразимый, неизбежный, 
 В дали туманной усмотрел...


Не розы светлого Пафоса, 
 Не ласки гурий в тишине, 
 Не искры яхонта в вине, -- 
 Но смерть, секира и колеса 
 Всегда мне грезились во сне!


Меня постигла дума эта 
 И ознакомилась со мной, 
 Как холод с южною весной, 
 Или фантазия поэта 
 С унылой северной луной.


Мои утраченные годы 
 Текли, как бурные ручьи, 
 Которых мутные струи 
 Не серебрят, а пенят воды 
 На лоне илистой земли.


Они рвались, они бежали 
 К неверной цели без препон; 
 Но быстрый бег остановлен, 
 И мне размах холодной стали 
 Готовит праведный закон.


Взойдет она, взойдет, как прежде, 
 Заутра ранняя звезда, 
 Проснется неба красота, -- 
 Но я, я небу и надежде 
 Скажу: «Простите навсегда!»


Взгляну с улыбкою печальной 
 На этот мир, на этот дом, 
 Где я был с счастьем незнаком, 
 Где я, как факел погребальный, 
 Горел в безмолвии ночном;


Где, может быть, суровой доле 
 Я чем-то свыше обречен, 
 Где я страстями заклеймен, 
 Где чем-то свыше, поневоле 
 Я был на время заключен;


Где я... Но что?.. Толпа народа 
 Уже кипит на площади... 
 Я слышу: «Узник, выходи!» 
 Готов -- иду!.. Прости, природа! 
 Палач, на казнь меня веди!..


"
266;11767;ok;"На пиру у жизни шумной, 
 В царстве юной красоты 
 Рвал я с жадностью безумной 
 Благовонные цветы. 
 Много чувства, много жизни 
 Я роскошно потерял, 
 И душевной укоризны, 
 Может быть, не избежал. 
 Отчего ж не с сожаленьем, 
 Отчего -- скажите мне, -- 
 Но с невольным восхищеньем 
 Вспомнил я о старине? 
 Отчего же локон черный, 
 Этот локон смоляной, 
 День и ночь, как дух упорный, 
 Все мелькает предо мной? 
 Отчего, как в полдень ясный 
 Голубые небеса, 
 Мне таинственно прекрасны 
 Эти черные глаза? 
 Почему же голос сладкой, 
 Этот голос неземной, 
 Льется в душу мне украдкой 
 Гармонической волной? 
 Что тревожит дух унылый, 
 Манит к счастию меня? 
 Ах, не вспыхнет над могилой 
 Искра прежнего огня! 
 Отлетели заблуждений 
 Невозвратные рои -- 
 И я мертв для наслаждений, 
 И угас я для любви! 
 Сердце ищет, сердце просит 
 После бури уголка; 
 Но мольбы его разносит 
 Безотрадная тоска!


";А. И. Полежаев;Грусть : «На пиру у жизни шумной...»;"На пиру у жизни шумной, 
 В царстве юной красоты 
 Рвал я с жадностью безумной 
 Благовонные цветы. 
 Много чувства, много жизни 
 Я роскошно потерял, 
 И душевной укоризны, 
 Может быть, не избежал. 
 Отчего ж не с сожаленьем, 
 Отчего -- скажите мне, -- 
 Но с невольным восхищеньем 
 Вспомнил я о старине? 
 Отчего же локон черный, 
 Этот локон смоляной, 
 День и ночь, как дух упорный, 
 Все мелькает предо мной? 
 Отчего, как в полдень ясный 
 Голубые небеса, 
 Мне таинственно прекрасны 
 Эти черные глаза? 
 Почему же голос сладкой, 
 Этот голос неземной, 
 Льется в душу мне украдкой 
 Гармонической волной? 
 Что тревожит дух унылый, 
 Манит к счастию меня? 
 Ах, не вспыхнет над могилой 
 Искра прежнего огня! 
 Отлетели заблуждений 
 Невозвратные рои -- 
 И я мертв для наслаждений, 
 И угас я для любви! 
 Сердце ищет, сердце просит 
 После бури уголка; 
 Но мольбы его разносит 
 Безотрадная тоска!


"
267;5839;beginning;"Итак, настал сей день победы, славы, мщенья; 
 Итак, свершилися мечты воображенья, 
 Предчувствия души, сны юности златой; 
 Желанья пылкие исполнены судьбой! 
 От северных морей, покрытых вечно льдами, 
 До средиземных волн, возлюбленных богами, 
 Тех мест, где небеса, лазурь морских зыбей, 
 Скалы, леса, поля - все мило для очей, - 
 Во всех уже странах давно цвели народы, 
 Законов под щитом, под сению свободы. 
 Лишь Греция одна стонала под ярмом. 
 Столетья протекли: объяты тяжким сном, 
 В ней слава, мужество, геройский дух молчали, 
 И, мнилося, они навеки чужды стали 
 Своей стране родной, стране великих дел, - 
 Стране, где некогда свободы гимн гремел 
 В долинах, на холмах, в ущельях гор глубоких 
 И с кровью в жилах тек источник чувств высоких.
 
 
Пришлец с Алтайских гор, сын дебрей и степей, 
 Обременил ее бесславием цепей. 
 Тиранства алчного ненасытимый гений 
 Разрушил чудеса минувших поколений, 
 И злато, и труды голодной нищеты, 
 И сила юности, и прелесть красоты - 
 Все было добычей владык иноплеменных, - 
 Но небо тронулось мольбами угнетенных, 
 И Греция, свой сон сотрясши вековой, 
 Возникла, как гигант, могущею главой.
 
 
О други! как мой друг пылает бранной славой, 
 Я сердцем и душой среди войны кровавой, 
 Свирепых варваров непримиримый враг, 
 Я мыслью с греками, сражаюсь в их рядах... 
 Так! все великое в Элладу призывает! 
 Эллада! О друзья, сей звук напоминает 
 Душе, забывшейся средь суетных страстей, 
 О добродетели, о славе древних дней, 
 О всем, что с детских лет наш пылкий дух пленяло 
 И жар высоких чувств в груди воспламеняло. 
 Там, там любимец муз, слепец всезрящий, пел, 
 Там бурный Демосфен, как сам Зевес, гремел; 
 И Леонида тень, расторгши плен могилы, 
 Еще средь вас живет, священны Фермопилы! 
 Где жили сильные, досель их видим след: 
 В Элладе каждый холм есть памятник побед. 
 О прежних подвигах в ней тихий лес вздыхает, 
 И перелетный ветр всечасно повторяет 
 Героев и певцов бессмертны имена: 
 В ней славой прежних лет природа вся полна; 
 Восторг еще живет среди уединенья, 
 И каждый ручеек - источник вдохновенья.
 
 
Так, я пойду, друзья, пойду в кровавый бой 
 За счастие страны, по сердцу мне родной, 
 И, новый Леонид Эллады возрожденной, 
 Я гряну как Перун! - Прелестный, сладкий сон! 
 Но никогда, увы, не совершится он! 
 И вы велите мне, как в светлы дни забавы, 
 Воспеть свирепу брань, деянья громкой славы, - 
 Вотще: одной мечтой душа моя полна. 
 Сошлись на землю ночь и мрак <и> тишина, 
 И сон, несчастный друг, глаза мои смыкает;
 
 
Заря ли ранняя к заботам пробуждает, 
 Иль полдень пламенный горит на небесах, - 
 Одно мой внемлет слух, одно в моих очах: 
";А. С. Хомяков;Послание к Веневитиновым : «Итак, настал сей день победы, славы, мщенья...»;"Итак, настал сей день победы, славы, мщенья; 
 Итак, свершилися мечты воображенья, 
 Предчувствия души, сны юности златой; 
 Желанья пылкие исполнены судьбой! 
 От северных морей, покрытых вечно льдами, 
 До средиземных волн, возлюбленных богами, 
 Тех мест, где небеса, лазурь морских зыбей, 
 Скалы, леса, поля - все мило для очей, - 
 Во всех уже странах давно цвели народы, 
 Законов под щитом, под сению свободы. 
 Лишь Греция одна стонала под ярмом. 
 Столетья протекли: объяты тяжким сном, 
 В ней слава, мужество, геройский дух молчали, 
 И, мнилося, они навеки чужды стали 
 Своей стране родной, стране великих дел, - 
 Стране, где некогда свободы гимн гремел 
 В долинах, на холмах, в ущельях гор глубоких 
 И с кровью в жилах тек источник чувств высоких.


Пришлец с Алтайских гор, сын дебрей и степей, 
 Обременил ее бесславием цепей. 
 Тиранства алчного ненасытимый гений 
 Разрушил чудеса минувших поколений, 
 И злато, и труды голодной нищеты, 
 И сила юности, и прелесть красоты - 
 Все было добычей владык иноплеменных, - 
 Но небо тронулось мольбами угнетенных, 
 И Греция, свой сон сотрясши вековой, 
 Возникла, как гигант, могущею главой.


О други! как мой друг пылает бранной славой, 
 Я сердцем и душой среди войны кровавой, 
 Свирепых варваров непримиримый враг, 
 Я мыслью с греками, сражаюсь в их рядах... 
 Так! все великое в Элладу призывает! 
 Эллада! О друзья, сей звук напоминает 
 Душе, забывшейся средь суетных страстей, 
 О добродетели, о славе древних дней, 
 О всем, что с детских лет наш пылкий дух пленяло 
 И жар высоких чувств в груди воспламеняло. 
 Там, там любимец муз, слепец всезрящий, пел, 
 Там бурный Демосфен, как сам Зевес, гремел; 
 И Леонида тень, расторгши плен могилы, 
 Еще средь вас живет, священны Фермопилы! 
 Где жили сильные, досель их видим след: 
 В Элладе каждый холм есть памятник побед. 
 О прежних подвигах в ней тихий лес вздыхает, 
 И перелетный ветр всечасно повторяет 
 Героев и певцов бессмертны имена: 
 В ней славой прежних лет природа вся полна; 
 Восторг еще живет среди уединенья, 
 И каждый ручеек - источник вдохновенья.


Так, я пойду, друзья, пойду в кровавый бой 
 За счастие страны, по сердцу мне родной, 
 И, новый Леонид Эллады возрожденной, 
 Я гряну как Перун! - Прелестный, сладкий сон! 
 Но никогда, увы, не совершится он! 
 И вы велите мне, как в светлы дни забавы, 
 Воспеть свирепу брань, деянья громкой славы, - 
 Вотще: одной мечтой душа моя полна. 
 Сошлись на землю ночь и мрак <и> тишина, 
 И сон, несчастный друг, глаза мои смыкает;


Заря ли ранняя к заботам пробуждает, 
 Иль полдень пламенный горит на небесах, - 
 Одно мой внемлет слух, одно в моих очах: 
 Лишь стоны, смерть и кровь, ужасный вид сраженья 
 И гибель эллинов средь праведного мщенья.


Нет, нет, лишь тот певец, кто музам в дар несет 
 Беспечный пылкий дух, свободный от забот. 
 О дщери вечные суровой Мнемозины! 
 Дубравы мирные и мирные долины, 
 Спокойствие полей, ручья пустынный глас 
 И сердце без страстей - одни пленяют вас.


И мне ли петь, друзья, с душою угнетенной. 
 Но ты с младенчества от Феба вдохновенный, 
 Ты верный жрец его, весны певец младой, 
 Стремись к бессмертию; пой, юный Томсон, пой! 
 Пой, Дмитрий! твой венец - зеленый лавр с оливой; 
 Любимец сельских муз и друг мечты игривой, 
 С душой безоблачной, беспечен как дитя, 
 Дни юности златой проходишь ты шутя; 
 Воспой же времена, круговращенье года, 
 Тебя зовет Парнас, тебя внушит природа! 
 Но друга твоего оставил прежний жар, 
 Исчез, как легкий сон, высоких песней дар; 
 И ах! навек унес могущий грусти гений 
 И чашу радостей, и чашу вдохновений. 
 О, если б глас царя призвал нас в грозный бой! 
 О, если б он велел, чтоб русский меч стальной, 
 Спаситель слабых царств, надежда, страх вселенной, 
 Отмстил за горести Эллады угнетенной! 
 Тогда бы грудью став средь доблестных бойцов, 
 За греков мщенье, честь и веру праотцов, 
 Я ожил бы еще расцветшею душою 
 И, снова подружась с каменою благою, 
 На лире сладостной, в объятиях друзей 
 Я пел бы старину и битвы древних дней.


"
268;5848;ok;"Небо, дай мне длани 
 Мощного титана! 
 Я схвачу природу 
 В пламенных обьятях; 
 Я прижму природу 
 К трепетному сердцу, 
 И она желанью 
 Сердца отзовется 
 Юною любовью. 
 В ней все дышит страстью, 
 Все кипит и блещет, 
 И ничто не дремлет 
 Хладною дремотой.


На земле пылают 
 Грозные вулканы; 
 С шумом льются реки 
 К безднам океана, 
 И в лазурном море 
 Волны резво плещут 
 Бурною игрою. 
 И земля и море 
 Светлыми мечтами, 
 Радостью, надеждой, 
 Славой и красою 
 Смертного дарят. 
 Звезды в синей тверди 
 Мчатся за звездами, 
 И в потоках света 
 Льется по эфиру 
 Тайный страсти голос, 
 Тайное призванье. 
 И века проходят, 
 И века родятся, - 
 Вечное боренье, 
 Пламенная жизнь.


Небо, дай мне длани 
 Мощного титана: 
 Я хочу природу, 
 Как любовник страстный, 
 Радостно обнять.


";А. С. Хомяков;Молодость : «На земле пылают...»;"Небо, дай мне длани 
 Мощного титана! 
 Я схвачу природу 
 В пламенных обьятях; 
 Я прижму природу 
 К трепетному сердцу, 
 И она желанью 
 Сердца отзовется 
 Юною любовью. 
 В ней все дышит страстью, 
 Все кипит и блещет, 
 И ничто не дремлет 
 Хладною дремотой.


На земле пылают 
 Грозные вулканы; 
 С шумом льются реки 
 К безднам океана, 
 И в лазурном море 
 Волны резво плещут 
 Бурною игрою. 
 И земля и море 
 Светлыми мечтами, 
 Радостью, надеждой, 
 Славой и красою 
 Смертного дарят. 
 Звезды в синей тверди 
 Мчатся за звездами, 
 И в потоках света 
 Льется по эфиру 
 Тайный страсти голос, 
 Тайное призванье. 
 И века проходят, 
 И века родятся, - 
 Вечное боренье, 
 Пламенная жизнь.


Небо, дай мне длани 
 Мощного титана: 
 Я хочу природу, 
 Как любовник страстный, 
 Радостно обнять.


"
269;5850;ok;"Хотел бы я разлиться в мире, 
 Хотел бы с солнцем в небе течь, 
 Звездою в сумрачном эфире 
 Ночной светильник свой зажечь. 
 Хотел бы зыбию стеклянной 
 Играть в бездонной глубине 
 Или лучом зари румяной 
 Скользить по плещущей волне. 
 Хотел бы с тучами скитаться, 
 Туманом виться вкруг холмов 
 Иль буйным ветром разыграться 
 В седых изгибах облаков; 
 Жить ласточкой под небесами, 
 К цветам ласкаться мотыльком 
 Или над дикими скалами 
 Носиться дерзостным орлом. 
 Как сладко было бы в природе 
 То жизнь и радость разливать, 
 То в громах, вихрях, непогоде 
 Пространство неба обтекать!


";А. С. Хомяков;Желание : «Хотел бы я разлиться в мире...»;"Хотел бы я разлиться в мире, 
 Хотел бы с солнцем в небе течь, 
 Звездою в сумрачном эфире 
 Ночной светильник свой зажечь. 
 Хотел бы зыбию стеклянной 
 Играть в бездонной глубине 
 Или лучом зари румяной 
 Скользить по плещущей волне. 
 Хотел бы с тучами скитаться, 
 Туманом виться вкруг холмов 
 Иль буйным ветром разыграться 
 В седых изгибах облаков; 
 Жить ласточкой под небесами, 
 К цветам ласкаться мотыльком 
 Или над дикими скалами 
 Носиться дерзостным орлом. 
 Как сладко было бы в природе 
 То жизнь и радость разливать, 
 То в громах, вихрях, непогоде 
 Пространство неба обтекать!


"
270;5851;ok;"Все звезды в новый путь стремились, 
 Рассеяв вековую мглу, 
 Все звезды жизнью веселились 
 И пели божию хвалу. 
 Одна, печально измеряя 
 Никем не знанные лета, 
 Земля катилася немая, 
 Небес веселых сирота. 
 Она без песен путь свершала, 
 Без песен в путь текла опять, 
 И на устах ее лежала 
 Молчанья строгого печать. 
 Кто даст ей голос? - Луч небесный 
 На перси смертного упал, 
 И смертного покров телесный 
 Жильца бессмертного приял. 
 Он к небу взор возвел спокойный, 
 И богу гимн в душе возник; 
 И дал земле он голос стройный, 
 Творенью мертвому язык.


";А. С. Хомяков;Поэт : «Все звезды в новый путь стремились...»;"Все звезды в новый путь стремились, 
 Рассеяв вековую мглу, 
 Все звезды жизнью веселились 
 И пели божию хвалу. 
 Одна, печально измеряя 
 Никем не знанные лета, 
 Земля катилася немая, 
 Небес веселых сирота. 
 Она без песен путь свершала, 
 Без песен в путь текла опять, 
 И на устах ее лежала 
 Молчанья строгого печать. 
 Кто даст ей голос? - Луч небесный 
 На перси смертного упал, 
 И смертного покров телесный 
 Жильца бессмертного приял. 
 Он к небу взор возвел спокойный, 
 И богу гимн в душе возник; 
 И дал земле он голос стройный, 
 Творенью мертвому язык.


"
271;5854;ok;"Тот, кто не плакал, не дерзни 
 Своей рукой неосвященной 
 Струны коснуться вдохновенной: 
 Поэтов званья не скверни! 
 Лишь сердце, в коем стрелы рока 
 Прорыли тяжкие следы, 
 Святит, как вещий дух пророка, 
 Свои невольные труды. 
 И рана в нем не исцелеет, 
 И вечно будет литься кровь; 
 Но песни дух над нею веет 
 И дум возвышенных любовь. 
 Так средь Аравии песчаной 
 Над степью дерево растет: 
 Когда его глубокой раной 
 Рука пришельца просечет, - 
 Тогда, как слезы в день страданья, 
 По дико врезанным браздам 
 Течет роса благоуханья, 
 Небес любимый фимиам.


";А. С. Хомяков;Вдохновение : «Тот, кто не плакал, не дерзни...»;"Тот, кто не плакал, не дерзни 
 Своей рукой неосвященной 
 Струны коснуться вдохновенной: 
 Поэтов званья не скверни! 
 Лишь сердце, в коем стрелы рока 
 Прорыли тяжкие следы, 
 Святит, как вещий дух пророка, 
 Свои невольные труды. 
 И рана в нем не исцелеет, 
 И вечно будет литься кровь; 
 Но песни дух над нею веет 
 И дум возвышенных любовь. 
 Так средь Аравии песчаной 
 Над степью дерево растет: 
 Когда его глубокой раной 
 Рука пришельца просечет, - 
 Тогда, как слезы в день страданья, 
 По дико врезанным браздам 
 Течет роса благоуханья, 
 Небес любимый фимиам.


"
272;5856;ok;"Ах! я хотел бы быть в степях 
 Один с ружьем неотразимым, 
 С гнедым конем неутомимым 
 И с серым псом при стременах. 
 Куда ни взглянешь, нет селенья, 
 Молчат безбрежные поля, 
 И так, как в первый день творенья, 
 Цветет свободная земля. 
 Там не просек ее межами 
 Людей бессмысленный закон; 
 Людей безумными трудами 
 Там божий мир не искажен; 
 Но смертных ждет святая доля: 
 Труды, здоровие, покой, 
 Беспечный мир, восторг живой, 
 Степей кочующая воля. 
 Ах! для чего ж я не в степях 
 Один с ружьем неотразимым, 
 С гнедым конем неутомимым 
 И с серым псом при стременах?


";А. С. Хомяков;Степи : «Ах! я хотел бы быть в степях...»;"Ах! я хотел бы быть в степях 
 Один с ружьем неотразимым, 
 С гнедым конем неутомимым 
 И с серым псом при стременах. 
 Куда ни взглянешь, нет селенья, 
 Молчат безбрежные поля, 
 И так, как в первый день творенья, 
 Цветет свободная земля. 
 Там не просек ее межами 
 Людей бессмысленный закон; 
 Людей безумными трудами 
 Там божий мир не искажен; 
 Но смертных ждет святая доля: 
 Труды, здоровие, покой, 
 Беспечный мир, восторг живой, 
 Степей кочующая воля. 
 Ах! для чего ж я не в степях 
 Один с ружьем неотразимым, 
 С гнедым конем неутомимым 
 И с серым псом при стременах?


"
273;5864;ok;"Я видел сон, что будто я певец, 
 И что певец - пречудное явленье, 
 И что в певце на все свое творенье 
 Всевышний положил венец.


Я видел сон, что будто я певец, 
 И под перстом моим дышали струны, 
 И звуки их гремели как перуны, 
 Стрелой вонзалися во глубину сердец.


И как в степи глухой живые воды, 
 Так песнь моя ласкала жадный слух; 
 В ней слышен был и тайный глас природы, 
 И смертного горе парящий дух.


Но час настал. Меня во гроб сокрыли, 
 Мои уста могильный хлад сковал; 
 Но из могильной тьмы, из хладной пыли, 
 Гремела песнь и сладкий глас звучал.


Века прошли, и племена другие 
 Покрыли край, где прах певца лежал; 
 Но не замокли струны золотые, 
 И сладкий глас по-прежнему звучал.


Я видел сон, что будто я певец, 
 И что певец пречудное явленье, 
 И что в певце на все свое творенье 
 Всевышний положил венец.


";А. С. Хомяков;Сон : «Я видел сон, что будто я певец...»;"Я видел сон, что будто я певец, 
 И что певец - пречудное явленье, 
 И что в певце на все свое творенье 
 Всевышний положил венец.


Я видел сон, что будто я певец, 
 И под перстом моим дышали струны, 
 И звуки их гремели как перуны, 
 Стрелой вонзалися во глубину сердец.


И как в степи глухой живые воды, 
 Так песнь моя ласкала жадный слух; 
 В ней слышен был и тайный глас природы, 
 И смертного горе парящий дух.


Но час настал. Меня во гроб сокрыли, 
 Мои уста могильный хлад сковал; 
 Но из могильной тьмы, из хладной пыли, 
 Гремела песнь и сладкий глас звучал.


Века прошли, и племена другие 
 Покрыли край, где прах певца лежал; 
 Но не замокли струны золотые, 
 И сладкий глас по-прежнему звучал.


Я видел сон, что будто я певец, 
 И что певец пречудное явленье, 
 И что в певце на все свое творенье 
 Всевышний положил венец.


"
274;5867;ok;"""Досель безвестна мне любовь 
 И пылкой страсти огнь мятежной; 
 От милых взоров, ласки нежной 
 Моя не волновалась кровь"". - 
 Так сердца тайну в прежни годы 
 Я стройно в звуки облекал 
 И песню гордую свободы 
 Цевнице юной поверял; 
 Надеждами, мечтами славы 
 И дружбой верною богат, 
 Я презирал любви отравы 
 И не просил ее наград. 
 С тех пор душа познала муки, 
 Надежд утрату, смерть друзей 
 И грустно вторит песни звуки, 
 Сложенной в юности моей. 
 Я под ресницею стыдливой 
 Встречал очей огонь живой, 
 И длинных кудрей шелк игривый, 
 И трепет кудри молодой, 
 Уста с приветною улыбкой, 
 Румянец бархатных ланит, 
 И стройный стан, как пальма, гибкой, 
 И поступь легкую харит. 
 Бывало, в жилах кровь взыграет, 
 И, страха, радости полна, 
 С усильем тяжким грудь вздыхает, 
 И сердце шепчет: вот она. 
 Но светлый миг очарованья 
 Пришел как сон, пропал и след. 
 Ей дики все мои мечтанья, 
 И не понятен ей поэт. 
 Когда ж?.. И сердцу станет больно, 
 И к арфе я прибегну вновь, 
 И прошепчу, вздохнув невольно: 
 ""Досель безвестна мне любовь""


";А. С. Хомяков;Признание : ««Досель безвестна мне любовь...»»;"""Досель безвестна мне любовь 
 И пылкой страсти огнь мятежной; 
 От милых взоров, ласки нежной 
 Моя не волновалась кровь"". - 
 Так сердца тайну в прежни годы 
 Я стройно в звуки облекал 
 И песню гордую свободы 
 Цевнице юной поверял; 
 Надеждами, мечтами славы 
 И дружбой верною богат, 
 Я презирал любви отравы 
 И не просил ее наград. 
 С тех пор душа познала муки, 
 Надежд утрату, смерть друзей 
 И грустно вторит песни звуки, 
 Сложенной в юности моей. 
 Я под ресницею стыдливой 
 Встречал очей огонь живой, 
 И длинных кудрей шелк игривый, 
 И трепет кудри молодой, 
 Уста с приветною улыбкой, 
 Румянец бархатных ланит, 
 И стройный стан, как пальма, гибкой, 
 И поступь легкую харит. 
 Бывало, в жилах кровь взыграет, 
 И, страха, радости полна, 
 С усильем тяжким грудь вздыхает, 
 И сердце шепчет: вот она. 
 Но светлый миг очарованья 
 Пришел как сон, пропал и след. 
 Ей дики все мои мечтанья, 
 И не понятен ей поэт. 
 Когда ж?.. И сердцу станет больно, 
 И к арфе я прибегну вновь, 
 И прошепчу, вздохнув невольно: 
 ""Досель безвестна мне любовь""


"
275;5869;ok;"Не презирай клинка стального 
 В обделке древности простой 
 И пыль забвенья векового 
 Сотри заботливой рукой. 
 Мечи с красивою оправой, 
 В златых покояся ножнах, 
 Блистали тщетною забавой 
 На пышных роскоши пирах; 
 А он в порывах бурь военных 
 По латам весело стучал 
 И на главах иноплеменных 
 Об Руси память зарубал. 
 Но тяжкий меч, в ножнах забытый 
 Рукой слабеющих племен, 
 Давно лежит полусокрытый 
 Под едкой ржавчиной времен 
 И ждет, чтоб грянул голос брани, 
 Булата звонкого призыв, 
 Чтоб вновь воскрес в могущей длани 
 Его губительный порыв; 
 И там, где меч с златой оправой 
 Как хрупкий сломится хрусталь, 
 Глубоко врежет след кровавый 
 Его синеющая сталь.


Так не бросай клинка стального 
 В обделке древности простой 
 И пыль забвенья векового 
 Сотри заботливой рукой.


";А. С. Хомяков;Клинок : «Не презирай клинка стального...»;"Не презирай клинка стального 
 В обделке древности простой 
 И пыль забвенья векового 
 Сотри заботливой рукой. 
 Мечи с красивою оправой, 
 В златых покояся ножнах, 
 Блистали тщетною забавой 
 На пышных роскоши пирах; 
 А он в порывах бурь военных 
 По латам весело стучал 
 И на главах иноплеменных 
 Об Руси память зарубал. 
 Но тяжкий меч, в ножнах забытый 
 Рукой слабеющих племен, 
 Давно лежит полусокрытый 
 Под едкой ржавчиной времен 
 И ждет, чтоб грянул голос брани, 
 Булата звонкого призыв, 
 Чтоб вновь воскрес в могущей длани 
 Его губительный порыв; 
 И там, где меч с златой оправой 
 Как хрупкий сломится хрусталь, 
 Глубоко врежет след кровавый 
 Его синеющая сталь.


Так не бросай клинка стального 
 В обделке древности простой 
 И пыль забвенья векового 
 Сотри заботливой рукой.


"
;;;"Прелестна песнь полуденной страны!
Она огнем живительным согрета,
Как яркий день безоблачного лета;
Она сладка, как томный свет луны,
Трепещущий на зеркале лагуны;
Все в ней к любви и неге нас манит,
Но не звучат отзывно сердца струны,
И мысль моя в груди безмолвной спит.

Другая песнь!  то песнь родного края,
Протяжная, унылая, простая,
Тоски и слез и горестей полна.
Как много дум взбудила вдруг она
Про нашу степь, про звонкие метели,
Про радости и скорби юных дней,
Про тихие напевы колыбели,
Про отчий дом и кровных и друзей.";А. С. Хомяков;Две песни : «Прелестна песнь полуденной страны!..»;
;;;"Вокруг нее очарованье;
Вся роскошь Юга дышит в ней,
От роз ей прелесть и названье;
От звезд полудня блеск очей.
Прикован к ней волшебной силой,
Поэт восторженный глядит;
Но никогда он деве милой
Своей любви не посвятит.
Пусть ей понятны сердца звуки,
Высокой думы красота,
Поэтов радости и муки,
Поэтов чистая мечта;
Пусть в ней душа, как пламень ясный,
Как дым молитвенных кадил;
Пусть ангел светлый и прекрасный
Ее с рожденья осенил, -
Но ей чужда моя Россия,
Отчизны дикая краса;
И ей милей страны другие,
Другие лучше небеса.
Пою ей песнь родного края;
Она не внемлет, не глядит.
При ней скажу я: ""Русь святая"" -
И сердце в ней не задрожит.
И тщетно луч живого света
Из черных падает очей, -
Ей гордая душа поэта
Не посвятит любви своей.";А. С. Хомяков;Иностранка : «Вокруг нее очарованье…»;
;;;"Жаворонок, орел и поэт
Когда проснувшися светлеет
Восток росистою зарей,
Незримый жаворонок реет
В равнине неба голубой;
И, вдохновенный, без науки
Творит он песнь и свысока
Серебряные сыплет звуки
На след воздушный ветерка.
Орел, добычу забывая,
Летит, ― и выше сизых туч,
Как парус крылья расстилая,
Всплывает ― весел и могуч.
Зачем поют?  Зачем летают?
Зачем горячие мечты
Поэта в небо увлекают
Из мрака дольней суеты? -
Затем, что в небе вдохновенье,
И в песнях есть избыток сил,
И гордой воли упоенье
В надоблачном размахе крыл;
Затем, что с выси небосклона
Отрадно видеть край земной
И робких чад земного лона
Далеко, низко под собой.";А. С. Хомяков;Жаворонок, орел и поэт : «Когда проснувшися светлеет…»;
276;5888;ok;"Когда вечерняя спускается роса, 
 И дремлет дольний мир, и ветр прохладный дует, 
 И синим сумраком одеты небеса, 
 И землю сонную луч месяца целует, - 
 Мне страшно вспоминать житейскую борьбу, 
 И грустно быть одним, и сердце сердца просит, 
 И голос трепетный то ропщет на судьбу, 
 То имена любви невольно произносит... 
 Когда ж в час утренний проснувшийся Восток 
 Выводит с торжеством денницу золотую 
 Иль солнце льет лучи, как пламенный поток, 
 На ясный мир небес, на суету земную, - 
 Я снова бодр и свеж; на смутный быт людей 
 Бросаю смелый взгляд; улыбку и презренье 
 Одни я шлю в ответ грозам судьбы моей, 
 И радует меня мое уединенье. 
 Готовая к борьбе и крепкая как сталь, 
 Душа бежит любви, бессильного желанья, 
 И одинокая, любя свои страданья, 
 Питает гордую безгласную печаль.


";А. С. Хомяков;Элегия : «Когда вечерняя спускается роса...»;"Когда вечерняя спускается роса, 
 И дремлет дольний мир, и ветр прохладный дует, 
 И синим сумраком одеты небеса, 
 И землю сонную луч месяца целует, - 
 Мне страшно вспоминать житейскую борьбу, 
 И грустно быть одним, и сердце сердца просит, 
 И голос трепетный то ропщет на судьбу, 
 То имена любви невольно произносит... 
 Когда ж в час утренний проснувшийся Восток 
 Выводит с торжеством денницу золотую 
 Иль солнце льет лучи, как пламенный поток, 
 На ясный мир небес, на суету земную, - 
 Я снова бодр и свеж; на смутный быт людей 
 Бросаю смелый взгляд; улыбку и презренье 
 Одни я шлю в ответ грозам судьбы моей, 
 И радует меня мое уединенье. 
 Готовая к борьбе и крепкая как сталь, 
 Душа бежит любви, бессильного желанья, 
 И одинокая, любя свои страданья, 
 Питает гордую безгласную печаль.


"
277;5889;ok;"О, грустно, грустно мне! Ложится тьма густая 
 На дальнем Западе, стране святых чудес: 
 Светила прежние бледнеют, догорая, 
 И звезды лучшие срываются с небес. 
 А как прекрасен был тот Запад величавый! 
 Как долго целый мир, колена преклонив 
 И чудно озарен его высокой славой, 
 Пред ним безмолвствовал, смирен и молчалив. 
 Там солнце мудрости встречали наши очи, 
 Кометы бурных сеч бродили в высоте, 
 И тихо, как луна, царица летней ночи, 
 Сияла там любовь в невинной красоте. 
 Там в ярких радугах сливались вдохновенья, 
 И веры огнь живой потоки света лил!.. 
 О! никогда земля от первых дней творенья 
 Не зрела над собой столь пламенных светил! 
 Но горе! век прошел, и мертвенным покровом 
 Задернут Запад весь. Там будет мрак глубок... 
 Услышь же глас судьбы, воспрянь в сияньи новом, 
 Проснися, дремлющий Восток!


";А. С. Хомяков;Мечта : «О, грустно, грустно мне! Ложится тьма густая...»;"О, грустно, грустно мне! Ложится тьма густая 
 На дальнем Западе, стране святых чудес: 
 Светила прежние бледнеют, догорая, 
 И звезды лучшие срываются с небес. 
 А как прекрасен был тот Запад величавый! 
 Как долго целый мир, колена преклонив 
 И чудно озарен его высокой славой, 
 Пред ним безмолвствовал, смирен и молчалив. 
 Там солнце мудрости встречали наши очи, 
 Кометы бурных сеч бродили в высоте, 
 И тихо, как луна, царица летней ночи, 
 Сияла там любовь в невинной красоте. 
 Там в ярких радугах сливались вдохновенья, 
 И веры огнь живой потоки света лил!.. 
 О! никогда земля от первых дней творенья 
 Не зрела над собой столь пламенных светил! 
 Но горе! век прошел, и мертвенным покровом 
 Задернут Запад весь. Там будет мрак глубок... 
 Услышь же глас судьбы, воспрянь в сияньи новом, 
 Проснися, дремлющий Восток!


"
278;5893;ok;"Когда гляжу, как чисто и зеркально 
 Твое чело, 
 Как ясен взор, - мне грустно и печально, 
 Мне тяжело.


Ты знаешь ли, как глубоко и свято 
 Тебя люблю? 
 Ты знаешь ли, что отдал без возврата 
 Я жизнь свою!


Когда умрет пред хладной молньей взора 
 Любви мечта, 
 Не прогремят правдивого укора 
 Мои уста.


Но пропою в последнее прощанье 
 Я песнь одну; 
 В ней все любовь, все горе, все страданье, 
 Всю жизнь сомкну.


И слыша песнь, каким огнем согрета 
 И как грустна, 
 Узнает мир, что в ней душа поэта 
 Схоронена.


";А. С. Хомяков;К *** : «Когда гляжу, как чисто и зеркально...»;"Когда гляжу, как чисто и зеркально 
 Твое чело, 
 Как ясен взор, - мне грустно и печально, 
 Мне тяжело.


Ты знаешь ли, как глубоко и свято 
 Тебя люблю? 
 Ты знаешь ли, что отдал без возврата 
 Я жизнь свою!


Когда умрет пред хладной молньей взора 
 Любви мечта, 
 Не прогремят правдивого укора 
 Мои уста.


Но пропою в последнее прощанье 
 Я песнь одну; 
 В ней все любовь, все горе, все страданье, 
 Всю жизнь сомкну.


И слыша песнь, каким огнем согрета 
 И как грустна, 
 Узнает мир, что в ней душа поэта 
 Схоронена.


"
279;5894;ok;"Благодарю тебя! Когда любовью нежной 
 Сияли для меня лучи твоих очей, 
 Под игом сладостным заснул в груди мятежной 
 Порыв души моей.


Благодарю тебя! Когда твой взор суровый 
 На юного певца с холодностью упал, 
 Мой гордый дух вскипел; и прежние оковы 
 Я смело разорвал.


И шире мой полет, живее в крыльях сила; 
 Все в груди тишина, все сердце расцвело; 
 И песен благодать святее осенила 
 Свободное чело.


Так после ярых бурь моря лазурней, тише, 
 Благоуханней лес, свежей долин краса, 
 Так раненный слегка орел уходит выше 
 В родные небеса.


";А. С. Хомяков;К *** : «Благодарю тебя! Когда любовью нежной...»;"Благодарю тебя! Когда любовью нежной 
 Сияли для меня лучи твоих очей, 
 Под игом сладостным заснул в груди мятежной 
 Порыв души моей.


Благодарю тебя! Когда твой взор суровый 
 На юного певца с холодностью упал, 
 Мой гордый дух вскипел; и прежние оковы 
 Я смело разорвал.


И шире мой полет, живее в крыльях сила; 
 Все в груди тишина, все сердце расцвело; 
 И песен благодать святее осенила 
 Свободное чело.


Так после ярых бурь моря лазурней, тише, 
 Благоуханней лес, свежей долин краса, 
 Так раненный слегка орел уходит выше 
 В родные небеса.


"
280;5897;ok;"«Гордись! - тебе льстецы сказали. - 
 Земля с увенчанным челом, 
 Земля несокрушимой стали, 
 Полмира взявшая мечом! 
 Пределов нет твоим владеньям, 
 И, прихотей твоих раба, 
 Внимает гордым повеленьям 
 Тебе покорная судьба. 
 Красны степей твоих уборы, 
 И горы в небо уперлись, 
 И как моря твои озеры...» 
 Не верь, не слушай, не гордись! 
 Пусть рек твоих глубоки волны, 
 Как волны синие морей, 
 И недра гор алмазов полны, 
 И хлебом пышен тук степей; 
 Пусть пред твоим державным блеском 
 Народы робко клонят взор 
 И семь морей немолчным плеском 
 Тебе поют хвалебный хор; 
 Пусть далеко грозой кровавой 
 Твои перуны пронеслись - 
 Всей этой силой, этой славой, 
 Всем этим прахом не гордись! 
 Грозней тебя был Рим великой, 
 Царь семихолмного хребта, 
 Железных сил и воли дикой 
 Осуществленная мечта; 
 И нестерпим был огнь булата 
 В руках алтайских дикарей; 
 И вся зарылась в груды злата 
 Царица западных морей. 
 И что же Рим? и где монголы? 
 И, скрыв в груди предсмертный стон, 
 Кует бессильные крамолы, 
 Дрожа над бездной, Альбион! 
 Бесплоден всякой дух гордыни, 
 Неверно злато, сталь хрупка, 
 Но крепок ясный мир святыни, 
 Сильна молящихся рука!


И вот за то, что ты смиренна, 
 Что в чувстве детской простоты, 
 В молчаньи сердца сокровенна, 
 Глагол творца прияла ты, - 
 Тебе он дал свое призванье, 
 Тебе он светлый дал удел: 
 Хранить для мира достоянье 
 Высоких жертв и чистых дел; 
 Хранить племен святое братство, 
 Любви живительный сосуд, 
 И веры пламенной богатство, 
 И правду, и бескровный суд. 
 Твое все то, чем дух святится, 
 В чем сердцу слышен глас небес, 
 В чем жизнь грядущих дней таится, 
 Начало славы и чудес!.. 
 О, вспомни свой удел высокой! 
 Былое в сердце воскреси 
 И в нем сокрытого глубоко 
 Ты духа жизни допроси! 
 Внимай ему - и, все народы 
 Обняв любовию своей, 
 Скажи им таинство свободы, 
 Сиянье веры им пролей! 
 И станешь в славе ты чудесной 
 Превыше всех земных сынов, 
 Как этот синий свод небесный - 
 Прозрачный вышнего покров!


";А. С. Хомяков;России : ««Гордись! - тебе льстецы сказали. -...»;"«Гордись! - тебе льстецы сказали. - 
 Земля с увенчанным челом, 
 Земля несокрушимой стали, 
 Полмира взявшая мечом! 
 Пределов нет твоим владеньям, 
 И, прихотей твоих раба, 
 Внимает гордым повеленьям 
 Тебе покорная судьба. 
 Красны степей твоих уборы, 
 И горы в небо уперлись, 
 И как моря твои озеры...» 
 Не верь, не слушай, не гордись! 
 Пусть рек твоих глубоки волны, 
 Как волны синие морей, 
 И недра гор алмазов полны, 
 И хлебом пышен тук степей; 
 Пусть пред твоим державным блеском 
 Народы робко клонят взор 
 И семь морей немолчным плеском 
 Тебе поют хвалебный хор; 
 Пусть далеко грозой кровавой 
 Твои перуны пронеслись - 
 Всей этой силой, этой славой, 
 Всем этим прахом не гордись! 
 Грозней тебя был Рим великой, 
 Царь семихолмного хребта, 
 Железных сил и воли дикой 
 Осуществленная мечта; 
 И нестерпим был огнь булата 
 В руках алтайских дикарей; 
 И вся зарылась в груды злата 
 Царица западных морей. 
 И что же Рим? и где монголы? 
 И, скрыв в груди предсмертный стон, 
 Кует бессильные крамолы, 
 Дрожа над бездной, Альбион! 
 Бесплоден всякой дух гордыни, 
 Неверно злато, сталь хрупка, 
 Но крепок ясный мир святыни, 
 Сильна молящихся рука!


И вот за то, что ты смиренна, 
 Что в чувстве детской простоты, 
 В молчаньи сердца сокровенна, 
 Глагол творца прияла ты, - 
 Тебе он дал свое призванье, 
 Тебе он светлый дал удел: 
 Хранить для мира достоянье 
 Высоких жертв и чистых дел; 
 Хранить племен святое братство, 
 Любви живительный сосуд, 
 И веры пламенной богатство, 
 И правду, и бескровный суд. 
 Твое все то, чем дух святится, 
 В чем сердцу слышен глас небес, 
 В чем жизнь грядущих дней таится, 
 Начало славы и чудес!.. 
 О, вспомни свой удел высокой! 
 Былое в сердце воскреси 
 И в нем сокрытого глубоко 
 Ты духа жизни допроси! 
 Внимай ему - и, все народы 
 Обняв любовию своей, 
 Скажи им таинство свободы, 
 Сиянье веры им пролей! 
 И станешь в славе ты чудесной 
 Превыше всех земных сынов, 
 Как этот синий свод небесный - 
 Прозрачный вышнего покров!


"
281;15325;ok;"Пусть искатель гордой славы 
 Жертвует покоем ей! 
 Пусть летит он в бой кровавый 
 За толпой богатырей! 
 Но надменными венцами 
 Не прельщен певец лесов: 
 Я счастлив и без венцов 
 С лирой, с верными друзьями.


Пусть богатства страсть терзает 
 Алчущих рабов своих! 
 Пусть их златом осыпает, 
 Пусть они из стран чужих 
 С нагруженными судами 
 Волны ярые дробят: 
 Я без золота богат 
 С лирой, с верными друзьями.


Пусть веселий рой шумящий 
 За собой толпы влечет! 
 Пусть на их алтарь блестящий 
 Каждый жертву понесет! 
 Не стремлюсь за их толпами -- 
 Я без шумных их страстей 
 Весел участью своей 
 С лирой, с верными друзьями.


";Д. В. Веневитинов;К друзьям : «Пусть искатель гордой славы...»;"Пусть искатель гордой славы 
 Жертвует покоем ей! 
 Пусть летит он в бой кровавый 
 За толпой богатырей! 
 Но надменными венцами 
 Не прельщен певец лесов: 
 Я счастлив и без венцов 
 С лирой, с верными друзьями.


Пусть богатства страсть терзает 
 Алчущих рабов своих! 
 Пусть их златом осыпает, 
 Пусть они из стран чужих 
 С нагруженными судами 
 Волны ярые дробят: 
 Я без золота богат 
 С лирой, с верными друзьями.


Пусть веселий рой шумящий 
 За собой толпы влечет! 
 Пусть на их алтарь блестящий 
 Каждый жертву понесет! 
 Не стремлюсь за их толпами -- 
 Я без шумных их страстей 
 Весел участью своей 
 С лирой, с верными друзьями.


"
282;NA;ok;"Эльмор
Сложи меч тяжёлый. Бессильной ли длани
Владеть сим булатом, о мирный певец!
Нам слава в боях, нам опасные брани;
4 Тебе ж — сладкозвучного пенья венец.

Эгил
Прости мне, о сын скандинавских царей!
В деснице певца сей булат не бесчестен.
Ты помни, что Рекнер[1] был арфой известен
8 И храбрым пример среди бранных полей.

Эльмор
Прости, юный скальд, ты певец вдохновенный,
Но если ты хочешь, Эгил, нам вещать
О славе, лишь к битвах тобой обретенной,
12 То долго и долго ты будешь молчать.

Эгил
Эльмор! иль забыл, что, гордясь багряницей,
Царь скальда обидел и с ближней денницей
Прискорбная мать его, в горьких слезах,
16 Рыдала над хладною сына гробницей…

Так, с твёрдостью духа, с угрозой в устах,
Эгил отвечает, — и, быстрой стопою,
Безмолвствуя, оба, с киченьем в сердцах,
20 Сокрылись в дубраве под лиственной тьмою,
Час целый в безмолвии ночи густой
Гремел меч о меч среди рощи глухой.
Обрызганный кровью и весь изнуренный,
24 Эгил! из дубравы ты вышел один.
О храбрый Эльмор! Тебя тщетно Армин,
В чертогах семьею своей окруженный,
На пир ждёт вечерний под кровлей родной.
28 Тебе уж из чаши не пить круговой.
Без жизни, без славы твой труп искаженный
Лежит средь дубравы на дерне сухом.
Ты в прах преклонился надменным челом.
32 Окрест всё молчит, как немая могила,
И смерть скандинавцу за скальда отмстила.

Но утром, едва лишь меж сизых паров
Холодная в небе зарделась Аврора,
36 В дремучей дубраве, при лаянье псов,
Узнали кровавое тело Эльмора.
Узнавши Эльмора черты искаженны,
Незапным ударом Армин пораженный
40 Не плачет, но грудь раздирает рукой.
Меж тем всё восстало, во граде волненье,
Все ищут убийцы, все требуют мщенья.
«Я знаю, — воскликнул Армин, — Ингисфал
44 Всегдашнюю злобу к Эльмору питал!
Спешите, спешите постигнуть злодея,
Стремитесь, о други, стремитесь быстрее,
Чем молньи зубчатыя блеск в небесах.
48 Готовьте орудья ко смерти убийцы.
Меж тем пусть врата неприступной темницы
По нём загремят на чугунных крюках».";Д. В. Веневитинов;Освобождение скальда;"Эльмор
Сложи меч тяжёлый. Бессильной ли длани
Владеть сим булатом, о мирный певец!
Нам слава в боях, нам опасные брани;
4 Тебе ж — сладкозвучного пенья венец.

Эгил
Прости мне, о сын скандинавских царей!
В деснице певца сей булат не бесчестен.
Ты помни, что Рекнер[1] был арфой известен
8 И храбрым пример среди бранных полей.

Эльмор
Прости, юный скальд, ты певец вдохновенный,
Но если ты хочешь, Эгил, нам вещать
О славе, лишь к битвах тобой обретенной,
12 То долго и долго ты будешь молчать.

Эгил
Эльмор! иль забыл, что, гордясь багряницей,
Царь скальда обидел и с ближней денницей
Прискорбная мать его, в горьких слезах,
16 Рыдала над хладною сына гробницей…

Так, с твёрдостью духа, с угрозой в устах,
Эгил отвечает, — и, быстрой стопою,
Безмолвствуя, оба, с киченьем в сердцах,
20 Сокрылись в дубраве под лиственной тьмою,
Час целый в безмолвии ночи густой
Гремел меч о меч среди рощи глухой.
Обрызганный кровью и весь изнуренный,
24 Эгил! из дубравы ты вышел один.
О храбрый Эльмор! Тебя тщетно Армин,
В чертогах семьею своей окруженный,
На пир ждёт вечерний под кровлей родной.
28 Тебе уж из чаши не пить круговой.
Без жизни, без славы твой труп искаженный
Лежит средь дубравы на дерне сухом.
Ты в прах преклонился надменным челом.
32 Окрест всё молчит, как немая могила,
И смерть скандинавцу за скальда отмстила.

Но утром, едва лишь меж сизых паров
Холодная в небе зарделась Аврора,
36 В дремучей дубраве, при лаянье псов,
Узнали кровавое тело Эльмора.
Узнавши Эльмора черты искаженны,
Незапным ударом Армин пораженный
40 Не плачет, но грудь раздирает рукой.
Меж тем всё восстало, во граде волненье,
Все ищут убийцы, все требуют мщенья.
«Я знаю, — воскликнул Армин, — Ингисфал
44 Всегдашнюю злобу к Эльмору питал!
Спешите, спешите постигнуть злодея,
Стремитесь, о други, стремитесь быстрее,
Чем молньи зубчатыя блеск в небесах.
48 Готовьте орудья ко смерти убийцы.
Меж тем пусть врата неприступной темницы
По нём загремят на чугунных крюках»."
283;15332;ok;"Ужасна ночь, а я одна 
 Здесь на вершине одинокой. 
 Округ меня стихий война. 
 В ущелиях горы высокой 
 Я слышу ветров свист глухой. 
 Здесь по скалам с горы крутой 
 Стремится вниз поток ревучий, 
 Ужасно над моей главой 
 Гремит Перун, несутся тучи. 
 Куда бежать? где милый мой? 
 Увы, под бурею ночною 
 Я без убежища, одна! 
 Блесни на высоте, луна, 
 Восстань, явися над горою! 
 Быть может, благодатный свет 
 Меня к Сальгару приведет. 
 Он, верно, ловлей изнуренный, 
 Своими псами окруженный, 
 В дубраве иль в степи глухой. 
 Он сбросил с плеч свой лук могучий, 
 С опущенною тетивой 
 И презирая громы, тучи, 
 Ему знакомый бури вой, 
 Лежит на мураве сухой. 
 Иль ждать мне на горе пустынной, 
 Доколе не наступит день 
 И не рассеет ночи длинной? 
 Ужасней гром; ужасней тень; 
 Сильнее ветров завыванье; 
 Сильнее волн седых плесканье! 
 И гласа не слыхать! 
 О верный друг! Сальгар мой милый, 
 Где ты? Ах, долго ль мне унылой 
 Среди пустыни сей страдать? 
 Вот дуб, поток, о брег дробимый, 
 Где ты клялся до ночи быть! 
 И для Сальгара кров родимый 
 И брат любезный мной забыт. 
 Семейства наши знают мщенье, 
 Они враги между собой, 
 Мы не враги, Сальгар, с тобой! 
 Умолкни, ветр, хоть на мгновенье! 
 Остановись, поток седой! 
 Быть может, что любовник мой 
 Услышит голос, им любимый! 
 Сальгар! здесь Кольма ждет; 
 Здесь дуб, поток, о брег дробимый; 
 Здесь всё: лишь милого здесь нет.


";Д. В. Веневитинов;[Песнь Кольмы] : «Ужасна ночь, а я одна...»;"Ужасна ночь, а я одна 
 Здесь на вершине одинокой. 
 Округ меня стихий война. 
 В ущелиях горы высокой 
 Я слышу ветров свист глухой. 
 Здесь по скалам с горы крутой 
 Стремится вниз поток ревучий, 
 Ужасно над моей главой 
 Гремит Перун, несутся тучи. 
 Куда бежать? где милый мой? 
 Увы, под бурею ночною 
 Я без убежища, одна! 
 Блесни на высоте, луна, 
 Восстань, явися над горою! 
 Быть может, благодатный свет 
 Меня к Сальгару приведет. 
 Он, верно, ловлей изнуренный, 
 Своими псами окруженный, 
 В дубраве иль в степи глухой. 
 Он сбросил с плеч свой лук могучий, 
 С опущенною тетивой 
 И презирая громы, тучи, 
 Ему знакомый бури вой, 
 Лежит на мураве сухой. 
 Иль ждать мне на горе пустынной, 
 Доколе не наступит день 
 И не рассеет ночи длинной? 
 Ужасней гром; ужасней тень; 
 Сильнее ветров завыванье; 
 Сильнее волн седых плесканье! 
 И гласа не слыхать! 
 О верный друг! Сальгар мой милый, 
 Где ты? Ах, долго ль мне унылой 
 Среди пустыни сей страдать? 
 Вот дуб, поток, о брег дробимый, 
 Где ты клялся до ночи быть! 
 И для Сальгара кров родимый 
 И брат любезный мной забыт. 
 Семейства наши знают мщенье, 
 Они враги между собой, 
 Мы не враги, Сальгар, с тобой! 
 Умолкни, ветр, хоть на мгновенье! 
 Остановись, поток седой! 
 Быть может, что любовник мой 
 Услышит голос, им любимый! 
 Сальгар! здесь Кольма ждет; 
 Здесь дуб, поток, о брег дробимый; 
 Здесь всё: лишь милого здесь нет.


"
284;15322;ok;"Я молод, друг мой, в цвете лет, 
 Но я изведал жизни море, 
 И для меня уж тайны нет 
 Ни в пылкой радости, ни в горе. 
 Я долго тешился мечтой, 
 Звездам небесным слепо верил 
 И океан безбрежный мерил 
 Своею утлою ладьей. 
 С надменной радостью, бывало, 
 Глядел я, как мой смелый челн 
 Печатал след свой в бездне волн. 
 Меня пучина не пугала: 
 «Чего страшиться? -- думал я.-- 
 Бывало ль зеркало так ясно, 
 Как зыбь морей?» Так думал я 
 И гордо плыл, забыв края. 
 И что ж скрывалось под волною? 
 О камень грянул я ладьею, 
 И вдребезги моя ладья! 
 Обманут небом и мечтою, 
 Я проклял жребий и мечты... 
 Но издали манил мне ты, 
 Как брег призывный улыбался, 
 Тебя с восторгом я обнял, 
 Поверил снова наслажденьям 
 И с хладной жизнью сочетал 
 Души горячей сновиденья.


";Д. В. Веневитинов;Послание к Р[ожали]ну : «Я молод, друг мой, в цвете лет...»;"Я молод, друг мой, в цвете лет, 
 Но я изведал жизни море, 
 И для меня уж тайны нет 
 Ни в пылкой радости, ни в горе. 
 Я долго тешился мечтой, 
 Звездам небесным слепо верил 
 И океан безбрежный мерил 
 Своею утлою ладьей. 
 С надменной радостью, бывало, 
 Глядел я, как мой смелый челн 
 Печатал след свой в бездне волн. 
 Меня пучина не пугала: 
 «Чего страшиться? -- думал я.-- 
 Бывало ль зеркало так ясно, 
 Как зыбь морей?» Так думал я 
 И гордо плыл, забыв края. 
 И что ж скрывалось под волною? 
 О камень грянул я ладьею, 
 И вдребезги моя ладья! 
 Обманут небом и мечтою, 
 Я проклял жребий и мечты... 
 Но издали манил мне ты, 
 Как брег призывный улыбался, 
 Тебя с восторгом я обнял, 
 Поверил снова наслажденьям 
 И с хладной жизнью сочетал 
 Души горячей сновиденья.


"
285;15323;ok;"Известно мне: доступен гений 
 Для гласа искренних сердец. 
 К тебе, возвышенный певец, 
 Взываю с жаром песнопений. 
 Рассей на миг восторг святой, 
 Раздумье творческого духа 
 И снисходительного слуха 
 Младую музу удостой. 
 Когда пророк свободы смелый, 
 Тоской измученный поэт, 
 Покинул мир осиротелый, 
 Оставя славы жаркий свет 
 И тень всемирныя печали, 
 Хвалебным громом прозвучали 
 Твои стихи ему вослед. 
 Ты дань принес увядшей силе 
 И славе на его могиле 
 Другое имя завещал. 
 Ты тише, слаще воспевал 
 У муз похищенного галла. 
 Волнуясь песнею твоей, 
 В груди восторженной моей 
 Душа рвалась и трепетала. 
 Но ты еще не доплатил 
 Каменам долга вдохновенья: 
 К хвалам оплаканных могил 
 Прибавь веселые хваленья. 
 Их ждет еще один певец: 
 Он наш -- жилец того же света, 
 Давно блестит его венец; 
 Но славы громкого привета 
 Звучней, отрадней глас поэта. 
 Наставник наш, наставник твой, 
 Он кроется в стране мечтаний, 
 В своей Германии родной. 
 Досель хладеющие длани 
 По струнам бегают порой, 
 И перерывчатые звуки, 
 Как после горестной разлуки 
 Старинной дружбы милый глас, 
 К знакомым думам клонят нас. 
 Досель в нем сердце не остыло, 
 И верь, он с радостью живой 
 В приюте старости унылой 
 Еще услышит голос твой, 
 И, может быть, тобой плененный, 
 Последним жаром вдохновенный, 
 Ответно лебедь запоет 
 И, к небу с песнию прощанья 
 Стремя торжественный полет, 
 В восторге дивного мечтанья 
 Тебя, о Пушкин, назовет.


";Д. В. Веневитинов;К Пушкину : «Известно мне: доступен гений...»;"Известно мне: доступен гений 
 Для гласа искренних сердец. 
 К тебе, возвышенный певец, 
 Взываю с жаром песнопений. 
 Рассей на миг восторг святой, 
 Раздумье творческого духа 
 И снисходительного слуха 
 Младую музу удостой. 
 Когда пророк свободы смелый, 
 Тоской измученный поэт, 
 Покинул мир осиротелый, 
 Оставя славы жаркий свет 
 И тень всемирныя печали, 
 Хвалебным громом прозвучали 
 Твои стихи ему вослед. 
 Ты дань принес увядшей силе 
 И славе на его могиле 
 Другое имя завещал. 
 Ты тише, слаще воспевал 
 У муз похищенного галла. 
 Волнуясь песнею твоей, 
 В груди восторженной моей 
 Душа рвалась и трепетала. 
 Но ты еще не доплатил 
 Каменам долга вдохновенья: 
 К хвалам оплаканных могил 
 Прибавь веселые хваленья. 
 Их ждет еще один певец: 
 Он наш -- жилец того же света, 
 Давно блестит его венец; 
 Но славы громкого привета 
 Звучней, отрадней глас поэта. 
 Наставник наш, наставник твой, 
 Он кроется в стране мечтаний, 
 В своей Германии родной. 
 Досель хладеющие длани 
 По струнам бегают порой, 
 И перерывчатые звуки, 
 Как после горестной разлуки 
 Старинной дружбы милый глас, 
 К знакомым думам клонят нас. 
 Досель в нем сердце не остыло, 
 И верь, он с радостью живой 
 В приюте старости унылой 
 Еще услышит голос твой, 
 И, может быть, тобой плененный, 
 Последним жаром вдохновенный, 
 Ответно лебедь запоет 
 И, к небу с песнию прощанья 
 Стремя торжественный полет, 
 В восторге дивного мечтанья 
 Тебя, о Пушкин, назовет.


"
286;15343;ok;"«Валяй, ямщик, да говори, 
 Далеко ль Но́вград?» -- «Недалеко, 
 Версты четыре или три. 
 Вон видишь что-то там высоко, 
 Как черный лес издалека...» 
 -- «Ну, вижу; это облака». 
 -- «Нет! Это но́вградские кровли». 
 Ты ль предо мной, о древний град 
 Свободы, славы и торговли! 
 Как живо сердцу говорят 
 Холмы разбросанных обломков! 
 Не смолкли в них твои дела, 
 И слава предков перешла 
 В уста правдивые потомков. 
 «Ну, тройка! духом донесла!» 
 -- «Потише. Где собор Софийской?» 
 -- «Собор отсюда, барин, близко. 
 Вот улица, да влево две, 
 А там найдешь уж сам собою, 
 И крест на золотой главе 
 Уж будет прямо пред тобою». 
 Везде былого свежий след! 
 Века прошли... но их полет 
 Промчался здесь, не разрушая. 
 «Ямщик! Где площадь вечевая?» 
 -- «Прозванья этого здесь нет...» 
 -- «Как нет?» -- «А, площадь? Недалеко: 
 За этой улицей широкой. 
 Вот площадь. Видишь шесть столбов? 
 По сказкам наших стариков, 
 На сих столбах висел когда-то 
 Огромный колокол, но он 
 Давно отсюда увезен». 
 -- «Молчи, мой друг; здесь место свято: 
 Здесь воздух чище и вольней! 
 Потише!.. Нет, ступай скорей: 
 Чего ищу я здесь, безумный? 
 Где Волхов?» -- «Вот перед тобой 
 Течет под этою горой...» 
 Всё так же он, волною шумной 
 Играя, весело бежит!.. 
 Он о минувшем не грустит. 
 Так всё здесь близко, как и прежде... 
 Теперь ты сам ответствуй мне, 
 О Но́вград! В вековой одежде 
 Ты предо мной, как в седине, 
 Бессмертных витязей ровесник. 
 Твой прах гласит, как бдящий вестник, 
 О непробудной старине. 
 Ответствуй, город величавый: 
 Где времена цветущей славы, 
 Когда твой голос, бич князей, 
 Звуча здесь медью в бурном вече, 
 К суду или к кровавой сече 
 Сзывал послушных сыновей? 
 Когда твой меч, гроза соседа, 
 Карал и рыцарей, и шведа, 
 И эта гордая волна 
 Носила дань войны жестокой? 
 Скажи, где эти времена? 
 Они далёко, ах, далёко!


";Д. В. Веневитинов;Новгород : «Валяй, ямщик, да говори...»;"«Валяй, ямщик, да говори, 
 Далеко ль Но́вград?» -- «Недалеко, 
 Версты четыре или три. 
 Вон видишь что-то там высоко, 
 Как черный лес издалека...» 
 -- «Ну, вижу; это облака». 
 -- «Нет! Это но́вградские кровли». 
 Ты ль предо мной, о древний град 
 Свободы, славы и торговли! 
 Как живо сердцу говорят 
 Холмы разбросанных обломков! 
 Не смолкли в них твои дела, 
 И слава предков перешла 
 В уста правдивые потомков. 
 «Ну, тройка! духом донесла!» 
 -- «Потише. Где собор Софийской?» 
 -- «Собор отсюда, барин, близко. 
 Вот улица, да влево две, 
 А там найдешь уж сам собою, 
 И крест на золотой главе 
 Уж будет прямо пред тобою». 
 Везде былого свежий след! 
 Века прошли... но их полет 
 Промчался здесь, не разрушая. 
 «Ямщик! Где площадь вечевая?» 
 -- «Прозванья этого здесь нет...» 
 -- «Как нет?» -- «А, площадь? Недалеко: 
 За этой улицей широкой. 
 Вот площадь. Видишь шесть столбов? 
 По сказкам наших стариков, 
 На сих столбах висел когда-то 
 Огромный колокол, но он 
 Давно отсюда увезен». 
 -- «Молчи, мой друг; здесь место свято: 
 Здесь воздух чище и вольней! 
 Потише!.. Нет, ступай скорей: 
 Чего ищу я здесь, безумный? 
 Где Волхов?» -- «Вот перед тобой 
 Течет под этою горой...» 
 Всё так же он, волною шумной 
 Играя, весело бежит!.. 
 Он о минувшем не грустит. 
 Так всё здесь близко, как и прежде... 
 Теперь ты сам ответствуй мне, 
 О Но́вград! В вековой одежде 
 Ты предо мной, как в седине, 
 Бессмертных витязей ровесник. 
 Твой прах гласит, как бдящий вестник, 
 О непробудной старине. 
 Ответствуй, город величавый: 
 Где времена цветущей славы, 
 Когда твой голос, бич князей, 
 Звуча здесь медью в бурном вече, 
 К суду или к кровавой сече 
 Сзывал послушных сыновей? 
 Когда твой меч, гроза соседа, 
 Карал и рыцарей, и шведа, 
 И эта гордая волна 
 Носила дань войны жестокой? 
 Скажи, где эти времена? 
 Они далёко, ах, далёко!


"
287;15320;ok;"Тебе знаком ли сын богов, 
 Любимец муз и вдохновенья? 
 Узнал ли б меж земных сынов 
 Ты речь его, его движенья? 
 Не вспыльчив он, и строгий ум 
 Не блещет в шумном разговоре, 
 Но ясный луч высоких дум 
 Невольно светит в ясном взоре. 
 Пусть вкруг него, в чаду утех, 
 Бушует ветреная младость, 
 Безумный крик, нескромный смех 
 И необузданная радость: 
 Всё чуждо, дико для него, 
 На всё спокойно он взирает, 
 Лишь редко что-то с уст его 
 Улыбку беглую срывает. 
 Его богиня -- простота, 
 И тихий гений размышленья 
 Ему поставил от рожденья 
 Печать молчанья на уста. 
 Его мечты, его желанья, 
 Его боязни, упованья -- 
 Всё тайна в нем, всё в нем молчит: 
 В душе заботливо хранит 
 Он неразгаданные чувства... 
 Когда ж внезапно что-нибудь 
 Взволнует огненную грудь -- 
 Душа, без страха, без искусства, 
 Готова вылиться в речах 
 И блещет в пламенных очах... 
 И снова тих он, и стыдливый 
 К земле он опускает взор, 
 Как будто слышит он укор 
 За невозвратные порывы. 
 О, если встретишь ты его 
 С раздумьем на челе суровом -- 
 Пройди без шума близ него, 
 Не нарушай холодным словом 
 Его священных, тихих снов; 
 Взгляни с слезой благоговенья 
 И молви: это сын богов, 
 Любимец муз и вдохновенья.


";Д. В. Веневитинов;Поэт : «Тебе знаком ли сын богов...»;"Тебе знаком ли сын богов, 
 Любимец муз и вдохновенья? 
 Узнал ли б меж земных сынов 
 Ты речь его, его движенья? 
 Не вспыльчив он, и строгий ум 
 Не блещет в шумном разговоре, 
 Но ясный луч высоких дум 
 Невольно светит в ясном взоре. 
 Пусть вкруг него, в чаду утех, 
 Бушует ветреная младость, 
 Безумный крик, нескромный смех 
 И необузданная радость: 
 Всё чуждо, дико для него, 
 На всё спокойно он взирает, 
 Лишь редко что-то с уст его 
 Улыбку беглую срывает. 
 Его богиня -- простота, 
 И тихий гений размышленья 
 Ему поставил от рожденья 
 Печать молчанья на уста. 
 Его мечты, его желанья, 
 Его боязни, упованья -- 
 Всё тайна в нем, всё в нем молчит: 
 В душе заботливо хранит 
 Он неразгаданные чувства... 
 Когда ж внезапно что-нибудь 
 Взволнует огненную грудь -- 
 Душа, без страха, без искусства, 
 Готова вылиться в речах 
 И блещет в пламенных очах... 
 И снова тих он, и стыдливый 
 К земле он опускает взор, 
 Как будто слышит он укор 
 За невозвратные порывы. 
 О, если встретишь ты его 
 С раздумьем на челе суровом -- 
 Пройди без шума близ него, 
 Не нарушай холодным словом 
 Его священных, тихих снов; 
 Взгляни с слезой благоговенья 
 И молви: это сын богов, 
 Любимец муз и вдохновенья.


"
288;15303;ok;"Сначала жизнь пленяет нас: 
 В ней все тепло, все сердце греет 
 И, как заманчивый рассказ, 
 Наш ум причудливый лелеет. 
 Кой-что страшит издалека, -- 
 Но в этом страхе наслажденье: 
 Он веселит воображенье, 
 Как о волшебном приключенье 
 Ночная повесть старика. 
 Но кончится обман игривой! 
 Мы привыкаем к чудесам. 
 Потом -- на все глядим лениво, 
 Потом -- и жизнь постыла нам: 
 Ее загадка и развязка 
 Уже длинна, стара, скучна, 
 Как пересказанная сказка 
 Усталому пред часом сна.


";Д. В. Веневитинов;Жизнь : «Сначала жизнь пленяет нас...»;"Сначала жизнь пленяет нас: 
 В ней все тепло, все сердце греет 
 И, как заманчивый рассказ, 
 Наш ум причудливый лелеет. 
 Кой-что страшит издалека, -- 
 Но в этом страхе наслажденье: 
 Он веселит воображенье, 
 Как о волшебном приключенье 
 Ночная повесть старика. 
 Но кончится обман игривой! 
 Мы привыкаем к чудесам. 
 Потом -- на все глядим лениво, 
 Потом -- и жизнь постыла нам: 
 Ее загадка и развязка 
 Уже длинна, стара, скучна, 
 Как пересказанная сказка 
 Усталому пред часом сна.


"
289;15317;ok;"Блажен, кому судьба вложила 
 В уста высокий дар речей, 
 Кому она сердца людей 
 Волшебной силой покорила; 
 Как Промефей, похитил он 
 Источник жизни, дивный пламень 
 И вкруг себя, как Пигмальон, 
 Одушевляет хладный камень. 
 Немногие небесный дар 
 В удел счастливый получают, 
 И редко, редко сердца жар 
 Уста послушно выражают. 
 Но если в душу вложена 
 Хоть искра страсти благородной, -- 
 Поверь, не даром в ней она, 
 Не теплится она бесплодно... 
 Не с тем судьба ее зажгла, 
 Чтоб смерти хладная зола 
 Ее навеки потушила: 
 Нет! -- что в душевной глубине, 
 Того не унесет могила: 
 Оно останется по мне.


Души пророчества правдивы. 
 Я знал сердечные порывы, 
 Я был их жертвой, я страдал 
 И на страданья не роптал; 
 Мне было в жизни утешенье, 
 Мне тайный голос обещал, 
 Что не напрасное мученье 
 До срока растерзало грудь. 
 Он говорил: «Когда-нибудь 
 Созреет плод сей муки тайной 
 И слово сильное случайно 
 В нежданном пламени речей 
 Из груди вырвется твоей; 
 Уронишь ты его недаром: 
 Оно чужую грудь зажжет, 
 В нее как искра упадет 
 И в ней пробудится пожаром».


";Д. В. Веневитинов;Утешение : «Блажен, кому судьба вложила...»;"Блажен, кому судьба вложила 
 В уста высокий дар речей, 
 Кому она сердца людей 
 Волшебной силой покорила; 
 Как Промефей, похитил он 
 Источник жизни, дивный пламень 
 И вкруг себя, как Пигмальон, 
 Одушевляет хладный камень. 
 Немногие небесный дар 
 В удел счастливый получают, 
 И редко, редко сердца жар 
 Уста послушно выражают. 
 Но если в душу вложена 
 Хоть искра страсти благородной, -- 
 Поверь, не даром в ней она, 
 Не теплится она бесплодно... 
 Не с тем судьба ее зажгла, 
 Чтоб смерти хладная зола 
 Ее навеки потушила: 
 Нет! -- что в душевной глубине, 
 Того не унесет могила: 
 Оно останется по мне.


Души пророчества правдивы. 
 Я знал сердечные порывы, 
 Я был их жертвой, я страдал 
 И на страданья не роптал; 
 Мне было в жизни утешенье, 
 Мне тайный голос обещал, 
 Что не напрасное мученье 
 До срока растерзало грудь. 
 Он говорил: «Когда-нибудь 
 Созреет плод сей муки тайной 
 И слово сильное случайно 
 В нежданном пламени речей 
 Из груди вырвется твоей; 
 Уронишь ты его недаром: 
 Оно чужую грудь зажжет, 
 В нее как искра упадет 
 И в ней пробудится пожаром».


"
290;15314;ok;"Италия, отчизна вдохновенья! 
 Придет мой час, когда удастся мне 
 Любить тебя с восторгом наслажденья, 
 Как я люблю твой образ в светлом сне. 
 Без горя я с мечтами распрощаюсь, 
 И наяву, в кругу твоих чудес, 
 Под яхонтом сверкающих небес, 
 Младой душой по воле разыграюсь. 
 Там радостно я буду петь зарю 
 И поздравлять царя светил с восходом, 
 Там гордо я душою воспарю 
 Под пламенным необозримым сводом. 
 Как весело в нем утро золотое 
 И сладостна серебряная ночь! 
 О мир сует! тогда от мыслей прочь! 
 В объятьях нег и в творческом покое 
 Я буду жить в минувшем средь певцов, 
 Я вызову их сонмы из гробов! 
 Тогда, о Тасс! твой мирный сон нарушу, 
 И твой восторг, полуденный твой жар 
 Прольет и жизнь, и песней сладких дар 
 В холодный ум и в северную душу.


";Д. В. Веневитинов;Италия : «Италия, отчизна вдохновенья!..»;"Италия, отчизна вдохновенья! 
 Придет мой час, когда удастся мне 
 Любить тебя с восторгом наслажденья, 
 Как я люблю твой образ в светлом сне. 
 Без горя я с мечтами распрощаюсь, 
 И наяву, в кругу твоих чудес, 
 Под яхонтом сверкающих небес, 
 Младой душой по воле разыграюсь. 
 Там радостно я буду петь зарю 
 И поздравлять царя светил с восходом, 
 Там гордо я душою воспарю 
 Под пламенным необозримым сводом. 
 Как весело в нем утро золотое 
 И сладостна серебряная ночь! 
 О мир сует! тогда от мыслей прочь! 
 В объятьях нег и в творческом покое 
 Я буду жить в минувшем средь певцов, 
 Я вызову их сонмы из гробов! 
 Тогда, о Тасс! твой мирный сон нарушу, 
 И твой восторг, полуденный твой жар 
 Прольет и жизнь, и песней сладких дар 
 В холодный ум и в северную душу.


"
291;15309;ok;"Волшебница! Как сладко пела ты 
 Про дивную страну очарованья, 
 Про жаркую отчизну красоты! 
 Как я любил твои воспоминанья, 
 Как жадно я внимал словам твоим 
 И как мечтал о крае неизвестном! 
 Ты упилась сим воздухом чудесным, 
 И речь твоя так страстно дышит им! 
 На цвет небес ты долго нагляделась 
 И цвет небес в очах нам принесла. 
 Душа твоя так ясно разгорелась 
 И новый огнь в груди моей зажгла. 
 Но этот огнь томительный, мятежный, 
 Он не горит любовью тихой, нежной,-- 
 Нет! он и жжет, и мучит, и мертвит, 
 Волнуется изменчивым желаньем, 
 То стихнет вдруг, то бурно закипит, 
 И сердце вновь пробудится страданьем. 
 Зачем, зачем так сладко пела ты? 
 Зачем и я внимал тебе так жадно 
 И с уст твоих, певица красоты, 
 Пил яд мечты и страсти безотрадной?


";Д. В. Веневитинов;Элегия : «Волшебница! Как сладко пела ты...»;"Волшебница! Как сладко пела ты 
 Про дивную страну очарованья, 
 Про жаркую отчизну красоты! 
 Как я любил твои воспоминанья, 
 Как жадно я внимал словам твоим 
 И как мечтал о крае неизвестном! 
 Ты упилась сим воздухом чудесным, 
 И речь твоя так страстно дышит им! 
 На цвет небес ты долго нагляделась 
 И цвет небес в очах нам принесла. 
 Душа твоя так ясно разгорелась 
 И новый огнь в груди моей зажгла. 
 Но этот огнь томительный, мятежный, 
 Он не горит любовью тихой, нежной,-- 
 Нет! он и жжет, и мучит, и мертвит, 
 Волнуется изменчивым желаньем, 
 То стихнет вдруг, то бурно закипит, 
 И сердце вновь пробудится страданьем. 
 Зачем, зачем так сладко пела ты? 
 Зачем и я внимал тебе так жадно 
 И с уст твоих, певица красоты, 
 Пил яд мечты и страсти безотрадной?


"
292;15305;ok;"Я чувствую, во мне горит 
 Святое пламя вдохновенья, 
 Но к темной цели дух парит... 
 Кто мне укажет путь спасенья? 
 Я вижу, жизнь передо мной 
 Кипит, как океан безбрежной... 
 Найду ли я утес надежный, 
 Где твердой обопрусь ногой? 
 Иль, вечного сомненья полный, 
 Я буду горестно глядеть 
 На переменчивые волны, 
 Не зная, что любить, что петь?


Открой глаза на всю природу, -- 
 Мне тайный голос отвечал, -- 
 Но дай им выбор и свободу, 
 Твой час еще не наступал: 
 Теперь гонись за жизнью дивной 
 И каждый миг в ней воскрешай, 
 На каждый звук ее призывный -- 
 Отзывной песнью отвечай! 
 Когда ж минуты удивленья, 
 Как сон туманный, пролетят 
 И тайны вечного творенья 
 Ясней прочтет спокойный взгляд, -- 
 Смирится гордое желанье 
 Весь мир обнять в единый миг, 
 И звуки тихих струн твоих 
 Сольются в стройные созданья.


Не лжив сей голос прорицанья, 
 И струны верные мои 
 С тех пор душе не изменяли. 
 Пою то радость, то печали, 
 То пыл страстей, то жар любви, 
 И беглым мыслям простодушно 
 Вверяюсь в пламени стихов. 
 Так соловей в тени дубров, 
 Восторгу краткому послушный, 
 Когда на долы ляжет тень, 
 Уныло вечер воспевает 
 И утром весело встречает 
 В румяном небе светлый день.


";Д. В. Веневитинов;«Я чувствую, во мне горит...»;"Я чувствую, во мне горит 
 Святое пламя вдохновенья, 
 Но к темной цели дух парит... 
 Кто мне укажет путь спасенья? 
 Я вижу, жизнь передо мной 
 Кипит, как океан безбрежной... 
 Найду ли я утес надежный, 
 Где твердой обопрусь ногой? 
 Иль, вечного сомненья полный, 
 Я буду горестно глядеть 
 На переменчивые волны, 
 Не зная, что любить, что петь?


Открой глаза на всю природу, -- 
 Мне тайный голос отвечал, -- 
 Но дай им выбор и свободу, 
 Твой час еще не наступал: 
 Теперь гонись за жизнью дивной 
 И каждый миг в ней воскрешай, 
 На каждый звук ее призывный -- 
 Отзывной песнью отвечай! 
 Когда ж минуты удивленья, 
 Как сон туманный, пролетят 
 И тайны вечного творенья 
 Ясней прочтет спокойный взгляд, -- 
 Смирится гордое желанье 
 Весь мир обнять в единый миг, 
 И звуки тихих струн твоих 
 Сольются в стройные созданья.


Не лжив сей голос прорицанья, 
 И струны верные мои 
 С тех пор душе не изменяли. 
 Пою то радость, то печали, 
 То пыл страстей, то жар любви, 
 И беглым мыслям простодушно 
 Вверяюсь в пламени стихов. 
 Так соловей в тени дубров, 
 Восторгу краткому послушный, 
 Когда на долы ляжет тень, 
 Уныло вечер воспевает 
 И утром весело встречает 
 В румяном небе светлый день.


"
293;15319;ok;"Люби питомца вдохновенья 
 И гордый ум пред ним склоняй; 
 Но в чистой жажде наслажденья 
 Не каждой арфе слух вверяй. 
 Не много истинных пророков 
 С печатью власти на челе, 
 С дарами выспренних уроков, 
 С глаголом неба на земле.


";Д. В. Веневитинов;«Люби питомца вдохновенья...»;"Люби питомца вдохновенья 
 И гордый ум пред ним склоняй; 
 Но в чистой жажде наслажденья 
 Не каждой арфе слух вверяй. 
 Не много истинных пророков 
 С печатью власти на челе, 
 С дарами выспренних уроков, 
 С глаголом неба на земле.


"