author,measure,run,pos,word_list
Lermontov,Guiraud,1,ADJ,должный большой сырой лукавый бешеный лихой лишенный злой старый грешный
Lermontov,Guiraud,1,NOUN,пещера конь путник русский кинжал старик досада курган князь камень
Lermontov,Guiraud,1,VERB,мочь знать быть желать делать сделать помогать рассказывать оставлять любить
Lermontov,Guiraud,2,ADJ,сырой должный виноватый старый большой женский недвижимый подобный странный чужой
Lermontov,Guiraud,2,NOUN,саша путник досада конь дама русский князь демон насмешка пещера
Lermontov,Guiraud,2,VERB,мочь желать иметь быть спрашивать знать оставлять привлекать ценить носить
Lermontov,Guiraud,3,ADJ,большой должный женский сырой косматый подобный молодой старый ложный похожий
Lermontov,Guiraud,3,NOUN,князь саша боец конь пещера дверь наказание сабля зло предмет
Lermontov,Guiraud,3,VERB,мочь быть знать иметь сказать рассказывать сделать любить желать пронзать
Lermontov,Guiraud,4,ADJ,должный большой рад старый сырой готовый длинный немой виноватый косматый
Lermontov,Guiraud,4,NOUN,боец терек тучка название кинжал рыбак табун камень отчаяние песок
Lermontov,Guiraud,4,VERB,иметь быть сказать мочь рассказывать делать посмотреть казнить любить знать
Lermontov,Guiraud,5,ADJ,должный сырой женский старый большой ложный умный серый рад удалой
Lermontov,Guiraud,5,NOUN,саша зло князь демон насмешка бал боец дама право крыльцо
Lermontov,Guiraud,5,VERB,мочь рассказывать быть знать иметь любить проникать желать сказать пронзать
Lermontov,Guiraud,6,ADJ,должный большой сырой лихой старый умный женский боярский дубовый малый
Lermontov,Guiraud,6,NOUN,песок князь старик окно боец досада русский конец отчаяние пол
Lermontov,Guiraud,6,VERB,мочь быть иметь желать спрашивать бить проникать оставлять привлекать знать
Lermontov,Guiraud,7,ADJ,должный большой сырой лукавый виноватый лихой женский подобный готовый удалой
Lermontov,Guiraud,7,NOUN,саша право дверь дама предмет песок зло боец насмешка табун
Lermontov,Guiraud,7,VERB,мочь сделать знать рассказывать быть пускаться оставлять судить становиться сказать
Lermontov,Guiraud,8,ADJ,должный ложный женский большой лихой умный подобный сырой старый странный
Lermontov,Guiraud,8,NOUN,саша князь курган дверь дама предмет бал отчаяние слово кинжал
Lermontov,Guiraud,8,VERB,сделать мочь знать оставлять рассказывать быть сказать спрашивать показывать желать
Lermontov,Guiraud,9,ADJ,должный сырой подобный благодарный виноватый лишенный бледный странный рад женский
Lermontov,Guiraud,9,NOUN,саша дама песок бал дверь демон слово кинжал тучка зло
Lermontov,Guiraud,9,VERB,иметь сделать быть сказать делать рассказывать мочь оставлять знать подходить
Lermontov,Guiraud,10,ADJ,сырой должный большой лихой удалой бледный чужой женский подобный белый
Lermontov,Guiraud,10,NOUN,саша зло конь демон песок глаз стена отец курган насмешка
Lermontov,Guiraud,10,VERB,иметь быть рассказывать мочь сделать знать сказать становиться делать оставлять
Lermontov,Guiraud,11,ADJ,должный удалой сырой лихой злой большой лукавый странный молодой благодарный
Lermontov,Guiraud,11,NOUN,окно старик песок дверь отчаяние пол сабля предмет отец стена
Lermontov,Guiraud,11,VERB,мочь быть желать знать бить любить казаться становиться захотеть пускаться
Lermontov,Guiraud,12,ADJ,должный сырой лишенный подобный старый женский большой ничтожный ложный готовый
Lermontov,Guiraud,12,NOUN,князь досада пещера право боец отчаяние старик кинжал камень путник
Lermontov,Guiraud,12,VERB,мочь иметь рассказывать быть пускаться бить сказать знать делать привлекать
Lermontov,Guiraud,13,ADJ,должный сырой ложный удалой косматый старый подобный молодой лихой немой
Lermontov,Guiraud,13,NOUN,саша князь песок путник русский дама досада камень старик конь
Lermontov,Guiraud,13,VERB,мочь подходить быть бить любить иметь знать захотеть трещать желать
Lermontov,Guiraud,14,ADJ,должный сырой лихой женский подобный большой лишенный небрежный немой лукавый
Lermontov,Guiraud,14,NOUN,саша дама камень пуля конь князь демон путник боец насмешка
Lermontov,Guiraud,14,VERB,мочь иметь быть делать знать подходить узнавать сказать кинуть становиться
Lermontov,Guiraud,15,ADJ,сырой должный лихой большой пасмурный старый подобный лукавый готовый ложный
Lermontov,Guiraud,15,NOUN,саша право бал боец причина предмет дама песок старик зло
Lermontov,Guiraud,15,VERB,мочь иметь оставлять желать быть рассказывать кричать пускаться удерживать знать
Lermontov,Guiraud,16,ADJ,большой должный лишенный пасмурный странный подобный старый сырой рад готовый
Lermontov,Guiraud,16,NOUN,князь путник старик русский конь предмет движение курган песок камень
Lermontov,Guiraud,16,VERB,рассказывать быть мочь сделать иметь сказать делать знать помогать оставлять
Lermontov,Guiraud,17,ADJ,должный сырой большой удалой лихой готовый чужой горный косматый лукавый
Lermontov,Guiraud,17,NOUN,князь бал камень право путник песок зло старик боец дама
Lermontov,Guiraud,17,VERB,мочь быть иметь желать подходить знать сказать делать пускаться рассказывать
Lermontov,Guiraud,18,ADJ,должный большой старый рад сырой странный виноватый лихой умный женский
Lermontov,Guiraud,18,NOUN,князь боец путник право всадник пещера отчаяние кавказ камень зло
Lermontov,Guiraud,18,VERB,мочь быть иметь делать сделать знать желать оставлять помогать потерять
Lermontov,Guiraud,19,ADJ,сырой должный бешеный большой старый лукавый удалой лихой ложный злой
Lermontov,Guiraud,19,NOUN,боец дверь предмет название демон песок окно блаженство зло конец
Lermontov,Guiraud,19,VERB,сделать мочь быть знать рассказывать спрашивать иметь желать кинуть показывать
Lermontov,Guiraud,20,ADJ,сырой должный большой пасмурный подобный косматый ложный лукавый умный женский
Lermontov,Guiraud,20,NOUN,дама зло боец саша дверь право бал демон досада князь
Lermontov,Guiraud,20,VERB,мочь рассказывать знать быть делать сделать сказать иметь показывать оставлять
Lermontov,Guiraud,21,ADJ,должный сырой большой женский чужой виноватый косматый лихой пасмурный недвижимый
Lermontov,Guiraud,21,NOUN,князь пещера пуля русский право конь камень кинжал боец всадник
Lermontov,Guiraud,21,VERB,мочь быть иметь блуждать сказать знать кинуть желать приучать любить
Lermontov,Guiraud,22,ADJ,должный сырой виноватый лишенный большой пасмурный рад странный косматый дальний
Lermontov,Guiraud,22,NOUN,князь конь всадник право русский песок пещера зло путник боец
Lermontov,Guiraud,22,VERB,мочь быть рассказывать знать сделать подходить оставлять сказать желать иметь
Lermontov,Guiraud,23,ADJ,большой должный женский сырой лихой умный чужой старый круглый подобный
Lermontov,Guiraud,23,NOUN,саша конь дама боец пуля табун дверь князь русский старик
Lermontov,Guiraud,23,VERB,мочь подходить сказать рассказывать оставлять проникать спрашивать любить желать пускаться
Lermontov,Guiraud,24,ADJ,сырой большой должный лихой недвижимый пасмурный бледный немой боярский лишенный
Lermontov,Guiraud,24,NOUN,саша право зло лампада песок табун князь предмет дама отчаяние
Lermontov,Guiraud,24,VERB,иметь быть рассказывать мочь делать подходить заставлять трещать казаться пускаться
Lermontov,Guiraud,25,ADJ,должный большой сырой лихой умный рад женский странный лишенный немой
Lermontov,Guiraud,25,NOUN,князь досада отчаяние дверь предмет зло право конь песок камень
Lermontov,Guiraud,25,VERB,рассказывать быть мочь иметь желать знать кричать сделать оставлять делать
Lermontov,Guiraud,26,ADJ,должный большой сырой готовый старый немой лихой небрежный серый чужой
Lermontov,Guiraud,26,NOUN,князь отчаяние саша боец дама пришелец пуля старик конь русский
Lermontov,Guiraud,26,VERB,быть рассказывать делать мочь знать иметь сделать сказать позволять показывать
Lermontov,Guiraud,27,ADJ,должный большой женский странный умный лихой ложный готовый старый серый
Lermontov,Guiraud,27,NOUN,князь зло саша конь русский боец досада отчаяние месть бал
Lermontov,Guiraud,27,VERB,мочь знать любить желать сделать сказать рассказывать быть слушать изображать
Lermontov,Guiraud,28,ADJ,должный сырой подобный удалой чужой старый готовый виноватый женский большой
Lermontov,Guiraud,28,NOUN,старик путник пещера лампада песок конь князь русский властелин камень
Lermontov,Guiraud,28,VERB,мочь желать быть изображать оставлять сказать привлекать выходить становиться любить
Lermontov,Guiraud,29,ADJ,должный большой сырой лишенный недвижимый виноватый лихой рад странный чужой
Lermontov,Guiraud,29,NOUN,князь саша право дама путник боец досада песок жена бал
Lermontov,Guiraud,29,VERB,сказать делать быть рассказывать сделать мочь знать иметь оставлять спрашивать
Lermontov,Guiraud,30,ADJ,должный сырой большой рад старый странный косматый ложный смуглый женский
Lermontov,Guiraud,30,NOUN,саша боец песок старик дверь конь лампада пол табун окно
Lermontov,Guiraud,30,VERB,мочь сделать знать быть сказать оставлять рассказывать трещать узнавать привлекать
Lermontov,Guiraud,31,ADJ,должный сырой большой ложный странный умный злой чужой готовый бледный
Lermontov,Guiraud,31,NOUN,боец старик дверь пол терек зло конец дама демон сабля
Lermontov,Guiraud,31,VERB,мочь быть сделать знать желать кричать оставлять становиться сказать иметь
Lermontov,Guiraud,32,ADJ,должный женский сырой большой старый серый пасмурный странный молодой виноватый
Lermontov,Guiraud,32,NOUN,саша князь боец дама курган всадник конь путник зло дверь
Lermontov,Guiraud,32,VERB,иметь мочь рассказывать оставлять кидать знать быть желать бить разделять
Lermontov,Guiraud,33,ADJ,должный сырой большой умный странный виноватый рад грешный немой старый
Lermontov,Guiraud,33,NOUN,саша табун боец деньги право бал отчаяние тучка шея зло
Lermontov,Guiraud,33,VERB,мочь иметь быть пускаться делать кричать казаться становиться оставлять погубить
Lermontov,Guiraud,34,ADJ,должный большой сырой рад лукавый лихой ложный старый пасмурный странный
Lermontov,Guiraud,34,NOUN,князь право саша дама путник дверь досада отчаяние отец русский
Lermontov,Guiraud,34,VERB,быть сделать иметь знать делать рассказывать мочь сказать любить клясться
Lermontov,Guiraud,35,ADJ,должный сырой лихой лукавый чужой большой ложный пасмурный подобный удалой
Lermontov,Guiraud,35,NOUN,князь конь русский пещера право старик досада песок кинжал тучка
Lermontov,Guiraud,35,VERB,быть мочь рассказывать сделать иметь сказать знать становиться оставлять смотреть
Lermontov,Guiraud,36,ADJ,должный большой сырой лихой лукавый рад недвижимый чужой дубовый умный
Lermontov,Guiraud,36,NOUN,саша табун кинжал путник русский песок пещера конь зло князь
Lermontov,Guiraud,36,VERB,мочь быть иметь сделать делать спрашивать сказать желать знать рассказывать
Lermontov,Guiraud,37,ADJ,должный большой лихой сырой ложный лукавый удалой лишенный старый белый
Lermontov,Guiraud,37,NOUN,саша право дама князь демон песок зло досада лампада боец
Lermontov,Guiraud,37,VERB,мочь проникать рассказывать иметь быть звенеть делать знать сделать сказать
Lermontov,Guiraud,38,ADJ,должный большой старый сырой умный странный немой ложный похожий чужой
Lermontov,Guiraud,38,NOUN,право пещера конец старик песок дверь князь предмет демон отчаяние
Lermontov,Guiraud,38,VERB,мочь трещать быть сказать желать судить удерживать оставлять сидеть звенеть
Lermontov,Guiraud,39,ADJ,должный сырой большой женский лукавый молодой виноватый злой удалой странный
Lermontov,Guiraud,39,NOUN,саша князь русский курган предмет право кинжал зло путник отчаяние
Lermontov,Guiraud,39,VERB,мочь знать рассказывать быть чернеть оставлять звенеть становиться разделять бить
Lermontov,Guiraud,40,ADJ,должный большой сырой старый лукавый странный женский подобный гладкий лихой
Lermontov,Guiraud,40,NOUN,князь конь саша дама пещера путник камень отчаяние сабля старик
Lermontov,Guiraud,40,VERB,мочь быть иметь блуждать кинуть подходить желать проникать знать пускаться
Lermontov,Guiraud,41,ADJ,должный виноватый большой женский прибрежный благодарный умный сырой удалой бледный
Lermontov,Guiraud,41,NOUN,князь саша дама пещера путник зло лампада камень досада пуля
Lermontov,Guiraud,41,VERB,мочь быть рассказывать сделать сказать иметь любить желать проникать оставлять
Lermontov,Guiraud,42,ADJ,должный сырой женский виноватый странный большой старый рад ложный бледный
Lermontov,Guiraud,42,NOUN,конь боец князь песок путник кинжал ружье зло движение русский
Lermontov,Guiraud,42,VERB,мочь сделать желать иметь рассказывать сказать знать быть вернуться оставлять
Lermontov,Guiraud,43,ADJ,должный женский ложный пасмурный готовый старый рад маленький большой лихой
Lermontov,Guiraud,43,NOUN,князь русский пещера табун бал песок предмет конь дурак путник
Lermontov,Guiraud,43,VERB,мочь быть иметь показывать привлекать рассказывать трещать оставлять знать делать
Lermontov,Guiraud,44,ADJ,должный сырой виноватый рад большой подобный немой старый благодарный умный
Lermontov,Guiraud,44,NOUN,князь боец право старик всадник дама песок слово пещера досада
Lermontov,Guiraud,44,VERB,мочь рассказывать показывать быть оставлять желать спрашивать пускаться знать иметь
Lermontov,Guiraud,45,ADJ,должный пасмурный сырой большой готовый рад виноватый косматый лихой женский
Lermontov,Guiraud,45,NOUN,саша камень конь пещера князь курган пуля кавказ путник дама
Lermontov,Guiraud,45,VERB,мочь быть иметь трещать сказать кричать знать кинуть спрашивать оставлять
Lermontov,Guiraud,46,ADJ,должный большой виноватый лихой сырой лишенный старый рад странный лукавый
Lermontov,Guiraud,46,NOUN,князь русский властелин песок пещера пол терек конь старик путник
Lermontov,Guiraud,46,VERB,рассказывать иметь быть делать мочь сказать сделать кричать знать погубить
Lermontov,Guiraud,47,ADJ,должный большой лихой сырой удалой злой виноватый странный бешеный умный
Lermontov,Guiraud,47,NOUN,путник песок саша камень пещера русский кинжал конь всадник табун
Lermontov,Guiraud,47,VERB,мочь быть рассказывать блуждать следовать иметь сделать ценить знать кинуть
Lermontov,Guiraud,48,ADJ,должный странный большой недвижимый сырой рад бледный женский старый виноватый
Lermontov,Guiraud,48,NOUN,князь досада дама саша конь путник старик бал насмешка старуха
Lermontov,Guiraud,48,VERB,мочь трещать знать желать оставлять рассказывать подходить быть пускаться проникать
Lermontov,Guiraud,49,ADJ,должный сырой лукавый женский готовый лихой бледный подобный злой лишенный
Lermontov,Guiraud,49,NOUN,саша боец князь дверь отчаяние песок зло право глаз русский
Lermontov,Guiraud,49,VERB,мочь сказать быть рассказывать проникать бить знать оставлять спрашивать погубить
Lermontov,Guiraud,50,ADJ,должный большой сырой старый лукавый холодный небрежный рад женский чужой
Lermontov,Guiraud,50,NOUN,саша дверь старик песок терек предмет зло отец властелин дама
Lermontov,Guiraud,50,VERB,иметь мочь быть сделать знать оставлять делать кружиться спрашивать рассказывать
Lermontov,Guiraud,51,ADJ,должный лихой ложный большой старый рад лукавый сырой благодарный виноватый
Lermontov,Guiraud,51,NOUN,саша путник отчаяние пещера конь старик русский дама лампада дверь
Lermontov,Guiraud,51,VERB,мочь рассказывать сделать иметь показывать желать знать быть сказать хотеть
Lermontov,Guiraud,52,ADJ,сырой должный большой странный недвижимый косматый лихой небрежный похожий умный
Lermontov,Guiraud,52,NOUN,князь досада пещера путник дверь лампада конь право всадник саша
Lermontov,Guiraud,52,VERB,быть иметь сказать мочь оставлять желать кидать делать пускаться изображать
Lermontov,Guiraud,53,ADJ,должный сырой лихой рад лукавый большой подобный удалой виноватый чужой
Lermontov,Guiraud,53,NOUN,боец песок отчаяние старик конь табун терек русский курган пещера
Lermontov,Guiraud,53,VERB,мочь иметь рассказывать быть бить видать спрашивать оставлять желать сказать
Lermontov,Guiraud,54,ADJ,должный лукавый большой виноватый благодарный лишенный смуглый чужой женский готовый
Lermontov,Guiraud,54,NOUN,князь путник право зло песок кинжал досада конь отчаяние предмет
Lermontov,Guiraud,54,VERB,мочь быть желать сделать знать судить подходить сказать оставлять рассказывать
Lermontov,Guiraud,55,ADJ,должный большой рад женский виноватый странный лихой ложный пасмурный старый
Lermontov,Guiraud,55,NOUN,песок лампада пол право старик дама яд окно дверь князь
Lermontov,Guiraud,55,VERB,мочь рассказывать знать быть сказать показывать желать оставлять узнавать хотеть
Lermontov,Guiraud,56,ADJ,должный сырой большой старый ложный пасмурный рад лукавый недвижимый чужой
Lermontov,Guiraud,56,NOUN,песок зло кинжал демон конь пещера досада конец отец старик
Lermontov,Guiraud,56,VERB,сделать мочь быть знать рассказывать иметь сказать желать помогать бить
Lermontov,Guiraud,57,ADJ,должный большой сырой странный старый женский подобный рад лишенный ложный
Lermontov,Guiraud,57,NOUN,саша конь боец пещера князь табун путник камень песок зло
Lermontov,Guiraud,57,VERB,мочь сделать быть знать позволять трещать сказать оставлять делать рассказывать
Lermontov,Guiraud,58,ADJ,должный женский большой сырой старый подобный ложный виноватый лукавый немой
Lermontov,Guiraud,58,NOUN,песок старик демон князь боец дверь зло название властелин конь
Lermontov,Guiraud,58,VERB,мочь рассказывать иметь быть оставлять трещать знать сбросить кинуть носить
Lermontov,Guiraud,59,ADJ,должный ложный немой сырой готовый большой лихой смуглый ничтожный старый
Lermontov,Guiraud,59,NOUN,саша князь дама зло досада отчаяние пещера право путник бал
Lermontov,Guiraud,59,VERB,мочь быть иметь оставлять становиться знать кинуть блуждать кидать кружиться
Lermontov,Guiraud,60,ADJ,должный сырой большой гладкий косматый лишенный виноватый умный бледный рад
Lermontov,Guiraud,60,NOUN,саша песок дама пещера зло дверь русский название предмет глупец
Lermontov,Guiraud,60,VERB,сделать быть иметь рассказывать мочь знать подходить сказать звенеть оставлять
Lermontov,Guiraud,61,ADJ,должный большой сырой рад умный старый удалой злой виноватый холодный
Lermontov,Guiraud,61,NOUN,конь князь всадник пещера путник старик отчаяние камень русский кинжал
Lermontov,Guiraud,61,VERB,мочь быть иметь знать рассказывать оставлять сделать клясться показывать тронуть
Lermontov,Guiraud,62,ADJ,должный большой сырой старый виноватый лихой женский умный рад готовый
Lermontov,Guiraud,62,NOUN,князь саша отчаяние право конь песок пещера отец старик путник
Lermontov,Guiraud,62,VERB,быть иметь мочь оставлять желать пронзать сделать звенеть сказать делать
Lermontov,Guiraud,63,ADJ,должный сырой большой пасмурный лихой старый косматый лишенный немой длинный
Lermontov,Guiraud,63,NOUN,терек отчаяние кинжал право князь окно старик рай дама досада
Lermontov,Guiraud,63,VERB,знать мочь сказать рассказывать быть помогать желать любить переставать позволять
Lermontov,Guiraud,64,ADJ,должный сырой чужой большой виноватый пасмурный немой недвижимый гладкий смуглый
Lermontov,Guiraud,64,NOUN,саша боец зло пещера предмет дама демон лампада рыбак терек
Lermontov,Guiraud,64,VERB,мочь быть иметь знать делать рассказывать сказать сделать казаться подходить
Lermontov,Guiraud,65,ADJ,должный большой старый недвижимый странный лукавый сырой виноватый лихой лишенный
Lermontov,Guiraud,65,NOUN,песок князь боец старик зло право дверь сабля конь дурак
Lermontov,Guiraud,65,VERB,мочь быть подходить оставлять знать пускаться разделять сидеть сказать звенеть
Lermontov,Guiraud,66,ADJ,должный сырой большой лукавый подобный удалой лихой женский лишенный ложный
Lermontov,Guiraud,66,NOUN,саша дама русский конь песок камень кинжал старик предмет демон
Lermontov,Guiraud,66,VERB,мочь сделать знать быть показывать становиться сказать оставлять желать рассказывать
Lermontov,Guiraud,67,ADJ,должный большой сырой странный женский благодарный рад старый лишенный ложный
Lermontov,Guiraud,67,NOUN,князь путник право конь кинжал песок табун зло глаз камень
Lermontov,Guiraud,67,VERB,мочь иметь быть трещать желать спрашивать казаться кидать знать клясться
Lermontov,Guiraud,68,ADJ,должный большой сырой женский лихой ложный немой подобный косматый злой
Lermontov,Guiraud,68,NOUN,дама саша боец бал лампада предмет дверь князь дурак зло
Lermontov,Guiraud,68,VERB,рассказывать мочь быть знать сказать иметь желать становиться спрашивать делать
Lermontov,Guiraud,69,ADJ,сырой должный большой взаимный лихой немой странный бешеный гранитный гремучий
Lermontov,Guiraud,69,NOUN,саша русский песок табун дама конь старик всадник досада зло
Lermontov,Guiraud,69,VERB,мочь блуждать знать иметь быть спрашивать оставлять проникать сказать рассказывать
Lermontov,Guiraud,70,ADJ,должный сырой старый большой странный виноватый рад удалой холодный небрежный
Lermontov,Guiraud,70,NOUN,саша князь песок конь зло путник пуля старик всадник кинжал
Lermontov,Guiraud,70,VERB,быть мочь рассказывать знать желать сделать становиться узнавать кричать позволять
Lermontov,Guiraud,71,ADJ,должный пасмурный сырой большой женский взаимный умный подобный ложный рад
Lermontov,Guiraud,71,NOUN,саша зло боец дама песок князь шея название лампада случай
Lermontov,Guiraud,71,VERB,мочь быть рассказывать трещать узнавать знать сделать сказать помогать спрашивать
Lermontov,Guiraud,72,ADJ,должный большой странный старый женский виноватый сырой рад благодарный лишенный
Lermontov,Guiraud,72,NOUN,песок князь боец демон отчаяние дверь старик право лампада рай
Lermontov,Guiraud,72,VERB,мочь рассказывать иметь спрашивать оставлять сказать быть знать звенеть желать
Lermontov,Guiraud,73,ADJ,женский большой должный сырой странный старый чужой удалой злой пасмурный
Lermontov,Guiraud,73,NOUN,князь песок право сабля русский конь путник дверь табун старик
Lermontov,Guiraud,73,VERB,мочь иметь желать трещать кричать быть оставлять сказать делать знать
Lermontov,Guiraud,74,ADJ,большой сырой удалой лихой должный подобный молодой лишенный походный странный
Lermontov,Guiraud,74,NOUN,князь саша боец право предмет конь путник русский дверь кинжал
Lermontov,Guiraud,74,VERB,мочь быть желать рассказывать знать становиться кричать трещать подходить сказать
Lermontov,Guiraud,75,ADJ,должный сырой большой косматый старый готовый лихой похожий прибрежный студеный
Lermontov,Guiraud,75,NOUN,старик боец путник конь князь русский песок кинжал властелин курган
Lermontov,Guiraud,75,VERB,быть мочь иметь знать делать рассказывать сделать сказать пускаться узнавать
Lermontov,Guiraud,76,ADJ,должный сырой большой лукавый странный подобный лишенный небрежный чужой готовый
Lermontov,Guiraud,76,NOUN,саша князь боец дама бал право зло отчаяние случай старуха
Lermontov,Guiraud,76,VERB,мочь знать быть рассказывать сказать сделать иметь оставлять любить звенеть
Lermontov,Guiraud,77,ADJ,должный большой женский сырой старый странный рад лукавый подобный виноватый
Lermontov,Guiraud,77,NOUN,саша князь боец песок зло дама старик бал досада курган
Lermontov,Guiraud,77,VERB,рассказывать мочь знать быть сказать желать сделать любить убивать подходить
Lermontov,Guiraud,78,ADJ,должный большой лихой сырой готовый подобный немой косматый чужой горный
Lermontov,Guiraud,78,NOUN,князь дама саша пещера конь русский путник камень всадник досада
Lermontov,Guiraud,78,VERB,мочь сказать быть сделать знать желать иметь подходить оставлять показывать
Lermontov,Guiraud,79,ADJ,большой должный сырой лукавый подобный ложный лихой чужой старый белый
Lermontov,Guiraud,79,NOUN,саша боец песок дверь дама старик глаз зло окно досада
Lermontov,Guiraud,79,VERB,мочь иметь рассказывать быть спрашивать знать желать пускаться сделать следовать
Lermontov,Guiraud,80,ADJ,сырой большой должный женский старый длинный странный подобный пасмурный смуглый
Lermontov,Guiraud,80,NOUN,князь русский конь песок пуля пещера табун камень старик путник
Lermontov,Guiraud,80,VERB,рассказывать мочь сказать быть делать сделать узнавать иметь судить знать
Lermontov,Guiraud,81,ADJ,должный сырой большой женский странный пустой виноватый лихой бледный ничтожный
Lermontov,Guiraud,81,NOUN,путник князь камень старик русский лампада песок пуля конь зло
Lermontov,Guiraud,81,VERB,быть иметь мочь желать делать знать клясться казаться оставлять плакать
Lermontov,Guiraud,82,ADJ,должный пасмурный большой лукавый подобный удалой белый чужой сырой ложный
Lermontov,Guiraud,82,NOUN,князь путник пещера пуля конь русский терек камень кинжал старик
Lermontov,Guiraud,82,VERB,мочь желать иметь быть оставлять знать сказать припадать разделять рассказывать
Lermontov,Guiraud,83,ADJ,должный сырой лихой большой пасмурный подобный старый немой круглый умный
Lermontov,Guiraud,83,NOUN,песок право зло отчаяние князь бал боец причина конь дверь
Lermontov,Guiraud,83,VERB,мочь иметь рассказывать быть желать бить трещать кричать выходить сказать
Lermontov,Guiraud,84,ADJ,должный большой лихой старый молодой женский лукавый подобный сырой удалой
Lermontov,Guiraud,84,NOUN,князь дама демон боец право бал пуля досада отчаяние название
Lermontov,Guiraud,84,VERB,знать сделать мочь быть спрашивать желать заставлять рассказывать иметь сказать
Lermontov,Guiraud,85,ADJ,сырой большой должный странный старый косматый молодой холодный боярский взаимный
Lermontov,Guiraud,85,NOUN,боец князь саша конь песок отец старик дама пещера табун
Lermontov,Guiraud,85,VERB,мочь иметь быть захотеть знать желать удерживать оставлять бить чернеть
Lermontov,Guiraud,86,ADJ,должный большой сырой умный лукавый женский ложный старый лихой южный
Lermontov,Guiraud,86,NOUN,саша князь дама отчаяние путник глаз название досада старик зло
Lermontov,Guiraud,86,VERB,мочь быть иметь кричать клясться казаться изображать пронзать трещать любить
Lermontov,Guiraud,87,ADJ,должный сырой подобный старый недвижимый большой пасмурный смуглый лишенный ложный
Lermontov,Guiraud,87,NOUN,саша князь старик отчаяние право путник зло бал название песок
Lermontov,Guiraud,87,VERB,мочь знать сделать быть рассказывать оставлять сказать привлекать желать иметь
Lermontov,Guiraud,88,ADJ,сырой большой лихой молодой косматый чужой гладкий лишенный старый должный
Lermontov,Guiraud,88,NOUN,князь пещера демон причина право терек кинжал путник зло всадник
Lermontov,Guiraud,88,VERB,мочь быть рассказывать знать делать сделать иметь сказать желать подходить
Lermontov,Guiraud,89,ADJ,большой должный сырой лихой лишенный женский чужой старый холодный бешеный
Lermontov,Guiraud,89,NOUN,саша боец песок пещера дама предмет название голова терек старик
Lermontov,Guiraud,89,VERB,мочь иметь быть оставлять знать желать теряться трещать подходить рассказывать
Lermontov,Guiraud,90,ADJ,должный сырой большой умный старый смуглый странный женский рад немой
Lermontov,Guiraud,90,NOUN,князь песок всадник причина путник зло конь досада отчаяние право
Lermontov,Guiraud,90,VERB,мочь быть иметь знать проникать блуждать кричать рассказывать сказать носить
Lermontov,Guiraud,91,ADJ,должный большой виноватый ложный странный рад женский сырой старый лихой
Lermontov,Guiraud,91,NOUN,саша право князь дама лампада правило зло предмет демон слово
Lermontov,Guiraud,91,VERB,мочь иметь сделать знать быть сказать захотеть показывать оставлять становиться
Lermontov,Guiraud,92,ADJ,должный большой лихой ложный старый рад лукавый пасмурный сырой готовый
Lermontov,Guiraud,92,NOUN,саша право дама песок бал дверь пещера пол окно зло
Lermontov,Guiraud,92,VERB,быть сделать мочь желать знать сказать пускаться рассказывать иметь видать
Lermontov,Guiraud,93,ADJ,должный сырой большой старый чужой подобный смуглый женский странный немой
Lermontov,Guiraud,93,NOUN,саша демон зло дверь дама конец крест окно властелин лампада
Lermontov,Guiraud,93,VERB,мочь сделать иметь быть знать спрашивать желать бояться сказать кричать
Lermontov,Guiraud,94,ADJ,должный большой ложный женский небрежный старый готовый подобный лихой лукавый
Lermontov,Guiraud,94,NOUN,саша пещера русский конь дама песок путник князь боец всадник
Lermontov,Guiraud,94,VERB,мочь иметь рассказывать знать сделать быть становиться делать оставлять позволять
Lermontov,Guiraud,95,ADJ,должный сырой лихой лукавый большой ложный подобный немой молодой старый
Lermontov,Guiraud,95,NOUN,право бал отчаяние название песок зло кинжал табун князь предмет
Lermontov,Guiraud,95,VERB,мочь быть желать заставлять сказать звенеть кинуть становиться делать трещать
Lermontov,Guiraud,96,ADJ,сырой должный большой чужой подобный лихой пасмурный гладкий умный странный
Lermontov,Guiraud,96,NOUN,лампада саша дама досада зло дверь окно боец песок пол
Lermontov,Guiraud,96,VERB,мочь сделать быть рассказывать сказать делать знать показывать иметь помогать
Lermontov,Guiraud,97,ADJ,должный большой сырой рад виноватый лишенный удалой странный ложный готовый
Lermontov,Guiraud,97,NOUN,князь песок право досада путник бал наказание насмешка старик зло
Lermontov,Guiraud,97,VERB,рассказывать иметь знать мочь быть сказать желать подходить смотреть сделать
Lermontov,Guiraud,98,ADJ,должный большой сырой лихой странный женский лукавый виноватый бледный старый
Lermontov,Guiraud,98,NOUN,саша русский путник конь всадник князь причина кинжал досада табун
Lermontov,Guiraud,98,VERB,мочь знать быть делать рассказывать желать сделать иметь сказать кричать
Lermontov,Guiraud,99,ADJ,большой сырой должный лишенный немой странный молодой чужой гладкий ложный
Lermontov,Guiraud,99,NOUN,князь право русский старик песок конь путник дама досада пещера
Lermontov,Guiraud,99,VERB,мочь желать трещать быть спрашивать судить узнавать подходить сказать оставлять
Lermontov,Guiraud,100,ADJ,должный сырой большой лихой лукавый подобный готовый старый лишенный ложный
Lermontov,Guiraud,100,NOUN,право дама князь песок терек окно дверь русский конец бал
Lermontov,Guiraud,100,VERB,рассказывать мочь быть кричать спрашивать кинуть сделать трещать делать звенеть
Lermontov,Log odds,1,ADJ,восточный недовольный узкий немой большой ледяной модный старый губернский занятый
Lermontov,Log odds,1,NOUN,черкес измаил аул сакля казак арсений зара ус шашка акбулат
Lermontov,Log odds,1,VERB,селить быть мочь решаться дивиться гибнуть грызть почитать примечать знать
Lermontov,Log odds,2,ADJ,пестрый глупый ледяной немой должный женатый измятый недовольный молодой странный
Lermontov,Log odds,2,NOUN,черкес измаил казак аул иван выстрел вадим женщина шапка ножка
Lermontov,Log odds,2,VERB,селить решаться быть мочь обвинять вскакивать различать гибнуть увидать шипеть
Lermontov,Log odds,3,ADJ,глупый немой должный бледный сырой виновный занятый крайний медный пыльный
Lermontov,Log odds,3,NOUN,аул черкес ада вадим женщина иван улан кирибеевич сакля ус
Lermontov,Log odds,3,VERB,послушать быть решаться ошибаться увидать мочь грызть различать успевать гибнуть
Lermontov,Log odds,4,ADJ,глупый занятый недовольный честный должный восточный ледяной молодой безбожный безобразный
Lermontov,Log odds,4,NOUN,женщина браслет черкес сакля арбенин вадим письмо акбулат боярин жалость
Lermontov,Log odds,4,VERB,селить решаться вскакивать гибнуть послушать мочь грызть драться омывать пробежать
Lermontov,Log odds,5,ADJ,глупый пестрый должный виновный восточный ледяной модный уверенный худой честный
Lermontov,Log odds,5,NOUN,черкес казак боярин женщина иван грива зораим купец ада аул
Lermontov,Log odds,5,VERB,быть решаться вскакивать гибнуть грызть гудать постоять прижиматься услыхать шипеть
Lermontov,Log odds,6,ADJ,глупый восточный занятый немой виновный давний ледяной недовольный окровавленный польский
Lermontov,Log odds,6,NOUN,черкес женщина измаил аул зара казак сакля арсений маска шашка
Lermontov,Log odds,6,VERB,селить вскакивать быть решаться гибнуть прижиматься мочь крутить обвинять отворять
Lermontov,Log odds,7,ADJ,глупый ледяной модный пестрый чужой недобрый польский молодой должный виновный
Lermontov,Log odds,7,NOUN,черкес женщина измаил казак зара браслет аул сакля вадим пленник
Lermontov,Log odds,7,VERB,решаться послушать увидать ошибаться мочь гибнуть почитать быть вскакивать грызть
Lermontov,Log odds,8,ADJ,уверенный должный виновный бледный женатый медный плохой молодой большой старый
Lermontov,Log odds,8,NOUN,женщина черкес пленник господин браслет иван маска перо тысяча боярин
Lermontov,Log odds,8,VERB,селить решаться быть мочь увидать вскакивать дивиться послушать различать увядать
Lermontov,Log odds,9,ADJ,узкий худой должный ледяной занятый чужой готовый восточный глупый женатый
Lermontov,Log odds,9,NOUN,аул черкес измаил женщина сакля казак зара пленник шашка жалость
Lermontov,Log odds,9,VERB,послушать решаться быть ошибаться успевать знать гибнуть отворять почитать приезжать
Lermontov,Log odds,10,ADJ,восточный глупый виновный сырой занятый ледяной немой измятый недовольный окровавленный
Lermontov,Log odds,10,NOUN,женщина черкес акбулат арбенин аул браслет сакля ус ада вадим
Lermontov,Log odds,10,VERB,селить решаться вскакивать гибнуть дивиться увидать послушать различать быть мочь
Lermontov,Log odds,11,ADJ,виновный глупый молодой немой восточный ледяной снеговой гнилой давний застывший
Lermontov,Log odds,11,NOUN,черкес измаил аул казак ада арсений пленник женщина казбек сакля
Lermontov,Log odds,11,VERB,решаться гибнуть селить вскакивать мочь быть прижиматься послушать пробежать увидать
Lermontov,Log odds,12,ADJ,глупый должный ледяной большой виновный недовольный окровавленный пестрый немой молодой
Lermontov,Log odds,12,NOUN,женщина браслет господин ус боярин маска маскерад степан улан арбенин
Lermontov,Log odds,12,VERB,быть селить послушать решаться успевать мочь гибнуть знать дивиться ошибаться
Lermontov,Log odds,13,ADJ,честный глупый недовольный должный безбожный женатый занятый модный немой виновный
Lermontov,Log odds,13,NOUN,черкес измаил аул казак пленник женщина сакля арсений зара акбулат
Lermontov,Log odds,13,VERB,селить мочь вскакивать решаться различать увидать быть гибнуть грызть обвинять
Lermontov,Log odds,14,ADJ,окровавленный большой виновный парчевой пыльный худой цветной честный должный молодой
Lermontov,Log odds,14,NOUN,черкес измаил женщина аул казак пленник боярин арбенин ада маска
Lermontov,Log odds,14,VERB,селить решаться вскакивать увидать мочь гибнуть грызть послушать примечать различать
Lermontov,Log odds,15,ADJ,глупый должный крайний старый модный одаренный узкий честный бледный безбожный
Lermontov,Log odds,15,NOUN,черкес измаил казак аул вадим женщина ада выстрел казбек арсений
Lermontov,Log odds,15,VERB,селить послушать решаться ошибаться грызть различать увидать быть мочь вскакивать
Lermontov,Log odds,16,ADJ,должный глупый ледяной занятый узкий немой большой измятый уверенный восточный
Lermontov,Log odds,16,NOUN,женщина браслет маска тысяча аул купец арсений сакля ус вадим
Lermontov,Log odds,16,VERB,селить послушать ошибаться быть решаться знать мочь дивиться постоять различать
Lermontov,Log odds,17,ADJ,глупый ледяной восточный снеговой гнилой медный окровавленный узорный должный большой
Lermontov,Log odds,17,NOUN,черкес женщина измаил арсений аул браслет ада росламбек вадим господин
Lermontov,Log odds,17,VERB,селить решаться послушать грызть дивиться гибнуть ошибаться увидать мочь быть
Lermontov,Log odds,18,ADJ,пестрый виновный недовольный немой модный окровавленный худой должный большой молодой
Lermontov,Log odds,18,NOUN,черкес женщина измаил казак арсений пленник ада выстрел маскерад аул
Lermontov,Log odds,18,VERB,селить гибнуть решаться мочь вскакивать обвинять почитать отправляться послушать примечать
Lermontov,Log odds,19,ADJ,честный снеговой узкий немой глупый давний урочный должный чужой молодой
Lermontov,Log odds,19,NOUN,черкес казак аул пленник сакля женщина жалость ада выстрел господин
Lermontov,Log odds,19,VERB,селить решаться послушать быть вскакивать дивиться увидать мочь отгадывать ошибаться
Lermontov,Log odds,20,ADJ,глупый восточный модный пестрый урочный немой ледяной польский пыльный снеговой
Lermontov,Log odds,20,NOUN,женщина измаил черкес боярин ус казак маскерад аул браслет арбенин
Lermontov,Log odds,20,VERB,быть ошибаться решаться селить мочь знать дивиться вскакивать увидать унижать
Lermontov,Log odds,21,ADJ,немой виновный восточный глупый пыльный снеговой ледяной узкий сырой нежданый
Lermontov,Log odds,21,NOUN,боярин женщина иван ада арсений ус грива жалость купец пленник
Lermontov,Log odds,21,VERB,послушать быть решаться ошибаться приезжать пробежать успевать мочь знать грызть
Lermontov,Log odds,22,ADJ,глупый занятый честный должный виновный гнилой ледяной узорный ядовитый молодой
Lermontov,Log odds,22,NOUN,женщина измаил черкес арсений маскерад ада аул грива боярин ус
Lermontov,Log odds,22,VERB,быть решаться послушать мочь гибнуть увидать любить вскакивать отправляться ошибаться
Lermontov,Log odds,23,ADJ,немой восточный пестрый узкий должный недобрый худой безбожный виновный глупый
Lermontov,Log odds,23,NOUN,женщина аул браслет черкес сакля грива иван купец сашка вадим
Lermontov,Log odds,23,VERB,решаться быть послушать мочь гибнуть знать грызть шипеть обвинять ошибаться
Lermontov,Log odds,24,ADJ,молодой должный виновный глупый медный восточный занятый недовольный пыльный честный
Lermontov,Log odds,24,NOUN,женщина браслет арсений ада маска арбенин вадим господин жалость маскерад
Lermontov,Log odds,24,VERB,послушать решаться быть ошибаться увидать сказать приказывать успевать мочь подарить
Lermontov,Log odds,25,ADJ,глупый виновный восточный ледяной должный пестрый снеговой немой чужой злой
Lermontov,Log odds,25,NOUN,аул черкес вадим пленник сакля ада арсений жалость казак вспоминание
Lermontov,Log odds,25,VERB,решаться послушать селить гибнуть мочь знать сказать быть ошибаться почитать
Lermontov,Log odds,26,ADJ,глупый немой виновный ледяной модный пестрый гнилой давний восточный занятый
Lermontov,Log odds,26,NOUN,женщина арсений пленник ада боярин казак черкес аул сакля улан
Lermontov,Log odds,26,VERB,селить решаться вскакивать гибнуть послушать проигрывать мочь отгадывать увидать дивиться
Lermontov,Log odds,27,ADJ,глупый виновный модный должный молодой немой старый медный пестрый польский
Lermontov,Log odds,27,NOUN,женщина черкес измаил аул сакля браслет иван казак приятель шашка
Lermontov,Log odds,27,VERB,селить решаться послушать быть ошибаться знать увидать мочь обливать дивиться
Lermontov,Log odds,28,ADJ,глупый модный честный домашний медный должный большой виновный женатый занятый
Lermontov,Log odds,28,NOUN,черкес измаил аул зара казак сакля акбулат вадим женщина арсений
Lermontov,Log odds,28,VERB,селить решаться послушать быть вскакивать мочь гудать почитать возненавидеть гибнуть
Lermontov,Log odds,29,ADJ,глупый пестрый польский честный молодой плохой немой большой виновный давний
Lermontov,Log odds,29,NOUN,женщина черкес браслет арсений пленник тысяча ада маска маскерад сашка
Lermontov,Log odds,29,VERB,селить послушать решаться быть ошибаться гибнуть мочь знать вскакивать дивиться
Lermontov,Log odds,30,ADJ,глупый должный модный худой немой измятый ледяной недовольный занятый застывший
Lermontov,Log odds,30,NOUN,черкес аул сакля измаил акбулат боярин зара женщина иван казак
Lermontov,Log odds,30,VERB,селить послушать решаться вскакивать ошибаться быть успевать знать приказывать проигрывать
Lermontov,Log odds,31,ADJ,должный честный занятый большой немой виновный узкий молодой старый бесконечный
Lermontov,Log odds,31,NOUN,черкес измаил казак женщина маска ада браслет выстрел пленник аул
Lermontov,Log odds,31,VERB,быть послушать решаться гибнуть ошибаться знать мочь обливать почитать увидать
Lermontov,Log odds,32,ADJ,должный глупый занятый бледный виновный женатый большой дружный измятый крайний
Lermontov,Log odds,32,NOUN,черкес измаил женщина аул пленник выстрел иван казак зара ус
Lermontov,Log odds,32,VERB,селить решаться увидать вскакивать мочь услыхать дивиться постоять почитать привязывать
Lermontov,Log odds,33,ADJ,глупый немой модный должный виновный восточный давний большой бледный губернский
Lermontov,Log odds,33,NOUN,черкес измаил аул зара казак вадим улан выстрел женщина сакля
Lermontov,Log odds,33,VERB,селить решаться послушать гибнуть мочь дивиться ошибаться продолжать быть обвинять
Lermontov,Log odds,34,ADJ,занятый молодой недовольный окровавленный честный виновный должный немой большой глупый
Lermontov,Log odds,34,NOUN,женщина браслет ада маска мужчина приятель улан арбенин арсений вадим
Lermontov,Log odds,34,VERB,быть гибнуть решаться селить мочь вскакивать различать омывать постоять шипеть
Lermontov,Log odds,35,ADJ,глупый должный виновный ледяной недовольный окровавленный старый модный польский честный
Lermontov,Log odds,35,NOUN,черкес пленник женщина арсений казак вадим ус улан леда головка
Lermontov,Log odds,35,VERB,селить увидать ошибаться послушать решаться быть мочь подарить постоять грызть
Lermontov,Log odds,36,ADJ,должный глупый немой виновный узкий большой крайний медленный урочный худой
Lermontov,Log odds,36,NOUN,черкес ада женщина браслет пленник арсений маскерад аул зораим тысяча
Lermontov,Log odds,36,VERB,решаться селить быть послушать дивиться мочь грызть ошибаться почитать увидать
Lermontov,Log odds,37,ADJ,глупый виновный модный худой немой сырой медный одаренный пестрый согбенный
Lermontov,Log odds,37,NOUN,женщина арсений сакля черкес ада аул браслет боярин акбулат ус
Lermontov,Log odds,37,VERB,селить гибнуть мочь решаться различать быть вскакивать увидать любить обвинять
Lermontov,Log odds,38,ADJ,глупый занятый недовольный виновный немой модный ядовитый должный чужой окровавленный
Lermontov,Log odds,38,NOUN,черкес измаил казак аул сакля ада улан пленник перо конь
Lermontov,Log odds,38,VERB,послушать быть решаться вскакивать селить дивиться ошибаться различать мочь знать
Lermontov,Log odds,39,ADJ,глупый модный честный молодой виновный восточный губернский занятый большой немой
Lermontov,Log odds,39,NOUN,ус акбулат боярин ада орша улан женщина зара перо аул
Lermontov,Log odds,39,VERB,селить решаться послушать грызть ошибаться быть успевать дивиться увидать мочь
Lermontov,Log odds,40,ADJ,виновный глупый узкий немой восточный молодой занятый крайний купеческий парчевой
Lermontov,Log odds,40,NOUN,черкес аул женщина боярин казак сакля вадим ада иван перо
Lermontov,Log odds,40,VERB,решаться селить послушать быть ошибаться знать мочь дивиться успевать обвинять
Lermontov,Log odds,41,ADJ,глупый восточный большой ледяной узкий немой чужой виновный измятый модный
Lermontov,Log odds,41,NOUN,черкес измаил аул казак сакля женщина зара шашка ада арсений
Lermontov,Log odds,41,VERB,селить решаться быть ошибаться послушать грызть знать гудать увидать унижать
Lermontov,Log odds,42,ADJ,глупый немой модный осторожный пестрый женатый должный бледный большой безобразный
Lermontov,Log odds,42,NOUN,черкес измаил аул зара сакля казак конь бурка женщина степан
Lermontov,Log odds,42,VERB,решаться быть селить ошибаться послушать знать проигрывать увидать прижиматься мочь
Lermontov,Log odds,43,ADJ,глупый ледяной немой виновный восточный худой молодой занятый крайний сырой
Lermontov,Log odds,43,NOUN,женщина черкес аул браслет казак господин арбенин маскерад ус пленник
Lermontov,Log odds,43,VERB,быть послушать решаться селить увидать гибнуть мочь проигрывать знать почитать
Lermontov,Log odds,44,ADJ,занятый восточный глупый молодой домашний женатый пыльный честный большой немой
Lermontov,Log odds,44,NOUN,женщина черкес аул измаил жалость сакля казак ада браслет грива
Lermontov,Log odds,44,VERB,селить гибнуть мочь быть решаться увидать вскакивать шипеть грызть примечать
Lermontov,Log odds,45,ADJ,глупый худой модный домашний занятый пестрый должный варяжский виновный восточный
Lermontov,Log odds,45,NOUN,женщина боярин маска ада браслет иван вадим казбек грива маскерад
Lermontov,Log odds,45,VERB,селить различать увидать решаться мочь гибнуть вскакивать грызть пробежать дивиться
Lermontov,Log odds,46,ADJ,глупый занятый ледяной снеговой узкий должный виновный честный молодой большой
Lermontov,Log odds,46,NOUN,черкес измаил казак аул шашка сакля женщина ада больной грива
Lermontov,Log odds,46,VERB,быть вскакивать мочь грызть решаться возненавидеть гибнуть гудать кинуться опускаться
Lermontov,Log odds,47,ADJ,глупый виновный должный модный молодой большой окровавленный пестрый немой восточный
Lermontov,Log odds,47,NOUN,черкес аул измаил женщина сакля боярин казак грива зара браслет
Lermontov,Log odds,47,VERB,селить решаться послушать ошибаться быть мочь гибнуть постоять проигрывать приказывать
Lermontov,Log odds,48,ADJ,глупый уверенный пестрый большой честный немой виновный недобрый плохой пыльный
Lermontov,Log odds,48,NOUN,черкес измаил женщина аул зара сакля улан шашка казак росламбек
Lermontov,Log odds,48,VERB,селить решаться быть мочь вскакивать послушать грызть ошибаться знать разбирать
Lermontov,Log odds,49,ADJ,глупый пестрый должный большой виновный ледяной осторожный польский пыльный урочный
Lermontov,Log odds,49,NOUN,женщина аул черкес браслет пленник арсений арбенин маскерад сакля господин
Lermontov,Log odds,49,VERB,селить гибнуть дивиться решаться мочь различать вскакивать обливать увидать грызть
Lermontov,Log odds,50,ADJ,глупый виновный модный восточный ледяной должный немой гнилой большой готовый
Lermontov,Log odds,50,NOUN,женщина аул пленник вадим черкес жалость сакля ада казак леда
Lermontov,Log odds,50,VERB,селить послушать быть знать увидать ошибаться решаться мочь гибнуть дивиться
Lermontov,Log odds,51,ADJ,глупый пестрый занятый модный недовольный старый немой большой должный виновный
Lermontov,Log odds,51,NOUN,женщина браслет господин маскерад вадим маска купец улан зораим клара
Lermontov,Log odds,51,VERB,селить гибнуть решаться мочь послушать увидать ошибаться различать быть отгадывать
Lermontov,Log odds,52,ADJ,глупый виновный парчевой молодой пестрый пыльный узкий холодный чужой сырой
Lermontov,Log odds,52,NOUN,женщина аул черкес браслет пленник ус сакля вадим жалость кирибеевич
Lermontov,Log odds,52,VERB,селить решаться гибнуть мочь обвинять дивиться послушать различать увидать вскакивать
Lermontov,Log odds,53,ADJ,глупый виновный крайний модный честный немой должный губернский измятый купеческий
Lermontov,Log odds,53,NOUN,женщина боярин арсений ада аул сакля ус черкес казак леда
Lermontov,Log odds,53,VERB,селить решаться знать мочь дивиться послушать гибнуть быть ошибаться почитать
Lermontov,Log odds,54,ADJ,глупый ледяной должный занятый молодой виновный недовольный узкий честный медный
Lermontov,Log odds,54,NOUN,женщина черкес измаил аул сакля браслет зара ус улан маскерад
Lermontov,Log odds,54,VERB,селить решаться послушать вскакивать мочь грызть сгнивать знать отгадывать ошибаться
Lermontov,Log odds,55,ADJ,занятый честный глупый окровавленный узкий восточный медный пестрый черкесский немой
Lermontov,Log odds,55,NOUN,черкес измаил аул женщина ада казак пленник арбенин маскерад росламбек
Lermontov,Log odds,55,VERB,селить решаться послушать ошибаться гибнуть дивиться обвинять отгадывать различать мочь
Lermontov,Log odds,56,ADJ,глупый виновный окровавленный пыльный узкий худой немой холодный большой восточный
Lermontov,Log odds,56,NOUN,черкес казак женщина измаил аул браслет сакля пленник зара шапка
Lermontov,Log odds,56,VERB,решаться селить ошибаться быть послушать вскакивать мочь сказать гибнуть доказывать
Lermontov,Log odds,57,ADJ,глупый окровавленный ледяной узкий урочный виновный восточный бесплотный губернский давний
Lermontov,Log odds,57,NOUN,черкес измаил аул казак арсений пленник женщина шапка ада боярин
Lermontov,Log odds,57,VERB,послушать быть решаться селить ошибаться гибнуть успевать увидать вскакивать знать
Lermontov,Log odds,58,ADJ,пестрый глупый чужой восточный модный худой черкесский немой виновный домашний
Lermontov,Log odds,58,NOUN,черкес пленник арсений казак акбулат сакля ус женщина боярин аул
Lermontov,Log odds,58,VERB,решаться послушать быть селить гибнуть мочь увидать знать сказать вскакивать
Lermontov,Log odds,59,ADJ,худой молодой глупый одаренный немой должный виновный давний ледяной плохой
Lermontov,Log odds,59,NOUN,черкес аул измаил казак сакля женщина зара ада боярин бурка
Lermontov,Log odds,59,VERB,решаться быть послушать селить мочь сказать ошибаться знать платить постоять
Lermontov,Log odds,60,ADJ,глупый немой молодой парчевой узкий должный большой восточный грубый давний
Lermontov,Log odds,60,NOUN,черкес измаил аул женщина казак боярин вадим браслет маскерад пленник
Lermontov,Log odds,60,VERB,селить послушать решаться увидать гибнуть быть мочь вскакивать грызть обливать
Lermontov,Log odds,61,ADJ,глупый виновный немой восточный медный модный большой должный молодой крайний
Lermontov,Log odds,61,NOUN,черкес измаил аул арсений женщина боярин грива казак сакля шашка
Lermontov,Log odds,61,VERB,селить решаться мочь вскакивать гибнуть гудать почитать различать услыхать успевать
Lermontov,Log odds,62,ADJ,немой восточный глупый ледяной урочный домашний занятый узкий виновный губернский
Lermontov,Log odds,62,NOUN,женщина арсений браслет боярин ада казбек маска маскерад письмо степан
Lermontov,Log odds,62,VERB,решаться селить ошибаться послушать быть увидать мочь дивиться проигрывать вскакивать
Lermontov,Log odds,63,ADJ,глупый немой виновный большой измятый ледяной модный пестрый упругий медный
Lermontov,Log odds,63,NOUN,женщина аул браслет черкес пленник маска арбенин маскерад сакля вадим
Lermontov,Log odds,63,VERB,селить решаться гибнуть грызть мочь вскакивать продолжать увидать различать увядать
Lermontov,Log odds,64,ADJ,глупый пестрый крайний модный худой честный должный виновный восточный гнилой
Lermontov,Log odds,64,NOUN,черкес аул ус женщина пленник ада боярин иван казак перо
Lermontov,Log odds,64,VERB,решаться быть послушать увидать вскакивать ошибаться успевать гибнуть различать шипеть
Lermontov,Log odds,65,ADJ,глупый недовольный должный пестрый женатый модный окровавленный уверенный честный большой
Lermontov,Log odds,65,NOUN,черкес измаил женщина маска браслет казак купец сакля вадим зара
Lermontov,Log odds,65,VERB,селить мочь вскакивать быть увидать дивиться послушать решаться отгадывать прижиматься
Lermontov,Log odds,66,ADJ,глупый ледяной узкий молодой окровавленный снеговой должный немой восточный купеческий
Lermontov,Log odds,66,NOUN,измаил женщина черкес маскерад ус боярин князь арбенин браслет господин
Lermontov,Log odds,66,VERB,селить решаться быть дивиться послушать примечать мочь вскакивать гибнуть приезжать
Lermontov,Log odds,67,ADJ,глупый честный виновный губернский модный одаренный окровавленный должный немой молодой
Lermontov,Log odds,67,NOUN,черкес аул измаил сакля женщина зара вадим грива казак седло
Lermontov,Log odds,67,VERB,селить решаться вскакивать увидать гибнуть послушать быть мочь дивиться подъезжать
Lermontov,Log odds,68,ADJ,глупый узкий ледяной недобрый должный сырой виновный пестрый ядовитый чужой
Lermontov,Log odds,68,NOUN,черкес измаил женщина сакля зара ада боярин аул казак маска
Lermontov,Log odds,68,VERB,быть пробежать гибнуть услыхать гудать обливать прижиматься собираться мочь вскакивать
Lermontov,Log odds,69,ADJ,честный глупый крайний ледяной должный вражеский пестрый упрямый чужой молодой
Lermontov,Log odds,69,NOUN,черкес измаил аул женщина боярин казак арсений сакля шапка купец
Lermontov,Log odds,69,VERB,селить решаться гибнуть быть мочь различать грызть гудать пробежать увядать
Lermontov,Log odds,70,ADJ,глупый пестрый немой занятый должный молодой сырой большой чужой старый
Lermontov,Log odds,70,NOUN,черкес женщина аул измаил боярин иван тысяча казак шапка сакля
Lermontov,Log odds,70,VERB,решаться быть послушать селить гибнуть увидать мочь ошибаться успевать поговорить
Lermontov,Log odds,71,ADJ,глупый немой должный модный окровавленный узкий женатый ледяной медный уверенный
Lermontov,Log odds,71,NOUN,черкес измаил аул сакля браслет боярин женщина казак арсений пленник
Lermontov,Log odds,71,VERB,селить решаться послушать продолжать увидать быть мочь вскакивать гибнуть дивиться
Lermontov,Log odds,72,ADJ,глупый узкий недовольный снеговой худой чужой должный измятый ледяной немой
Lermontov,Log odds,72,NOUN,женщина арсений ада аул акбулат сакля зораим перо сашка зара
Lermontov,Log odds,72,VERB,быть решаться мочь вскакивать грызть гибнуть увидать услыхать знать возненавидеть
Lermontov,Log odds,73,ADJ,глупый немой должный занятый недовольный медный модный честный большой безбожный
Lermontov,Log odds,73,NOUN,женщина браслет ада пленник сашка аул боярин грива маскерад тысяча
Lermontov,Log odds,73,VERB,послушать быть грызть постоять проигрывать ошибаться решаться мочь вскакивать гибнуть
Lermontov,Log odds,74,ADJ,глупый немой должный виновный ледяной молодой большой женатый медный недовольный
Lermontov,Log odds,74,NOUN,женщина измаил черкес казак аул ус пленник арсений улан боярин
Lermontov,Log odds,74,VERB,послушать быть решаться селить успевать мочь ошибаться знать грызть обвинять
Lermontov,Log odds,75,ADJ,глупый немой модный одаренный окровавленный пестрый восточный грубый пыльный снеговой
Lermontov,Log odds,75,NOUN,ада боярин сакля иван черкес аул улан ус женщина казак
Lermontov,Log odds,75,VERB,селить обвинять решаться послушать вскакивать мочь гибнуть пробежать быть возненавидеть
Lermontov,Log odds,76,ADJ,молодой бледный глупый ледяной восточный занятый крайний окровавленный уверенный худой
Lermontov,Log odds,76,NOUN,боярин арсений ада женщина перо черкес пленник иван вадим выстрел
Lermontov,Log odds,76,VERB,вскакивать решаться селить мочь пробежать различать грызть примечать быть опускаться
Lermontov,Log odds,77,ADJ,глупый большой виновный восточный ледяной модный сырой должный молодой немой
Lermontov,Log odds,77,NOUN,женщина браслет иван купец арсений арбенин маскерад вещь карта лоб
Lermontov,Log odds,77,VERB,селить грызть решаться пробежать вскакивать дивиться быть мочь обвинять обливать
Lermontov,Log odds,78,ADJ,немой восточный глупый виновный окровавленный узкий упрямый безобразный измятый урочный
Lermontov,Log odds,78,NOUN,черкес измаил аул казак арсений сакля боярин зара конь акбулат
Lermontov,Log odds,78,VERB,селить решаться послушать ошибаться быть гибнуть мочь дивиться вскакивать знать
Lermontov,Log odds,79,ADJ,глупый пестрый виновный узкий должный восточный пыльный большой бледный чужой
Lermontov,Log odds,79,NOUN,измаил черкес казак аул боярин женщина сакля ус конь арсений
Lermontov,Log odds,79,VERB,селить ошибаться послушать дивиться решаться мочь гибнуть увидать сказать воображать
Lermontov,Log odds,80,ADJ,глупый большой виновный медный модный бледный окровавленный пестрый должный сырой
Lermontov,Log odds,80,NOUN,аул акбулат вадим сакля ус иван купец улан женщина перо
Lermontov,Log odds,80,VERB,мочь гибнуть быть вскакивать примечать любить возненавидеть гудать увядать услыхать
Lermontov,Log odds,81,ADJ,глупый должный виновный восточный недовольный уверенный узкий немой женатый черкесский
Lermontov,Log odds,81,NOUN,черкес измаил аул женщина казак зара сакля улан выстрел вадим
Lermontov,Log odds,81,VERB,решаться быть послушать селить мочь ошибаться проигрывать сжалиться увидать знать
Lermontov,Log odds,82,ADJ,глупый виновный модный пестрый медный молодой окровавленный пыльный должный немой
Lermontov,Log odds,82,NOUN,черкес женщина акбулат вадим казбек сакля арсений аул бес вспоминание
Lermontov,Log odds,82,VERB,селить послушать быть решаться дивиться ошибаться почитать грызть увидать успевать
Lermontov,Log odds,83,ADJ,глупый немой виновный пестрый модный крайний узкий сырой чужой белый
Lermontov,Log odds,83,NOUN,черкес измаил аул женщина пленник казак арсений жалость иван сашка
Lermontov,Log odds,83,VERB,быть решаться грызть мочь гибнуть различать знать обниматься шипеть обливать
Lermontov,Log odds,84,ADJ,ледяной восточный глупый модный узкий должный домашний недовольный молодой виновный
Lermontov,Log odds,84,NOUN,черкес аул казак измаил ада женщина сакля шашка зара выстрел
Lermontov,Log odds,84,VERB,селить решаться ошибаться послушать увидать мочь быть грызть гибнуть дивиться
Lermontov,Log odds,85,ADJ,занятый глупый пестрый немой ледяной модный честный должный бледный безбожный
Lermontov,Log odds,85,NOUN,черкес ада арсений боярин пленник аул женщина казак улан иван
Lermontov,Log odds,85,VERB,селить мочь решаться быть гибнуть различать вскакивать грызть отступать постоять
Lermontov,Log odds,86,ADJ,глупый модный пестрый худой честный большой виновный крайний парчевой пыльный
Lermontov,Log odds,86,NOUN,черкес измаил женщина аул казак пленник браслет сакля маска зара
Lermontov,Log odds,86,VERB,решаться селить послушать вскакивать быть гибнуть ошибаться проигрывать увидать знать
Lermontov,Log odds,87,ADJ,ледяной глупый восточный узкий черкесский честный молодой окровавленный худой злой
Lermontov,Log odds,87,NOUN,черкес аул пленник перо казак акбулат жалость шапка ада арсений
Lermontov,Log odds,87,VERB,послушать быть решаться мочь знать ошибаться пускать унижать сказать вскакивать
Lermontov,Log odds,88,ADJ,глупый виновный ледяной немой худой восточный занятый модный недовольный пестрый
Lermontov,Log odds,88,NOUN,черкес измаил женщина аул зара сакля ада сашка акбулат вадим
Lermontov,Log odds,88,VERB,селить решаться вскакивать мочь гибнуть почитать послушать быть приказывать примечать
Lermontov,Log odds,89,ADJ,глупый виновный восточный модный пестрый должный немой молодой сырой занятый
Lermontov,Log odds,89,NOUN,женщина пленник ус господин черкес браслет улан шапка боярин вадим
Lermontov,Log odds,89,VERB,послушать быть решаться мочь селить сказать продолжать различать знать гибнуть
Lermontov,Log odds,90,ADJ,глупый виновный занятый ледяной модный должный недовольный узкий большой готовый
Lermontov,Log odds,90,NOUN,женщина иван боярин маска маскерад тысяча браслет вадим сашка слуга
Lermontov,Log odds,90,VERB,решаться мочь ошибаться быть дивиться послушать грызть отступать подарить постоять
Lermontov,Log odds,91,ADJ,глупый модный пестрый худой упрямый немой большой должный виновный восточный
Lermontov,Log odds,91,NOUN,иван женщина вадим улан перо сашка господин купец степан ус
Lermontov,Log odds,91,VERB,селить решаться грызть послушать различать быть вскакивать гибнуть дивиться обливать
Lermontov,Log odds,92,ADJ,честный крайний медный снеговой узкий немой чужой молодой большой виновный
Lermontov,Log odds,92,NOUN,черкес измаил женщина аул арсений казак браслет сакля акбулат конь
Lermontov,Log odds,92,VERB,селить послушать решаться быть гибнуть дивиться ошибаться успевать мочь обвинять
Lermontov,Log odds,93,ADJ,глупый немой ледяной сырой восточный окровавленный польский худой белый большой
Lermontov,Log odds,93,NOUN,казак ада аул пленник женщина сакля господин сашка черкес акбулат
Lermontov,Log odds,93,VERB,быть селить успевать решаться мочь ошибаться послушать знать вскакивать различать
Lermontov,Log odds,94,ADJ,молодой глупый худой окровавленный чужой немой должный недовольный черкесский сырой
Lermontov,Log odds,94,NOUN,черкес измаил ус аул сакля женщина казак пленник иван росламбек
Lermontov,Log odds,94,VERB,селить решаться быть мочь вскакивать обливать послушать увидать продолжать унижать
Lermontov,Log odds,95,ADJ,пестрый виновный глупый большой восточный узкий честный безбожный модный уверенный
Lermontov,Log odds,95,NOUN,черкес измаил аул сакля казак женщина пленник зара арсений бурка
Lermontov,Log odds,95,VERB,селить гибнуть быть мочь вскакивать решаться грызть услыхать гудать обливать
Lermontov,Log odds,96,ADJ,глупый немой окровавленный пестрый модный усердный худой большой должный чужой
Lermontov,Log odds,96,NOUN,женщина арсений ада браслет вадим ус клара маскерад мужчина улан
Lermontov,Log odds,96,VERB,решаться быть мочь вскакивать увядать услыхать шипеть послушать гибнуть грызть
Lermontov,Log odds,97,ADJ,молодой глупый ледяной уверенный чужой должный виновный занятый снеговой немой
Lermontov,Log odds,97,NOUN,черкес измаил аул зара сакля казак вадим шапка акбулат бурка
Lermontov,Log odds,97,VERB,селить мочь вскакивать гибнуть решаться увидать грызть дивиться послушать пробежать
Lermontov,Log odds,98,ADJ,глупый ледяной занятый окровавленный узкий белый большой немой восточный купеческий
Lermontov,Log odds,98,NOUN,черкес женщина измаил аул браслет вадим маска сакля акбулат арбенин
Lermontov,Log odds,98,VERB,решаться селить увидать мочь вскакивать почитать быть грызть дивиться послушать
Lermontov,Log odds,99,ADJ,глупый окровавленный узкий большой виновный женатый ледяной недовольный должный молодой
Lermontov,Log odds,99,NOUN,пленник аул господин сакля казак арсений боярин жалость пень леда
Lermontov,Log odds,99,VERB,селить мочь увидать быть вскакивать решаться гибнуть пробежать грызть отворять
Lermontov,Log odds,100,ADJ,глупый немой женатый окровавленный ядовитый должный молодой большой виновный медный
Lermontov,Log odds,100,NOUN,черкес измаил женщина зара аул браслет казак маска арбенин лев
Lermontov,Log odds,100,VERB,селить быть мочь решаться гибнуть шипеть отворачивать вскакивать грызть побледнеть
Lermontov,Zeta,1,ADJ,должный одинокий былой темный холодный чуждый старый большой женский ложный
Lermontov,Zeta,1,NOUN,мука стена вольность чело вечер надежда скала дева кровь покой
Lermontov,Zeta,1,VERB,выходить видеть сидеть плакать увянуть вскакивать встречаться дымиться клясться носить
Lermontov,Zeta,2,ADJ,должный старый вечный чуждый правый былой жестокий невинный серый широкий
Lermontov,Zeta,2,NOUN,мука пора волнение дверь нога презрение север страх судья том
Lermontov,Zeta,2,VERB,вставать иметь отдыхать посмотреть посылать селить сказать идти сидеть бежать
Lermontov,Zeta,3,ADJ,чужой большой пустой белый сильный боевой крутой тесный беспокойный мелкий
Lermontov,Zeta,3,NOUN,цепь дорога наряд песок месть цвет страсть огонь чувство облако
Lermontov,Zeta,3,VERB,звать отвечать раздаваться выходить писать гаснуть спускаться убивать ходить мочь
Lermontov,Zeta,4,ADJ,должный чужой большой косматый простой теплый странный бледный белый бедный
Lermontov,Zeta,4,NOUN,царь конец гора отец вид чувство голова тень мука наряд
Lermontov,Zeta,4,VERB,селить оставлять создавать клясться взять желать принимать приходить привыкать кинуть
Lermontov,Zeta,5,ADJ,богатый острый чуждый рад странный былой детский длинный любимый надменный
Lermontov,Zeta,5,NOUN,человек кровь лес муж стена степан тишина взор год отец
Lermontov,Zeta,5,VERB,кричать бить взять гибнуть обвивать знать мочь спать желать поверять
Lermontov,Zeta,6,ADJ,бедный кровавый темный должный глубокий ничтожный холодный дурной безобразный нужный
Lermontov,Zeta,6,NOUN,вздох цепь кровь конь мука зло печаль дом стена пора
Lermontov,Zeta,6,VERB,бояться спать чернеть плакать оставлять клясться уходить просить падать решаться
Lermontov,Zeta,7,ADJ,красный лукавый удалой прежний божий злой мирный темный должный свободный
Lermontov,Zeta,7,NOUN,рука старик раз воля мысль край страх луна облако окно
Lermontov,Zeta,7,VERB,слышать плакать выходить нестись биться помогать умирать сидеть стоять понимать
Lermontov,Zeta,8,ADJ,готовый былой слабый нежный сырой лукавый девственный женский мягкий молодой
Lermontov,Zeta,8,NOUN,конь тень князь дверь закон сакля совет стена толпа час
Lermontov,Zeta,8,VERB,бродить оставлять садиться решаться иметь казаться виться выходить краснеть открывать
Lermontov,Zeta,9,ADJ,тайный сырой рад бедный чужой голубой готовый краткий могучий должный
Lermontov,Zeta,9,NOUN,взор волнение красавица окно враг дело добро злодей мука толпа
Lermontov,Zeta,9,VERB,проводить сидеть бояться желать понимать встречать искать читать испугать позволять
Lermontov,Zeta,10,ADJ,пустой сырой верный одинокий белый странный шелковый жадный молодой чужой
Lermontov,Zeta,10,NOUN,окно раз взгляд заря кудри ад измаил минута мысль старец
Lermontov,Zeta,10,VERB,начинать оставаться бить висеть расти взглядывать владеть захотеть помогать провожать
Lermontov,Zeta,11,ADJ,должный далекий злой буйный старый несчастный спокойный вольный рад дорогой
Lermontov,Zeta,11,NOUN,облако мысль дева объятие скала толпа конь брат поле слово
Lermontov,Zeta,11,VERB,приходить взглядывать одевать плыть пугать сжалиться чернеть сидеть ждать проходить
Lermontov,Zeta,12,ADJ,бедный пустой старый жестокий злой слабый боевой медный старинный дальний
Lermontov,Zeta,12,NOUN,стена князь слово скала черта волнение рана саша рука жизнь
Lermontov,Zeta,12,VERB,просить становиться иметь селить биться блеснуть гнать садиться хотеть забывать
Lermontov,Zeta,13,ADJ,должный дальний тайный большой странный холодный чуждый ночной белый сырой
Lermontov,Zeta,13,NOUN,скала кровь грудь конь слово тень миг гроб досада звон
Lermontov,Zeta,13,VERB,посмотреть оставлять вести иметь клясться молвить писать побледнеть оставаться сорвать
Lermontov,Zeta,14,ADJ,задумчивый женский старый белый готовый холодный бедный большой должный зеленый
Lermontov,Zeta,14,NOUN,год тень дитя туман голова конец место мольба предмет скала
Lermontov,Zeta,14,VERB,промчаться верить плакать селить посылать потерять забывать сказать становиться мочь
Lermontov,Zeta,15,ADJ,большой безумный острый простой женский сырой мрачный низкий южный бледный
Lermontov,Zeta,15,NOUN,слово стыд всадник пора жена счастие бездна плечо путь след
Lermontov,Zeta,15,VERB,отвечать селить взять виться грозить различать зреть молить послушать хотеть
Lermontov,Zeta,16,ADJ,сырой туманный минувший свежий старый странный добрый готовый густой должный
Lermontov,Zeta,16,NOUN,зло мука отец тень дело надежда чувство гора счастие время
Lermontov,Zeta,16,VERB,плакать сидеть вести зарывать промчаться слушать постигать ступать давать смотреть
Lermontov,Zeta,17,ADJ,чужой дикий бледный широкий счастливый темный должный глупый обманчивый окровавленный
Lermontov,Zeta,17,NOUN,дверь дом одежда отец русский воля жена колокол мука название
Lermontov,Zeta,17,VERB,проводить слушать становиться прийти уметь смотреть селить послушать презирать расти
Lermontov,Zeta,18,ADJ,свободный большой холодный женский старый благодарный довольный розовый серый сырой
Lermontov,Zeta,18,NOUN,час речь место миг право черкес беда герой дом дорога
Lermontov,Zeta,18,VERB,начинать сидеть смотреть умирать жалеть раздаваться пойти решаться бить постигать
Lermontov,Zeta,19,ADJ,большой сырой бедный должный безумный злой старый лукавый сильный виновный
Lermontov,Zeta,19,NOUN,князь аул слово час конь черкес странник судьба рука надежда
Lermontov,Zeta,19,VERB,казаться бить плакать селить закипать замечать повторять рождаться ударять забывать
Lermontov,Zeta,20,ADJ,прежний преступный детский злой скучный опасный слабый большой открытый резвый
Lermontov,Zeta,20,NOUN,звон пора зло край слеза луна человек тоска час глаз
Lermontov,Zeta,20,VERB,становиться начинать хотеть оставлять блистать выходить схватывать бить желать делать
Lermontov,Zeta,21,ADJ,женский видный хороший мягкий жестокий простой серебряный удалой должный круглый
Lermontov,Zeta,21,NOUN,час слеза конь голова конец взгляд круг путь святыня год
Lermontov,Zeta,21,VERB,спать бродить узнавать ложиться осуждать думать замечать кричать слагать мочь
Lermontov,Zeta,22,ADJ,темный широкий свежий седой тяжелый родимый синий богатый боевой важный
Lermontov,Zeta,22,NOUN,рай день волна битва царь жена власть сожаление человек час
Lermontov,Zeta,22,VERB,биться блуждать приходить казаться оставаться уметь сокрыться бояться бросать молвить
Lermontov,Zeta,23,ADJ,старый чужой мирный надменный большой длинный целый чудесный должный сырой
Lermontov,Zeta,23,NOUN,отец пророк след гора враг утро знак грудь ночь ум
Lermontov,Zeta,23,VERB,узнавать презирать клясться смотреть обманывать видать селить казаться пойти проникать
Lermontov,Zeta,24,ADJ,пустой целый странный бледный большой готовый минувший злой красный глупый
Lermontov,Zeta,24,NOUN,кровь слово измаил враг злоба молитва путник река улан грудь
Lermontov,Zeta,24,VERB,виться подымать сметь молиться останавливаться спрашивать тосковать сидеть взглядывать понимать
Lermontov,Zeta,25,ADJ,шелковый белый вечный должный большой злой глупый готовый дорогой прозрачный
Lermontov,Zeta,25,NOUN,конь вечность голова камень князь мать браслет восток название птица
Lermontov,Zeta,25,VERB,селить становиться иметь прочитывать рожать чернеть забывать умирать зреть оставаться
Lermontov,Zeta,26,ADJ,чужой большой дикий достойный сердечный жалкий лихой открытый ночной новый
Lermontov,Zeta,26,NOUN,край человек чело камень черкес звон наряд страдание цветок юноша
Lermontov,Zeta,26,VERB,сказать ждать понимать убивать вставать желать подходить прочитывать страшиться поверять
Lermontov,Zeta,27,ADJ,горький чужой звонкий злой глухой сырой удалой безвестный жестокий злобный
Lermontov,Zeta,27,NOUN,старик мир грудь конь век добыча дом конец место ружье
Lermontov,Zeta,27,VERB,просить вставать иметь селить вспомнить кинуть ожидать поражать почитать таиться
Lermontov,Zeta,28,ADJ,последний дальний живой злой хороший должный одинокий близкий седой подобный
Lermontov,Zeta,28,NOUN,бог речь отец жена ребенок слеза холм мечта свет тоска
Lermontov,Zeta,28,VERB,грустить верить отдавать трепетать приходить открывать посмотреть привыкать брать иметь
Lermontov,Zeta,29,ADJ,ужасный готовый свободный старый большой странный удалой смешной богатый невинный
Lermontov,Zeta,29,NOUN,пустыня тень вечность раб час ночь земля волнение воля судьба
Lermontov,Zeta,29,VERB,блистать кончать встречать сметь селить вскакивать зажигать мчаться проникать прочитывать
Lermontov,Zeta,30,ADJ,готовый серый должный бледный старый бедный пустой длинный прозрачный ничтожный
Lermontov,Zeta,30,NOUN,боец дочь ада пустыня раб трава грудь дева крик кровь
Lermontov,Zeta,30,VERB,спрашивать отдыхать получать постигать приносить рисоваться жить ждать узнавать блистать
Lermontov,Zeta,31,ADJ,готовый невинный лукавый ужасный чудный простой старый хитрый длинный каменный
Lermontov,Zeta,31,NOUN,ада аул добро дочь молитва муж отец свод укор любовь
Lermontov,Zeta,31,VERB,садиться краснеть спать ходить ждать верить бежать оставлять взять находить
Lermontov,Zeta,32,ADJ,чужой злой старый целый опасный видный подобный бессмертный плохой прошлый
Lermontov,Zeta,32,NOUN,пора старик день век туча мука вид кинжал лист правда
Lermontov,Zeta,32,VERB,смотреть прощать исчезать приходить думать селить бить сметь оставлять кипеть
Lermontov,Zeta,33,ADJ,хороший живой белый серый счастливый былой странный большой любезный сырой
Lermontov,Zeta,33,NOUN,проклятие ум гора враг дом камень привет скала казак куст
Lermontov,Zeta,33,VERB,презирать сидеть желать оставаться иметь казаться бить взять спрашивать восклицать
Lermontov,Zeta,34,ADJ,бедный народный малый пасмурный готовый бледный пламенный странный великий сырой
Lermontov,Zeta,34,NOUN,жена конь закон грива змея князь отрада страх ночь гора
Lermontov,Zeta,34,VERB,вздыхать узнавать спать виться казаться обливать скакать теряться знать сказать
Lermontov,Zeta,35,ADJ,бледный смешной дорогой должный пустой хороший старый видный бесчувственный дубовый
Lermontov,Zeta,35,NOUN,кровь уста дело война прах сила глаз конь тень час
Lermontov,Zeta,35,VERB,молчать убивать прощать желать прочитывать страшиться чернеть бить обещать терзать
Lermontov,Zeta,36,ADJ,готовый чужой злой серебряный старый боевой должный мучительный занятый торжественный
Lermontov,Zeta,36,NOUN,глаз бог конь враг раз сила старик черкес стадо хвала
Lermontov,Zeta,36,VERB,бояться свершаться спать являться биться изменять прощать ненавидеть помогать мочь
Lermontov,Zeta,37,ADJ,чужой белый злой старый должный коварный краткий широкий красный мертвый
Lermontov,Zeta,37,NOUN,свет взгляд черкес брат воля зверь место пророк конь огонь
Lermontov,Zeta,37,VERB,вскакивать желать хотеть выходить начинать наставать смотреть велеть иметь лепетать
Lermontov,Zeta,38,ADJ,должный грустный пустой задумчивый коварный сырой давнишний польский скучный высокий
Lermontov,Zeta,38,NOUN,бой крыло ласка ответ холм рука толпа человек гора слеза
Lermontov,Zeta,38,VERB,упасть ласкать озарять пойти синеть знать мочь становиться расти садиться
Lermontov,Zeta,39,ADJ,злой лукавый бледный глупый правый коварный старый косматый недвижимый напрасный
Lermontov,Zeta,39,NOUN,человек глаз пир след ум князь конец муж нога смерть
Lermontov,Zeta,39,VERB,узнавать бояться обманывать отдавать склоняться бить кончать спасать мочь сидеть
Lermontov,Zeta,40,ADJ,злой жестокий рад старый близкий малый простой суровый опасный острый
Lermontov,Zeta,40,NOUN,человек взгляд конь скала дерево мать отец день рука ночь
Lermontov,Zeta,40,VERB,оставлять благодарить чернеть селить отравлять послушать таиться убегать успевать чувствовать
Lermontov,Zeta,41,ADJ,подобный должный бедный злой бледный седой знойный женский жестокий ледяной
Lermontov,Zeta,41,NOUN,мука мысль стена цель зло воля движение пустыня путь света
Lermontov,Zeta,41,VERB,оставлять выходить кричать ступать слышать говорить взять сметь спать висеть
Lermontov,Zeta,42,ADJ,должный крутой седой готовый белый чужой быстрый трепетный буйный недвижный
Lermontov,Zeta,42,NOUN,страх месяц грудь взгляд глаз миг битва голос дорога дочь
Lermontov,Zeta,42,VERB,вздрагивать выходить сказать ждать хранить услышать ведать селить склоняться встречаться
Lermontov,Zeta,43,ADJ,бледный должный ребяческий спокойный былой степной дурной недовольный удалой пустой
Lermontov,Zeta,43,NOUN,старик дом свет место брат страдание смех стекло мир рука
Lermontov,Zeta,43,VERB,иметь взглядывать презирать катиться спасать биться обливать рожать мечтать отвечать
Lermontov,Zeta,44,ADJ,женский старый должный опасный больной недвижимый гибельный дорогой достойный неясный
Lermontov,Zeta,44,NOUN,глаз земля пора враг печаль дверь женщина речь скала след
Lermontov,Zeta,44,VERB,отвечать хотеть понимать умирать помнить шутить встречать думать оставаться оставлять
Lermontov,Zeta,45,ADJ,сырой должный старый белый дикий целый бранный усталый чужой бесценный
Lermontov,Zeta,45,NOUN,глаз голова раз судьба час гордость маскерад наряд насмешка память
Lermontov,Zeta,45,VERB,приходить оставаться шутить шептать молвить находить оставлять иметь пойти ждать
Lermontov,Zeta,46,ADJ,злой вольный честный молодой бледный одинокий мягкий подобный южный горный
Lermontov,Zeta,46,NOUN,миг час скала страна кость раз толпа свет глаз степь
Lermontov,Zeta,46,VERB,сидеть казаться погибать селить отдавать пойти приходить просить вставать ложиться
Lermontov,Zeta,47,ADJ,бедный рад белый подобный чужой вечный горький отважный целый широкий
Lermontov,Zeta,47,NOUN,дело час слово слеза конец след гроб дочь окно страдание
Lermontov,Zeta,47,VERB,садиться чернеть хотеть верить смотреть лить плакать хотеться кидать раздаваться
Lermontov,Zeta,48,ADJ,готовый должный подобный горький бледный большой буйный любимый ничтожный рад
Lermontov,Zeta,48,NOUN,раз слово глаз час дом ум товарищ мавруша окно света
Lermontov,Zeta,48,VERB,становиться блуждать висеть ошибаться биться волновать делать жить узнавать прощать
Lermontov,Zeta,49,ADJ,бледный чужой чудный знойный лихой царский былой молодой тихий большой
Lermontov,Zeta,49,NOUN,грудь гость битва пир цвет цветок земля чувство звук дева
Lermontov,Zeta,49,VERB,селить мчаться трещать вставать упасть взять биться бояться отвечать скрываться
Lermontov,Zeta,50,ADJ,рад ужасный немой жестокий гордый коварный дорогой малый богатый большой
Lermontov,Zeta,50,NOUN,раз человек дело князь муж лист образ окно ветер страсть
Lermontov,Zeta,50,VERB,забывать приходить уметь иметь хранить блуждать хотеть прощать узнавать вспомнить
Lermontov,Zeta,51,ADJ,готовый бледный седой широкий сырой большой скучный глубокий краткий бедный
Lermontov,Zeta,51,NOUN,камень черкес слеза око солнце минута насмешка стена табун яд
Lermontov,Zeta,51,VERB,бить открывать желать селить склоняться поверять промчаться уметь сидеть кипеть
Lermontov,Zeta,52,ADJ,рад большой роковой нагой ужасный умный целый лихой лукавый пасмурный
Lermontov,Zeta,52,NOUN,конь степь конец пора дитя молитва прах рука год песня
Lermontov,Zeta,52,VERB,казаться упасть грозить иметь оставаться вскакивать припадать шептать находить исчезать
Lermontov,Zeta,53,ADJ,должный гладкий добрый видный белый большой готовый славный чудный прощальный
Lermontov,Zeta,53,NOUN,конь страна власть край дорога рай зависть казак луч рука
Lermontov,Zeta,53,VERB,страдать хотеть одевать взять расти склонять бить исполнять вздыхать узнавать
Lermontov,Zeta,54,ADJ,готовый бедный единый сырой угрюмый должный лишенный любезный безвестный дальний
Lermontov,Zeta,54,NOUN,год мука рука красавица слово цепь труп волнение зло плач
Lermontov,Zeta,54,VERB,приходить рожать восходить желать отдавать презирать сидеть обманывать белеть дрожать
Lermontov,Zeta,55,ADJ,длинный готовый чуждый коварный былой одинокий спокойный блаженный известный лихой
Lermontov,Zeta,55,NOUN,кровь счастие голова нога толпа печаль женщина злоба ребенок конец
Lermontov,Zeta,55,VERB,оставлять узнавать взять желать обманывать рассказывать решаться смеяться успевать сказать
Lermontov,Zeta,56,ADJ,тесный молодой далекий безумный злой пустой слабый большой невинный удалой
Lermontov,Zeta,56,NOUN,конь глаз конец дом вадим пуля струя черкес взор вода
Lermontov,Zeta,56,VERB,восклицать понимать просить хотеть отдавать сметь убивать побеждать сокрыться бить
Lermontov,Zeta,57,ADJ,бледный чужой хороший правый должный похожий широкий железный смелый молодой
Lermontov,Zeta,57,NOUN,слово тень князь конь мысль товарищ минута ад арбенин женщина
Lermontov,Zeta,57,VERB,мочь приходить вырываться сводить слушать ходить чернеть сказать находить погибать
Lermontov,Zeta,58,ADJ,должный розовый большой роковой бледный белый целый богатый вольный лукавый
Lermontov,Zeta,58,NOUN,жена конец страдание час меч луна князь крик слово страсть
Lermontov,Zeta,58,VERB,становиться уметь смотреть находить услышать грозить увянуть бояться возмущать проникать
Lermontov,Zeta,59,ADJ,холодный рад невинный старый виноватый буйный серебристый богатый глупый обычный
Lermontov,Zeta,59,NOUN,час народ отец измена князь год конь окно мысль страх
Lermontov,Zeta,59,VERB,взять приходить отвечать слезать просыпаться выходить начинать уметь ждать сидеть
Lermontov,Zeta,60,ADJ,готовый большой достойный богатый чужой старый холодный послушный смешной тяжелый
Lermontov,Zeta,60,NOUN,могила пустыня колено крест путь раз туман старик черкес око
Lermontov,Zeta,60,VERB,проводить блуждать оставаться приходить просить вскакивать признаваться блистать сидеть прощать
Lermontov,Zeta,61,ADJ,большой бледный готовый длинный должный близкий красный сырой тяжелый серый
Lermontov,Zeta,61,NOUN,глава крик раскаяние честь шалун грудь пора слово ум ночь
Lermontov,Zeta,61,VERB,уметь послушать провожать снести стоить увидеть бежать искать оставлять презирать
Lermontov,Zeta,62,ADJ,большой странный верный минувший красный чуждый широкий удалой дикий чужой
Lermontov,Zeta,62,NOUN,слеза тишина раз звук час жена покой судьба язык красавица
Lermontov,Zeta,62,VERB,нестись вставать казаться оставлять страшиться благодарить презирать рожать умирать мочь
Lermontov,Zeta,63,ADJ,бледный большой готовый должный летучий недвижный нужный смешной старый богатый
Lermontov,Zeta,63,NOUN,скала счастие камень берег волнение минута мука отец старик война
Lermontov,Zeta,63,VERB,лежать ждать звать плакать сидеть оставаться желать казаться слезать бродить
Lermontov,Zeta,64,ADJ,ночной последний старый должный красный женский дальний грязный занятый правый
Lermontov,Zeta,64,NOUN,раз судьба изгнанник отец поле удар чело лицо свидание уединение
Lermontov,Zeta,64,VERB,верить желать приходить убивать бить держать кричать оставаться катиться отвечать
Lermontov,Zeta,65,ADJ,большой тайный грозный рад старый страшный любезный сырой должный густой
Lermontov,Zeta,65,NOUN,конь дверь судьба взгляд право скала дело место уста цвет
Lermontov,Zeta,65,VERB,селить склоняться бояться страшиться виться грозить сказать становиться сидеть хотеть
Lermontov,Zeta,66,ADJ,пустой должный рад женский лихой модный старый честный мелкий темный
Lermontov,Zeta,66,NOUN,толпа ребенок река труд ус звук взгляд дева смерть год
Lermontov,Zeta,66,VERB,узнавать погибать видать становиться ждать прощать клясться отвечать мелькать рассказывать
Lermontov,Zeta,67,ADJ,должный правый тесный чуждый длинный злой дорогой женский спокойный адский
Lermontov,Zeta,67,NOUN,аул черкес отец война враг скала герой раз страна угол
Lermontov,Zeta,67,VERB,сметь становиться говорить изменять оставлять умирать селить зарывать мчаться наблюдать
Lermontov,Zeta,68,ADJ,старый длинный любезный любимый ничтожный бесплодный железный открытый живой золотой
Lermontov,Zeta,68,NOUN,год огонь одежда клара часы земля глаз кровь могила печаль
Lermontov,Zeta,68,VERB,казаться вынимать убивать встречать решаться склонять биться внимать дышать погибать
Lermontov,Zeta,69,ADJ,сырой большой бледный далекий слабый старый темный былой готовый должный
Lermontov,Zeta,69,NOUN,раз голова снег взгляд позор битва покров путник старик старуха
Lermontov,Zeta,69,VERB,бояться блистать смотреть думать привыкать селить отдыхать сказать мочь оставлять
Lermontov,Zeta,70,ADJ,темный родной готовый кровавый должный крутой недвижимый открытый женский ратный
Lermontov,Zeta,70,NOUN,толпа песня слеза черкес зло минута ответ смерть камень князь
Lermontov,Zeta,70,VERB,селить побеждать спать верить иметь просить хранить приносить решаться сражаться
Lermontov,Zeta,71,ADJ,большой старый дорогой краткий крутой спокойный усталый бездушный детский сырой
Lermontov,Zeta,71,NOUN,кровь судьба окно взгляд мука бездна крик путь тень страсть
Lermontov,Zeta,71,VERB,трещать расти оставлять чувствовать вскакивать звучать молиться нести плакать тесниться
Lermontov,Zeta,72,ADJ,должный рад готовый спокойный взаимный глупый каменный сырой холодный чужой
Lermontov,Zeta,72,NOUN,князь час плечо яд жена окно нога раз рука человек
Lermontov,Zeta,72,VERB,желать видать выходить биться презирать иметь казаться мчаться ценить сказать
Lermontov,Zeta,73,ADJ,большой должный старый тайный черный чуждый дикий безвестный смешной хитрый
Lermontov,Zeta,73,NOUN,час лицо русский гроза молитва суд счастие звук рука человек
Lermontov,Zeta,73,VERB,умирать погибать играть думать кончать погасать кричать ходить начинать сверкать
Lermontov,Zeta,74,ADJ,сырой должный лукавый подобный бесплодный волшебный дорогой адский восточный напрасный
Lermontov,Zeta,74,NOUN,человек чело раз голова князь мука путник уста веселие вечер
Lermontov,Zeta,74,VERB,хотеть говорить прощать проходить селить исчезать кончать побеждать давать покрывать
Lermontov,Zeta,75,ADJ,большой достойный дальний единый жестокий должный душный подобный сильный странный
Lermontov,Zeta,75,NOUN,брат человек глаз слово враг черта гора жалость князь миг
Lermontov,Zeta,75,VERB,выходить смотреть обманывать иметь блеснуть спрашивать блуждать гудать дивиться мелькать
Lermontov,Zeta,76,ADJ,должный ужасный злой пасмурный бледный чудный простой седой южный богатый
Lermontov,Zeta,76,NOUN,песня нога конец ряд браслет добро измаил место отец солнце
Lermontov,Zeta,76,VERB,селить дрожать слезать взглядывать оставлять ведать возбуждать знать вздыхать выходить
Lermontov,Zeta,77,ADJ,старый хитрый тяжелый чужой дикий стальной свободный грешный должный дорогой
Lermontov,Zeta,77,NOUN,глаз куст черкес гора судьба мечта конь камень дом отец
Lermontov,Zeta,77,VERB,взять становиться погубить потечь решаться уставать мочь лежать блестеть вздыхать
Lermontov,Zeta,78,ADJ,должный сырой большой белый грустный жалкий глухой чужой твердый бесконечный
Lermontov,Zeta,78,NOUN,тень могила нога закон глупец звук раз место враг дева
Lermontov,Zeta,78,VERB,встречать казаться клясться гулять дымиться мчаться обманывать иметь взглядывать отдавать
Lermontov,Zeta,79,ADJ,большой ужасный мирный готовый простой видный неведомый широкий боевой виновный
Lermontov,Zeta,79,NOUN,глаз страсть мука слово камень божество вспоминание голова гроб добро
Lermontov,Zeta,79,VERB,отвечать погибать покрывать волновать думать взять лишать селить уметь входить
Lermontov,Zeta,80,ADJ,белый большой ужасный чужой лукавый любезный правый восточный детский задумчивый
Lermontov,Zeta,80,NOUN,песня скала князь черкес жалость замок семья стрела судьба том
Lermontov,Zeta,80,VERB,узнавать верить мочь смотреть желать взглядывать решаться жечь говорить становиться
Lermontov,Zeta,81,ADJ,видный хороший старый добрый должный темный удалой радостный печальный вечный
Lermontov,Zeta,81,NOUN,звук кровь судьба движение чело власть глаз свобода караван взор
Lermontov,Zeta,81,VERB,жить бежать оставлять покрывать тесниться увидеть поверять угасать мочь сказать
Lermontov,Zeta,82,ADJ,старый недвижный коварный одинокий целый длинный последний прежний юный пустой
Lermontov,Zeta,82,NOUN,буря вид глаз страсть дом крест наряд парус поток рай
Lermontov,Zeta,82,VERB,вздыхать оставлять просить носить сметь блуждать изображать расти решаться внимать
Lermontov,Zeta,83,ADJ,широкий отважный бедный далекий длинный грустный целый должный поздний русский
Lermontov,Zeta,83,NOUN,человек глаз час лицо могила ночь огонь гора тысяча измаил
Lermontov,Zeta,83,VERB,думать желать подымать казаться селить захотеть мелькать отвечать привыкать следить
Lermontov,Zeta,84,ADJ,должный подобный большой верный чужой краткий лукавый богатый летучий сильный
Lermontov,Zeta,84,NOUN,конь окно аул дурак кинжал честь год ветер слово раз
Lermontov,Zeta,84,VERB,мчаться изменять селить смотреть синеть изображать иметь казаться отдавать узнавать
Lermontov,Zeta,85,ADJ,большой должный белый сухой безвестный старый сырой близкий слабый краткий
Lermontov,Zeta,85,NOUN,крик измаил князь слово враг конь миг отец цепь человек
Lermontov,Zeta,85,VERB,взять одевать обманывать поверять сметь утешать отнимать подходить приближаться хотеть
Lermontov,Zeta,86,ADJ,белый должный пустой крутой суровый готовый дальний сырой густой женский
Lermontov,Zeta,86,NOUN,глаз пора бог нога дверь дума воин дым холм мир
Lermontov,Zeta,86,VERB,кинуть спасать оставлять взять плакать верить желать молить блеснуть грозить
Lermontov,Zeta,87,ADJ,широкий готовый жестокий злой непонятный рад задумчивый лишенный порочный правый
Lermontov,Zeta,87,NOUN,конь дом кровь лицо могила дружба звук цвет дверь конец
Lermontov,Zeta,87,VERB,мочь прийти шептать плыть спешить бояться клясться блуждать сказать говорить
Lermontov,Zeta,88,ADJ,нежный странный должный белый чужой вольный холодный чуждый лукавый боевой
Lermontov,Zeta,88,NOUN,раз князь старик смерть бал трава черкес грудь рука страсть
Lermontov,Zeta,88,VERB,желать посылать гнать кончать узнавать начинать улыбаться становиться жить мочь
Lermontov,Zeta,89,ADJ,готовый длинный дикий большой хороший лихой лукавый дневной должный удалой
Lermontov,Zeta,89,NOUN,раз мука пора старик колено русский час око звук конь
Lermontov,Zeta,89,VERB,привыкать видать бродить грозить подходить выходить отворачивать подымать мочь лежать
Lermontov,Zeta,90,ADJ,томный чужой седой дикий любезный старый чудный большой длинный вольный
Lermontov,Zeta,90,NOUN,рука слеза сон рая сакля степь волнение кость куст молчание
Lermontov,Zeta,90,VERB,иметь молиться проходить благодарить выходить хранить бояться обманывать погубить слушать
Lermontov,Zeta,91,ADJ,большой должный чужой готовый мятежный одинокий серый тесный лишенный грубый
Lermontov,Zeta,91,NOUN,дева толпа мука смерть шаг дело луна крест русский снег
Lermontov,Zeta,91,VERB,видать взглядывать оставлять умирать плакать потерять селить сохранять струиться взять
Lermontov,Zeta,92,ADJ,злой целый старый славный длинный дорогой бесплодный студеный безвестный нынешний
Lermontov,Zeta,92,NOUN,сын брат шум бой карта раз ад арбенин гарун жизнь
Lermontov,Zeta,92,VERB,бить дымиться умирать гнать завидовать открываться увянуть говорить сказать блеснуть
Lermontov,Zeta,93,ADJ,пустой бедный целый дальний опасный сырой боевой занятый мертвый недвижимый
Lermontov,Zeta,93,NOUN,час воля пора заря зверь голова боль лицо человек взор
Lermontov,Zeta,93,VERB,помогать понимать сидеть вздыхать погибать грызть спрашивать мочь стоять узнавать
Lermontov,Zeta,94,ADJ,бледный суровый должный бедный большой одинокий детский могучий старый сырой
Lermontov,Zeta,94,NOUN,слеза черкес пустыня рай облако туча страна тоска чело дело
Lermontov,Zeta,94,VERB,плакать уметь ведать отнимать пылать слыхать сказать забывать узнавать спать
Lermontov,Zeta,95,ADJ,старый чужой большой последний гордый готовый подобный целый лихой ложный
Lermontov,Zeta,95,NOUN,гора князь взгляд порог ряд творец час степь страх беда
Lermontov,Zeta,95,VERB,слушать взять отдавать открывать стоять искать смотреть желать плакать встречать
Lermontov,Zeta,96,ADJ,рад хороший большой душистый серый богатый зимний ложный немой ужасный
Lermontov,Zeta,96,NOUN,кровь толпа ряд блаженство куст одежда саша черта к пора
Lermontov,Zeta,96,VERB,слушать спать становиться смотреть вернуться делить убивать обольщать посмотреть склонять
Lermontov,Zeta,97,ADJ,счастливый старый сердечный тайный божий мрачный одинокий пустой большой должный
Lermontov,Zeta,97,NOUN,взор луч бой князь счастие слово дверь скала черкес боязнь
Lermontov,Zeta,97,VERB,вести привыкать сидеть висеть ценить любить бежать плакать сказать умирать
Lermontov,Zeta,98,ADJ,большой должный тайный странный женский сырой глупый лихой бледный родной
Lermontov,Zeta,98,NOUN,конь старик князь крик черта добро казак месть приют час
Lermontov,Zeta,98,VERB,хотеть взглядывать выходить казаться раздаваться дрожать лежать слушать умирать ведать
Lermontov,Zeta,99,ADJ,злой вольный холодный большой длинный готовый дорогой желтый странный грешный
Lermontov,Zeta,99,NOUN,конь грудь память страдание герой дело лицо гость дверь камень
Lermontov,Zeta,99,VERB,дрожать узнавать жить садиться бояться вспомнить вести вздрагивать висеть волновать
Lermontov,Zeta,100,ADJ,удалой старый рад большой длинный девственный мятежный честный бедный счастливый
Lermontov,Zeta,100,NOUN,смерть раз скала честь аул браслет движение поле женщина змея
Lermontov,Zeta,100,VERB,погибать казаться отдавать становиться узнавать упасть идти звать сидеть иметь
Baratynsky,Guiraud,1,ADJ,благой нужный болезненный лишенный лихой пасмурный похожий почтенный должный лукавый
Baratynsky,Guiraud,1,NOUN,вера лицо выражение мера бал старушка шалость дверь палец увлечение
Baratynsky,Guiraud,1,VERB,представать славить владеть позволять признаваться решать хвалить желать обретать оставлять
Baratynsky,Guiraud,2,ADJ,благой нужный должный болезненный лишенный пасмурный похожий почтенный лукавый ветреный
Baratynsky,Guiraud,2,NOUN,вера лицо выражение старушка мера шалость дверь бал досуг искусство
Baratynsky,Guiraud,2,VERB,представать славить владеть позволять признаваться желать носить решать хвалить сказать
Baratynsky,Guiraud,3,ADJ,нужный должный болезненный лишенный благой лихой почтенный лукавый ветреный едкий
Baratynsky,Guiraud,3,NOUN,вера лицо выражение мера старушка бал шалость дверь палец увлечение
Baratynsky,Guiraud,3,VERB,представать владеть признаваться решать славить носить желать обретать позволять хвалить
Baratynsky,Guiraud,4,ADJ,нужный должный благой болезненный лишенный лихой похожий почтенный лукавый ветреный
Baratynsky,Guiraud,4,NOUN,вера лицо выражение мера бал старушка шалость дверь палец увлечение
Baratynsky,Guiraud,4,VERB,представать владеть признаваться решать славить хвалить носить обретать позволять желать
Baratynsky,Guiraud,5,ADJ,благой болезненный нужный должный лихой похожий почтенный едкий ласковый лишенный
Baratynsky,Guiraud,5,NOUN,вера лицо старушка бал выражение мера шалость дверь палец увлечение
Baratynsky,Guiraud,5,VERB,представать славить владеть позволять признаваться носить решать желать оставлять сказать
Baratynsky,Guiraud,6,ADJ,благой нужный должный болезненный лихой лишенный пасмурный похожий почтенный лукавый
Baratynsky,Guiraud,6,NOUN,вера лицо выражение мера старушка дверь бал шалость увлечение досуг
Baratynsky,Guiraud,6,VERB,представать владеть позволять признаваться решать хвалить носить желать обретать славить
Baratynsky,Guiraud,7,ADJ,благой нужный должный болезненный лишенный лихой пасмурный похожий лукавый ветреный
Baratynsky,Guiraud,7,NOUN,вера лицо выражение мера бал старушка дверь шалость палец досуг
Baratynsky,Guiraud,7,VERB,представать славить владеть признаваться решать желать хвалить сказать оставлять носить
Baratynsky,Guiraud,8,ADJ,должный благой болезненный лишенный нужный лихой пасмурный похожий лукавый ласковый
Baratynsky,Guiraud,8,NOUN,вера лицо выражение старушка мера шалость дверь бал палец досуг
Baratynsky,Guiraud,8,VERB,представать владеть позволять признаваться решать желать носить обретать славить хвалить
Baratynsky,Guiraud,9,ADJ,благой нужный должный лишенный болезненный лихой пасмурный почтенный ветреный едкий
Baratynsky,Guiraud,9,NOUN,вера лицо выражение мера старушка бал шалость дверь палец увлечение
Baratynsky,Guiraud,9,VERB,представать славить владеть позволять признаваться решать хвалить желать носить обретать
Baratynsky,Guiraud,10,ADJ,благой должный болезненный лишенный нужный лихой пасмурный похожий почтенный лукавый
Baratynsky,Guiraud,10,NOUN,вера лицо выражение мера старушка шалость дверь бал палец увлечение
Baratynsky,Guiraud,10,VERB,представать славить владеть признаваться решать желать носить обретать позволять хвалить
Baratynsky,Guiraud,11,ADJ,благой нужный должный болезненный лишенный пасмурный похожий ветреный ласковый лихой
Baratynsky,Guiraud,11,NOUN,вера лицо выражение мера бал старушка шалость дверь увлечение досуг
Baratynsky,Guiraud,11,VERB,представать владеть позволять признаваться решать славить хвалить желать носить оставлять
Baratynsky,Guiraud,12,ADJ,благой нужный должный болезненный лишенный пасмурный похожий лукавый ветреный едкий
Baratynsky,Guiraud,12,NOUN,вера лицо выражение мера старушка бал шалость дверь досуг нрав
Baratynsky,Guiraud,12,VERB,представать славить владеть позволять признаваться решать хвалить желать обретать оставлять
Baratynsky,Guiraud,13,ADJ,благой нужный должный болезненный лишенный лихой пасмурный похожий почтенный лукавый
Baratynsky,Guiraud,13,NOUN,вера лицо выражение старушка бал шалость дверь мера палец увлечение
Baratynsky,Guiraud,13,VERB,представать славить владеть признаваться решать хвалить обретать позволять сказать желать
Baratynsky,Guiraud,14,ADJ,благой нужный должный болезненный лишенный лихой пасмурный почтенный ветреный едкий
Baratynsky,Guiraud,14,NOUN,вера лицо выражение мера старушка бал шалость дверь палец увлечение
Baratynsky,Guiraud,14,VERB,представать владеть позволять признаваться решать славить носить желать хвалить сказать
Baratynsky,Guiraud,15,ADJ,нужный должный благой болезненный лишенный лихой пасмурный похожий почтенный ветреный
Baratynsky,Guiraud,15,NOUN,вера лицо выражение мера бал старушка шалость дверь палец искусство
Baratynsky,Guiraud,15,VERB,представать славить владеть позволять признаваться решать хвалить носить желать оставлять
Baratynsky,Guiraud,16,ADJ,нужный должный благой болезненный лишенный лихой пасмурный почтенный лукавый едкий
Baratynsky,Guiraud,16,NOUN,вера лицо выражение мера старушка бал шалость дверь палец увлечение
Baratynsky,Guiraud,16,VERB,представать владеть позволять признаваться решать славить хвалить желать носить сказать
Baratynsky,Guiraud,17,ADJ,благой должный болезненный лишенный нужный лихой пасмурный похожий почтенный лукавый
Baratynsky,Guiraud,17,NOUN,вера лицо выражение мера старушка бал дверь шалость палец увлечение
Baratynsky,Guiraud,17,VERB,представать славить владеть позволять признаваться решать хвалить носить желать оставлять
Baratynsky,Guiraud,18,ADJ,благой нужный болезненный лишенный лихой пасмурный похожий почтенный должный лукавый
Baratynsky,Guiraud,18,NOUN,вера лицо мера старушка бал выражение шалость дверь палец увлечение
Baratynsky,Guiraud,18,VERB,представать славить владеть позволять признаваться решать хвалить носить желать оставлять
Baratynsky,Guiraud,19,ADJ,благой должный болезненный нужный лихой лишенный пасмурный похожий почтенный лукавый
Baratynsky,Guiraud,19,NOUN,вера лицо выражение мера старушка бал шалость дверь палец увлечение
Baratynsky,Guiraud,19,VERB,представать славить владеть позволять признаваться решать желать носить обретать хвалить
Baratynsky,Guiraud,20,ADJ,нужный должный благой болезненный лишенный лихой пасмурный похожий почтенный лукавый
Baratynsky,Guiraud,20,NOUN,вера лицо выражение мера старушка бал шалость дверь палец увлечение
Baratynsky,Guiraud,20,VERB,представать владеть позволять признаваться решать славить хвалить желать носить обретать
Baratynsky,Guiraud,21,ADJ,нужный должный благой болезненный лишенный пасмурный похожий почтенный ветреный едкий
Baratynsky,Guiraud,21,NOUN,вера лицо выражение мера старушка бал шалость дверь палец увлечение
Baratynsky,Guiraud,21,VERB,славить владеть представать позволять решать хвалить желать обретать оставлять носить
Baratynsky,Guiraud,22,ADJ,благой нужный болезненный лишенный должный лихой лукавый едкий ласковый небрежный
Baratynsky,Guiraud,22,NOUN,вера лицо выражение мера старушка бал шалость дверь палец досуг
Baratynsky,Guiraud,22,VERB,представать славить владеть позволять признаваться решать носить обретать хвалить желать
Baratynsky,Guiraud,23,ADJ,благой нужный должный лишенный болезненный лихой пасмурный почтенный лукавый ветреный
Baratynsky,Guiraud,23,NOUN,вера лицо выражение мера старушка бал дверь шалость палец досуг
Baratynsky,Guiraud,23,VERB,славить представать владеть позволять признаваться решать желать обретать хвалить оставлять
Baratynsky,Guiraud,24,ADJ,благой нужный должный болезненный лишенный пасмурный похожий почтенный лукавый ветреный
Baratynsky,Guiraud,24,NOUN,вера лицо мера старушка бал выражение дверь палец увлечение шалость
Baratynsky,Guiraud,24,VERB,славить владеть представать признаваться решать хвалить носить желать позволять даровать
Baratynsky,Guiraud,25,ADJ,благой нужный болезненный лишенный должный лихой пасмурный похожий лукавый ветреный
Baratynsky,Guiraud,25,NOUN,вера лицо выражение мера старушка бал шалость дверь палец увлечение
Baratynsky,Guiraud,25,VERB,представать славить владеть позволять признаваться решать хвалить носить желать оставлять
Baratynsky,Guiraud,26,ADJ,нужный благой болезненный должный лишенный пасмурный похожий почтенный лукавый ветреный
Baratynsky,Guiraud,26,NOUN,вера лицо выражение старушка бал мера шалость дверь палец увлечение
Baratynsky,Guiraud,26,VERB,владеть представать позволять признаваться решать славить хвалить носить желать сказать
Baratynsky,Guiraud,27,ADJ,благой нужный должный болезненный лишенный лихой пасмурный похожий почтенный лукавый
Baratynsky,Guiraud,27,NOUN,вера лицо выражение старушка бал мера шалость дверь палец увлечение
Baratynsky,Guiraud,27,VERB,владеть представать позволять решать славить хвалить желать носить обретать признаваться
Baratynsky,Guiraud,28,ADJ,благой нужный должный болезненный лишенный пасмурный похожий лукавый ветреный едкий
Baratynsky,Guiraud,28,NOUN,вера лицо мера выражение старушка шалость дверь бал увлечение досуг
Baratynsky,Guiraud,28,VERB,славить владеть представать позволять признаваться решать хвалить носить желать оставлять
Baratynsky,Guiraud,29,ADJ,благой должный лишенный нужный болезненный лихой пасмурный похожий почтенный лукавый
Baratynsky,Guiraud,29,NOUN,вера лицо выражение старушка мера шалость дверь бал палец увлечение
Baratynsky,Guiraud,29,VERB,славить владеть представать позволять признаваться решать хвалить носить обретать сказать
Baratynsky,Guiraud,30,ADJ,благой нужный должный болезненный лишенный пасмурный похожий почтенный лукавый ветреный
Baratynsky,Guiraud,30,NOUN,вера лицо выражение мера бал старушка шалость дверь палец увлечение
Baratynsky,Guiraud,30,VERB,представать славить владеть признаваться решать хвалить желать носить позволять оставлять
Baratynsky,Guiraud,31,ADJ,благой должный болезненный лишенный нужный пасмурный похожий почтенный лукавый ветреный
Baratynsky,Guiraud,31,NOUN,вера лицо выражение мера бал старушка шалость дверь увлечение досуг
Baratynsky,Guiraud,31,VERB,представать владеть позволять решать хвалить желать носить обретать признаваться славить
Baratynsky,Guiraud,32,ADJ,благой нужный болезненный лишенный должный лихой пасмурный похожий почтенный ветреный
Baratynsky,Guiraud,32,NOUN,вера лицо выражение мера старушка бал шалость дверь палец увлечение
Baratynsky,Guiraud,32,VERB,владеть представать позволять признаваться славить хвалить носить желать обретать решать
Baratynsky,Guiraud,33,ADJ,благой должный болезненный лишенный нужный пасмурный похожий почтенный ветреный едкий
Baratynsky,Guiraud,33,NOUN,вера лицо выражение мера бал старушка шалость дверь палец увлечение
Baratynsky,Guiraud,33,VERB,представать славить позволять признаваться решать хвалить владеть носить желать обретать
Baratynsky,Guiraud,34,ADJ,благой должный болезненный лишенный нужный лихой пасмурный похожий почтенный лукавый
Baratynsky,Guiraud,34,NOUN,вера лицо выражение мера старушка бал шалость дверь увлечение досуг
Baratynsky,Guiraud,34,VERB,представать славить владеть позволять признаваться решать хвалить желать носить сказать
Baratynsky,Guiraud,35,ADJ,благой нужный должный болезненный лихой лишенный пасмурный почтенный едкий небрежный
Baratynsky,Guiraud,35,NOUN,вера лицо выражение мера старушка бал дверь палец увлечение шалость
Baratynsky,Guiraud,35,VERB,представать славить владеть позволять признаваться решать хвалить желать обретать оставлять
Baratynsky,Guiraud,36,ADJ,благой нужный должный болезненный лишенный пасмурный похожий почтенный лукавый едкий
Baratynsky,Guiraud,36,NOUN,вера лицо выражение мера старушка бал шалость дверь палец увлечение
Baratynsky,Guiraud,36,VERB,славить владеть представать позволять признаваться решать желать носить хвалить сказать
Baratynsky,Guiraud,37,ADJ,благой нужный болезненный лишенный должный лихой похожий почтенный лукавый ветреный
Baratynsky,Guiraud,37,NOUN,вера лицо выражение мера старушка шалость дверь бал палец увлечение
Baratynsky,Guiraud,37,VERB,владеть представать признаваться решать славить хвалить желать носить обретать позволять
Baratynsky,Guiraud,38,ADJ,благой нужный должный болезненный лишенный пасмурный похожий почтенный лукавый ветреный
Baratynsky,Guiraud,38,NOUN,вера лицо мера старушка бал шалость дверь выражение палец увлечение
Baratynsky,Guiraud,38,VERB,представать владеть позволять признаваться решать славить хвалить желать носить обретать
Baratynsky,Guiraud,39,ADJ,благой нужный болезненный лишенный должный лихой пасмурный похожий почтенный лукавый
Baratynsky,Guiraud,39,NOUN,вера лицо выражение мера старушка шалость дверь бал палец увлечение
Baratynsky,Guiraud,39,VERB,славить владеть представать позволять признаваться хвалить желать решать оставлять носить
Baratynsky,Guiraud,40,ADJ,благой должный болезненный лишенный нужный лихой пасмурный похожий почтенный лукавый
Baratynsky,Guiraud,40,NOUN,вера лицо выражение мера старушка шалость бал дверь увлечение нрав
Baratynsky,Guiraud,40,VERB,представать владеть признаваться славить хвалить носить желать обретать позволять решать
Baratynsky,Guiraud,41,ADJ,нужный должный благой болезненный лишенный лихой похожий почтенный лукавый едкий
Baratynsky,Guiraud,41,NOUN,вера лицо выражение мера бал старушка шалость дверь увлечение нрав
Baratynsky,Guiraud,41,VERB,славить владеть представать позволять признаваться решать носить желать обретать хвалить
Baratynsky,Guiraud,42,ADJ,благой должный болезненный лишенный нужный лихой пасмурный похожий почтенный лукавый
Baratynsky,Guiraud,42,NOUN,вера лицо выражение старушка бал мера шалость дверь палец увлечение
Baratynsky,Guiraud,42,VERB,представать славить владеть позволять признаваться решать хвалить желать носить даровать
Baratynsky,Guiraud,43,ADJ,благой должный лишенный нужный болезненный лихой похожий лукавый едкий ласковый
Baratynsky,Guiraud,43,NOUN,вера лицо выражение бал мера старушка шалость дверь палец увлечение
Baratynsky,Guiraud,43,VERB,представать славить владеть признаваться решать хвалить носить желать позволять оставлять
Baratynsky,Guiraud,44,ADJ,благой должный болезненный нужный лихой лишенный пасмурный почтенный лукавый небрежный
Baratynsky,Guiraud,44,NOUN,вера лицо выражение мера старушка шалость дверь бал палец увлечение
Baratynsky,Guiraud,44,VERB,представать славить владеть решать хвалить носить позволять оставлять даровать обретать
Baratynsky,Guiraud,45,ADJ,благой нужный должный болезненный лишенный лихой пасмурный похожий почтенный лукавый
Baratynsky,Guiraud,45,NOUN,вера лицо выражение мера старушка шалость дверь бал палец увлечение
Baratynsky,Guiraud,45,VERB,представать славить владеть признаваться решать хвалить носить позволять желать оставлять
Baratynsky,Guiraud,46,ADJ,нужный должный благой болезненный лишенный пасмурный похожий почтенный лукавый ветреный
Baratynsky,Guiraud,46,NOUN,вера лицо выражение мера старушка бал шалость дверь палец увлечение
Baratynsky,Guiraud,46,VERB,представать славить владеть позволять решать хвалить желать носить обретать признаваться
Baratynsky,Guiraud,47,ADJ,благой должный лишенный нужный болезненный лихой пасмурный почтенный лукавый едкий
Baratynsky,Guiraud,47,NOUN,вера лицо выражение мера старушка бал дверь шалость палец увлечение
Baratynsky,Guiraud,47,VERB,представать славить владеть признаваться решать хвалить желать обретать позволять носить
Baratynsky,Guiraud,48,ADJ,нужный должный благой болезненный лишенный лихой пасмурный похожий почтенный лукавый
Baratynsky,Guiraud,48,NOUN,вера лицо выражение мера старушка бал шалость дверь палец увлечение
Baratynsky,Guiraud,48,VERB,представать славить владеть признаваться желать обретать позволять решать хвалить оставлять
Baratynsky,Guiraud,49,ADJ,нужный должный благой болезненный лишенный лихой похожий лукавый ветреный едкий
Baratynsky,Guiraud,49,NOUN,вера лицо выражение старушка бал мера дверь шалость палец увлечение
Baratynsky,Guiraud,49,VERB,представать славить владеть позволять признаваться решать хвалить носить желать обретать
Baratynsky,Guiraud,50,ADJ,благой должный болезненный лишенный нужный лихой пасмурный похожий почтенный лукавый
Baratynsky,Guiraud,50,NOUN,вера лицо выражение мера старушка бал шалость дверь палец увлечение
Baratynsky,Guiraud,50,VERB,представать славить владеть позволять признаваться хвалить желать обретать решать оставлять
Baratynsky,Guiraud,51,ADJ,нужный должный благой болезненный лишенный лихой пасмурный похожий лукавый ветреный
Baratynsky,Guiraud,51,NOUN,вера лицо выражение мера бал старушка шалость дверь палец увлечение
Baratynsky,Guiraud,51,VERB,славить представать владеть позволять признаваться хвалить желать носить обретать решать
Baratynsky,Guiraud,52,ADJ,благой должный болезненный лишенный нужный лихой почтенный ветреный едкий ласковый
Baratynsky,Guiraud,52,NOUN,вера лицо выражение мера бал старушка дверь шалость палец увлечение
Baratynsky,Guiraud,52,VERB,владеть представать позволять признаваться решать славить желать носить хвалить оставлять
Baratynsky,Guiraud,53,ADJ,благой болезненный лишенный нужный должный лихой пасмурный похожий почтенный лукавый
Baratynsky,Guiraud,53,NOUN,вера лицо выражение старушка бал мера шалость дверь увлечение нрав
Baratynsky,Guiraud,53,VERB,славить владеть представать позволять признаваться решать хвалить носить желать сказать
Baratynsky,Guiraud,54,ADJ,благой нужный должный болезненный лишенный лихой пасмурный похожий почтенный лукавый
Baratynsky,Guiraud,54,NOUN,вера лицо мера бал выражение старушка шалость дверь палец увлечение
Baratynsky,Guiraud,54,VERB,представать славить владеть позволять признаваться хвалить желать носить обретать решать
Baratynsky,Guiraud,55,ADJ,благой нужный должный болезненный лишенный лихой пасмурный похожий почтенный лукавый
Baratynsky,Guiraud,55,NOUN,вера лицо выражение мера старушка бал шалость дверь увлечение досуг
Baratynsky,Guiraud,55,VERB,представать славить владеть позволять признаваться хвалить желать носить решать сказать
Baratynsky,Guiraud,56,ADJ,благой нужный должный болезненный лишенный лихой пасмурный похожий почтенный лукавый
Baratynsky,Guiraud,56,NOUN,вера лицо выражение мера старушка бал шалость дверь палец увлечение
Baratynsky,Guiraud,56,VERB,славить владеть представать признаваться решать хвалить носить желать обретать позволять
Baratynsky,Guiraud,57,ADJ,благой нужный должный лишенный болезненный лихой пасмурный похожий почтенный лукавый
Baratynsky,Guiraud,57,NOUN,вера лицо выражение мера старушка бал шалость дверь палец увлечение
Baratynsky,Guiraud,57,VERB,представать славить владеть позволять признаваться решать желать носить обретать сказать
Baratynsky,Guiraud,58,ADJ,благой нужный должный болезненный лихой лишенный похожий почтенный ветреный едкий
Baratynsky,Guiraud,58,NOUN,вера лицо мера старушка бал шалость дверь выражение палец увлечение
Baratynsky,Guiraud,58,VERB,представать славить владеть позволять признаваться решать желать носить даровать обретать
Baratynsky,Guiraud,59,ADJ,благой нужный должный болезненный лихой лишенный пасмурный похожий почтенный ветреный
Baratynsky,Guiraud,59,NOUN,вера лицо выражение мера старушка бал шалость дверь увлечение досуг
Baratynsky,Guiraud,59,VERB,представать славить позволять признаваться решать желать владеть носить обретать хвалить
Baratynsky,Guiraud,60,ADJ,благой должный болезненный лишенный нужный лихой пасмурный похожий почтенный ветреный
Baratynsky,Guiraud,60,NOUN,вера лицо выражение бал мера старушка дверь шалость палец увлечение
Baratynsky,Guiraud,60,VERB,представать владеть позволять признаваться славить хвалить желать носить обретать сказать
Baratynsky,Guiraud,61,ADJ,нужный должный благой болезненный лихой лишенный похожий почтенный ветреный едкий
Baratynsky,Guiraud,61,NOUN,вера лицо выражение старушка бал мера шалость дверь палец досуг
Baratynsky,Guiraud,61,VERB,представать славить владеть признаваться решать носить желать обретать позволять хвалить
Baratynsky,Guiraud,62,ADJ,благой болезненный лишенный нужный должный лихой похожий почтенный лукавый едкий
Baratynsky,Guiraud,62,NOUN,вера лицо старушка бал выражение мера шалость дверь палец увлечение
Baratynsky,Guiraud,62,VERB,славить владеть представать позволять признаваться решать хвалить носить желать обретать
Baratynsky,Guiraud,63,ADJ,благой нужный должный болезненный лишенный пасмурный похожий почтенный ветреный едкий
Baratynsky,Guiraud,63,NOUN,вера лицо выражение старушка бал мера шалость дверь палец увлечение
Baratynsky,Guiraud,63,VERB,представать славить владеть признаваться решать носить желать позволять хвалить оставлять
Baratynsky,Guiraud,64,ADJ,благой должный болезненный лишенный нужный лихой пасмурный похожий почтенный лукавый
Baratynsky,Guiraud,64,NOUN,вера лицо мера старушка бал выражение дверь шалость увлечение нрав
Baratynsky,Guiraud,64,VERB,представать славить владеть позволять признаваться решать хвалить желать оставлять сказать
Baratynsky,Guiraud,65,ADJ,благой нужный болезненный должный лихой лишенный пасмурный почтенный лукавый ветреный
Baratynsky,Guiraud,65,NOUN,вера лицо выражение мера бал шалость дверь старушка досуг нрав
Baratynsky,Guiraud,65,VERB,представать славить владеть позволять признаваться решать хвалить желать обретать оставлять
Baratynsky,Guiraud,66,ADJ,нужный должный болезненный благой лихой лишенный пасмурный ветреный ласковый похожий
Baratynsky,Guiraud,66,NOUN,вера лицо выражение мера старушка шалость дверь бал палец увлечение
Baratynsky,Guiraud,66,VERB,представать славить владеть хвалить желать носить обретать позволять признаваться решать
Baratynsky,Guiraud,67,ADJ,благой должный болезненный лишенный нужный лихой пасмурный похожий почтенный едкий
Baratynsky,Guiraud,67,NOUN,вера выражение старушка лицо бал мера дверь шалость палец увлечение
Baratynsky,Guiraud,67,VERB,представать славить владеть позволять признаваться решать хвалить носить желать обретать
Baratynsky,Guiraud,68,ADJ,благой должный болезненный лишенный нужный лихой пасмурный похожий лукавый ветреный
Baratynsky,Guiraud,68,NOUN,вера лицо выражение мера старушка бал шалость дверь увлечение досуг
Baratynsky,Guiraud,68,VERB,славить владеть представать позволять признаваться решать хвалить носить желать обретать
Baratynsky,Guiraud,69,ADJ,благой нужный должный болезненный лишенный лихой пасмурный похожий почтенный лукавый
Baratynsky,Guiraud,69,NOUN,вера лицо мера старушка выражение шалость дверь бал палец увлечение
Baratynsky,Guiraud,69,VERB,представать славить владеть позволять признаваться хвалить желать носить обретать решать
Baratynsky,Guiraud,70,ADJ,благой болезненный лишенный нужный должный пасмурный похожий почтенный ветреный едкий
Baratynsky,Guiraud,70,NOUN,вера лицо выражение мера старушка бал шалость дверь палец увлечение
Baratynsky,Guiraud,70,VERB,представать славить владеть позволять признаваться решать хвалить желать носить даровать
Baratynsky,Guiraud,71,ADJ,благой должный болезненный лишенный нужный лихой пасмурный похожий почтенный лукавый
Baratynsky,Guiraud,71,NOUN,вера лицо выражение мера старушка бал дверь палец шалость судьбина
Baratynsky,Guiraud,71,VERB,славить представать владеть позволять признаваться решать желать носить обретать хвалить
Baratynsky,Guiraud,72,ADJ,благой нужный должный болезненный лишенный лихой пасмурный похожий почтенный ветреный
Baratynsky,Guiraud,72,NOUN,вера лицо выражение мера бал старушка шалость дверь палец увлечение
Baratynsky,Guiraud,72,VERB,представать славить владеть признаваться хвалить желать носить обретать позволять сказать
Baratynsky,Guiraud,73,ADJ,благой нужный должный болезненный лишенный лихой похожий почтенный лукавый ветреный
Baratynsky,Guiraud,73,NOUN,вера лицо выражение мера старушка бал шалость дверь увлечение досуг
Baratynsky,Guiraud,73,VERB,славить владеть представать позволять признаваться решать хвалить желать носить обретать
Baratynsky,Guiraud,74,ADJ,благой нужный должный лишенный болезненный лихой похожий почтенный лукавый едкий
Baratynsky,Guiraud,74,NOUN,вера лицо мера старушка бал выражение шалость дверь увлечение нрав
Baratynsky,Guiraud,74,VERB,представать славить владеть решать хвалить носить желать обретать позволять признаваться
Baratynsky,Guiraud,75,ADJ,должный лишенный нужный благой болезненный пасмурный похожий почтенный лукавый ветреный
Baratynsky,Guiraud,75,NOUN,вера лицо мера бал выражение старушка шалость дверь палец увлечение
Baratynsky,Guiraud,75,VERB,представать славить владеть позволять решать желать носить обретать признаваться хвалить
Baratynsky,Guiraud,76,ADJ,благой нужный должный болезненный лишенный пасмурный похожий почтенный едкий ласковый
Baratynsky,Guiraud,76,NOUN,вера лицо выражение старушка бал мера шалость дверь палец увлечение
Baratynsky,Guiraud,76,VERB,славить владеть представать позволять признаваться решать хвалить желать носить обретать
Baratynsky,Guiraud,77,ADJ,благой нужный должный болезненный лишенный лихой пасмурный похожий лукавый ветреный
Baratynsky,Guiraud,77,NOUN,вера лицо выражение старушка бал мера дверь шалость палец увлечение
Baratynsky,Guiraud,77,VERB,представать славить владеть позволять признаваться решать хвалить носить желать обретать
Baratynsky,Guiraud,78,ADJ,нужный должный благой болезненный лишенный лихой пасмурный похожий почтенный лукавый
Baratynsky,Guiraud,78,NOUN,вера лицо мера старушка выражение шалость дверь бал палец увлечение
Baratynsky,Guiraud,78,VERB,славить владеть представать признаваться решать хвалить обретать позволять желать оставлять
Baratynsky,Guiraud,79,ADJ,благой нужный должный лишенный болезненный лихой пасмурный похожий ветреный едкий
Baratynsky,Guiraud,79,NOUN,вера лицо выражение мера старушка бал шалость дверь палец увлечение
Baratynsky,Guiraud,79,VERB,представать владеть признаваться решать славить хвалить желать обретать позволять носить
Baratynsky,Guiraud,80,ADJ,благой нужный должный болезненный лишенный лихой пасмурный почтенный лукавый ветреный
Baratynsky,Guiraud,80,NOUN,вера лицо выражение мера шалость дверь бал палец старушка увлечение
Baratynsky,Guiraud,80,VERB,славить владеть представать позволять признаваться хвалить носить обретать решать желать
Baratynsky,Guiraud,81,ADJ,благой нужный должный болезненный лишенный лихой пасмурный похожий почтенный лукавый
Baratynsky,Guiraud,81,NOUN,вера лицо выражение мера старушка бал дверь шалость палец увлечение
Baratynsky,Guiraud,81,VERB,представать славить владеть позволять решать хвалить желать носить обретать признаваться
Baratynsky,Guiraud,82,ADJ,благой нужный болезненный лишенный должный лихой пасмурный похожий почтенный лукавый
Baratynsky,Guiraud,82,NOUN,вера лицо выражение мера старушка шалость дверь бал палец увлечение
Baratynsky,Guiraud,82,VERB,представать славить владеть позволять решать хвалить желать носить обретать признаваться
Baratynsky,Guiraud,83,ADJ,благой нужный должный болезненный лишенный пасмурный похожий почтенный лукавый ветреный
Baratynsky,Guiraud,83,NOUN,вера лицо выражение мера старушка шалость дверь бал палец увлечение
Baratynsky,Guiraud,83,VERB,владеть представать позволять признаваться решать славить носить желать обретать хвалить
Baratynsky,Guiraud,84,ADJ,благой должный болезненный лишенный нужный пасмурный лукавый ветреный едкий ласковый
Baratynsky,Guiraud,84,NOUN,вера лицо мера старушка бал выражение шалость дверь палец увлечение
Baratynsky,Guiraud,84,VERB,представать владеть решать славить хвалить желать позволять признаваться оставлять носить
Baratynsky,Guiraud,85,ADJ,нужный должный благой болезненный лишенный лихой пасмурный похожий почтенный едкий
Baratynsky,Guiraud,85,NOUN,вера лицо выражение мера старушка бал шалость дверь палец увлечение
Baratynsky,Guiraud,85,VERB,славить представать владеть признаваться хвалить желать носить обретать позволять решать
Baratynsky,Guiraud,86,ADJ,благой должный болезненный лишенный нужный лихой похожий почтенный лукавый едкий
Baratynsky,Guiraud,86,NOUN,вера лицо мера старушка бал выражение шалость дверь палец увлечение
Baratynsky,Guiraud,86,VERB,славить владеть представать позволять признаваться решать хвалить желать обретать носить
Baratynsky,Guiraud,87,ADJ,нужный должный благой болезненный лишенный лихой пасмурный похожий почтенный ветреный
Baratynsky,Guiraud,87,NOUN,вера лицо выражение мера старушка шалость дверь бал увлечение досуг
Baratynsky,Guiraud,87,VERB,представать славить владеть позволять признаваться решать хвалить носить желать обретать
Baratynsky,Guiraud,88,ADJ,благой должный болезненный лишенный нужный лихой пасмурный почтенный лукавый ветреный
Baratynsky,Guiraud,88,NOUN,вера лицо выражение мера старушка бал шалость дверь палец увлечение
Baratynsky,Guiraud,88,VERB,славить представать позволять признаваться решать хвалить владеть носить желать обретать
Baratynsky,Guiraud,89,ADJ,благой нужный должный болезненный лишенный пасмурный похожий почтенный ветреный едкий
Baratynsky,Guiraud,89,NOUN,вера лицо выражение мера бал старушка шалость дверь увлечение досуг
Baratynsky,Guiraud,89,VERB,представать славить владеть позволять признаваться решать хвалить желать носить оставлять
Baratynsky,Guiraud,90,ADJ,благой нужный должный лишенный болезненный лихой пасмурный похожий почтенный лукавый
Baratynsky,Guiraud,90,NOUN,вера лицо мера бал выражение старушка дверь шалость палец увлечение
Baratynsky,Guiraud,90,VERB,представать владеть позволять признаваться решать славить хвалить желать носить сказать
Baratynsky,Guiraud,91,ADJ,благой нужный должный болезненный лихой лишенный пасмурный почтенный лукавый едкий
Baratynsky,Guiraud,91,NOUN,вера выражение лицо бал мера старушка дверь шалость палец увлечение
Baratynsky,Guiraud,91,VERB,владеть представать позволять признаваться решать славить желать хвалить оставлять носить
Baratynsky,Guiraud,92,ADJ,благой должный болезненный лишенный нужный лихой пасмурный похожий почтенный ветреный
Baratynsky,Guiraud,92,NOUN,вера лицо выражение мера старушка шалость дверь бал увлечение досуг
Baratynsky,Guiraud,92,VERB,славить владеть представать позволять признаваться решать хвалить желать обретать носить
Baratynsky,Guiraud,93,ADJ,нужный благой лишенный болезненный лихой пасмурный похожий почтенный должный лукавый
Baratynsky,Guiraud,93,NOUN,вера лицо выражение мера старушка бал шалость дверь палец увлечение
Baratynsky,Guiraud,93,VERB,представать славить владеть позволять признаваться решать хвалить носить желать обретать
Baratynsky,Guiraud,94,ADJ,благой нужный должный болезненный лишенный лихой пасмурный похожий почтенный лукавый
Baratynsky,Guiraud,94,NOUN,вера лицо выражение мера старушка бал шалость дверь увлечение нрав
Baratynsky,Guiraud,94,VERB,представать славить владеть позволять признаваться желать носить обретать решать хвалить
Baratynsky,Guiraud,95,ADJ,благой лишенный нужный болезненный лихой пасмурный похожий почтенный должный лукавый
Baratynsky,Guiraud,95,NOUN,вера лицо выражение старушка мера дверь бал шалость палец увлечение
Baratynsky,Guiraud,95,VERB,представать славить владеть позволять хвалить желать носить признаваться решать оставлять
Baratynsky,Guiraud,96,ADJ,благой нужный болезненный лишенный должный лихой пасмурный похожий почтенный лукавый
Baratynsky,Guiraud,96,NOUN,вера лицо выражение бал мера старушка шалость дверь палец увлечение
Baratynsky,Guiraud,96,VERB,представать владеть позволять решать славить хвалить желать носить обретать сказать
Baratynsky,Guiraud,97,ADJ,благой нужный болезненный лишенный должный лихой похожий почтенный лукавый едкий
Baratynsky,Guiraud,97,NOUN,вера лицо выражение мера старушка бал шалость дверь увлечение досуг
Baratynsky,Guiraud,97,VERB,представать славить владеть позволять признаваться решать носить желать обретать хвалить
Baratynsky,Guiraud,98,ADJ,благой нужный болезненный лишенный должный лихой пасмурный похожий почтенный лукавый
Baratynsky,Guiraud,98,NOUN,вера лицо выражение мера старушка шалость дверь бал палец увлечение
Baratynsky,Guiraud,98,VERB,представать владеть позволять признаваться решать славить носить желать обретать хвалить
Baratynsky,Guiraud,99,ADJ,благой должный болезненный лишенный нужный лихой пасмурный похожий почтенный лукавый
Baratynsky,Guiraud,99,NOUN,вера лицо выражение мера старушка бал шалость дверь палец увлечение
Baratynsky,Guiraud,99,VERB,представать славить владеть позволять признаваться решать хвалить желать носить обретать
Baratynsky,Guiraud,100,ADJ,благой болезненный лишенный нужный должный лихой пасмурный похожий почтенный лукавый
Baratynsky,Guiraud,100,NOUN,вера лицо мера старушка бал выражение шалость дверь палец увлечение
Baratynsky,Guiraud,100,VERB,представать владеть позволять славить хвалить желать носить обретать признаваться решать
Baratynsky,Log odds,1,ADJ,елецкий давний финский досадный лицый модный грубый ветренный вседневный дружный
Baratynsky,Log odds,1,NOUN,сара нина царевна цыганка эда макар перо класс арсений гусар
Baratynsky,Log odds,1,VERB,дивиться попадать решаться продолжать бесить болтать наставлять отводить согнать стучаться
Baratynsky,Log odds,2,ADJ,елецкий давний финский досадный лицый модный грубый бестолковый вседневный дружный
Baratynsky,Log odds,2,NOUN,сара нина царевна цыганка эда макар арсений класс перо гусар
Baratynsky,Log odds,2,VERB,дивиться попадать решаться продолжать бесить болтать наставлять осмеливаться отводить согнать
Baratynsky,Log odds,3,ADJ,елецкий давний финский досадный лицый модный грубый бестолковый ветренный вседневный
Baratynsky,Log odds,3,NOUN,сара нина царевна цыганка эда макар арсений перо гусар класс
Baratynsky,Log odds,3,VERB,дивиться решаться попадать продолжать бесить болтать наставлять осмеливаться отводить согнать
Baratynsky,Log odds,4,ADJ,елецкий давний финский досадный лицый модный грубый бестолковый вседневный дружный
Baratynsky,Log odds,4,NOUN,сара нина царевна цыганка эда макар перо арсений класс гусар
Baratynsky,Log odds,4,VERB,дивиться попадать решаться продолжать бесить болтать наставлять осмеливаться отводить согнать
Baratynsky,Log odds,5,ADJ,елецкий давний финский досадный лицый модный грубый бестолковый ветренный вседневный
Baratynsky,Log odds,5,NOUN,сара нина царевна цыганка эда арсений класс макар перо гусар
Baratynsky,Log odds,5,VERB,дивиться попадать решаться продолжать бесить болтать наставлять осмеливаться отводить согнать
Baratynsky,Log odds,6,ADJ,елецкий давний финский досадный модный грубый лицый ветренный вседневный дружный
Baratynsky,Log odds,6,NOUN,сара нина царевна цыганка эда макар перо арсений гусар класс
Baratynsky,Log odds,6,VERB,дивиться попадать решаться продолжать бесить болтать наставлять осмеливаться отводить согнать
Baratynsky,Log odds,7,ADJ,елецкий давний финский досадный лицый модный бестолковый ветренный вседневный грубый
Baratynsky,Log odds,7,NOUN,сара нина царевна цыганка эда макар арсений класс гусар перо
Baratynsky,Log odds,7,VERB,дивиться попадать решаться бесить наставлять осмеливаться отводить согнать стучаться угождать
Baratynsky,Log odds,8,ADJ,елецкий давний финский досадный модный грубый лицый бестолковый ветренный вседневный
Baratynsky,Log odds,8,NOUN,сара нина царевна цыганка эда макар перо арсений гусар класс
Baratynsky,Log odds,8,VERB,дивиться попадать решаться продолжать бесить болтать наставлять осмеливаться отводить согнать
Baratynsky,Log odds,9,ADJ,елецкий давний финский досадный лицый модный грубый бестолковый ветренный вседневный
Baratynsky,Log odds,9,NOUN,сара нина царевна цыганка эда макар перо арсений класс шутка
Baratynsky,Log odds,9,VERB,дивиться решаться попадать бесить болтать наставлять осмеливаться отводить продолжать согнать
Baratynsky,Log odds,10,ADJ,елецкий давний финский досадный лицый модный грубый бестолковый ветренный вседневный
Baratynsky,Log odds,10,NOUN,сара нина царевна цыганка эда макар перо арсений класс шутка
Baratynsky,Log odds,10,VERB,попадать решаться дивиться продолжать бесить болтать наставлять осмеливаться отводить согнать
Baratynsky,Log odds,11,ADJ,елецкий давний досадный модный финский лицый бестолковый ветренный вседневный грубый
Baratynsky,Log odds,11,NOUN,сара нина царевна цыганка эда макар перо арсений класс гусар
Baratynsky,Log odds,11,VERB,дивиться попадать решаться продолжать бесить осмеливаться отводить согнать угождать успевать
Baratynsky,Log odds,12,ADJ,елецкий давний финский досадный лицый модный грубый бестолковый ветренный вседневный
Baratynsky,Log odds,12,NOUN,сара нина цыганка царевна эда макар перо арсений класс гусар
Baratynsky,Log odds,12,VERB,попадать решаться дивиться продолжать болтать наставлять осмеливаться отводить согнать стучаться
Baratynsky,Log odds,13,ADJ,елецкий давний финский досадный лицый модный грубый бестолковый ветренный вседневный
Baratynsky,Log odds,13,NOUN,сара нина царевна цыганка эда перо арсений класс макар шутка
Baratynsky,Log odds,13,VERB,дивиться попадать решаться бесить болтать наставлять осмеливаться отводить продолжать согнать
Baratynsky,Log odds,14,ADJ,елецкий давний финский досадный модный грубый ветренный вседневный дружный заметный
Baratynsky,Log odds,14,NOUN,сара нина царевна цыганка эда макар перо арсений гусар класс
Baratynsky,Log odds,14,VERB,дивиться попадать решаться продолжать бесить болтать наставлять отводить согнать стучаться
Baratynsky,Log odds,15,ADJ,елецкий давний финский досадный лицый модный грубый бестолковый ветренный вседневный
Baratynsky,Log odds,15,NOUN,сара нина царевна цыганка эда макар перо арсений класс шутка
Baratynsky,Log odds,15,VERB,дивиться решаться попадать продолжать бесить болтать наставлять осмеливаться отводить согнать
Baratynsky,Log odds,16,ADJ,елецкий давний финский досадный лицый грубый модный бестолковый ветренный вседневный
Baratynsky,Log odds,16,NOUN,сара нина царевна цыганка эда макар перо арсений класс гусар
Baratynsky,Log odds,16,VERB,решаться дивиться попадать продолжать бесить наставлять осмеливаться отводить согнать стучаться
Baratynsky,Log odds,17,ADJ,елецкий давний финский досадный модный грубый лицый бестолковый ветренный вседневный
Baratynsky,Log odds,17,NOUN,сара нина царевна эда цыганка макар перо арсений класс гусар
Baratynsky,Log odds,17,VERB,дивиться попадать решаться продолжать бесить болтать наставлять осмеливаться отводить согнать
Baratynsky,Log odds,18,ADJ,елецкий давний финский досадный лицый модный грубый бестолковый ветренный вседневный
Baratynsky,Log odds,18,NOUN,сара нина цыганка эда царевна макар арсений класс перо гусар
Baratynsky,Log odds,18,VERB,дивиться попадать решаться продолжать бесить болтать наставлять осмеливаться отводить согнать
Baratynsky,Log odds,19,ADJ,елецкий давний финский досадный лицый модный грубый ветренный вседневный дружный
Baratynsky,Log odds,19,NOUN,сара нина царевна цыганка эда макар арсений перо гусар класс
Baratynsky,Log odds,19,VERB,решаться дивиться попадать продолжать бесить болтать наставлять осмеливаться отводить согнать
Baratynsky,Log odds,20,ADJ,елецкий давний финский досадный модный грубый лицый бестолковый ветренный вседневный
Baratynsky,Log odds,20,NOUN,сара нина царевна цыганка перо эда арсений класс макар шутка
Baratynsky,Log odds,20,VERB,дивиться попадать решаться продолжать болтать отводить согнать стучаться угождать успевать
Baratynsky,Log odds,21,ADJ,елецкий давний финский лицый модный бестолковый ветренный досадный заметный записной
Baratynsky,Log odds,21,NOUN,сара нина царевна цыганка эда макар арсений класс перо шутка
Baratynsky,Log odds,21,VERB,попадать дивиться решаться продолжать болтать наставлять осмеливаться отводить стучаться угождать
Baratynsky,Log odds,22,ADJ,елецкий давний финский досадный лицый грубый модный бестолковый ветренный вседневный
Baratynsky,Log odds,22,NOUN,сара нина царевна цыганка эда макар перо арсений класс шутка
Baratynsky,Log odds,22,VERB,попадать решаться дивиться продолжать бесить наставлять осмеливаться отводить согнать стучаться
Baratynsky,Log odds,23,ADJ,елецкий давний финский досадный лицый модный грубый ветренный вседневный заметный
Baratynsky,Log odds,23,NOUN,сара нина царевна цыганка эда макар перо арсений класс гусар
Baratynsky,Log odds,23,VERB,дивиться попадать решаться продолжать бесить болтать наставлять осмеливаться отводить согнать
Baratynsky,Log odds,24,ADJ,елецкий давний финский лицый модный грубый досадный бестолковый ветренный вседневный
Baratynsky,Log odds,24,NOUN,сара нина цыганка эда царевна макар перо арсений класс гусар
Baratynsky,Log odds,24,VERB,дивиться попадать решаться продолжать бесить болтать наставлять осмеливаться отводить согнать
Baratynsky,Log odds,25,ADJ,елецкий давний финский досадный лицый модный грубый бестолковый ветренный вседневный
Baratynsky,Log odds,25,NOUN,сара нина царевна цыганка эда перо арсений класс макар гусар
Baratynsky,Log odds,25,VERB,дивиться попадать решаться продолжать бесить болтать наставлять отводить согнать угождать
Baratynsky,Log odds,26,ADJ,елецкий давний финский досадный лицый модный грубый бестолковый ветренный вседневный
Baratynsky,Log odds,26,NOUN,сара нина царевна цыганка эда макар перо арсений класс гусар
Baratynsky,Log odds,26,VERB,дивиться попадать решаться продолжать бесить болтать наставлять осмеливаться отводить согнать
Baratynsky,Log odds,27,ADJ,елецкий давний финский досадный модный грубый лицый бестолковый вседневный дружный
Baratynsky,Log odds,27,NOUN,сара нина царевна цыганка эда макар перо арсений класс гусар
Baratynsky,Log odds,27,VERB,попадать решаться дивиться продолжать бесить болтать наставлять осмеливаться отводить согнать
Baratynsky,Log odds,28,ADJ,елецкий давний финский досадный лицый грубый модный бестолковый ветренный вседневный
Baratynsky,Log odds,28,NOUN,сара нина цыганка эда царевна макар арсений класс перо гусар
Baratynsky,Log odds,28,VERB,дивиться попадать решаться бесить болтать осмеливаться продолжать согнать стучаться угождать
Baratynsky,Log odds,29,ADJ,елецкий давний финский досадный модный грубый лицый бестолковый ветренный вседневный
Baratynsky,Log odds,29,NOUN,сара нина царевна цыганка эда макар арсений класс перо гусар
Baratynsky,Log odds,29,VERB,дивиться попадать решаться продолжать бесить болтать наставлять отводить согнать стучаться
Baratynsky,Log odds,30,ADJ,елецкий давний финский досадный лицый модный грубый бестолковый вседневный дружный
Baratynsky,Log odds,30,NOUN,сара нина царевна цыганка эда макар перо арсений класс гусар
Baratynsky,Log odds,30,VERB,дивиться решаться попадать продолжать бесить болтать наставлять осмеливаться отводить согнать
Baratynsky,Log odds,31,ADJ,елецкий давний финский досадный лицый модный грубый ветренный дружный записной
Baratynsky,Log odds,31,NOUN,сара нина царевна цыганка эда перо арсений класс макар шутка
Baratynsky,Log odds,31,VERB,дивиться попадать решаться продолжать болтать наставлять осмеливаться согнать стучаться угождать
Baratynsky,Log odds,32,ADJ,елецкий давний финский лицый грубый досадный модный бестолковый ветренный вседневный
Baratynsky,Log odds,32,NOUN,сара нина царевна цыганка эда макар перо арсений класс гусар
Baratynsky,Log odds,32,VERB,дивиться попадать решаться продолжать бесить болтать осмеливаться отводить согнать стучаться
Baratynsky,Log odds,33,ADJ,елецкий давний финский досадный лицый модный грубый бестолковый ветренный вседневный
Baratynsky,Log odds,33,NOUN,сара нина царевна цыганка эда перо класс макар арсений гусар
Baratynsky,Log odds,33,VERB,дивиться попадать решаться продолжать бесить болтать наставлять осмеливаться отводить согнать
Baratynsky,Log odds,34,ADJ,елецкий давний финский досадный лицый модный грубый бестолковый ветренный дружный
Baratynsky,Log odds,34,NOUN,сара нина царевна цыганка эда макар перо арсений гусар класс
Baratynsky,Log odds,34,VERB,дивиться попадать решаться продолжать бесить болтать наставлять осмеливаться отводить согнать
Baratynsky,Log odds,35,ADJ,елецкий давний финский досадный лицый модный грубый бестолковый ветренный вседневный
Baratynsky,Log odds,35,NOUN,сара нина царевна цыганка эда перо арсений класс макар гусар
Baratynsky,Log odds,35,VERB,дивиться попадать решаться продолжать бесить болтать наставлять осмеливаться отводить согнать
Baratynsky,Log odds,36,ADJ,елецкий финский давний досадный лицый модный грубый бестолковый ветренный вседневный
Baratynsky,Log odds,36,NOUN,сара нина царевна цыганка эда макар арсений класс перо гусар
Baratynsky,Log odds,36,VERB,дивиться попадать решаться продолжать бесить болтать наставлять осмеливаться отводить согнать
Baratynsky,Log odds,37,ADJ,елецкий давний финский досадный лицый модный бестолковый ветренный вседневный грубый
Baratynsky,Log odds,37,NOUN,сара нина царевна цыганка эда макар перо арсений класс гусар
Baratynsky,Log odds,37,VERB,попадать решаться дивиться продолжать бесить болтать наставлять отводить согнать стучаться
Baratynsky,Log odds,38,ADJ,елецкий давний финский досадный лицый модный грубый бестолковый ветренный вседневный
Baratynsky,Log odds,38,NOUN,сара нина царевна цыганка эда перо арсений макар гусар класс
Baratynsky,Log odds,38,VERB,попадать решаться дивиться продолжать бесить осмеливаться отводить согнать стучаться успевать
Baratynsky,Log odds,39,ADJ,елецкий давний финский досадный лицый модный грубый бестолковый ветренный вседневный
Baratynsky,Log odds,39,NOUN,сара нина царевна цыганка эда макар класс перо арсений гусар
Baratynsky,Log odds,39,VERB,попадать решаться дивиться продолжать бесить болтать наставлять осмеливаться отводить согнать
Baratynsky,Log odds,40,ADJ,елецкий давний финский досадный лицый модный грубый бестолковый ветренный вседневный
Baratynsky,Log odds,40,NOUN,сара нина царевна цыганка эда макар перо арсений класс шутка
Baratynsky,Log odds,40,VERB,попадать решаться дивиться продолжать бесить болтать осмеливаться отводить согнать стучаться
Baratynsky,Log odds,41,ADJ,елецкий давний финский лицый модный грубый досадный бестолковый ветренный вседневный
Baratynsky,Log odds,41,NOUN,сара нина царевна цыганка эда макар перо класс арсений гусар
Baratynsky,Log odds,41,VERB,попадать решаться дивиться продолжать бесить болтать наставлять осмеливаться отводить согнать
Baratynsky,Log odds,42,ADJ,елецкий давний финский досадный лицый модный грубый бестолковый ветренный дружный
Baratynsky,Log odds,42,NOUN,сара нина царевна цыганка эда перо арсений класс макар гусар
Baratynsky,Log odds,42,VERB,дивиться попадать решаться продолжать бесить болтать наставлять осмеливаться согнать стучаться
Baratynsky,Log odds,43,ADJ,елецкий давний финский досадный лицый модный грубый бестолковый ветренный вседневный
Baratynsky,Log odds,43,NOUN,сара нина царевна цыганка эда макар класс арсений перо шутка
Baratynsky,Log odds,43,VERB,дивиться попадать решаться продолжать бесить болтать наставлять осмеливаться отводить согнать
Baratynsky,Log odds,44,ADJ,елецкий давний финский досадный лицый модный грубый бестолковый ветренный вседневный
Baratynsky,Log odds,44,NOUN,сара нина царевна цыганка эда макар перо арсений класс гусар
Baratynsky,Log odds,44,VERB,дивиться попадать решаться продолжать бесить болтать наставлять осмеливаться отводить согнать
Baratynsky,Log odds,45,ADJ,елецкий давний финский досадный лицый грубый бестолковый ветренный вседневный дружный
Baratynsky,Log odds,45,NOUN,сара нина царевна цыганка эда перо арсений класс макар шутка
Baratynsky,Log odds,45,VERB,дивиться попадать решаться продолжать бесить болтать наставлять осмеливаться отводить согнать
Baratynsky,Log odds,46,ADJ,елецкий давний финский досадный лицый грубый модный бестолковый ветренный вседневный
Baratynsky,Log odds,46,NOUN,сара нина царевна цыганка эда макар перо арсений класс гусар
Baratynsky,Log odds,46,VERB,дивиться попадать решаться продолжать бесить наставлять осмеливаться отводить согнать стучаться
Baratynsky,Log odds,47,ADJ,елецкий давний финский досадный модный грубый лицый бестолковый вседневный дружный
Baratynsky,Log odds,47,NOUN,сара нина царевна цыганка эда макар арсений класс перо гусар
Baratynsky,Log odds,47,VERB,попадать решаться дивиться продолжать бесить наставлять осмеливаться отводить согнать стучаться
Baratynsky,Log odds,48,ADJ,елецкий давний финский досадный лицый модный грубый бестолковый ветренный вседневный
Baratynsky,Log odds,48,NOUN,сара нина царевна цыганка эда макар перо гусар класс шутка
Baratynsky,Log odds,48,VERB,дивиться попадать решаться продолжать бесить болтать наставлять осмеливаться отводить согнать
Baratynsky,Log odds,49,ADJ,елецкий давний финский модный грубый досадный лицый бестолковый ветренный вседневный
Baratynsky,Log odds,49,NOUN,сара нина царевна цыганка эда макар арсений класс перо гусар
Baratynsky,Log odds,49,VERB,дивиться попадать решаться продолжать бесить наставлять осмеливаться отводить согнать стучаться
Baratynsky,Log odds,50,ADJ,елецкий давний финский досадный лицый модный грубый бестолковый ветренный вседневный
Baratynsky,Log odds,50,NOUN,сара нина царевна цыганка эда макар перо класс арсений гусар
Baratynsky,Log odds,50,VERB,дивиться попадать решаться бесить болтать наставлять осмеливаться отводить согнать угождать
Baratynsky,Log odds,51,ADJ,елецкий давний финский досадный лицый модный грубый бестолковый ветренный вседневный
Baratynsky,Log odds,51,NOUN,сара нина царевна цыганка эда арсений класс перо макар гусар
Baratynsky,Log odds,51,VERB,попадать решаться дивиться бесить болтать осмеливаться продолжать согнать стучаться угождать
Baratynsky,Log odds,52,ADJ,елецкий давний финский досадный лицый модный бестолковый ветренный вседневный грубый
Baratynsky,Log odds,52,NOUN,сара нина царевна цыганка эда макар перо класс арсений шутка
Baratynsky,Log odds,52,VERB,дивиться попадать решаться продолжать бесить болтать наставлять осмеливаться отводить согнать
Baratynsky,Log odds,53,ADJ,елецкий давний финский досадный лицый модный бестолковый ветренный вседневный дружный
Baratynsky,Log odds,53,NOUN,сара нина цыганка эда царевна макар перо класс арсений гусар
Baratynsky,Log odds,53,VERB,дивиться попадать решаться продолжать бесить болтать наставлять осмеливаться отводить согнать
Baratynsky,Log odds,54,ADJ,елецкий давний финский досадный лицый модный грубый бестолковый ветренный вседневный
Baratynsky,Log odds,54,NOUN,сара нина царевна цыганка эда макар перо класс арсений гусар
Baratynsky,Log odds,54,VERB,дивиться попадать решаться продолжать бесить болтать наставлять стучаться угождать успевать
Baratynsky,Log odds,55,ADJ,елецкий давний финский досадный модный грубый лицый бестолковый ветренный вседневный
Baratynsky,Log odds,55,NOUN,сара нина царевна цыганка эда макар перо арсений гусар класс
Baratynsky,Log odds,55,VERB,дивиться попадать решаться бесить осмеливаться отводить продолжать согнать стучаться угождать
Baratynsky,Log odds,56,ADJ,елецкий давний финский досадный лицый грубый модный бестолковый ветренный вседневный
Baratynsky,Log odds,56,NOUN,сара нина царевна цыганка эда макар перо арсений класс гусар
Baratynsky,Log odds,56,VERB,дивиться попадать решаться продолжать болтать наставлять осмеливаться отводить согнать стучаться
Baratynsky,Log odds,57,ADJ,елецкий давний финский досадный модный лицый бестолковый ветренный вседневный грубый
Baratynsky,Log odds,57,NOUN,сара нина цыганка царевна эда макар перо арсений гусар дарование
Baratynsky,Log odds,57,VERB,попадать решаться дивиться продолжать бесить болтать наставлять осмеливаться согнать стучаться
Baratynsky,Log odds,58,ADJ,елецкий давний финский досадный модный грубый лицый бестолковый ветренный вседневный
Baratynsky,Log odds,58,NOUN,сара нина цыганка царевна эда макар перо класс шутка арсений
Baratynsky,Log odds,58,VERB,дивиться попадать решаться продолжать бесить болтать наставлять осмеливаться отводить согнать
Baratynsky,Log odds,59,ADJ,елецкий давний финский досадный модный грубый лицый вседневный дружный заметный
Baratynsky,Log odds,59,NOUN,сара нина царевна цыганка эда макар перо арсений класс гусар
Baratynsky,Log odds,59,VERB,попадать решаться дивиться продолжать бесить болтать наставлять осмеливаться отводить согнать
Baratynsky,Log odds,60,ADJ,елецкий давний финский досадный лицый модный грубый бестолковый ветренный вседневный
Baratynsky,Log odds,60,NOUN,сара нина царевна цыганка эда макар перо арсений класс гусар
Baratynsky,Log odds,60,VERB,дивиться попадать решаться продолжать бесить наставлять осмеливаться отводить согнать стучаться
Baratynsky,Log odds,61,ADJ,елецкий давний финский досадный лицый модный грубый бестолковый ветренный дружный
Baratynsky,Log odds,61,NOUN,сара нина царевна цыганка эда макар перо класс арсений гусар
Baratynsky,Log odds,61,VERB,дивиться попадать решаться продолжать бесить осмеливаться отводить согнать стучаться угождать
Baratynsky,Log odds,62,ADJ,елецкий давний финский досадный лицый модный грубый бестолковый ветренный вседневный
Baratynsky,Log odds,62,NOUN,сара нина цыганка царевна эда перо класс арсений гусар макар
Baratynsky,Log odds,62,VERB,дивиться попадать решаться продолжать бесить болтать наставлять осмеливаться отводить согнать
Baratynsky,Log odds,63,ADJ,елецкий давний финский досадный лицый модный грубый бестолковый ветренный вседневный
Baratynsky,Log odds,63,NOUN,сара нина царевна цыганка эда макар арсений класс перо гусар
Baratynsky,Log odds,63,VERB,дивиться попадать решаться продолжать болтать наставлять осмеливаться отводить согнать стучаться
Baratynsky,Log odds,64,ADJ,елецкий давний финский досадный лицый грубый модный бестолковый ветренный вседневный
Baratynsky,Log odds,64,NOUN,сара нина царевна цыганка эда макар перо класс арсений шутка
Baratynsky,Log odds,64,VERB,дивиться попадать решаться продолжать болтать наставлять осмеливаться отводить стучаться угождать
Baratynsky,Log odds,65,ADJ,елецкий давний финский досадный лицый грубый модный бестолковый ветренный вседневный
Baratynsky,Log odds,65,NOUN,сара нина царевна цыганка эда макар перо класс арсений гусар
Baratynsky,Log odds,65,VERB,дивиться решаться попадать продолжать бесить болтать наставлять отводить согнать стучаться
Baratynsky,Log odds,66,ADJ,елецкий давний финский досадный лицый модный бестолковый ветренный вседневный грубый
Baratynsky,Log odds,66,NOUN,сара нина цыганка царевна эда макар перо арсений класс гусар
Baratynsky,Log odds,66,VERB,дивиться попадать решаться продолжать бесить болтать наставлять осмеливаться согнать стучаться
Baratynsky,Log odds,67,ADJ,елецкий давний финский досадный лицый модный грубый бестолковый ветренный вседневный
Baratynsky,Log odds,67,NOUN,сара нина цыганка царевна эда макар перо арсений гусар шутка
Baratynsky,Log odds,67,VERB,дивиться решаться попадать продолжать бесить болтать наставлять осмеливаться отводить согнать
Baratynsky,Log odds,68,ADJ,елецкий давний финский досадный лицый модный грубый бестолковый ветренный вседневный
Baratynsky,Log odds,68,NOUN,сара нина царевна цыганка эда перо класс макар арсений гусар
Baratynsky,Log odds,68,VERB,дивиться решаться попадать продолжать бесить болтать наставлять осмеливаться отводить согнать
Baratynsky,Log odds,69,ADJ,елецкий давний финский досадный лицый модный грубый бестолковый ветренный вседневный
Baratynsky,Log odds,69,NOUN,сара нина царевна цыганка эда макар класс перо арсений гусар
Baratynsky,Log odds,69,VERB,дивиться попадать решаться продолжать бесить болтать наставлять осмеливаться отводить согнать
Baratynsky,Log odds,70,ADJ,елецкий давний финский досадный лицый модный грубый бестолковый ветренный вседневный
Baratynsky,Log odds,70,NOUN,сара нина цыганка царевна эда макар арсений перо гусар дарование
Baratynsky,Log odds,70,VERB,дивиться решаться попадать бесить болтать наставлять осмеливаться отводить продолжать согнать
Baratynsky,Log odds,71,ADJ,елецкий давний финский лицый грубый модный ветренный вседневный досадный дружный
Baratynsky,Log odds,71,NOUN,сара нина цыганка царевна эда макар перо арсений класс гусар
Baratynsky,Log odds,71,VERB,решаться дивиться попадать продолжать бесить болтать наставлять осмеливаться согнать стучаться
Baratynsky,Log odds,72,ADJ,елецкий давний финский досадный лицый модный грубый бестолковый вседневный дружный
Baratynsky,Log odds,72,NOUN,сара нина цыганка царевна эда макар перо арсений класс гусар
Baratynsky,Log odds,72,VERB,дивиться попадать решаться бесить осмеливаться отводить продолжать согнать стучаться успевать
Baratynsky,Log odds,73,ADJ,елецкий давний финский досадный лицый модный грубый бестолковый ветренный вседневный
Baratynsky,Log odds,73,NOUN,сара нина царевна цыганка эда макар перо класс арсений шутка
Baratynsky,Log odds,73,VERB,дивиться попадать решаться продолжать болтать наставлять осмеливаться отводить согнать стучаться
Baratynsky,Log odds,74,ADJ,елецкий давний финский досадный лицый модный грубый бестолковый ветренный вседневный
Baratynsky,Log odds,74,NOUN,сара нина царевна цыганка эда макар перо арсений класс гусар
Baratynsky,Log odds,74,VERB,дивиться попадать решаться продолжать бесить болтать наставлять осмеливаться отводить согнать
Baratynsky,Log odds,75,ADJ,елецкий давний финский досадный лицый модный грубый бестолковый ветренный вседневный
Baratynsky,Log odds,75,NOUN,сара нина царевна цыганка эда макар перо арсений гусар класс
Baratynsky,Log odds,75,VERB,дивиться попадать решаться продолжать болтать наставлять осмеливаться отводить согнать стучаться
Baratynsky,Log odds,76,ADJ,елецкий давний финский досадный лицый модный бестолковый ветренный вседневный дружный
Baratynsky,Log odds,76,NOUN,сара нина царевна цыганка эда макар перо класс арсений гусар
Baratynsky,Log odds,76,VERB,дивиться попадать решаться продолжать бесить болтать наставлять осмеливаться отводить согнать
Baratynsky,Log odds,77,ADJ,елецкий давний финский досадный лицый модный грубый бестолковый вседневный дружный
Baratynsky,Log odds,77,NOUN,сара нина цыганка царевна эда макар арсений класс перо гусар
Baratynsky,Log odds,77,VERB,дивиться решаться попадать продолжать бесить болтать наставлять осмеливаться отводить согнать
Baratynsky,Log odds,78,ADJ,елецкий давний финский досадный модный грубый лицый бестолковый ветренный вседневный
Baratynsky,Log odds,78,NOUN,сара нина царевна цыганка эда макар перо арсений класс гусар
Baratynsky,Log odds,78,VERB,дивиться попадать решаться продолжать бесить болтать отводить согнать стучаться угождать
Baratynsky,Log odds,79,ADJ,елецкий давний финский досадный лицый модный грубый бестолковый ветренный дружный
Baratynsky,Log odds,79,NOUN,сара нина царевна цыганка эда макар арсений класс перо гусар
Baratynsky,Log odds,79,VERB,дивиться попадать решаться бесить болтать наставлять осмеливаться отводить согнать стучаться
Baratynsky,Log odds,80,ADJ,елецкий давний финский досадный лицый модный грубый бестолковый ветренный вседневный
Baratynsky,Log odds,80,NOUN,сара нина царевна цыганка эда макар перо арсений класс гусар
Baratynsky,Log odds,80,VERB,попадать решаться дивиться продолжать бесить болтать осмеливаться отводить согнать стучаться
Baratynsky,Log odds,81,ADJ,елецкий давний финский досадный лицый модный бестолковый ветренный вседневный грубый
Baratynsky,Log odds,81,NOUN,сара нина царевна цыганка эда макар перо арсений класс гусар
Baratynsky,Log odds,81,VERB,дивиться попадать решаться продолжать бесить болтать наставлять осмеливаться отводить согнать
Baratynsky,Log odds,82,ADJ,елецкий давний финский досадный лицый модный грубый бестолковый ветренный дружный
Baratynsky,Log odds,82,NOUN,сара нина царевна цыганка эда перо класс макар арсений гусар
Baratynsky,Log odds,82,VERB,дивиться попадать решаться продолжать бесить болтать наставлять осмеливаться отводить согнать
Baratynsky,Log odds,83,ADJ,елецкий давний финский досадный лицый модный грубый бестолковый ветренный вседневный
Baratynsky,Log odds,83,NOUN,сара нина цыганка царевна эда перо арсений класс макар гусар
Baratynsky,Log odds,83,VERB,дивиться попадать решаться продолжать болтать наставлять осмеливаться отводить согнать стучаться
Baratynsky,Log odds,84,ADJ,елецкий давний финский досадный модный лицый бестолковый ветренный вседневный грубый
Baratynsky,Log odds,84,NOUN,сара нина царевна цыганка эда перо арсений макар гусар класс
Baratynsky,Log odds,84,VERB,попадать решаться дивиться бесить болтать наставлять осмеливаться отводить продолжать согнать
Baratynsky,Log odds,85,ADJ,елецкий давний финский досадный модный грубый лицый бестолковый ветренный дружный
Baratynsky,Log odds,85,NOUN,сара нина царевна цыганка эда макар перо класс арсений гусар
Baratynsky,Log odds,85,VERB,дивиться решаться попадать продолжать бесить болтать наставлять осмеливаться отводить согнать
Baratynsky,Log odds,86,ADJ,елецкий давний финский досадный лицый модный грубый бестолковый ветренный вседневный
Baratynsky,Log odds,86,NOUN,сара нина царевна цыганка эда макар перо арсений класс гусар
Baratynsky,Log odds,86,VERB,дивиться попадать решаться продолжать бесить болтать наставлять осмеливаться отводить согнать
Baratynsky,Log odds,87,ADJ,елецкий давний финский досадный лицый модный грубый бестолковый ветренный вседневный
Baratynsky,Log odds,87,NOUN,сара нина царевна цыганка эда перо арсений класс макар шутка
Baratynsky,Log odds,87,VERB,попадать решаться дивиться продолжать бесить болтать наставлять отводить согнать стучаться
Baratynsky,Log odds,88,ADJ,елецкий давний финский досадный лицый модный бестолковый ветренный грубый дружный
Baratynsky,Log odds,88,NOUN,сара нина цыганка царевна эда макар перо арсений класс гусар
Baratynsky,Log odds,88,VERB,дивиться попадать решаться продолжать бесить болтать наставлять осмеливаться отводить согнать
Baratynsky,Log odds,89,ADJ,елецкий давний финский досадный лицый модный грубый бестолковый ветренный вседневный
Baratynsky,Log odds,89,NOUN,сара нина цыганка царевна эда макар перо арсений класс гусар
Baratynsky,Log odds,89,VERB,дивиться попадать решаться продолжать бесить болтать наставлять осмеливаться отводить согнать
Baratynsky,Log odds,90,ADJ,елецкий давний финский досадный грубый лицый модный бестолковый ветренный вседневный
Baratynsky,Log odds,90,NOUN,сара нина царевна цыганка эда макар перо арсений класс гусар
Baratynsky,Log odds,90,VERB,дивиться попадать решаться бесить наставлять осмеливаться отводить продолжать согнать стучаться
Baratynsky,Log odds,91,ADJ,елецкий давний финский досадный лицый модный грубый бестолковый ветренный вседневный
Baratynsky,Log odds,91,NOUN,сара нина царевна цыганка эда макар арсений класс перо гусар
Baratynsky,Log odds,91,VERB,дивиться попадать решаться продолжать бесить болтать наставлять осмеливаться согнать стучаться
Baratynsky,Log odds,92,ADJ,елецкий давний финский досадный грубый лицый модный бестолковый ветренный дружный
Baratynsky,Log odds,92,NOUN,сара нина царевна эда цыганка перо арсений класс макар гусар
Baratynsky,Log odds,92,VERB,попадать решаться дивиться продолжать бесить болтать осмеливаться отводить согнать стучаться
Baratynsky,Log odds,93,ADJ,елецкий давний финский досадный лицый модный грубый бестолковый ветренный вседневный
Baratynsky,Log odds,93,NOUN,сара нина царевна цыганка эда макар перо арсений класс гусар
Baratynsky,Log odds,93,VERB,дивиться попадать решаться продолжать болтать наставлять осмеливаться отводить стучаться угождать
Baratynsky,Log odds,94,ADJ,елецкий давний финский досадный модный грубый лицый бестолковый ветренный вседневный
Baratynsky,Log odds,94,NOUN,сара нина царевна цыганка эда макар арсений класс перо гусар
Baratynsky,Log odds,94,VERB,дивиться попадать решаться продолжать бесить болтать наставлять осмеливаться отводить стучаться
Baratynsky,Log odds,95,ADJ,елецкий давний финский досадный лицый модный грубый бестолковый ветренный дружный
Baratynsky,Log odds,95,NOUN,сара нина царевна цыганка эда макар класс перо арсений гусар
Baratynsky,Log odds,95,VERB,попадать решаться дивиться продолжать бесить болтать наставлять осмеливаться отводить согнать
Baratynsky,Log odds,96,ADJ,елецкий давний финский досадный лицый модный грубый ветренный вседневный дружный
Baratynsky,Log odds,96,NOUN,сара нина царевна цыганка эда перо арсений макар шутка дарование
Baratynsky,Log odds,96,VERB,дивиться попадать решаться продолжать болтать осмеливаться отводить согнать стучаться угождать
Baratynsky,Log odds,97,ADJ,елецкий давний финский досадный модный лицый бестолковый ветренный вседневный грубый
Baratynsky,Log odds,97,NOUN,сара нина царевна цыганка эда макар перо арсений класс гусар
Baratynsky,Log odds,97,VERB,решаться дивиться попадать бесить болтать наставлять осмеливаться отводить продолжать согнать
Baratynsky,Log odds,98,ADJ,елецкий давний финский досадный лицый модный грубый бестолковый ветренный вседневный
Baratynsky,Log odds,98,NOUN,сара нина царевна цыганка эда макар перо арсений гусар класс
Baratynsky,Log odds,98,VERB,дивиться решаться попадать продолжать болтать наставлять осмеливаться отводить согнать стучаться
Baratynsky,Log odds,99,ADJ,елецкий давний финский досадный лицый модный грубый бестолковый ветренный вседневный
Baratynsky,Log odds,99,NOUN,сара нина царевна цыганка эда перо арсений класс шутка гусар
Baratynsky,Log odds,99,VERB,дивиться попадать решаться продолжать бесить болтать наставлять осмеливаться отводить согнать
Baratynsky,Log odds,100,ADJ,елецкий давний финский лицый модный грубый досадный бестолковый ветренный вседневный
Baratynsky,Log odds,100,NOUN,сара нина царевна цыганка эда перо арсений класс макар шутка
Baratynsky,Log odds,100,VERB,дивиться попадать решаться продолжать бесить болтать наставлять отводить стучаться угождать
Baratynsky,Zeta,1,ADJ,должный видный бедный нужный опасный рад слепой старый страстный довольный
Baratynsky,Zeta,1,NOUN,дубрава глаз лицо толпа арсений глупец искусство покой око красота
Baratynsky,Zeta,1,VERB,пылать становиться оставлять узнавать грозить искать скрывать избирать покрывать смущать
Baratynsky,Zeta,2,ADJ,сердечный хороший любезный способный дружеский едкий елецкий нагой неловкий ревнивый
Baratynsky,Zeta,2,NOUN,судьба лицо вера час крик сара древо стол бог рука
Baratynsky,Zeta,2,VERB,взглядывать изменять оставлять принимать смущать подымать вести выводить мечтать глядеть
Baratynsky,Zeta,3,ADJ,томный счастливый седой елецкий любезный блестящий видный старый гробовой державный
Baratynsky,Zeta,3,NOUN,тоска голос улыбка память ответ забвение воображение искусство кумир обида
Baratynsky,Zeta,3,VERB,смыкать глядеть оставлять ласкать даровать дивиться останавливать отводить позабывать проникать
Baratynsky,Zeta,4,ADJ,елецкий должный желанный праздный зимний любимый похожий ревнивый самолюбивый старый
Baratynsky,Zeta,4,NOUN,ответ вертушка забвение закон нужда толпа усыпление счастие год природа
Baratynsky,Zeta,4,VERB,взять встречать бледнеть заводить приводить сливать жить находить прощать принимать
Baratynsky,Zeta,5,ADJ,летучий нужный елецкий здравый неловкий торжественный мирный злой мертвый должный
Baratynsky,Zeta,5,NOUN,пора поэт лицо путь веселие хлад сара стол суета свет
Baratynsky,Zeta,5,VERB,владеть дышать обретать молить дивиться славить говорить взять хранить оставаться
Baratynsky,Zeta,6,ADJ,чуждый веселый древний бесплодный дорогой людской холодный елецкий грубый пасмурный
Baratynsky,Zeta,6,NOUN,пора дева нина ответ отрава больной дом поэзия товарищ толпа
Baratynsky,Zeta,6,VERB,садиться мочь озарять даровать представать принимать взять зашуметь качать успевать
Baratynsky,Zeta,7,ADJ,елецкий чуждый душевный опасный слепой должный достойный рассеянный молодой бедный
Baratynsky,Zeta,7,NOUN,мысль рука лицо стих гость краса час ум судьба толпа
Baratynsky,Zeta,7,VERB,вздыхать садиться молить позабывать смущать наливать признаваться сводить смирять увлекать
Baratynsky,Zeta,8,ADJ,новый елецкий ветреный финский счастливый верный суровый общий известный способный
Baratynsky,Zeta,8,NOUN,гость судьба восторг время слово царевна земля око печаль глас
Baratynsky,Zeta,8,VERB,мыслить позабывать выходить обретать владеть дивиться подавать ходить читать сказать
Baratynsky,Zeta,9,ADJ,нужный строгий тяжелый елецкий долгий невинный незнаемый общий прямой едкий
Baratynsky,Zeta,9,NOUN,лицо поэт раз гроб улыбка счастие свет бог цветок бытие
Baratynsky,Zeta,9,VERB,подымать приводить мочь молить блистать узнавать владеть попадать находить лететь
Baratynsky,Zeta,10,ADJ,любезный немой нужный любимый ветреный елецкий странный усталый шумный давний
Baratynsky,Zeta,10,NOUN,зима праздник ум бог бытие покой слово глупец миг старушка
Baratynsky,Zeta,10,VERB,желать блистать внимать владеть оживать вступать болтать представать служить сказать
Baratynsky,Zeta,11,ADJ,младой добрый мирный ветреный довольный нужный своевольный усталый большой видный
Baratynsky,Zeta,11,NOUN,скала веселие гость бог видение князь дом поклонник рука толпа
Baratynsky,Zeta,11,VERB,становиться вставать сказать желать восходить ласкаться обретать оставаться жить глядеть
Baratynsky,Zeta,12,ADJ,дорогой желанный опасный беспечный свободный чужой прямой усталый елецкий лихой
Baratynsky,Zeta,12,NOUN,лицо пустыня рука толпа страсть непогода скала свет поэт счастие
Baratynsky,Zeta,12,VERB,покидать носить даровать мечтать пленять подавать помогать призывать тосковать уходить
Baratynsky,Zeta,13,ADJ,елецкий желанный мятежный холодный суровый должный дорогой безумный дружный похожий
Baratynsky,Zeta,13,NOUN,свет сара мать взор путь миг глаз забава мысль покой
Baratynsky,Zeta,13,VERB,сказать пить приводить мыслить оставлять владеть занимать начинать петь позабывать
Baratynsky,Zeta,14,ADJ,добрый едкий елецкий нужный похожий радостный младой суровый чужой бедный
Baratynsky,Zeta,14,NOUN,пора чувство гость древо муза дума радость свет судьба человек
Baratynsky,Zeta,14,VERB,становиться мечтать блуждать ласкать шептать шутить сказать петь мочь прощать
Baratynsky,Zeta,15,ADJ,благой желанный ревнивый чуждый ветреный елецкий странный младой строгий тяжелый
Baratynsky,Zeta,15,NOUN,бог толпа страсть том язык воспоминание дверь класс победа скала
Baratynsky,Zeta,15,VERB,обретать прощать становиться вздыхать вставать взять ласкать обманывать смущать владеть
Baratynsky,Zeta,16,ADJ,долгий должный прямой елецкий мятежный мирный громкий безумный нужный бесплодный
Baratynsky,Zeta,16,NOUN,дева цветок нина толпа жар кольцо право сара стол чело
Baratynsky,Zeta,16,VERB,взглядывать озарять служить молить оставаться вставать лобзать питать садиться являть
Baratynsky,Zeta,17,ADJ,страстный спокойный людской безумный блестящий добрый сердечный унылый виноватый елецкий
Baratynsky,Zeta,17,NOUN,краса вино стол царь вера лист обида пища угол пора
Baratynsky,Zeta,17,VERB,думать валиться возмущать дохнуть носить представать решаться рожать смыкать сказать
Baratynsky,Zeta,18,ADJ,томный бедный добрый верный елецкий пустынный спокойный полезный ревнивый полный
Baratynsky,Zeta,18,NOUN,лицо стих дом предание предел год час рука век земля
Baratynsky,Zeta,18,VERB,покидать обретать ласкать даровать понимать решаться оставлять находить говорить шуметь
Baratynsky,Zeta,19,ADJ,спокойный дорогой блестящий дикий мятежный страстный пылкий бесплодный давний довольный
Baratynsky,Zeta,19,NOUN,лицо дитя взгляд война грусть разговор река судьбина сын ум
Baratynsky,Zeta,19,VERB,владеть идти утрачивать взлелеять иметь ложиться обманывать признаваться снимать мочь
Baratynsky,Zeta,20,ADJ,елецкий большой лукавый самолюбивый болезненный лишенный молодой младенческий общий печальный
Baratynsky,Zeta,20,NOUN,вера весна бытие волнение лицо судьба утро вода печаль забота
Baratynsky,Zeta,20,VERB,жить понимать мечтать становиться верить изменять слушать тосковать молить вступать
Baratynsky,Zeta,21,ADJ,бедный достойный елецкий пышный блестящий ветреный громкий грозный малый молчаливый
Baratynsky,Zeta,21,NOUN,глава стих нужда безмолвие сара утеха мечта счастие время слово
Baratynsky,Zeta,21,VERB,бежать владеть признаваться шутить выходить избирать навещать идти мочь желать
Baratynsky,Zeta,22,ADJ,отцов елецкий чужой должный широкий безвестный едкий желанный общий пристойный
Baratynsky,Zeta,22,NOUN,вера весна глаз наслаждение ум человек дверь стол дар дворец
Baratynsky,Zeta,22,VERB,желать прощать владеть взлелеять выражать покрывать согнать купить мыслить решаться
Baratynsky,Zeta,23,ADJ,елецкий томный густой мятежный тяжкий злой похожий догадливый достойный любезный
Baratynsky,Zeta,23,NOUN,лицо свет пора ум закон ответ муза время дух тень
Baratynsky,Zeta,23,VERB,желать вставать оставлять садиться смеяться уметь вянуть думать поникать прильнуть
Baratynsky,Zeta,24,ADJ,давний блестящий добрый елецкий мятежный задумчивый своенравный досадный нескромный особый
Baratynsky,Zeta,24,NOUN,волнение глава лицо надежда нужда княгиня красота мгновение нрав ручей
Baratynsky,Zeta,24,VERB,выходить прощать оставаться навещать оставлять полюбить смущать вверяться веселить искушать
Baratynsky,Zeta,25,ADJ,благой верный глубокий злой пустынный былой важный дорогой ревнивый видный
Baratynsky,Zeta,25,NOUN,лицо глаз судьбина обитель мечта век слово бытие забвение толпа
Baratynsky,Zeta,25,VERB,находить вступать желать изменять восставать смыкать плакать возникать писать побеждать
Baratynsky,Zeta,26,ADJ,елецкий мятежный своенравный большой опасный любезный блестящий пышный усталый финский
Baratynsky,Zeta,26,NOUN,час влага печаль вдохновение игра год рука судьба труд бытие
Baratynsky,Zeta,26,VERB,смыкать узнавать желать молвить проходить вспоминать наступать знать оставлять шептать
Baratynsky,Zeta,27,ADJ,елецкий строгий задумчивый громкий глубокий гробовой нужный общий отрадный тяжелый
Baratynsky,Zeta,27,NOUN,лицо судьба рука дочь цветок плод гость красавица стих царевна
Baratynsky,Zeta,27,VERB,шутить восставать обретать прийти вздыхать служить внимать мочь находить пасть
Baratynsky,Zeta,28,ADJ,елецкий новый должный лукавый нежданный нужный своенравный скромный готовый живой
Baratynsky,Zeta,28,NOUN,жизнь вера лицо природа луна тьма фантазия философ пора год
Baratynsky,Zeta,28,VERB,находить взять смущать тосковать медлить мыслить носить поражать радовать давать
Baratynsky,Zeta,29,ADJ,мирный ветреный мертвый чужой унылый давний добрый елецкий лишенный слепой
Baratynsky,Zeta,29,NOUN,год слово страсть дева подруга молва искусство мольба вера желание
Baratynsky,Zeta,29,VERB,оставлять желать владеть возмущать зашуметь сливать усыплять являть прощать узнавать
Baratynsky,Zeta,30,ADJ,холодный чуждый тайный густой нескромный строгий обманчивый невинный рад цветущий
Baratynsky,Zeta,30,NOUN,лицо цветок мгновение слово судьба пора поэт ум свет глава
Baratynsky,Zeta,30,VERB,мыслить шутить оставлять взглядывать вступать обретать решать ходить посещать приводить
Baratynsky,Zeta,31,ADJ,елецкий страстный большой былой задумчивый опасный благой душевный хранительный немой
Baratynsky,Zeta,31,NOUN,лицо мысль нина сестра поклонник прихоть размышление ум раз край
Baratynsky,Zeta,31,VERB,оставлять изменять думать позабывать влечь взять шептать желать попадать подымать
Baratynsky,Zeta,32,ADJ,елецкий нужный молодой чуждый прежний дорогой спокойный пылкий лишний мутный
Baratynsky,Zeta,32,NOUN,глаз цвет бытие воля гусар пища рок судьбина сон толпа
Baratynsky,Zeta,32,VERB,обретать оставлять узнавать иметь побрести постигать приемлить признаваться приносить успокаивать
Baratynsky,Zeta,33,ADJ,любимый громкий бедный прямой елецкий своенравный страстный спокойный пасмурный свободный
Baratynsky,Zeta,33,NOUN,эда уста год печаль глава рок день лицо счастие толпа
Baratynsky,Zeta,33,VERB,вставать попадать пылать позабывать носить обретать проходить решать увлекать являть
Baratynsky,Zeta,34,ADJ,бессмертный страстный томный дорогой елецкий финский бестолковый богатый дальний слепой
Baratynsky,Zeta,34,NOUN,муза счастие лицо доля забвение край красота побуждение рука бог
Baratynsky,Zeta,34,VERB,верить прощать вставать являть владеть даровать шутить дышать покидать помнить
Baratynsky,Zeta,35,ADJ,бедный желанный густой мирный пустынный елецкий бесплодный боевой дружный небрежный
Baratynsky,Zeta,35,NOUN,племя вера память сара забвение печаль длань дева рука взор
Baratynsky,Zeta,35,VERB,носить оставлять проводить грустить мечтать молвить приводить пробуждать торопиться цвести
Baratynsky,Zeta,36,ADJ,елецкий большой дорогой должный дикий долгий дневной довольный здравый небрежный
Baratynsky,Zeta,36,NOUN,путь счастие судьба лист лик покой отзыв суета друг тоска
Baratynsky,Zeta,36,VERB,изменять знать понимать желать даровать дышать молить полюбить создавать глядеть
Baratynsky,Zeta,37,ADJ,елецкий чуждый слепой густой ветреный бесценный должный нескромный младой бедный
Baratynsky,Zeta,37,NOUN,ум дубрава лицо декабрь забвение праздник счастие сын венец вера
Baratynsky,Zeta,37,VERB,владеть заснуть изменять начинать даровать позволять почитать приводить проливать мочь
Baratynsky,Zeta,38,ADJ,строгий богатый нужный добрый бесплодный дорогой густой ветреный елецкий сладострастный
Baratynsky,Zeta,38,NOUN,вера человек отец веселие коса мгновение отрада юность бытие мечта
Baratynsky,Zeta,38,VERB,вздыхать вставать хотеть вкушать изменять приводить принимать чувствовать заглушать подавать
Baratynsky,Zeta,39,ADJ,добрый елецкий полный безумный нескромный пылкий случайный благой былой желанный
Baratynsky,Zeta,39,NOUN,миг пора судьба лицо тень вера закон нина подруга страна
Baratynsky,Zeta,39,VERB,лишать отводить вздыхать играть прийти останавливать пробуждать грозить качать роптать
Baratynsky,Zeta,40,ADJ,елецкий дружеский прямой людской дорогой старый чужой простой должный своенравный
Baratynsky,Zeta,40,NOUN,ум пора бытие молва муза сара спасибо к слово нога
Baratynsky,Zeta,40,VERB,обретать отряхивать входить даровать достигать сводить мочь становиться покидать сидеть
Baratynsky,Zeta,41,ADJ,дорогой блестящий лукавый елецкий слепой дольный краткий любимый неловкий прошлый
Baratynsky,Zeta,41,NOUN,бытие пир слово стих сара воображение царевна мир дева вода
Baratynsky,Zeta,41,VERB,вставать обретать оставлять даровать писать возвращаться подумать стучать твердить находить
Baratynsky,Zeta,42,ADJ,елецкий страстный задумчивый слепой невинный своенравный лицый своевольный эфирный немой
Baratynsky,Zeta,42,NOUN,краса грудь лицо гнев забвение сара веселие дом мечтание речь
Baratynsky,Zeta,42,VERB,вздыхать взглядывать звать молвить познавать принимать славить умолкать сказать мочь
Baratynsky,Zeta,43,ADJ,елецкий своевольный важный должный задумчивый усталый вечный сладостный мирный тяжелый
Baratynsky,Zeta,43,NOUN,рука толпа год звезда грудь скала цветок благо царевна свет
Baratynsky,Zeta,43,VERB,оставлять прерывать ходить вести взлелеять гнать дивиться казаться слыть шататься
Baratynsky,Zeta,44,ADJ,слепой глубокий усталый бедный старый довольный древний рассеянный ревнивый строгий
Baratynsky,Zeta,44,NOUN,мгла благо пир слово год пора ум глаз след дар
Baratynsky,Zeta,44,VERB,мыслить говорить останавливать изменять сказать становиться искать прощать верить вставать
Baratynsky,Zeta,45,ADJ,счастливый чуждый вечный елецкий безмолвный рад гробовой звучный ленивый мятежный
Baratynsky,Zeta,45,NOUN,забота упоение глаз нина родные сара улыбка усердие ум счастие
Baratynsky,Zeta,45,VERB,прощать верить желать избирать иметь носить петь мочь хотеть узнавать
Baratynsky,Zeta,46,ADJ,елецкий бедный грустный любезный мертвый чуждый прямой слепой большой ветреный
Baratynsky,Zeta,46,NOUN,лицо рука дверь класс нина страсть утро эда друг дева
Baratynsky,Zeta,46,VERB,взглядывать испытывать позабывать представать любоваться признаваться смущать успевать сказать ждать
Baratynsky,Zeta,47,ADJ,бедный суровый строгий мятежный елецкий скромный нужный своевольный страстный нежный
Baratynsky,Zeta,47,NOUN,сон дева надежда восторг разговор старушка упоение счастие свет забота
Baratynsky,Zeta,47,VERB,носить сводить даровать наскучивать позабывать нисходить озарять произносить сказать вставать
Baratynsky,Zeta,48,ADJ,елецкий грозный ветреный любезный седой бесплодный желанный насмешливый открытый пленительный
Baratynsky,Zeta,48,NOUN,вера земля забвение отец труд хлад бог весна дева час
Baratynsky,Zeta,48,VERB,входить обретать ласкать принимать желать молвить решаться смыкать гнать мыслить
Baratynsky,Zeta,49,ADJ,страстный нужный своенравный роскошный ветреный должный известный городской лишенный радостный
Baratynsky,Zeta,49,NOUN,народ век ответ путь веселие сладострастие глубина мука сестра счастие
Baratynsky,Zeta,49,VERB,становиться мыслить называть постигать грозить пробуждать сжимать сказать мочь оставлять
Baratynsky,Zeta,50,ADJ,детский елецкий должный бедный мятежный людской задумчивый прямой благой небрежный
Baratynsky,Zeta,50,NOUN,вода чувство поэт толпа роща век пыль взор слеза бог
Baratynsky,Zeta,50,VERB,спать мочь сказать бросать вздыхать желать шептать делить открывать спешить
Baratynsky,Zeta,51,ADJ,немой добрый мирный людской елецкий прямой детский лукавый гробовой двойной
Baratynsky,Zeta,51,NOUN,досуг дуб молва улыбка арсений вера дом сара день небо
Baratynsky,Zeta,51,VERB,внимать приводить спать мыслить сводить поражать жить прощать взглядывать позабывать
Baratynsky,Zeta,52,ADJ,чудный глубокий видный достойный ветреный скромный длинный должный зимний прямой
Baratynsky,Zeta,52,NOUN,чудо гусар мысль бытие глаз могила печаль бал дружба слово
Baratynsky,Zeta,52,VERB,прощать узнавать находить владеть даровать бить доверяться избирать ложиться позволять
Baratynsky,Zeta,53,ADJ,елецкий чужой печальный видный почтенный безвестный ревнивый хитрый давний дружный
Baratynsky,Zeta,53,NOUN,нега век пора судьба вера движение нина язык око рука
Baratynsky,Zeta,53,VERB,мечтать служить молить желать избирать мелькать стучаться внимать покидать оставлять
Baratynsky,Zeta,54,ADJ,елецкий довольный чудный должный болезненный большой злой праздный гробовой злобный
Baratynsky,Zeta,54,NOUN,взор тоска глаз чувство речь труд знак надежда нога цыганка
Baratynsky,Zeta,54,VERB,оставлять отдавать взять выражать желать понимать валиться владеть грозить грустить
Baratynsky,Zeta,55,ADJ,елецкий тяжелый мертвый строгий дорогой прямой блестящий ветреный готовый лишенный
Baratynsky,Zeta,55,NOUN,брег слово прохлада дворец ненастье скала свет взор год вода
Baratynsky,Zeta,55,VERB,бежать становиться принимать дивиться думать называть приносить уметь чувствовать велеть
Baratynsky,Zeta,56,ADJ,елецкий праздный людской мирный дорогой ревнивый чудный весенний модный приветный
Baratynsky,Zeta,56,NOUN,гроб звезда бокал влага дверь искусство сила день бог лицо
Baratynsky,Zeta,56,VERB,желать вставать уметь покидать вещать выходить носить открывать подъять позабывать
Baratynsky,Zeta,57,ADJ,елецкий людской дорогой слепой чуждый должный пасмурный ревнивый досадный любимый
Baratynsky,Zeta,57,NOUN,лицо память слово счастие товарищ утро век рука судьба толпа
Baratynsky,Zeta,57,VERB,желать блистать вздыхать бояться возникать позабывать роптать сводить славить идти
Baratynsky,Zeta,58,ADJ,грустный мятежный ветреный ревнивый страстный чудный бедный елецкий лукавый прямой
Baratynsky,Zeta,58,NOUN,сара счастие вера ответ пир ум миг покой дверь дом
Baratynsky,Zeta,58,VERB,вздыхать принимать желать обманывать представать верить думать молить мочь узнавать
Baratynsky,Zeta,59,ADJ,безумный нежный томный чужой свободный нужный сердечный бедный елецкий чудный
Baratynsky,Zeta,59,NOUN,могила уста благо глупец девица смертный свет стих печаль вера
Baratynsky,Zeta,59,VERB,вставать обретать бывать подымать подходить уметь знать мочь ждать оставлять
Baratynsky,Zeta,60,ADJ,елецкий бедный людской свободный богатый славный густой задумчивый невольный радостный
Baratynsky,Zeta,60,NOUN,ум гроб князь поколение поцелуй свет дружба человек звезда дар
Baratynsky,Zeta,60,VERB,оставлять возмущать иметь посещать желать смущать изменять владеть ласкать летать
Baratynsky,Zeta,61,ADJ,мятежный дикий блестящий долгий ветреный нужный бесценный благоуханный гробовой лукавый
Baratynsky,Zeta,61,NOUN,вера мир год дева стих цветок благо вино детство дом
Baratynsky,Zeta,61,VERB,желать мечтать понимать носить чувствовать владеть писать мочь оставлять говорить
Baratynsky,Zeta,62,ADJ,бедный минувший долгий усталый гробовой несчастный почтенный своевольный болезненный любимый
Baratynsky,Zeta,62,NOUN,судьба глаз веселие говор гроб громада досуг опасение свидание счастие
Baratynsky,Zeta,62,VERB,понимать приходить приводить обманывать беседовать молвить толковать глядеть дышать жить
Baratynsky,Zeta,63,ADJ,елецкий нужный чудный дикий общий зримый пасмурный протяжный глубокий суровый
Baratynsky,Zeta,63,NOUN,нужда подруга чертог лицо тоска дева судьба вера счастие горе
Baratynsky,Zeta,63,VERB,даровать желать возмущать представать идти блистать пылать оставлять взглядывать хвалить
Baratynsky,Zeta,64,ADJ,бедный мятежный былой достойный общий отрадный благой елецкий любимый несчастный
Baratynsky,Zeta,64,NOUN,сара взор цыганка ручей ряд язык глаз вера голос счастие
Baratynsky,Zeta,64,VERB,становиться исчезать проводить украшать проходить таить читать сказать желать пробуждать
Baratynsky,Zeta,65,ADJ,елецкий строгий желанный летучий новый праздный безвестный видный гробовой давний
Baratynsky,Zeta,65,NOUN,сара лицо нина восторг голова пир бой луг пустыня толпа
Baratynsky,Zeta,65,VERB,оставлять подходить взглядывать шутить бледнеть назначать подымать решаться светлеть уметь
Baratynsky,Zeta,66,ADJ,суровый елецкий жадный довольный несчастный лукавый простой прямой ревнивый бедный
Baratynsky,Zeta,66,NOUN,глаз муза забвение печаль дух улыбка лицо толпа уста цветок
Baratynsky,Zeta,66,VERB,владеть хотеть желать грозить бесить попадать прийти рассевать бросать выходить
Baratynsky,Zeta,67,ADJ,елецкий готовый краткий должный любезный напрасный безжизненный бесплодный громкий довольный
Baratynsky,Zeta,67,NOUN,глаз дева беда угол долина зораида лицо ольга стекло хор
Baratynsky,Zeta,67,VERB,желать уметь оставлять находить приносить рожать молвить покоряться сливать снимать
Baratynsky,Zeta,68,ADJ,тяжелый прежний опасный дорогой старый желанный финский любезный праздный пленительный
Baratynsky,Zeta,68,NOUN,толпа голос вера дева дубрава нега пир день мысль миг
Baratynsky,Zeta,68,VERB,говорить играть желать носить принимать призывать владеть манить посещать смущать
Baratynsky,Zeta,69,ADJ,елецкий прежний долгий готовый мятежный задумчивый праздный невинный обманчивый похожий
Baratynsky,Zeta,69,NOUN,вихорь толпа жребий забота италия луна нега укор ночь бог
Baratynsky,Zeta,69,VERB,обманывать становиться обретать оживлять взглядывать вздыхать пить смущать желать начинать
Baratynsky,Zeta,70,ADJ,елецкий молодой долгий лихой большой былой здешний знойный модный общий
Baratynsky,Zeta,70,NOUN,ум век арсений угол утро свет чувство бог лицо вера
Baratynsky,Zeta,70,VERB,знать желать задумываться носить узреть сказать искать узнавать обретать верить
Baratynsky,Zeta,71,ADJ,людской долгий летучий дружеский елецкий мирный страстный строгий любопытный модный
Baratynsky,Zeta,71,NOUN,глаз чувство цветок забота судьбина безумец плуг речь страна царевна
Baratynsky,Zeta,71,VERB,шутить предавать приносить увидеть уходить болтать животворить оживать представать приманивать
Baratynsky,Zeta,72,ADJ,елецкий бесценный людской дивный томный нужный лишенный должный небрежный сладострастный
Baratynsky,Zeta,72,NOUN,год поэт вера желание день бог чувство жребий ответ ручей
Baratynsky,Zeta,72,VERB,оставлять прощать мечтать смущать приводить влечь подавать забывать думать отдавать
Baratynsky,Zeta,73,ADJ,опасный глубокий младой слепой строгий довольный елецкий пустынный достойный громкий
Baratynsky,Zeta,73,NOUN,бытие сара видение воля одр чудо шалость час слеза сын
Baratynsky,Zeta,73,VERB,взглядывать желать владеть выходить вянуть обращать славить согревать таить мочь
Baratynsky,Zeta,74,ADJ,елецкий усталый мирный томный ветхий видный давний людской нескромный веселый
Baratynsky,Zeta,74,NOUN,дружба лицо дитя толпа судьба бытие часы дар дом разлука
Baratynsky,Zeta,74,VERB,думать владеть грозить дивиться узреть являть возникать оставаться успевать шутить
Baratynsky,Zeta,75,ADJ,елецкий гробовой правый самолюбивый дикий благой нужный стройный чудный новый
Baratynsky,Zeta,75,NOUN,зима дух миг судьбина гроб молва взор лицо цветок дева
Baratynsky,Zeta,75,VERB,мочь узнавать гнать признаваться встречать достигать молить прерывать продолжать читать
Baratynsky,Zeta,76,ADJ,должный пылкий сердечный бедный богатый елецкий близкий досадный зимний лишенный
Baratynsky,Zeta,76,NOUN,имя взор стих лицо скала старец день дух милая народ
Baratynsky,Zeta,76,VERB,вздыхать подымать оставлять позабывать принимать владеть грозить выходить вянуть кончать
Baratynsky,Zeta,77,ADJ,строгий ветреный мятежный добрый глубокий елецкий томный бесплодный несчастный способный
Baratynsky,Zeta,77,NOUN,ум страсть волнение миг нина покой аониды искусство порфира след
Baratynsky,Zeta,77,VERB,прощать оставлять становиться казаться проходить покидать звать понимать даровать желать
Baratynsky,Zeta,78,ADJ,свободный задумчивый хороший строгий елецкий бранный пасмурный роскошный счастливый глубокий
Baratynsky,Zeta,78,NOUN,угол миг дружба лицо сара вера видение ум рука взор
Baratynsky,Zeta,78,VERB,забывать проникать переходить изменять смущать ведать восходить вставать благодарить вспомнить
Baratynsky,Zeta,79,ADJ,веселый бедный елецкий былой ветреный нужный безропотный древесный полезный прямой
Baratynsky,Zeta,79,NOUN,вдохновение вера сила глаз год народ рука чело дева младенец
Baratynsky,Zeta,79,VERB,покрывать становиться окружать сидеть влечь приводить заменять литься стучаться уметь
Baratynsky,Zeta,80,ADJ,нужный чуждый ветреный важный елецкий жадный томный достойный опытный цветущий
Baratynsky,Zeta,80,NOUN,дева бог дружба дубрава ответ сара улыбка мечта глаз природа
Baratynsky,Zeta,80,VERB,молвить грозить дивиться лобзать наливать посвящать пророчить решать бежать жить
Baratynsky,Zeta,81,ADJ,нужный елецкий густой ветреный былой гробовой должный суровый давний жадный
Baratynsky,Zeta,81,NOUN,глаз отчизна ум грусть вдохновение дружба надежда нина нужда цыганка
Baratynsky,Zeta,81,VERB,говорить дивиться оставлять переходить подходить уметь беседовать предлагать стучаться видеть
Baratynsky,Zeta,82,ADJ,тяжелый нужный готовый давний благой бранный слепой солнечный способный добрый
Baratynsky,Zeta,82,NOUN,бог вода глаз лист вкус договор молва отзыв слово эда
Baratynsky,Zeta,82,VERB,подавать приводить славить взлелеять отводить сохранять исчезать находить стоять изменять
Baratynsky,Zeta,83,ADJ,несчастный цветущий дальний глубокий должный нужный беспристрастный пленительный молодой бедный
Baratynsky,Zeta,83,NOUN,плод красота творение певец гость лист око мечта забвение закон
Baratynsky,Zeta,83,VERB,увидеть владеть избирать наскучивать любить мочь вздыхать позабывать узнавать испытывать
Baratynsky,Zeta,84,ADJ,нескромный безумный нужный желанный праздный слепой болезненный важный давний ничтожный
Baratynsky,Zeta,84,NOUN,бог счастие забота бытие вера дом жажда наука радость дух
Baratynsky,Zeta,84,VERB,вставать вздыхать думать играть смущать делить позволять входить даровать прощать
Baratynsky,Zeta,85,ADJ,елецкий сердечный безвестный вечный нужный видный любимый рассеянный финский желанный
Baratynsky,Zeta,85,NOUN,вера дар гнев класс кров лист перо год судьба бог
Baratynsky,Zeta,85,VERB,думать молить подымать взглядывать встречать мыслить писать читать дышать слышать
Baratynsky,Zeta,86,ADJ,большой веселый бедный нужный елецкий пылкий краткий рад городской едкий
Baratynsky,Zeta,86,NOUN,судьба тень гусар лира мгновение память сестра слух суета лицо
Baratynsky,Zeta,86,VERB,принимать слышать оставлять мечтать вступать носить поражать виться покрывать представать
Baratynsky,Zeta,87,ADJ,хороший веселый шумный елецкий самолюбивый ветреный рад усталый богатый болезненный
Baratynsky,Zeta,87,NOUN,вера лицо бытие миг мечта рука улыбка глаз вода путь
Baratynsky,Zeta,87,VERB,спать выходить мечтать носить писать славить владеть успевать хвалить мочь
Baratynsky,Zeta,88,ADJ,елецкий свободный блестящий пылкий довольный вышний державный прекрасный мятежный томный
Baratynsky,Zeta,88,NOUN,год взор глаз дева лицо пора толпа вера голос миг
Baratynsky,Zeta,88,VERB,мочь позабывать посылать принимать сидеть ласкать подъять смыкать забывать прощать
Baratynsky,Zeta,89,ADJ,немой ясный елецкий легкий волнистый лукавый недостойный послушный разгульный светский
Baratynsky,Zeta,89,NOUN,скала искусство сладострастие кладбище правда упоение чудо эда судьба око
Baratynsky,Zeta,89,VERB,представать оставлять решать славить согревать подымать снести страшиться уметь бежать
Baratynsky,Zeta,90,ADJ,тяжелый желанный нежный веселый мятежный строгий ветреный детский елецкий краткий
Baratynsky,Zeta,90,NOUN,век бытие лицо движение желание жених нина след друг свет
Baratynsky,Zeta,90,VERB,скрываться взглядывать желать вещать даровать мечтать обливать пасть проникать узнавать
Baratynsky,Zeta,91,ADJ,безумный благой страшный блестящий несчастный елецкий желанный задумчивый строгий детский
Baratynsky,Zeta,91,NOUN,мечтание плод сара девица заступ слово сын эда судьба хвала
Baratynsky,Zeta,91,VERB,вздыхать оставлять верить изменять носить отводить позабывать вещать ласкать медлить
Baratynsky,Zeta,92,ADJ,верный глубокий громкий седой томный елецкий нужный ответный рад торжественный
Baratynsky,Zeta,92,NOUN,чувство покой венок москва взор лицо рука год сын дума
Baratynsky,Zeta,92,VERB,сидеть ждать называть приемлить улыбаться дымиться произносить любить сказать становиться
Baratynsky,Zeta,93,ADJ,тяжелый елецкий ветреный лукавый рад гробовой благой задумчивый томный земной
Baratynsky,Zeta,93,NOUN,лицо дом князь красавица дворец суета рука чувство мир пора
Baratynsky,Zeta,93,VERB,вставать пылать желать подъять упадать нисходить останавливать помогать приводить признаваться
Baratynsky,Zeta,94,ADJ,добрый елецкий мирный томный безумный возвышенный желанный слепой доступный записной
Baratynsky,Zeta,94,NOUN,поэт путь вера улыбка глаз знакомый искусство разлука сладость мечта
Baratynsky,Zeta,94,VERB,принимать начинать приводить бывать восходить представать оставлять исчезать находить встречать
Baratynsky,Zeta,95,ADJ,строгий счастливый нежный глубокий томный возвышенный должный общий старый благоуханный
Baratynsky,Zeta,95,NOUN,дружба лицо имя миг угол упоение участие глаз пора чувство
Baratynsky,Zeta,95,VERB,вести даровать дивиться желать обманывать пойти решаться уступать прощать сказать
Baratynsky,Zeta,96,ADJ,праздный дикий людской громкий страшный задумчивый дальний нагой поздний томный
Baratynsky,Zeta,96,NOUN,девица дева краса свидание ум поэт толпа певец ночь молва
Baratynsky,Zeta,96,VERB,оставлять приводить ласкать дышать верить думать бродить восставать озарять приносить
Baratynsky,Zeta,97,ADJ,ветреный пленительный должный роскошный страстный дорогой насмешливый похожий признательный пустынный
Baratynsky,Zeta,97,NOUN,счастие ответ нина поселянин суета вера дева слово судьба ум
Baratynsky,Zeta,97,VERB,умолкать принимать позабывать чувствовать вздыхать возмущать называть подарить просыпаться смыкать
Baratynsky,Zeta,98,ADJ,елецкий нужный счастливый яркий праздный былой видный желанный задумчивый лицый
Baratynsky,Zeta,98,NOUN,судьбина лицо забвение дом рим сара красота радость время миг
Baratynsky,Zeta,98,VERB,увидеть пробуждать решаться внимать возмущать довериться надеяться наливать узреть сказать
Baratynsky,Zeta,99,ADJ,елецкий ветреный любезный правый державный должный лишенный пылкий счастливый блестящий
Baratynsky,Zeta,99,NOUN,гость лицо вино дарование забвение мера улыбка мысль нега слово
Baratynsky,Zeta,99,VERB,жить вступать желать осмеливаться оставаться увлекать славить служить усыплять сказать
Baratynsky,Zeta,100,ADJ,блестящий хороший долгий ветреный лукавый мертвый невинный рад детский зримый
Baratynsky,Zeta,100,NOUN,ответ муза толпа год воображение битва повеса судьба мгновение глаз
Baratynsky,Zeta,100,VERB,смыкать оживать вздыхать оставлять велеть входить хвалить мочь хотеть дышать
Tjutchev,Guiraud,1,ADJ,благой братский духовный целый большой всемогущий державный непостижимый великий русский
Tjutchev,Guiraud,1,NOUN,строй зелень ложь лето конец правда вера европа кубок юг
Tjutchev,Guiraud,1,VERB,обвевать уходить судить греть служить доходить ликовать тяготеть вечереть гаснуть
Tjutchev,Guiraud,2,ADJ,благой братский целый духовный большой всемогущий державный непостижимый великий русский
Tjutchev,Guiraud,2,NOUN,строй зелень лето ложь конец правда вера европа зной кубок
Tjutchev,Guiraud,2,VERB,обвевать уходить судить служить греть доходить ликовать тяготеть вечереть гаснуть
Tjutchev,Guiraud,3,ADJ,благой братский целый духовный большой всемогущий державный непостижимый русский былой
Tjutchev,Guiraud,3,NOUN,строй зелень ложь лето конец правда вера европа кубок юг
Tjutchev,Guiraud,3,VERB,обвевать уходить судить греть служить доходить ликовать тяготеть вечереть гаснуть
Tjutchev,Guiraud,4,ADJ,благой братский целый духовный большой всемогущий державный русский непостижимый былой
Tjutchev,Guiraud,4,NOUN,строй зелень ложь лето конец правда вера европа кубок юг
Tjutchev,Guiraud,4,VERB,обвевать уходить греть судить служить доходить ликовать тяготеть вечереть гаснуть
Tjutchev,Guiraud,5,ADJ,благой братский духовный целый большой всемогущий державный непостижимый русский великий
Tjutchev,Guiraud,5,NOUN,строй зелень ложь лето конец правда вера европа зной кубок
Tjutchev,Guiraud,5,VERB,обвевать уходить судить греть служить доходить ликовать тяготеть вечереть гаснуть
Tjutchev,Guiraud,6,ADJ,благой братский целый духовный всемогущий державный непостижимый большой великий русский
Tjutchev,Guiraud,6,NOUN,строй зелень ложь лето конец вера правда европа зной кубок
Tjutchev,Guiraud,6,VERB,обвевать уходить судить греть служить доходить ликовать тяготеть вечереть гаснуть
Tjutchev,Guiraud,7,ADJ,благой братский целый духовный большой всемогущий державный непостижимый великий русский
Tjutchev,Guiraud,7,NOUN,строй зелень ложь лето конец правда вера европа зной кубок
Tjutchev,Guiraud,7,VERB,обвевать уходить судить греть служить доходить ликовать тяготеть вечереть гаснуть
Tjutchev,Guiraud,8,ADJ,благой братский целый духовный большой всемогущий державный непостижимый великий русский
Tjutchev,Guiraud,8,NOUN,строй зелень ложь лето конец вера правда европа зной кубок
Tjutchev,Guiraud,8,VERB,обвевать уходить судить греть служить доходить ликовать тяготеть вечереть гаснуть
Tjutchev,Guiraud,9,ADJ,благой братский целый духовный большой всемогущий державный непостижимый великий русский
Tjutchev,Guiraud,9,NOUN,строй зелень ложь лето конец правда вера европа зной кубок
Tjutchev,Guiraud,9,VERB,обвевать уходить судить греть служить доходить ликовать тяготеть вечереть гаснуть
Tjutchev,Guiraud,10,ADJ,благой целый братский духовный большой всемогущий державный непостижимый русский былой
Tjutchev,Guiraud,10,NOUN,строй зелень ложь лето конец правда вера европа зной кубок
Tjutchev,Guiraud,10,VERB,обвевать уходить судить греть служить доходить ликовать тяготеть вечереть гаснуть
Tjutchev,Guiraud,11,ADJ,благой братский духовный целый большой всемогущий державный непостижимый великий русский
Tjutchev,Guiraud,11,NOUN,строй зелень ложь лето конец правда вера европа зной кубок
Tjutchev,Guiraud,11,VERB,обвевать уходить судить греть служить доходить ликовать тяготеть вечереть гаснуть
Tjutchev,Guiraud,12,ADJ,благой братский целый духовный большой всемогущий державный непостижимый русский былой
Tjutchev,Guiraud,12,NOUN,строй зелень ложь лето конец правда вера европа зной кубок
Tjutchev,Guiraud,12,VERB,обвевать уходить судить греть служить доходить ликовать тяготеть вечереть гаснуть
Tjutchev,Guiraud,13,ADJ,благой братский целый духовный большой всемогущий державный непостижимый русский былой
Tjutchev,Guiraud,13,NOUN,строй зелень лето ложь конец правда вера европа зной юг
Tjutchev,Guiraud,13,VERB,обвевать уходить греть судить служить доходить ликовать тяготеть вечереть гаснуть
Tjutchev,Guiraud,14,ADJ,благой целый братский духовный большой всемогущий державный непостижимый великий роковой
Tjutchev,Guiraud,14,NOUN,строй зелень ложь лето конец правда вера европа зной кубок
Tjutchev,Guiraud,14,VERB,обвевать уходить судить греть служить доходить ликовать тяготеть вечереть гаснуть
Tjutchev,Guiraud,15,ADJ,благой братский целый духовный большой всемогущий державный непостижимый великий русский
Tjutchev,Guiraud,15,NOUN,строй зелень ложь лето конец правда вера европа зной юг
Tjutchev,Guiraud,15,VERB,обвевать уходить судить греть служить доходить ликовать тяготеть вечереть гаснуть
Tjutchev,Guiraud,16,ADJ,благой братский целый духовный всемогущий державный непостижимый большой великий русский
Tjutchev,Guiraud,16,NOUN,строй зелень ложь лето конец вера правда европа зной юг
Tjutchev,Guiraud,16,VERB,обвевать уходить судить греть служить доходить ликовать тяготеть вечереть гаснуть
Tjutchev,Guiraud,17,ADJ,благой братский целый духовный большой всемогущий державный непостижимый великий русский
Tjutchev,Guiraud,17,NOUN,строй зелень лето ложь конец вера правда зной кубок юг
Tjutchev,Guiraud,17,VERB,обвевать уходить судить греть служить доходить ликовать тяготеть вечереть гаснуть
Tjutchev,Guiraud,18,ADJ,благой братский целый духовный большой всемогущий державный непостижимый русский былой
Tjutchev,Guiraud,18,NOUN,строй зелень ложь лето конец вера правда европа зной кубок
Tjutchev,Guiraud,18,VERB,обвевать уходить судить греть служить доходить ликовать тяготеть вечереть гаснуть
Tjutchev,Guiraud,19,ADJ,благой братский целый духовный большой всемогущий державный непостижимый великий русский
Tjutchev,Guiraud,19,NOUN,строй зелень ложь лето конец правда вера европа зной кубок
Tjutchev,Guiraud,19,VERB,обвевать уходить судить греть служить доходить ликовать тяготеть вечереть гаснуть
Tjutchev,Guiraud,20,ADJ,благой братский целый духовный большой всемогущий державный непостижимый русский былой
Tjutchev,Guiraud,20,NOUN,строй зелень ложь лето конец правда вера европа зной кубок
Tjutchev,Guiraud,20,VERB,обвевать уходить судить греть служить доходить тяготеть вечереть гаснуть крыть
Tjutchev,Guiraud,21,ADJ,благой братский целый духовный всемогущий державный непостижимый большой великий русский
Tjutchev,Guiraud,21,NOUN,строй зелень ложь лето конец правда вера европа зной кубок
Tjutchev,Guiraud,21,VERB,обвевать уходить судить греть служить доходить ликовать тяготеть вечереть гаснуть
Tjutchev,Guiraud,22,ADJ,благой братский целый большой всемогущий духовный непостижимый русский державный былой
Tjutchev,Guiraud,22,NOUN,строй зелень ложь лето конец правда вера европа зной кубок
Tjutchev,Guiraud,22,VERB,обвевать уходить судить греть служить доходить ликовать тяготеть вечереть крыть
Tjutchev,Guiraud,23,ADJ,благой братский целый большой всемогущий державный духовный непостижимый великий былой
Tjutchev,Guiraud,23,NOUN,строй зелень ложь лето конец вера правда европа зной кубок
Tjutchev,Guiraud,23,VERB,обвевать уходить судить греть служить доходить ликовать тяготеть вечереть гаснуть
Tjutchev,Guiraud,24,ADJ,благой братский целый духовный большой всемогущий державный непостижимый великий русский
Tjutchev,Guiraud,24,NOUN,строй зелень ложь лето конец правда вера европа кубок юг
Tjutchev,Guiraud,24,VERB,обвевать уходить судить греть служить доходить ликовать тяготеть вечереть гаснуть
Tjutchev,Guiraud,25,ADJ,благой братский целый духовный большой всемогущий непостижимый русский державный былой
Tjutchev,Guiraud,25,NOUN,строй зелень ложь лето конец правда вера европа зной кубок
Tjutchev,Guiraud,25,VERB,обвевать уходить судить греть служить доходить ликовать вечереть гаснуть крыть
Tjutchev,Guiraud,26,ADJ,благой братский целый большой всемогущий державный духовный непостижимый русский былой
Tjutchev,Guiraud,26,NOUN,строй зелень ложь лето конец правда вера европа зной кубок
Tjutchev,Guiraud,26,VERB,обвевать уходить греть судить служить доходить ликовать тяготеть вечереть гаснуть
Tjutchev,Guiraud,27,ADJ,благой братский целый духовный большой всемогущий державный непостижимый великий русский
Tjutchev,Guiraud,27,NOUN,строй зелень ложь лето конец правда вера европа зной кубок
Tjutchev,Guiraud,27,VERB,обвевать уходить судить греть служить доходить тяготеть вечереть гаснуть крыть
Tjutchev,Guiraud,28,ADJ,благой братский целый духовный большой всемогущий державный непостижимый великий русский
Tjutchev,Guiraud,28,NOUN,строй зелень ложь лето конец правда вера зной кубок юг
Tjutchev,Guiraud,28,VERB,обвевать уходить судить греть служить доходить ликовать тяготеть вечереть гаснуть
Tjutchev,Guiraud,29,ADJ,благой целый братский духовный большой всемогущий державный непостижимый великий русский
Tjutchev,Guiraud,29,NOUN,строй зелень ложь лето конец правда вера зной кубок юг
Tjutchev,Guiraud,29,VERB,обвевать уходить судить греть служить доходить тяготеть вечереть гаснуть ликовать
Tjutchev,Guiraud,30,ADJ,благой братский целый духовный большой всемогущий державный непостижимый великий русский
Tjutchev,Guiraud,30,NOUN,строй зелень ложь лето конец правда вера европа зной юг
Tjutchev,Guiraud,30,VERB,обвевать уходить судить греть служить ликовать тяготеть вечереть гаснуть доходить
Tjutchev,Guiraud,31,ADJ,благой братский целый духовный большой всемогущий державный непостижимый великий былой
Tjutchev,Guiraud,31,NOUN,строй зелень ложь лето конец правда вера европа зной кубок
Tjutchev,Guiraud,31,VERB,обвевать уходить судить греть служить доходить ликовать вечереть гаснуть крыть
Tjutchev,Guiraud,32,ADJ,благой братский духовный целый большой всемогущий державный непостижимый великий былой
Tjutchev,Guiraud,32,NOUN,строй зелень ложь лето конец правда вера европа зной кубок
Tjutchev,Guiraud,32,VERB,обвевать уходить судить греть служить доходить ликовать тяготеть вечереть гаснуть
Tjutchev,Guiraud,33,ADJ,благой братский целый большой всемогущий державный духовный непостижимый великий русский
Tjutchev,Guiraud,33,NOUN,строй зелень ложь лето конец вера правда европа зной кубок
Tjutchev,Guiraud,33,VERB,обвевать уходить судить греть служить доходить ликовать тяготеть вечереть гаснуть
Tjutchev,Guiraud,34,ADJ,благой братский целый духовный большой всемогущий державный непостижимый великий русский
Tjutchev,Guiraud,34,NOUN,строй зелень ложь лето конец правда вера европа зной кубок
Tjutchev,Guiraud,34,VERB,обвевать уходить судить греть служить доходить ликовать тяготеть вечереть гаснуть
Tjutchev,Guiraud,35,ADJ,благой братский целый духовный большой державный непостижимый великий русский всемогущий
Tjutchev,Guiraud,35,NOUN,строй зелень ложь лето конец правда вера европа зной кубок
Tjutchev,Guiraud,35,VERB,обвевать уходить судить греть служить доходить ликовать вечереть гаснуть крыть
Tjutchev,Guiraud,36,ADJ,благой братский целый духовный большой всемогущий державный непостижимый великий роковой
Tjutchev,Guiraud,36,NOUN,строй зелень ложь лето конец правда вера европа зной кубок
Tjutchev,Guiraud,36,VERB,обвевать уходить судить греть служить доходить ликовать вечереть гаснуть крыть
Tjutchev,Guiraud,37,ADJ,благой братский целый духовный большой всемогущий державный непостижимый великий русский
Tjutchev,Guiraud,37,NOUN,строй зелень ложь лето конец правда вера европа зной юг
Tjutchev,Guiraud,37,VERB,обвевать уходить судить греть служить доходить ликовать вечереть гаснуть крыть
Tjutchev,Guiraud,38,ADJ,благой братский целый духовный большой всемогущий державный непостижимый русский былой
Tjutchev,Guiraud,38,NOUN,строй зелень ложь лето конец правда вера европа зной кубок
Tjutchev,Guiraud,38,VERB,обвевать уходить судить греть служить доходить ликовать тяготеть вечереть гаснуть
Tjutchev,Guiraud,39,ADJ,благой братский целый духовный большой всемогущий державный непостижимый великий русский
Tjutchev,Guiraud,39,NOUN,строй зелень ложь лето конец правда вера европа кубок юг
Tjutchev,Guiraud,39,VERB,обвевать уходить судить греть служить доходить ликовать тяготеть вечереть гаснуть
Tjutchev,Guiraud,40,ADJ,благой братский духовный целый большой всемогущий державный непостижимый великий русский
Tjutchev,Guiraud,40,NOUN,строй зелень ложь лето конец правда вера европа зной кубок
Tjutchev,Guiraud,40,VERB,обвевать уходить судить греть служить доходить ликовать тяготеть вечереть крыть
Tjutchev,Guiraud,41,ADJ,благой братский целый духовный большой всемогущий державный непостижимый великий русский
Tjutchev,Guiraud,41,NOUN,строй зелень ложь лето конец правда вера европа зной кубок
Tjutchev,Guiraud,41,VERB,обвевать уходить судить греть служить доходить ликовать тяготеть вечереть гаснуть
Tjutchev,Guiraud,42,ADJ,благой братский целый духовный большой всемогущий державный непостижимый былой великий
Tjutchev,Guiraud,42,NOUN,строй зелень ложь лето конец правда вера европа зной кубок
Tjutchev,Guiraud,42,VERB,обвевать уходить судить греть доходить ликовать тяготеть служить вечереть гаснуть
Tjutchev,Guiraud,43,ADJ,благой братский духовный целый большой всемогущий державный непостижимый великий русский
Tjutchev,Guiraud,43,NOUN,строй зелень лето ложь конец правда вера европа зной кубок
Tjutchev,Guiraud,43,VERB,обвевать уходить судить греть доходить тяготеть служить вечереть гаснуть крыть
Tjutchev,Guiraud,44,ADJ,благой братский целый духовный большой всемогущий державный непостижимый великий былой
Tjutchev,Guiraud,44,NOUN,строй зелень ложь лето конец вера правда европа зной кубок
Tjutchev,Guiraud,44,VERB,обвевать уходить судить греть служить доходить ликовать тяготеть вечереть гаснуть
Tjutchev,Guiraud,45,ADJ,благой братский целый духовный большой всемогущий державный непостижимый великий былой
Tjutchev,Guiraud,45,NOUN,строй зелень ложь лето конец вера правда европа зной кубок
Tjutchev,Guiraud,45,VERB,обвевать уходить судить греть служить доходить ликовать тяготеть вечереть гаснуть
Tjutchev,Guiraud,46,ADJ,благой братский духовный целый большой всемогущий державный непостижимый великий русский
Tjutchev,Guiraud,46,NOUN,строй зелень ложь лето конец правда вера европа зной кубок
Tjutchev,Guiraud,46,VERB,обвевать уходить судить греть служить доходить ликовать тяготеть гаснуть крыть
Tjutchev,Guiraud,47,ADJ,благой братский духовный целый всемогущий державный непостижимый большой русский былой
Tjutchev,Guiraud,47,NOUN,строй зелень ложь лето конец правда вера европа зной юг
Tjutchev,Guiraud,47,VERB,обвевать уходить судить греть доходить ликовать тяготеть служить вечереть гаснуть
Tjutchev,Guiraud,48,ADJ,благой братский духовный целый большой всемогущий державный непостижимый великий былой
Tjutchev,Guiraud,48,NOUN,строй зелень ложь лето конец правда вера европа зной кубок
Tjutchev,Guiraud,48,VERB,обвевать уходить судить греть служить доходить ликовать тяготеть вечереть крыть
Tjutchev,Guiraud,49,ADJ,благой братский целый духовный большой всемогущий державный непостижимый русский былой
Tjutchev,Guiraud,49,NOUN,строй зелень ложь лето конец правда вера европа зной кубок
Tjutchev,Guiraud,49,VERB,обвевать уходить судить служить доходить ликовать тяготеть вечереть гаснуть греть
Tjutchev,Guiraud,50,ADJ,благой братский целый духовный большой всемогущий державный непостижимый великий русский
Tjutchev,Guiraud,50,NOUN,строй зелень ложь лето конец правда вера европа зной кубок
Tjutchev,Guiraud,50,VERB,обвевать уходить судить греть служить доходить ликовать тяготеть вечереть гаснуть
Tjutchev,Guiraud,51,ADJ,благой братский целый духовный большой всемогущий державный великий русский непостижимый
Tjutchev,Guiraud,51,NOUN,строй зелень ложь лето конец правда вера европа зной юг
Tjutchev,Guiraud,51,VERB,обвевать уходить судить греть служить доходить ликовать тяготеть вечереть гаснуть
Tjutchev,Guiraud,52,ADJ,благой братский духовный целый всемогущий державный непостижимый большой русский былой
Tjutchev,Guiraud,52,NOUN,строй зелень ложь лето конец вера правда европа зной кубок
Tjutchev,Guiraud,52,VERB,обвевать уходить судить греть служить доходить ликовать тяготеть вечереть гаснуть
Tjutchev,Guiraud,53,ADJ,благой братский целый духовный большой всемогущий державный непостижимый великий русский
Tjutchev,Guiraud,53,NOUN,строй зелень ложь лето конец правда вера европа зной кубок
Tjutchev,Guiraud,53,VERB,обвевать уходить судить греть служить доходить ликовать тяготеть вечереть гаснуть
Tjutchev,Guiraud,54,ADJ,благой братский целый духовный большой всемогущий державный непостижимый русский былой
Tjutchev,Guiraud,54,NOUN,строй зелень ложь лето конец вера правда европа зной кубок
Tjutchev,Guiraud,54,VERB,обвевать уходить судить греть доходить ликовать служить вечереть гаснуть крыть
Tjutchev,Guiraud,55,ADJ,благой братский целый духовный большой всемогущий державный непостижимый великий русский
Tjutchev,Guiraud,55,NOUN,строй зелень ложь лето конец правда вера европа зной кубок
Tjutchev,Guiraud,55,VERB,обвевать уходить судить греть служить доходить ликовать тяготеть вечереть гаснуть
Tjutchev,Guiraud,56,ADJ,благой целый братский духовный большой всемогущий державный непостижимый великий русский
Tjutchev,Guiraud,56,NOUN,строй зелень ложь лето конец правда вера европа зной юг
Tjutchev,Guiraud,56,VERB,обвевать уходить судить греть служить доходить ликовать тяготеть вечереть гаснуть
Tjutchev,Guiraud,57,ADJ,благой братский духовный целый всемогущий державный непостижимый большой великий былой
Tjutchev,Guiraud,57,NOUN,строй зелень ложь лето конец правда вера европа зной кубок
Tjutchev,Guiraud,57,VERB,обвевать уходить судить греть служить доходить ликовать тяготеть вечереть гаснуть
Tjutchev,Guiraud,58,ADJ,благой братский целый духовный большой всемогущий державный непостижимый русский былой
Tjutchev,Guiraud,58,NOUN,строй зелень ложь лето конец правда европа зной кубок вера
Tjutchev,Guiraud,58,VERB,обвевать уходить судить греть служить доходить ликовать тяготеть вечереть гаснуть
Tjutchev,Guiraud,59,ADJ,благой братский целый духовный большой всемогущий державный непостижимый великий русский
Tjutchev,Guiraud,59,NOUN,строй зелень лето ложь конец вера правда европа зной кубок
Tjutchev,Guiraud,59,VERB,обвевать уходить судить греть служить доходить ликовать тяготеть вечереть гаснуть
Tjutchev,Guiraud,60,ADJ,благой братский целый духовный большой всемогущий непостижимый великий державный былой
Tjutchev,Guiraud,60,NOUN,строй зелень лето ложь конец вера правда европа зной кубок
Tjutchev,Guiraud,60,VERB,обвевать уходить судить греть служить доходить ликовать тяготеть вечереть гаснуть
Tjutchev,Guiraud,61,ADJ,благой братский целый духовный большой державный непостижимый великий русский всемогущий
Tjutchev,Guiraud,61,NOUN,строй зелень ложь лето правда вера конец европа зной кубок
Tjutchev,Guiraud,61,VERB,обвевать уходить судить греть служить доходить ликовать тяготеть вечереть мужаться
Tjutchev,Guiraud,62,ADJ,благой братский целый духовный большой всемогущий державный непостижимый великий русский
Tjutchev,Guiraud,62,NOUN,строй зелень ложь лето конец правда вера европа зной юг
Tjutchev,Guiraud,62,VERB,обвевать уходить судить греть служить доходить ликовать тяготеть вечереть гаснуть
Tjutchev,Guiraud,63,ADJ,благой братский духовный целый большой всемогущий державный непостижимый великий русский
Tjutchev,Guiraud,63,NOUN,строй зелень ложь лето конец правда вера европа зной кубок
Tjutchev,Guiraud,63,VERB,обвевать уходить судить греть служить доходить тяготеть вечереть гаснуть крыть
Tjutchev,Guiraud,64,ADJ,благой братский целый большой всемогущий державный духовный непостижимый великий русский
Tjutchev,Guiraud,64,NOUN,строй зелень ложь лето конец правда европа зной кубок вера
Tjutchev,Guiraud,64,VERB,обвевать уходить судить греть доходить ликовать тяготеть служить вечереть гаснуть
Tjutchev,Guiraud,65,ADJ,благой братский целый духовный большой всемогущий державный непостижимый великий роковой
Tjutchev,Guiraud,65,NOUN,строй зелень лето ложь правда конец вера зной кубок юг
Tjutchev,Guiraud,65,VERB,обвевать уходить судить греть служить доходить ликовать тяготеть вечереть гаснуть
Tjutchev,Guiraud,66,ADJ,благой братский целый духовный большой всемогущий державный непостижимый русский былой
Tjutchev,Guiraud,66,NOUN,строй зелень ложь лето конец правда вера европа зной кубок
Tjutchev,Guiraud,66,VERB,обвевать уходить судить греть служить доходить ликовать тяготеть вечереть гаснуть
Tjutchev,Guiraud,67,ADJ,благой братский целый духовный большой всемогущий державный непостижимый былой великий
Tjutchev,Guiraud,67,NOUN,строй зелень ложь лето конец правда вера европа зной кубок
Tjutchev,Guiraud,67,VERB,обвевать уходить судить греть служить доходить ликовать тяготеть вечереть крыть
Tjutchev,Guiraud,68,ADJ,благой братский целый духовный всемогущий державный непостижимый большой великий русский
Tjutchev,Guiraud,68,NOUN,строй зелень ложь лето конец правда вера европа зной кубок
Tjutchev,Guiraud,68,VERB,обвевать уходить судить служить греть доходить ликовать тяготеть вечереть гаснуть
Tjutchev,Guiraud,69,ADJ,благой братский целый духовный большой всемогущий державный непостижимый великий русский
Tjutchev,Guiraud,69,NOUN,строй зелень лето ложь конец правда вера европа зной кубок
Tjutchev,Guiraud,69,VERB,обвевать уходить судить греть служить доходить тяготеть вечереть гаснуть крыть
Tjutchev,Guiraud,70,ADJ,благой братский целый духовный большой всемогущий державный непостижимый великий русский
Tjutchev,Guiraud,70,NOUN,строй зелень ложь лето конец правда вера зной кубок юг
Tjutchev,Guiraud,70,VERB,обвевать уходить судить греть служить доходить ликовать тяготеть вечереть гаснуть
Tjutchev,Guiraud,71,ADJ,благой братский целый духовный большой всемогущий державный непостижимый русский былой
Tjutchev,Guiraud,71,NOUN,строй зелень ложь лето конец правда вера европа зной кубок
Tjutchev,Guiraud,71,VERB,обвевать уходить судить греть служить доходить ликовать тяготеть вечереть гаснуть
Tjutchev,Guiraud,72,ADJ,благой братский целый духовный большой всемогущий державный непостижимый русский былой
Tjutchev,Guiraud,72,NOUN,строй зелень ложь лето конец правда вера европа зной юг
Tjutchev,Guiraud,72,VERB,обвевать уходить судить греть служить доходить ликовать вечереть гаснуть крыть
Tjutchev,Guiraud,73,ADJ,благой братский целый духовный большой всемогущий державный непостижимый великий русский
Tjutchev,Guiraud,73,NOUN,строй зелень лето ложь конец правда вера европа зной кубок
Tjutchev,Guiraud,73,VERB,обвевать уходить судить греть служить доходить ликовать тяготеть вечереть гаснуть
Tjutchev,Guiraud,74,ADJ,благой братский духовный целый всемогущий державный непостижимый великий русский большой
Tjutchev,Guiraud,74,NOUN,строй зелень ложь лето конец правда вера европа зной кубок
Tjutchev,Guiraud,74,VERB,обвевать уходить судить греть служить доходить ликовать тяготеть вечереть гаснуть
Tjutchev,Guiraud,75,ADJ,благой братский целый духовный большой всемогущий державный непостижимый русский былой
Tjutchev,Guiraud,75,NOUN,строй зелень ложь лето конец правда вера европа зной кубок
Tjutchev,Guiraud,75,VERB,обвевать уходить греть судить служить доходить ликовать тяготеть вечереть гаснуть
Tjutchev,Guiraud,76,ADJ,благой братский целый духовный большой всемогущий державный непостижимый великий русский
Tjutchev,Guiraud,76,NOUN,строй зелень ложь лето конец правда вера европа зной кубок
Tjutchev,Guiraud,76,VERB,обвевать уходить судить греть доходить ликовать тяготеть служить вечереть гаснуть
Tjutchev,Guiraud,77,ADJ,благой братский целый духовный большой всемогущий державный непостижимый русский былой
Tjutchev,Guiraud,77,NOUN,строй зелень ложь лето конец правда вера европа зной кубок
Tjutchev,Guiraud,77,VERB,обвевать уходить судить греть служить доходить ликовать тяготеть вечереть гаснуть
Tjutchev,Guiraud,78,ADJ,благой братский целый духовный большой всемогущий державный непостижимый великий былой
Tjutchev,Guiraud,78,NOUN,строй зелень лето конец ложь правда вера европа зной кубок
Tjutchev,Guiraud,78,VERB,обвевать уходить судить греть служить доходить ликовать тяготеть вечереть гаснуть
Tjutchev,Guiraud,79,ADJ,благой братский целый духовный всемогущий державный непостижимый большой великий русский
Tjutchev,Guiraud,79,NOUN,строй зелень ложь лето конец правда вера европа зной кубок
Tjutchev,Guiraud,79,VERB,обвевать уходить судить греть служить доходить ликовать тяготеть вечереть гаснуть
Tjutchev,Guiraud,80,ADJ,благой братский целый духовный большой всемогущий державный непостижимый великий русский
Tjutchev,Guiraud,80,NOUN,строй зелень ложь лето конец вера правда зной юг движение
Tjutchev,Guiraud,80,VERB,обвевать уходить судить греть ликовать тяготеть служить вечереть гаснуть доходить
Tjutchev,Guiraud,81,ADJ,благой братский целый духовный большой всемогущий державный непостижимый великий былой
Tjutchev,Guiraud,81,NOUN,строй зелень ложь лето конец правда вера европа зной кубок
Tjutchev,Guiraud,81,VERB,обвевать уходить судить греть служить доходить ликовать тяготеть вечереть гаснуть
Tjutchev,Guiraud,82,ADJ,благой братский целый духовный большой всемогущий державный русский непостижимый былой
Tjutchev,Guiraud,82,NOUN,строй зелень ложь лето конец правда вера европа зной кубок
Tjutchev,Guiraud,82,VERB,обвевать уходить судить греть служить доходить ликовать тяготеть вечереть гаснуть
Tjutchev,Guiraud,83,ADJ,благой братский духовный целый большой всемогущий державный непостижимый великий русский
Tjutchev,Guiraud,83,NOUN,строй зелень ложь лето конец правда европа зной кубок вера
Tjutchev,Guiraud,83,VERB,обвевать уходить судить греть служить доходить ликовать тяготеть вечереть гаснуть
Tjutchev,Guiraud,84,ADJ,благой братский целый духовный большой всемогущий державный непостижимый русский былой
Tjutchev,Guiraud,84,NOUN,строй зелень ложь лето конец правда вера европа зной кубок
Tjutchev,Guiraud,84,VERB,обвевать уходить судить греть служить доходить ликовать вечереть гаснуть крыть
Tjutchev,Guiraud,85,ADJ,благой братский духовный целый большой всемогущий державный непостижимый великий русский
Tjutchev,Guiraud,85,NOUN,строй зелень ложь лето конец правда вера европа зной юг
Tjutchev,Guiraud,85,VERB,обвевать уходить судить греть служить доходить ликовать тяготеть гаснуть крыть
Tjutchev,Guiraud,86,ADJ,благой братский целый духовный большой всемогущий державный непостижимый великий русский
Tjutchev,Guiraud,86,NOUN,строй зелень ложь лето конец вера правда европа зной кубок
Tjutchev,Guiraud,86,VERB,обвевать уходить судить греть доходить ликовать тяготеть служить вечереть гаснуть
Tjutchev,Guiraud,87,ADJ,благой братский духовный целый всемогущий державный непостижимый великий русский большой
Tjutchev,Guiraud,87,NOUN,строй зелень ложь лето конец правда вера европа зной кубок
Tjutchev,Guiraud,87,VERB,обвевать уходить судить греть служить доходить ликовать тяготеть вечереть гаснуть
Tjutchev,Guiraud,88,ADJ,благой братский целый духовный большой всемогущий державный непостижимый великий русский
Tjutchev,Guiraud,88,NOUN,строй зелень ложь лето конец правда вера зной юг движение
Tjutchev,Guiraud,88,VERB,обвевать уходить судить греть служить доходить ликовать тяготеть вечереть гаснуть
Tjutchev,Guiraud,89,ADJ,благой братский целый духовный большой всемогущий державный непостижимый былой великий
Tjutchev,Guiraud,89,NOUN,строй зелень ложь лето конец правда вера европа зной кубок
Tjutchev,Guiraud,89,VERB,обвевать уходить судить греть служить доходить ликовать тяготеть вечереть гаснуть
Tjutchev,Guiraud,90,ADJ,благой братский целый духовный большой всемогущий державный непостижимый былой великий
Tjutchev,Guiraud,90,NOUN,строй зелень лето ложь конец правда вера европа зной кубок
Tjutchev,Guiraud,90,VERB,обвевать уходить греть судить служить доходить ликовать тяготеть вечереть гаснуть
Tjutchev,Guiraud,91,ADJ,благой братский целый духовный большой всемогущий державный непостижимый русский былой
Tjutchev,Guiraud,91,NOUN,строй зелень ложь лето правда вера конец европа зной кубок
Tjutchev,Guiraud,91,VERB,обвевать уходить судить греть служить доходить ликовать тяготеть вечереть гаснуть
Tjutchev,Guiraud,92,ADJ,благой братский целый духовный большой всемогущий державный непостижимый великий русский
Tjutchev,Guiraud,92,NOUN,строй зелень лето ложь конец правда вера европа зной юг
Tjutchev,Guiraud,92,VERB,обвевать уходить судить греть доходить ликовать служить вечереть гаснуть крыть
Tjutchev,Guiraud,93,ADJ,благой братский духовный целый большой всемогущий державный непостижимый великий русский
Tjutchev,Guiraud,93,NOUN,строй зелень ложь лето конец правда вера европа зной кубок
Tjutchev,Guiraud,93,VERB,обвевать уходить судить греть служить доходить ликовать вечереть гаснуть крыть
Tjutchev,Guiraud,94,ADJ,благой братский целый духовный большой всемогущий державный непостижимый русский былой
Tjutchev,Guiraud,94,NOUN,строй зелень ложь лето конец правда вера европа зной кубок
Tjutchev,Guiraud,94,VERB,обвевать уходить судить греть служить доходить ликовать тяготеть вечереть гаснуть
Tjutchev,Guiraud,95,ADJ,благой братский целый духовный большой всемогущий державный непостижимый великий русский
Tjutchev,Guiraud,95,NOUN,строй зелень ложь лето конец вера европа зной кубок правда
Tjutchev,Guiraud,95,VERB,обвевать уходить судить служить греть доходить ликовать тяготеть вечереть гаснуть
Tjutchev,Guiraud,96,ADJ,благой целый братский духовный большой всемогущий державный непостижимый великий русский
Tjutchev,Guiraud,96,NOUN,строй зелень ложь лето конец правда вера европа кубок юг
Tjutchev,Guiraud,96,VERB,обвевать уходить судить греть служить доходить ликовать тяготеть вечереть гаснуть
Tjutchev,Guiraud,97,ADJ,благой братский целый духовный большой всемогущий державный непостижимый великий русский
Tjutchev,Guiraud,97,NOUN,строй зелень ложь лето конец правда вера европа зной юг
Tjutchev,Guiraud,97,VERB,обвевать уходить судить греть служить доходить ликовать вечереть гаснуть крыть
Tjutchev,Guiraud,98,ADJ,благой братский целый духовный большой державный непостижимый великий всемогущий былой
Tjutchev,Guiraud,98,NOUN,строй зелень ложь лето конец правда вера европа зной кубок
Tjutchev,Guiraud,98,VERB,обвевать уходить судить греть служить доходить ликовать тяготеть вечереть гаснуть
Tjutchev,Guiraud,99,ADJ,благой братский целый духовный большой всемогущий непостижимый великий русский державный
Tjutchev,Guiraud,99,NOUN,строй зелень ложь лето конец вера правда европа зной кубок
Tjutchev,Guiraud,99,VERB,обвевать уходить судить греть служить доходить ликовать тяготеть вечереть гаснуть
Tjutchev,Guiraud,100,ADJ,благой братский духовный целый большой всемогущий державный непостижимый великий былой
Tjutchev,Guiraud,100,NOUN,строй зелень ложь лето конец правда вера европа зной кубок
Tjutchev,Guiraud,100,VERB,обвевать уходить судить греть служить доходить ликовать тяготеть вечереть гаснуть
Tjutchev,Log odds,1,ADJ,славянский бесконечный неравный сочувственный человеческий дождевой мглистый ненавистный пошлый православный
Tjutchev,Log odds,1,NOUN,костер обаяние среда стезя клич христос гам сознание тысяча кесарь
Tjutchev,Log odds,1,VERB,чуять одолевать сознавать быть брести почтить приподымать уцелеть уходить воздвигаться
Tjutchev,Log odds,2,ADJ,славянский человеческий бесконечный неравный сочувственный дождевой ненавистный пошлый православный современный
Tjutchev,Log odds,2,NOUN,костер обаяние стезя христос клич среда гам сознание тысяча кесарь
Tjutchev,Log odds,2,VERB,чуять одолевать сознавать быть брести почтить приподымать уцелеть уходить воздвигаться
Tjutchev,Log odds,3,ADJ,славянский человеческий бесконечный неравный сочувственный мглистый ненавистный пошлый православный скудный
Tjutchev,Log odds,3,NOUN,костер обаяние среда христос клич стезя гам сознание тысяча кесарь
Tjutchev,Log odds,3,VERB,чуять одолевать сознавать быть брести почтить приподымать уцелеть уходить воздвигаться
Tjutchev,Log odds,4,ADJ,славянский человеческий бесконечный неравный сочувственный дождевой мглистый ненавистный пошлый православный
Tjutchev,Log odds,4,NOUN,костер обаяние среда стезя христос клич гам сознание тысяча тень
Tjutchev,Log odds,4,VERB,чуять одолевать сознавать быть брести почтить приподымать уцелеть уходить воздвигаться
Tjutchev,Log odds,5,ADJ,славянский человеческий бесконечный неравный сочувственный дождевой мглистый ненавистный пошлый православный
Tjutchev,Log odds,5,NOUN,костер обаяние среда стезя христос клич гам сознание тысяча кесарь
Tjutchev,Log odds,5,VERB,чуять одолевать сознавать быть брести почтить приподымать уходить воздвигаться впускать
Tjutchev,Log odds,6,ADJ,славянский человеческий бесконечный неравный сочувственный дождевой мглистый православный скудный современный
Tjutchev,Log odds,6,NOUN,костер обаяние стезя клич среда христос гам тысяча тень кесарь
Tjutchev,Log odds,6,VERB,чуять одолевать сознавать быть брести почтить приподымать уцелеть уходить воздвигаться
Tjutchev,Log odds,7,ADJ,славянский человеческий бесконечный неравный сочувственный дождевой мглистый ненавистный пошлый православный
Tjutchev,Log odds,7,NOUN,костер обаяние среда стезя христос клич гам сознание тысяча тень
Tjutchev,Log odds,7,VERB,чуять одолевать сознавать быть брести почтить приподымать уцелеть уходить воздвигаться
Tjutchev,Log odds,8,ADJ,славянский человеческий бесконечный неравный сочувственный дождевой мглистый ненавистный пошлый православный
Tjutchev,Log odds,8,NOUN,костер обаяние среда стезя христос клич гам сознание тысяча кесарь
Tjutchev,Log odds,8,VERB,одолевать чуять сознавать быть брести приподымать уцелеть уходить воздвигаться впускать
Tjutchev,Log odds,9,ADJ,славянский человеческий бесконечный неравный сочувственный дождевой мглистый ненавистный пошлый православный
Tjutchev,Log odds,9,NOUN,костер обаяние стезя христос клич среда гам сознание тысяча тень
Tjutchev,Log odds,9,VERB,чуять одолевать сознавать быть брести почтить приподымать уцелеть уходить воздвигаться
Tjutchev,Log odds,10,ADJ,славянский человеческий бесконечный неравный сочувственный дождевой мглистый ненавистный пошлый православный
Tjutchev,Log odds,10,NOUN,костер обаяние среда стезя христос клич гам сознание тысяча кесарь
Tjutchev,Log odds,10,VERB,чуять одолевать сознавать быть брести почтить приподымать уцелеть уходить воздвигаться
Tjutchev,Log odds,11,ADJ,славянский человеческий бесконечный неравный сочувственный дождевой мглистый ненавистный пошлый православный
Tjutchev,Log odds,11,NOUN,костер обаяние среда стезя христос клич гам сознание тень кесарь
Tjutchev,Log odds,11,VERB,чуять одолевать сознавать быть брести почтить уцелеть уходить воздвигаться впускать
Tjutchev,Log odds,12,ADJ,славянский человеческий бесконечный неравный сочувственный дождевой мглистый пошлый православный скудный
Tjutchev,Log odds,12,NOUN,костер обаяние среда стезя христос клич гам сознание тысяча тень
Tjutchev,Log odds,12,VERB,чуять одолевать сознавать быть брести почтить приподымать уцелеть уходить воздвигаться
Tjutchev,Log odds,13,ADJ,славянский человеческий бесконечный неравный сочувственный дождевой мглистый ненавистный пошлый православный
Tjutchev,Log odds,13,NOUN,костер обаяние среда стезя христос клич гам сознание тень кесарь
Tjutchev,Log odds,13,VERB,чуять одолевать сознавать быть брести почтить уходить воздвигаться впускать искриться
Tjutchev,Log odds,14,ADJ,славянский человеческий бесконечный неравный сочувственный дождевой мглистый ненавистный православный скудный
Tjutchev,Log odds,14,NOUN,костер обаяние среда стезя христос клич гам сознание тысяча тень
Tjutchev,Log odds,14,VERB,чуять одолевать сознавать быть брести почтить приподымать уцелеть уходить воздвигаться
Tjutchev,Log odds,15,ADJ,славянский человеческий бесконечный неравный сочувственный мглистый ненавистный пошлый православный скудный
Tjutchev,Log odds,15,NOUN,костер обаяние среда стезя христос клич гам сознание тысяча кесарь
Tjutchev,Log odds,15,VERB,чуять одолевать сознавать быть брести почтить приподымать уцелеть уходить воздвигаться
Tjutchev,Log odds,16,ADJ,славянский человеческий бесконечный неравный сочувственный дождевой мглистый ненавистный пошлый православный
Tjutchev,Log odds,16,NOUN,костер обаяние среда стезя христос клич гам сознание тысяча тень
Tjutchev,Log odds,16,VERB,чуять одолевать сознавать быть брести почтить приподымать уцелеть уходить воздвигаться
Tjutchev,Log odds,17,ADJ,славянский человеческий бесконечный неравный сочувственный дождевой мглистый ненавистный пошлый православный
Tjutchev,Log odds,17,NOUN,костер обаяние среда стезя христос клич гам сознание тысяча тень
Tjutchev,Log odds,17,VERB,чуять одолевать сознавать быть брести почтить приподымать уцелеть уходить воздвигаться
Tjutchev,Log odds,18,ADJ,славянский человеческий бесконечный неравный сочувственный дождевой мглистый ненавистный пошлый православный
Tjutchev,Log odds,18,NOUN,костер обаяние среда христос клич стезя гам сознание тысяча тень
Tjutchev,Log odds,18,VERB,чуять одолевать сознавать быть брести почтить уцелеть уходить воздвигаться впускать
Tjutchev,Log odds,19,ADJ,славянский человеческий бесконечный неравный сочувственный дождевой мглистый ненавистный пошлый православный
Tjutchev,Log odds,19,NOUN,костер обаяние среда стезя христос клич гам сознание тысяча кесарь
Tjutchev,Log odds,19,VERB,чуять одолевать сознавать быть брести почтить приподымать уцелеть уходить воздвигаться
Tjutchev,Log odds,20,ADJ,славянский человеческий бесконечный неравный сочувственный мглистый ненавистный пошлый православный скудный
Tjutchev,Log odds,20,NOUN,костер обаяние среда стезя христос клич гам сознание тысяча кесарь
Tjutchev,Log odds,20,VERB,чуять одолевать сознавать быть брести почтить приподымать уцелеть уходить воздвигаться
Tjutchev,Log odds,21,ADJ,славянский человеческий бесконечный неравный сочувственный дождевой ненавистный пошлый православный скудный
Tjutchev,Log odds,21,NOUN,костер обаяние среда стезя христос клич гам сознание тысяча тень
Tjutchev,Log odds,21,VERB,чуять одолевать сознавать быть брести почтить приподымать уцелеть уходить воздвигаться
Tjutchev,Log odds,22,ADJ,славянский человеческий бесконечный неравный сочувственный дождевой мглистый ненавистный пошлый православный
Tjutchev,Log odds,22,NOUN,костер обаяние среда стезя христос клич гам сознание тысяча тень
Tjutchev,Log odds,22,VERB,чуять одолевать сознавать быть брести приподымать уцелеть уходить воздвигаться впускать
Tjutchev,Log odds,23,ADJ,славянский человеческий бесконечный неравный сочувственный дождевой мглистый ненавистный пошлый православный
Tjutchev,Log odds,23,NOUN,костер обаяние среда стезя христос клич гам сознание тысяча кесарь
Tjutchev,Log odds,23,VERB,чуять одолевать сознавать быть брести почтить приподымать уцелеть уходить воздвигаться
Tjutchev,Log odds,24,ADJ,славянский человеческий бесконечный неравный сочувственный дождевой мглистый ненавистный пошлый православный
Tjutchev,Log odds,24,NOUN,костер обаяние среда стезя христос клич гам сознание тысяча кесарь
Tjutchev,Log odds,24,VERB,чуять одолевать сознавать быть брести приподымать уцелеть уходить воздвигаться впускать
Tjutchev,Log odds,25,ADJ,славянский человеческий бесконечный сочувственный дождевой мглистый неравный пошлый православный скудный
Tjutchev,Log odds,25,NOUN,костер обаяние среда стезя христос клич гам сознание тысяча кесарь
Tjutchev,Log odds,25,VERB,чуять одолевать сознавать быть брести почтить приподымать уцелеть уходить воздвигаться
Tjutchev,Log odds,26,ADJ,славянский человеческий бесконечный неравный сочувственный дождевой мглистый ненавистный пошлый православный
Tjutchev,Log odds,26,NOUN,костер обаяние среда стезя христос клич гам сознание тысяча тень
Tjutchev,Log odds,26,VERB,чуять одолевать сознавать быть брести почтить приподымать уцелеть уходить воздвигаться
Tjutchev,Log odds,27,ADJ,славянский человеческий бесконечный неравный сочувственный дождевой мглистый ненавистный пошлый православный
Tjutchev,Log odds,27,NOUN,костер обаяние среда христос клич стезя гам сознание тысяча кесарь
Tjutchev,Log odds,27,VERB,чуять одолевать сознавать быть брести почтить приподымать уцелеть уходить воздвигаться
Tjutchev,Log odds,28,ADJ,славянский человеческий бесконечный неравный сочувственный дождевой мглистый ненавистный пошлый православный
Tjutchev,Log odds,28,NOUN,костер обаяние среда стезя христос клич гам сознание тысяча кесарь
Tjutchev,Log odds,28,VERB,чуять одолевать сознавать быть брести почтить приподымать уцелеть уходить воздвигаться
Tjutchev,Log odds,29,ADJ,славянский человеческий бесконечный неравный сочувственный дождевой мглистый ненавистный пошлый православный
Tjutchev,Log odds,29,NOUN,костер обаяние среда стезя христос гам клич сознание тысяча тень
Tjutchev,Log odds,29,VERB,чуять одолевать сознавать быть брести почтить приподымать уцелеть уходить воздвигаться
Tjutchev,Log odds,30,ADJ,славянский человеческий неравный сочувственный бесконечный дождевой мглистый ненавистный пошлый православный
Tjutchev,Log odds,30,NOUN,костер обаяние среда стезя клич христос гам сознание тысяча кесарь
Tjutchev,Log odds,30,VERB,чуять одолевать сознавать быть брести почтить приподымать уцелеть уходить воздвигаться
Tjutchev,Log odds,31,ADJ,славянский человеческий бесконечный неравный сочувственный дождевой мглистый пошлый православный скудный
Tjutchev,Log odds,31,NOUN,костер обаяние среда стезя христос клич гам сознание тысяча тень
Tjutchev,Log odds,31,VERB,чуять одолевать сознавать быть брести почтить приподымать уцелеть уходить воздвигаться
Tjutchev,Log odds,32,ADJ,славянский человеческий бесконечный неравный сочувственный дождевой мглистый ненавистный пошлый православный
Tjutchev,Log odds,32,NOUN,костер обаяние среда стезя христос клич гам сознание тысяча кесарь
Tjutchev,Log odds,32,VERB,чуять одолевать сознавать быть брести почтить приподымать уцелеть уходить впускать
Tjutchev,Log odds,33,ADJ,славянский человеческий бесконечный неравный сочувственный дождевой мглистый ненавистный пошлый православный
Tjutchev,Log odds,33,NOUN,костер обаяние среда стезя христос клич гам сознание тысяча кесарь
Tjutchev,Log odds,33,VERB,чуять одолевать сознавать быть брести почтить приподымать уцелеть уходить воздвигаться
Tjutchev,Log odds,34,ADJ,славянский человеческий бесконечный неравный сочувственный дождевой мглистый ненавистный пошлый скудный
Tjutchev,Log odds,34,NOUN,костер обаяние среда стезя христос клич гам сознание тысяча тень
Tjutchev,Log odds,34,VERB,чуять одолевать сознавать быть брести почтить приподымать уцелеть уходить воздвигаться
Tjutchev,Log odds,35,ADJ,славянский человеческий бесконечный сочувственный дождевой мглистый ненавистный неравный пошлый православный
Tjutchev,Log odds,35,NOUN,костер обаяние среда стезя христос клич гам сознание тысяча кесарь
Tjutchev,Log odds,35,VERB,чуять одолевать сознавать быть брести почтить приподымать уцелеть уходить воздвигаться
Tjutchev,Log odds,36,ADJ,славянский человеческий бесконечный неравный сочувственный дождевой мглистый ненавистный православный скудный
Tjutchev,Log odds,36,NOUN,костер обаяние среда стезя клич христос гам сознание тысяча тень
Tjutchev,Log odds,36,VERB,чуять одолевать сознавать быть брести почтить приподымать уцелеть уходить воздвигаться
Tjutchev,Log odds,37,ADJ,славянский человеческий бесконечный сочувственный дождевой мглистый ненавистный неравный пошлый православный
Tjutchev,Log odds,37,NOUN,костер обаяние среда христос клич стезя гам сознание тысяча кесарь
Tjutchev,Log odds,37,VERB,чуять одолевать сознавать быть брести почтить приподымать уцелеть уходить воздвигаться
Tjutchev,Log odds,38,ADJ,славянский человеческий бесконечный неравный сочувственный дождевой мглистый ненавистный пошлый православный
Tjutchev,Log odds,38,NOUN,костер обаяние среда стезя христос клич гам сознание тысяча тень
Tjutchev,Log odds,38,VERB,чуять одолевать сознавать быть брести почтить приподымать уцелеть уходить воздвигаться
Tjutchev,Log odds,39,ADJ,славянский человеческий бесконечный неравный сочувственный дождевой мглистый ненавистный пошлый православный
Tjutchev,Log odds,39,NOUN,костер обаяние среда стезя христос клич гам сознание тысяча кесарь
Tjutchev,Log odds,39,VERB,чуять одолевать сознавать быть брести почтить приподымать уцелеть уходить воздвигаться
Tjutchev,Log odds,40,ADJ,славянский человеческий неравный сочувственный бесконечный дождевой мглистый ненавистный пошлый православный
Tjutchev,Log odds,40,NOUN,костер обаяние среда стезя христос гам клич сознание тысяча кесарь
Tjutchev,Log odds,40,VERB,чуять одолевать сознавать быть брести почтить приподымать уцелеть уходить воздвигаться
Tjutchev,Log odds,41,ADJ,славянский человеческий бесконечный неравный сочувственный дождевой мглистый ненавистный пошлый православный
Tjutchev,Log odds,41,NOUN,костер обаяние среда стезя христос клич гам сознание тысяча кесарь
Tjutchev,Log odds,41,VERB,чуять одолевать сознавать быть брести почтить приподымать уцелеть уходить воздвигаться
Tjutchev,Log odds,42,ADJ,славянский человеческий бесконечный неравный сочувственный дождевой мглистый ненавистный пошлый православный
Tjutchev,Log odds,42,NOUN,костер обаяние среда стезя христос клич сознание тысяча тень гам
Tjutchev,Log odds,42,VERB,чуять одолевать сознавать быть брести почтить приподымать уцелеть уходить воздвигаться
Tjutchev,Log odds,43,ADJ,славянский человеческий бесконечный неравный сочувственный дождевой мглистый ненавистный православный скудный
Tjutchev,Log odds,43,NOUN,костер обаяние среда стезя христос клич гам сознание тысяча тень
Tjutchev,Log odds,43,VERB,чуять одолевать сознавать быть брести почтить приподымать уцелеть уходить воздвигаться
Tjutchev,Log odds,44,ADJ,славянский человеческий бесконечный неравный сочувственный дождевой мглистый ненавистный пошлый православный
Tjutchev,Log odds,44,NOUN,костер обаяние среда стезя христос клич сознание тысяча гам кесарь
Tjutchev,Log odds,44,VERB,чуять одолевать сознавать быть почтить приподымать уцелеть уходить брести воздвигаться
Tjutchev,Log odds,45,ADJ,славянский человеческий неравный сочувственный бесконечный дождевой мглистый ненавистный пошлый православный
Tjutchev,Log odds,45,NOUN,костер обаяние среда стезя христос клич гам сознание тысяча лев
Tjutchev,Log odds,45,VERB,чуять одолевать сознавать быть брести почтить приподымать уцелеть уходить воздвигаться
Tjutchev,Log odds,46,ADJ,славянский человеческий бесконечный сочувственный дождевой мглистый ненавистный неравный пошлый православный
Tjutchev,Log odds,46,NOUN,костер обаяние среда стезя христос клич гам сознание тысяча кесарь
Tjutchev,Log odds,46,VERB,чуять одолевать сознавать быть брести почтить приподымать уцелеть уходить воздвигаться
Tjutchev,Log odds,47,ADJ,славянский человеческий бесконечный неравный сочувственный дождевой мглистый ненавистный пошлый православный
Tjutchev,Log odds,47,NOUN,костер обаяние среда стезя христос клич гам сознание тысяча кесарь
Tjutchev,Log odds,47,VERB,чуять одолевать сознавать быть брести почтить приподымать уцелеть уходить воздвигаться
Tjutchev,Log odds,48,ADJ,славянский человеческий бесконечный неравный сочувственный дождевой мглистый ненавистный пошлый православный
Tjutchev,Log odds,48,NOUN,костер обаяние среда стезя христос клич гам сознание тысяча тень
Tjutchev,Log odds,48,VERB,чуять одолевать сознавать быть брести почтить приподымать уцелеть уходить воздвигаться
Tjutchev,Log odds,49,ADJ,славянский человеческий бесконечный неравный сочувственный дождевой мглистый ненавистный пошлый православный
Tjutchev,Log odds,49,NOUN,костер обаяние среда стезя христос клич гам сознание тысяча тень
Tjutchev,Log odds,49,VERB,чуять одолевать сознавать быть почтить приподымать уцелеть уходить брести воздвигаться
Tjutchev,Log odds,50,ADJ,славянский человеческий бесконечный неравный сочувственный дождевой мглистый ненавистный пошлый православный
Tjutchev,Log odds,50,NOUN,костер обаяние среда стезя христос клич гам сознание тысяча кесарь
Tjutchev,Log odds,50,VERB,чуять одолевать сознавать быть брести почтить приподымать уцелеть уходить воздвигаться
Tjutchev,Log odds,51,ADJ,славянский человеческий бесконечный неравный сочувственный дождевой ненавистный пошлый православный скудный
Tjutchev,Log odds,51,NOUN,костер обаяние среда стезя христос клич гам тысяча кесарь лев
Tjutchev,Log odds,51,VERB,чуять одолевать сознавать быть брести почтить приподымать уцелеть уходить воздвигаться
Tjutchev,Log odds,52,ADJ,славянский человеческий бесконечный неравный сочувственный дождевой мглистый ненавистный пошлый православный
Tjutchev,Log odds,52,NOUN,костер обаяние среда стезя христос клич гам сознание тысяча тень
Tjutchev,Log odds,52,VERB,чуять одолевать сознавать быть брести почтить приподымать уцелеть уходить воздвигаться
Tjutchev,Log odds,53,ADJ,славянский человеческий бесконечный неравный сочувственный дождевой мглистый ненавистный пошлый православный
Tjutchev,Log odds,53,NOUN,костер обаяние среда стезя христос клич гам сознание тысяча тень
Tjutchev,Log odds,53,VERB,чуять одолевать сознавать быть брести почтить приподымать уцелеть уходить воздвигаться
Tjutchev,Log odds,54,ADJ,славянский человеческий бесконечный неравный сочувственный дождевой мглистый ненавистный пошлый православный
Tjutchev,Log odds,54,NOUN,костер обаяние среда стезя христос клич гам сознание тысяча тень
Tjutchev,Log odds,54,VERB,чуять одолевать сознавать быть брести почтить приподымать уцелеть уходить воздвигаться
Tjutchev,Log odds,55,ADJ,славянский человеческий бесконечный неравный сочувственный дождевой мглистый ненавистный пошлый православный
Tjutchev,Log odds,55,NOUN,костер обаяние среда стезя христос клич гам сознание тысяча тень
Tjutchev,Log odds,55,VERB,чуять одолевать сознавать быть брести почтить приподымать уцелеть уходить воздвигаться
Tjutchev,Log odds,56,ADJ,славянский человеческий бесконечный неравный сочувственный дождевой мглистый ненавистный пошлый православный
Tjutchev,Log odds,56,NOUN,костер обаяние среда стезя христос клич гам сознание тень кесарь
Tjutchev,Log odds,56,VERB,чуять одолевать сознавать быть брести почтить приподымать уходить воздвигаться впускать
Tjutchev,Log odds,57,ADJ,славянский человеческий бесконечный неравный сочувственный дождевой мглистый ненавистный пошлый православный
Tjutchev,Log odds,57,NOUN,костер обаяние среда стезя христос клич гам сознание тысяча тень
Tjutchev,Log odds,57,VERB,чуять одолевать сознавать быть брести почтить приподымать уцелеть уходить воздвигаться
Tjutchev,Log odds,58,ADJ,славянский человеческий бесконечный неравный сочувственный дождевой мглистый ненавистный пошлый православный
Tjutchev,Log odds,58,NOUN,костер обаяние среда стезя христос клич гам сознание тысяча тень
Tjutchev,Log odds,58,VERB,чуять одолевать сознавать быть брести почтить приподымать уцелеть уходить воздвигаться
Tjutchev,Log odds,59,ADJ,славянский человеческий бесконечный неравный дождевой мглистый ненавистный пошлый православный скудный
Tjutchev,Log odds,59,NOUN,костер обаяние стезя христос клич среда гам сознание тысяча тень
Tjutchev,Log odds,59,VERB,чуять одолевать сознавать быть брести почтить приподымать уходить воздвигаться впускать
Tjutchev,Log odds,60,ADJ,славянский человеческий бесконечный неравный сочувственный дождевой мглистый ненавистный пошлый православный
Tjutchev,Log odds,60,NOUN,костер обаяние среда стезя христос клич гам сознание тысяча кесарь
Tjutchev,Log odds,60,VERB,чуять одолевать сознавать быть брести почтить приподымать уцелеть уходить воздвигаться
Tjutchev,Log odds,61,ADJ,славянский человеческий бесконечный неравный сочувственный дождевой мглистый ненавистный пошлый православный
Tjutchev,Log odds,61,NOUN,костер обаяние среда стезя христос клич гам сознание тысяча кесарь
Tjutchev,Log odds,61,VERB,чуять одолевать сознавать быть брести почтить приподымать уцелеть уходить воздвигаться
Tjutchev,Log odds,62,ADJ,славянский человеческий бесконечный неравный сочувственный мглистый ненавистный пошлый православный скудный
Tjutchev,Log odds,62,NOUN,костер обаяние среда стезя христос клич гам тысяча тень лев
Tjutchev,Log odds,62,VERB,чуять одолевать сознавать быть брести почтить приподымать уцелеть уходить воздвигаться
Tjutchev,Log odds,63,ADJ,славянский человеческий бесконечный неравный сочувственный дождевой мглистый ненавистный православный скудный
Tjutchev,Log odds,63,NOUN,костер обаяние стезя христос клич среда гам сознание тысяча тень
Tjutchev,Log odds,63,VERB,одолевать чуять сознавать быть брести почтить уцелеть уходить воздвигаться впускать
Tjutchev,Log odds,64,ADJ,славянский человеческий бесконечный неравный сочувственный дождевой мглистый ненавистный пошлый православный
Tjutchev,Log odds,64,NOUN,костер обаяние среда христос клич стезя гам сознание тысяча кесарь
Tjutchev,Log odds,64,VERB,чуять одолевать сознавать быть брести почтить приподымать уцелеть уходить воздвигаться
Tjutchev,Log odds,65,ADJ,славянский человеческий бесконечный неравный сочувственный дождевой мглистый ненавистный пошлый православный
Tjutchev,Log odds,65,NOUN,костер обаяние стезя христос клич среда гам сознание тень кесарь
Tjutchev,Log odds,65,VERB,чуять одолевать сознавать быть брести почтить приподымать уцелеть уходить воздвигаться
Tjutchev,Log odds,66,ADJ,славянский человеческий бесконечный неравный сочувственный дождевой мглистый пошлый православный скудный
Tjutchev,Log odds,66,NOUN,костер обаяние среда стезя христос клич гам сознание тысяча кесарь
Tjutchev,Log odds,66,VERB,чуять одолевать сознавать быть брести почтить приподымать уцелеть уходить воздвигаться
Tjutchev,Log odds,67,ADJ,славянский человеческий неравный сочувственный бесконечный дождевой мглистый ненавистный пошлый православный
Tjutchev,Log odds,67,NOUN,костер обаяние среда стезя христос клич гам сознание тысяча тень
Tjutchev,Log odds,67,VERB,чуять одолевать сознавать быть брести почтить приподымать уцелеть уходить воздвигаться
Tjutchev,Log odds,68,ADJ,славянский человеческий бесконечный неравный сочувственный дождевой мглистый ненавистный пошлый православный
Tjutchev,Log odds,68,NOUN,костер обаяние среда стезя христос клич гам сознание тысяча тень
Tjutchev,Log odds,68,VERB,чуять одолевать сознавать быть брести почтить приподымать уцелеть уходить воздвигаться
Tjutchev,Log odds,69,ADJ,славянский человеческий бесконечный неравный сочувственный дождевой мглистый ненавистный пошлый православный
Tjutchev,Log odds,69,NOUN,костер обаяние стезя христос клич среда гам сознание тысяча тень
Tjutchev,Log odds,69,VERB,чуять одолевать сознавать быть брести почтить приподымать уцелеть уходить воздвигаться
Tjutchev,Log odds,70,ADJ,славянский человеческий бесконечный неравный сочувственный дождевой мглистый ненавистный пошлый православный
Tjutchev,Log odds,70,NOUN,костер обаяние среда стезя христос клич гам сознание тысяча кесарь
Tjutchev,Log odds,70,VERB,чуять одолевать сознавать быть брести почтить приподымать уцелеть уходить воздвигаться
Tjutchev,Log odds,71,ADJ,славянский человеческий бесконечный неравный сочувственный дождевой мглистый ненавистный пошлый православный
Tjutchev,Log odds,71,NOUN,костер обаяние среда стезя христос клич гам сознание тысяча кесарь
Tjutchev,Log odds,71,VERB,чуять одолевать сознавать быть брести почтить приподымать уцелеть уходить воздвигаться
Tjutchev,Log odds,72,ADJ,славянский человеческий бесконечный неравный сочувственный дождевой мглистый ненавистный пошлый православный
Tjutchev,Log odds,72,NOUN,обаяние костер среда стезя христос клич гам сознание тысяча тень
Tjutchev,Log odds,72,VERB,одолевать чуять сознавать быть брести почтить приподымать уцелеть уходить воздвигаться
Tjutchev,Log odds,73,ADJ,славянский человеческий бесконечный неравный сочувственный дождевой мглистый ненавистный православный скудный
Tjutchev,Log odds,73,NOUN,костер обаяние среда стезя христос гам клич сознание тысяча тень
Tjutchev,Log odds,73,VERB,чуять одолевать сознавать быть почтить приподымать уцелеть уходить брести воздвигаться
Tjutchev,Log odds,74,ADJ,славянский человеческий бесконечный неравный сочувственный дождевой мглистый ненавистный пошлый православный
Tjutchev,Log odds,74,NOUN,костер обаяние среда стезя христос клич гам сознание тысяча кесарь
Tjutchev,Log odds,74,VERB,одолевать чуять сознавать быть брести почтить приподымать уцелеть уходить воздвигаться
Tjutchev,Log odds,75,ADJ,славянский человеческий бесконечный неравный сочувственный дождевой мглистый ненавистный пошлый православный
Tjutchev,Log odds,75,NOUN,костер обаяние среда стезя христос клич гам сознание тысяча кесарь
Tjutchev,Log odds,75,VERB,чуять одолевать сознавать быть брести почтить приподымать уцелеть уходить воздвигаться
Tjutchev,Log odds,76,ADJ,славянский человеческий бесконечный неравный сочувственный дождевой мглистый ненавистный пошлый православный
Tjutchev,Log odds,76,NOUN,костер обаяние среда христос клич стезя сознание тысяча тень гам
Tjutchev,Log odds,76,VERB,чуять одолевать сознавать быть брести почтить приподымать уцелеть уходить воздвигаться
Tjutchev,Log odds,77,ADJ,славянский человеческий неравный сочувственный бесконечный дождевой мглистый ненавистный пошлый православный
Tjutchev,Log odds,77,NOUN,костер обаяние среда стезя христос клич сознание тысяча гам кесарь
Tjutchev,Log odds,77,VERB,чуять одолевать сознавать быть брести почтить приподымать уцелеть уходить воздвигаться
Tjutchev,Log odds,78,ADJ,славянский человеческий бесконечный неравный сочувственный дождевой мглистый ненавистный пошлый православный
Tjutchev,Log odds,78,NOUN,костер обаяние среда христос клич стезя гам сознание тысяча тень
Tjutchev,Log odds,78,VERB,чуять одолевать сознавать быть брести почтить уцелеть уходить воздвигаться впускать
Tjutchev,Log odds,79,ADJ,славянский человеческий бесконечный неравный сочувственный дождевой мглистый ненавистный пошлый православный
Tjutchev,Log odds,79,NOUN,костер обаяние среда стезя христос клич гам сознание тысяча тень
Tjutchev,Log odds,79,VERB,чуять одолевать сознавать быть брести почтить приподымать уцелеть уходить воздвигаться
Tjutchev,Log odds,80,ADJ,славянский человеческий бесконечный неравный дождевой мглистый ненавистный пошлый православный скудный
Tjutchev,Log odds,80,NOUN,костер обаяние среда стезя христос клич гам сознание тысяча тень
Tjutchev,Log odds,80,VERB,чуять одолевать сознавать быть брести почтить приподымать уцелеть уходить воздвигаться
Tjutchev,Log odds,81,ADJ,славянский человеческий бесконечный неравный сочувственный дождевой мглистый ненавистный пошлый православный
Tjutchev,Log odds,81,NOUN,костер обаяние среда стезя христос клич гам сознание тысяча кесарь
Tjutchev,Log odds,81,VERB,чуять одолевать сознавать быть почтить приподымать уцелеть уходить брести воздвигаться
Tjutchev,Log odds,82,ADJ,славянский человеческий бесконечный неравный сочувственный дождевой мглистый ненавистный пошлый православный
Tjutchev,Log odds,82,NOUN,костер обаяние среда стезя христос клич гам сознание тысяча тень
Tjutchev,Log odds,82,VERB,чуять одолевать сознавать быть брести почтить приподымать уцелеть уходить воздвигаться
Tjutchev,Log odds,83,ADJ,славянский бесконечный неравный сочувственный человеческий дождевой мглистый ненавистный пошлый православный
Tjutchev,Log odds,83,NOUN,обаяние костер среда стезя христос клич гам сознание тысяча тень
Tjutchev,Log odds,83,VERB,чуять одолевать сознавать быть брести почтить приподымать уцелеть уходить воздвигаться
Tjutchev,Log odds,84,ADJ,славянский человеческий бесконечный неравный сочувственный дождевой мглистый ненавистный пошлый православный
Tjutchev,Log odds,84,NOUN,костер обаяние среда стезя христос клич гам сознание тысяча кесарь
Tjutchev,Log odds,84,VERB,чуять одолевать сознавать быть брести почтить приподымать уцелеть уходить воздвигаться
Tjutchev,Log odds,85,ADJ,славянский человеческий бесконечный неравный сочувственный дождевой мглистый ненавистный пошлый православный
Tjutchev,Log odds,85,NOUN,костер обаяние среда стезя христос клич гам сознание тысяча тень
Tjutchev,Log odds,85,VERB,одолевать чуять сознавать быть брести почтить приподымать уцелеть уходить воздвигаться
Tjutchev,Log odds,86,ADJ,славянский человеческий бесконечный неравный сочувственный дождевой мглистый ненавистный пошлый православный
Tjutchev,Log odds,86,NOUN,костер обаяние среда стезя христос клич гам сознание тысяча тень
Tjutchev,Log odds,86,VERB,чуять одолевать сознавать быть брести почтить приподымать уцелеть уходить воздвигаться
Tjutchev,Log odds,87,ADJ,славянский человеческий бесконечный неравный сочувственный дождевой мглистый ненавистный пошлый православный
Tjutchev,Log odds,87,NOUN,костер обаяние среда стезя христос клич гам сознание тысяча тень
Tjutchev,Log odds,87,VERB,чуять одолевать сознавать быть брести почтить приподымать уцелеть уходить воздвигаться
Tjutchev,Log odds,88,ADJ,славянский человеческий бесконечный неравный сочувственный дождевой мглистый ненавистный пошлый скудный
Tjutchev,Log odds,88,NOUN,костер обаяние среда стезя христос клич сознание тысяча тень гам
Tjutchev,Log odds,88,VERB,чуять одолевать сознавать быть почтить приподымать уцелеть уходить брести воздвигаться
Tjutchev,Log odds,89,ADJ,славянский человеческий бесконечный неравный сочувственный дождевой мглистый ненавистный пошлый православный
Tjutchev,Log odds,89,NOUN,костер обаяние среда стезя христос клич гам сознание тысяча тень
Tjutchev,Log odds,89,VERB,чуять одолевать сознавать быть брести почтить приподымать уцелеть уходить воздвигаться
Tjutchev,Log odds,90,ADJ,славянский человеческий бесконечный неравный сочувственный дождевой мглистый ненавистный пошлый православный
Tjutchev,Log odds,90,NOUN,костер обаяние среда стезя христос клич гам сознание тысяча тень
Tjutchev,Log odds,90,VERB,чуять одолевать сознавать быть брести почтить приподымать уцелеть уходить воздвигаться
Tjutchev,Log odds,91,ADJ,славянский человеческий бесконечный неравный сочувственный дождевой мглистый ненавистный пошлый православный
Tjutchev,Log odds,91,NOUN,костер среда стезя христос клич обаяние гам сознание тысяча кесарь
Tjutchev,Log odds,91,VERB,чуять одолевать сознавать быть брести почтить приподымать уцелеть уходить воздвигаться
Tjutchev,Log odds,92,ADJ,славянский человеческий бесконечный неравный дождевой мглистый ненавистный пошлый скудный современный
Tjutchev,Log odds,92,NOUN,костер обаяние среда стезя христос клич гам сознание тысяча тень
Tjutchev,Log odds,92,VERB,одолевать чуять сознавать быть брести почтить приподымать уцелеть уходить воздвигаться
Tjutchev,Log odds,93,ADJ,славянский человеческий бесконечный неравный сочувственный дождевой мглистый ненавистный пошлый православный
Tjutchev,Log odds,93,NOUN,костер обаяние среда стезя христос клич гам сознание тысяча кесарь
Tjutchev,Log odds,93,VERB,чуять одолевать сознавать быть брести почтить приподымать уцелеть уходить воздвигаться
Tjutchev,Log odds,94,ADJ,славянский человеческий бесконечный неравный сочувственный дождевой мглистый ненавистный пошлый православный
Tjutchev,Log odds,94,NOUN,костер обаяние среда стезя христос клич гам сознание тысяча тень
Tjutchev,Log odds,94,VERB,чуять одолевать сознавать быть брести почтить приподымать уцелеть уходить воздвигаться
Tjutchev,Log odds,95,ADJ,славянский бесконечный неравный сочувственный человеческий дождевой мглистый ненавистный пошлый православный
Tjutchev,Log odds,95,NOUN,костер обаяние среда христос клич стезя гам сознание тысяча тень
Tjutchev,Log odds,95,VERB,чуять одолевать сознавать быть брести почтить приподымать уцелеть уходить воздвигаться
Tjutchev,Log odds,96,ADJ,славянский человеческий бесконечный неравный сочувственный дождевой мглистый ненавистный пошлый православный
Tjutchev,Log odds,96,NOUN,костер обаяние среда стезя христос клич гам сознание тысяча кесарь
Tjutchev,Log odds,96,VERB,чуять одолевать сознавать быть брести почтить приподымать уцелеть уходить воздвигаться
Tjutchev,Log odds,97,ADJ,славянский человеческий бесконечный неравный сочувственный дождевой мглистый ненавистный пошлый православный
Tjutchev,Log odds,97,NOUN,костер обаяние среда христос клич стезя гам сознание тысяча тень
Tjutchev,Log odds,97,VERB,чуять одолевать сознавать быть брести почтить приподымать уцелеть уходить воздвигаться
Tjutchev,Log odds,98,ADJ,славянский человеческий бесконечный неравный сочувственный дождевой мглистый ненавистный пошлый православный
Tjutchev,Log odds,98,NOUN,костер обаяние среда христос стезя гам клич сознание тысяча тень
Tjutchev,Log odds,98,VERB,чуять одолевать сознавать быть брести почтить приподымать уцелеть уходить воздвигаться
Tjutchev,Log odds,99,ADJ,славянский человеческий бесконечный неравный дождевой мглистый ненавистный пошлый православный скудный
Tjutchev,Log odds,99,NOUN,костер обаяние среда стезя христос клич гам сознание тысяча тень
Tjutchev,Log odds,99,VERB,чуять одолевать сознавать быть брести почтить приподымать уцелеть уходить воздвигаться
Tjutchev,Log odds,100,ADJ,славянский человеческий бесконечный неравный сочувственный дождевой мглистый ненавистный пошлый православный
Tjutchev,Log odds,100,NOUN,костер обаяние среда стезя христос клич гам сознание тысяча тень
Tjutchev,Log odds,100,VERB,чуять одолевать сознавать быть брести почтить приподымать уцелеть уходить воздвигаться
Tjutchev,Zeta,1,ADJ,злой целый смиренный единый пророческий русский чуткий бесконечный должный женский
Tjutchev,Zeta,1,NOUN,солнце воздух зло крик русь строй буря тень борьба луч
Tjutchev,Zeta,1,VERB,греметь уметь свершать спасать воскресать будить одолевать мочь верить литься
Tjutchev,Zeta,2,ADJ,непостижимый большой хороший бледный вещий благодатный победный ранний снежный человеческий
Tjutchev,Zeta,2,NOUN,конец имя речь борьба добро конь россия сомнение взор время
Tjutchev,Zeta,2,VERB,вставать свершать бороться греть грянуть жаждать оставаться томиться узреть стоять
Tjutchev,Zeta,3,ADJ,русский густой бессмертный завидный благовонный злосчастный очарованный простой дикий воздушный
Tjutchev,Zeta,3,NOUN,благодать дерево пыль вера вода дым молитва озеро бог слово
Tjutchev,Zeta,3,VERB,светить бить обвевать жаждать смущать сыскать биться гнать спать течь
Tjutchev,Zeta,4,ADJ,ужасный роковой бедный воздушный чуждый чужой заветный эфирный братский звучный
Tjutchev,Zeta,4,NOUN,борьба конец цвет больной царь око могила море ночь народ
Tjutchev,Zeta,4,VERB,бросать смущать ждать смотреть уходить светить вступать бунтовать одолевать бороться
Tjutchev,Zeta,5,ADJ,строгий бледный русский бедный благодатный былой большой единый незримый дождевой
Tjutchev,Zeta,5,NOUN,весна луч глубина пора воспоминание громов поэт россия край народ
Tjutchev,Zeta,5,VERB,спасать улетать видать ловить осуждать просыпаться смущать верить взять тревожить
Tjutchev,Zeta,6,ADJ,целый злой дикий чудный русский братский звучный любимый народный недоступный
Tjutchev,Zeta,6,NOUN,окно слово вечер лист царство солнце пора свет страсть град
Tjutchev,Zeta,6,VERB,смотреть просить предавать видать впускать вскармливать обвевать обманывать озаряться говорить
Tjutchev,Zeta,7,ADJ,целый роковой хороший былой благой братский темный безымянный враждебный жадный
Tjutchev,Zeta,7,NOUN,сын россия власть демон любовь сила век человек глава воздух
Tjutchev,Zeta,7,VERB,сливать служить светить смущать белеть дремать зеленеть одолевать плыть повеять
Tjutchev,Zeta,8,ADJ,целый морской женский благодатный бедный душевный отрадный русский злой чуждый
Tjutchev,Zeta,8,NOUN,звезда жертва тень воздух бог слово высота тоска луч облак
Tjutchev,Zeta,8,VERB,срываться бывать молиться уходить вернуться делить обливать пламенеть тяготеть веять
Tjutchev,Zeta,9,ADJ,морской чудный благой теплый ужасный звездный гробовой двойной единый ненавистный
Tjutchev,Zeta,9,NOUN,конец весна высота гроза дух слово судьба бессмертие время круг
Tjutchev,Zeta,9,VERB,вставать зреть служить свершать создавать достигать нудить улетать лежать блестеть
Tjutchev,Zeta,10,ADJ,божий морской мертвый воздушный дорогой славянский отчаянный сонный страстный человеческий
Tjutchev,Zeta,10,NOUN,природа струя кубок борьба мысль восток обаяние день ночь звезда
Tjutchev,Zeta,10,VERB,уходить греметь рдеть вспомнить даваться нести пламенеть пойти бродить играть
Tjutchev,Zeta,11,ADJ,неземной ранний всесильный бедный морской гробовой человеческий белый вековой славянский
Tjutchev,Zeta,11,NOUN,берег свет сын круг мысль рука окно тень век солнце
Tjutchev,Zeta,11,VERB,зеленеть бывать следить биться возвещать уметь глядеть бежать становиться хотеть
Tjutchev,Zeta,12,ADJ,мировой божий великий роковой русский всесильный зловещий неземной ненавистный общий
Tjutchev,Zeta,12,NOUN,бездна горе гроза вера правда год судьба стихия дорога туман
Tjutchev,Zeta,12,VERB,стоять литься служить приносить скользить завещать жить взять вставать дремать
Tjutchev,Zeta,13,ADJ,русский единый летний хороший густой воздушный вещий большой пламенный братский
Tjutchev,Zeta,13,NOUN,день бог лето рука движение цвет душ слой царство мир
Tjutchev,Zeta,13,VERB,смущать прийти ликовать проходить уходить обвевать освящать скользить играть вставать
Tjutchev,Zeta,14,ADJ,целый ужасный тяжкий минувший смелый слабый былой русский страшный ранний
Tjutchev,Zeta,14,NOUN,плод пламень восток пыль судьба огонь кровь глас стена сын
Tjutchev,Zeta,14,VERB,греть предавать уходить гнуться достигать мужаться наставать оживать поблекнуть любить
Tjutchev,Zeta,15,ADJ,былой русский златой всесильный заветный близкий всемогущий славянский строгий безымянный
Tjutchev,Zeta,15,NOUN,дело правда суд бог ночь луч народ природа судьба борьба
Tjutchev,Zeta,15,VERB,даваться сиять белеть откликаться вечереть вспомнить пойти рдеть свершаться создавать
Tjutchev,Zeta,16,ADJ,неземной славянский целый братский доступный непостижимый благой любимый смутный человеческий
Tjutchev,Zeta,16,NOUN,цепь гроза бой тайна дно кубок место правда птица земля
Tjutchev,Zeta,16,VERB,веять обхватить обвевать предавать гаснуть нудить почить чуять знать мочь
Tjutchev,Zeta,17,ADJ,славянский простой волшебный таинственный благой неземной отчаянный летний заветный неизменный
Tjutchev,Zeta,17,NOUN,лес луна пора тень сын струя дума край борьба враг
Tjutchev,Zeta,17,VERB,молчать уходить взять светить повеять приносить шевелить знать хотеть веять
Tjutchev,Zeta,18,ADJ,неземной большой былой жалкий благодатный достойный родимый роковой таинственный слышный
Tjutchev,Zeta,18,NOUN,царь бог гость высота народ дым блеск лист нева нога
Tjutchev,Zeta,18,VERB,оставаться литься верить дремать почить уметь расцветать свершать судить становиться
Tjutchev,Zeta,19,ADJ,былой всесильный великий бледный готовый отчаянный злой адский жизненный любимый
Tjutchev,Zeta,19,NOUN,солнце роза высота месяц поэт движение зной мгновение царь слово
Tjutchev,Zeta,19,VERB,становиться молиться обвевать парить вернуться проникать молчать хотеть губить уметь
Tjutchev,Zeta,20,ADJ,былой чудный добрый злой всесильный русский бесконечный мертвый неравный роскошный
Tjutchev,Zeta,20,NOUN,брег вершина знамя образ творение бог тень кровь человек круг
Tjutchev,Zeta,20,VERB,оставлять вечереть звучать наставать дымиться откликаться решать светиться сливать служить
Tjutchev,Zeta,21,ADJ,былой великий бедный воздушный безымянный таинственный духовный пошлый роскошный добрый
Tjutchev,Zeta,21,NOUN,труд луч море ложь борьба месяц птица путь сила страна
Tjutchev,Zeta,21,VERB,удаваться расти улетать роптать бороться изнывать оставлять проходить вставать звать
Tjutchev,Zeta,22,ADJ,большой злой былой счастливый летний победный безымянный благой буйный завидный
Tjutchev,Zeta,22,NOUN,луч дерево воитель вой голос князь память победа россия жизнь
Tjutchev,Zeta,22,VERB,уходить катиться литься пламенеть следить смущать струиться мочь зреть вести
Tjutchev,Zeta,23,ADJ,теплый хороший бедный златой благой слышный целый эфирный большой всесильный
Tjutchev,Zeta,23,NOUN,лист камень тень толпа струя блеск бой вид дно сон
Tjutchev,Zeta,23,VERB,литься скользить уметь благословлять бледнеть длиться рыть становиться блистать слышать
Tjutchev,Zeta,24,ADJ,голубой славный божий целый злой чуждый воздушный льдистый духовный снежный
Tjutchev,Zeta,24,NOUN,весна время глас человек власть дух дым россия жила лист
Tjutchev,Zeta,24,VERB,верить спешить давать обвевать бывать подавать греть дохнуть парить потухать
Tjutchev,Zeta,25,ADJ,таинственный дневной братский русский лазурный большой неравный гробовой неподвижный непостижимый
Tjutchev,Zeta,25,NOUN,луч судьба бой вера крыло молчание песок русь фонтан тень
Tjutchev,Zeta,25,VERB,уходить сиять уступать умолкать литься скрываться покрывать будить вести рыть
Tjutchev,Zeta,26,ADJ,злой русский древний морской людской поздний былой душистый всемогущий доступный
Tjutchev,Zeta,26,NOUN,солнце бой тень край бог место рим туман год сон
Tjutchev,Zeta,26,VERB,вставать уметь касаться спасать погружать уходить высказывать достигать одолевать подходить
Tjutchev,Zeta,27,ADJ,бледный великий русский голубой благой духовный тесный земной золотой высокий
Tjutchev,Zeta,27,NOUN,судьба горе гром благодать гроб молитва христос сила народ час
Tjutchev,Zeta,27,VERB,дремать улетать вести делить зеленеть мужаться обвевать смущать стоять лететь
Tjutchev,Zeta,28,ADJ,благой дикий целый поздний теплый людской вечерний братский грустный сырой
Tjutchev,Zeta,28,NOUN,народ год восток конец цвет одр раз дым среда строй
Tjutchev,Zeta,28,VERB,звучать сиять наставать бывать кричать почить воздвигаться вставать ликовать одолевать
Tjutchev,Zeta,29,ADJ,вечный минувший отчаянный слышный благой всесильный дождевой любимый скудный славянский
Tjutchev,Zeta,29,NOUN,кровь круг благоволение вершина зыбь русь земля год край солнце
Tjutchev,Zeta,29,VERB,спасать проходить благословлять вернуться отдавать сознавать вставать лежать литься вспомнить
Tjutchev,Zeta,30,ADJ,хороший высокий бедный целый злой воздушный длинный неистовый роковой кровавый
Tjutchev,Zeta,30,NOUN,прах глаз дыхание зло русский сумрак звезда земля край тень
Tjutchev,Zeta,30,VERB,светить почить разрастаться дышать жить верить греметь молчать мочь веять
Tjutchev,Zeta,31,ADJ,неистовый злой бледный родимый большой братский духовный минувший огневой пророческий
Tjutchev,Zeta,31,NOUN,тень край природа денница круг царь струя судьба вода время
Tjutchev,Zeta,31,VERB,вставать светить ловить увлекать мочь верить становиться литься будить рдеть
Tjutchev,Zeta,32,ADJ,роковой бессмертный благой целый бледный роскошный глубокий человеческий всесильный ложный
Tjutchev,Zeta,32,NOUN,раз месяц бездна судьба луч царь народ час горе запад
Tjutchev,Zeta,32,VERB,уходить следить воздвигать побеждать скользить бить брызнуть ведать окружать приподымать
Tjutchev,Zeta,33,ADJ,хороший чистый русский целый ужасный благой славянский неземной огневой человеческий
Tjutchev,Zeta,33,NOUN,царь кубок бой высота дело вера вершина рим стремление час
Tjutchev,Zeta,33,VERB,уходить обвевать смотреть спасать вставать свершать бывать даваться склонять уцелеть
Tjutchev,Zeta,34,ADJ,воздушный божий целый бессмертный неземной людской слепой безмолвный духовный зловещий
Tjutchev,Zeta,34,NOUN,солнце дно бой глубина пора ряд горе кубок ложь народ
Tjutchev,Zeta,34,VERB,вставать плыть уходить вспомнить вступать обвевать служить увлекать укрываться знать
Tjutchev,Zeta,35,ADJ,злой бедный былой бессмертный бледный звездный бесконечный тусклый благой дневной
Tjutchev,Zeta,35,NOUN,слово гроза бог луч дух град костер ложь пламень предел
Tjutchev,Zeta,35,VERB,понимать светить рваться служить смущать уходить одолевать встрепенуться томиться становиться
Tjutchev,Zeta,36,ADJ,целый ненавистный бедный злой лазурный братский большой буйный русский чудный
Tjutchev,Zeta,36,NOUN,строй тень месяц конец дух земля солнце бог край крыло
Tjutchev,Zeta,36,VERB,смущать звать кончать наставать обвевать расти склонять тяготеть уходить взрывать
Tjutchev,Zeta,37,ADJ,бедный роковой всесильный русский слышный лазурный царственный бесконечный сочувственный грустный
Tjutchev,Zeta,37,NOUN,дым пора край свет глава тревога птица вера господь брег
Tjutchev,Zeta,37,VERB,верить плыть уходить обвевать греть разливаться служить смущать улетать ликовать
Tjutchev,Zeta,38,ADJ,бедный великий русский родимый лазурный неистовый скудный роковой бледный воздушный
Tjutchev,Zeta,38,NOUN,век тьма воздух лазурь звук свет солнце гора луч природа
Tjutchev,Zeta,38,VERB,одолевать верить белеть наставать повеять спасать катиться озаряться светлеть знать
Tjutchev,Zeta,39,ADJ,снежный тусклый русский чудный злой добрый счастливый ужасный братский длинный
Tjutchev,Zeta,39,NOUN,дерево конец волна свет солнце край венец меч русь слово
Tjutchev,Zeta,39,VERB,уходить уступать литься лежать покидать расти смотреть одолевать свершать служить
Tjutchev,Zeta,40,ADJ,бедный былой внезапный целый русский ужасный братский славянский воздушный духовный
Tjutchev,Zeta,40,NOUN,воздух край весна кровь роза слово вражда свод блаженство движение
Tjutchev,Zeta,40,VERB,верить уходить жаждать светить благословлять сберегать уметь входить разливать разрастаться
Tjutchev,Zeta,41,ADJ,целый добрый злой бессмертный бедный русский человеческий благой близкий голый
Tjutchev,Zeta,41,NOUN,рим жертва бог край слава конец клич птица возврат вышина
Tjutchev,Zeta,41,VERB,рыть биться уметь уходить судить довершать обхватить опускать переживать роптать
Tjutchev,Zeta,42,ADJ,кровавый русский чудный злой незримый тусклый безымянный духовный ненавистный целый
Tjutchev,Zeta,42,NOUN,бог гроза сияние зефир пал раз душа судьба тень рука
Tjutchev,Zeta,42,VERB,побеждать мочь уходить литься жаждать обвевать зачинать звучать наставать парить
Tjutchev,Zeta,43,ADJ,русский роковой божий былой целый летний отчаянный полдневный задорный сизый
Tjutchev,Zeta,43,NOUN,мир сын победа горе движение улыбка дорога конь суд труд
Tjutchev,Zeta,43,VERB,литься свершать видеть расти улетать разливать светлеть судить стоять верить
Tjutchev,Zeta,44,ADJ,поздний роковой тихий целый чудный цветущий благой большой адский добрый
Tjutchev,Zeta,44,NOUN,ночь меч дым тень царь молитва правда россия стихия тайна
Tjutchev,Zeta,44,VERB,играть биться вставать дремать томиться свершать судить уходить восходить делить
Tjutchev,Zeta,45,ADJ,былой любимый высокий страшный русский послушный большой благой державный горний
Tjutchev,Zeta,45,NOUN,россия пир вера вершина кровь плен трон мир век вода
Tjutchev,Zeta,45,VERB,свершать уходить бить ликовать страдать верить блестеть дремать проходить течь
Tjutchev,Zeta,46,ADJ,былой божий бедный русский целый воздушный неземной поздний слышный праздный
Tjutchev,Zeta,46,NOUN,тень пламень вера конец свобода гроза зной конь родные цепь
Tjutchev,Zeta,46,VERB,слышать уходить блистать верить звать ложиться нести разливать смущать узнавать
Tjutchev,Zeta,47,ADJ,русский всемогущий ночной темный бессмертный злой милосердый победный пророческий благой
Tjutchev,Zeta,47,NOUN,бог пора объятие простор глаз место орел родные солнце лицо
Tjutchev,Zeta,47,VERB,свершать вести одолевать уходить рдеть служить стоять молчать мочь сидеть
Tjutchev,Zeta,48,ADJ,мертвый цветущий благой большой тесный отчаянный простой смутный собственный солнечный
Tjutchev,Zeta,48,NOUN,дело тень вождь ночь бог буря дух россия солнце народ
Tjutchev,Zeta,48,VERB,садиться уметь смотреть литься мужаться вести вставать искриться касаться наставать
Tjutchev,Zeta,49,ADJ,всесильный духовный целый бедный мирный державный пророческий братский верховный любимый
Tjutchev,Zeta,49,NOUN,буря крыло слово глубина ум власть громада облако подвиг природа
Tjutchev,Zeta,49,VERB,доходить блистать благословлять даваться одолевать биться забросить ликовать обвевать развиваться
Tjutchev,Zeta,50,ADJ,русский божий страшный ужасный целый христов духовный огневой признательный роковой
Tjutchev,Zeta,50,NOUN,тень лист струя дно вопль крик одр плод сновидение строй
Tjutchev,Zeta,50,VERB,проходить блистать верить уходить вести доходить обвевать наставать окружать сознавать
Tjutchev,Zeta,51,ADJ,великий целый веселый кровавый русский хороший страшный отчаянный чудный весенний
Tjutchev,Zeta,51,NOUN,солнце природа движение гроза высота ланит мрак плод строй любовь
Tjutchev,Zeta,51,VERB,уходить вставать дрожать касаться катиться сливать уметь воздвигать веять проходить
Tjutchev,Zeta,52,ADJ,большой державный бессмертный сумрачный благой железный тесный бесконечный должный легкий
Tjutchev,Zeta,52,NOUN,тень век ночь дым народ вера раз истина кубок царь
Tjutchev,Zeta,52,VERB,зреть благословлять тяготеть раздаваться сказываться следить спасать умолкать чуять становиться
Tjutchev,Zeta,53,ADJ,целый последний русский чудный верный былой воздушный злой летний бессмертный
Tjutchev,Zeta,53,NOUN,век борьба час народ дорога зверь лицо пир победа умиление
Tjutchev,Zeta,53,VERB,смотреть дремать уходить вставать оживать брести бывать верить вести рыть
Tjutchev,Zeta,54,ADJ,незримый целый бедный всесильный летний младенческий пророческий бледный морской верный
Tjutchev,Zeta,54,NOUN,слово год вечер жертва месяц меч молитва одр день сон
Tjutchev,Zeta,54,VERB,уходить уметь пойти свершать болеть разливать смотреть судить знать дремать
Tjutchev,Zeta,55,ADJ,большой роковой добрый благой целый незримый светозарный безымянный болезненный братский
Tjutchev,Zeta,55,NOUN,борьба меч тень вера вершина царство небо бог весна звезда
Tjutchev,Zeta,55,VERB,прощать держать следить уходить бродить начинать сеять томиться гореть верить
Tjutchev,Zeta,56,ADJ,мертвый славный большой братский адский воздушный жалкий славянский божий целый
Tjutchev,Zeta,56,NOUN,судьба пора восток дым дыхание гнев царь звезда слово вера
Tjutchev,Zeta,56,VERB,оживать спасать узреть литься уходить служить касаться сиять спешить сыскать
Tjutchev,Zeta,57,ADJ,злой роскошный великий роковой густой незримый целый благой братский тревожный
Tjutchev,Zeta,57,NOUN,сон час мысль правда свод месяц бог пора земля рука
Tjutchev,Zeta,57,VERB,наставать свершать звучать окружать откликаться гаснуть греть мужаться промолвить зреть
Tjutchev,Zeta,58,ADJ,целый поздний чудный братский всемирный эфирный летний полдневный ночной роковой
Tjutchev,Zeta,58,NOUN,глава край россия слово правда цветок восток спасение сон гора
Tjutchev,Zeta,58,VERB,гласить видать идти уходить воздвигать погружать томиться жить проходить вставать
Tjutchev,Zeta,59,ADJ,целый былой русский людской победный славянский всесильный роковой морской дивный
Tjutchev,Zeta,59,NOUN,время месяц народ благодать блеск конец беда воздух весна святой
Tjutchev,Zeta,59,VERB,держать уходить тревожить бросать бороться гласить замирать нудить увлекать дышать
Tjutchev,Zeta,60,ADJ,целый братский чуждый благой достойный родственный новый родной русский таинственный
Tjutchev,Zeta,60,NOUN,гроза ложь сила край россия воздух горе тревога рука пора
Tjutchev,Zeta,60,VERB,слезать будить доходить повеять подходить знать стоять веять дремать мочь
Tjutchev,Zeta,61,ADJ,русский божий неистовый былой бесконечный благой человеческий чудный враждебный отчаянный
Tjutchev,Zeta,61,NOUN,солнце судьба гроб долина месяц мир дух тень дар вода
Tjutchev,Zeta,61,VERB,садиться гнать мужаться откликаться палить поникать стоять становиться бежать жить
Tjutchev,Zeta,62,ADJ,благой славянский чудный древний благодатный братский сонный державный всесильный духовный
Tjutchev,Zeta,62,NOUN,душ луч кровь одр поэт звезда кубок сила тень господь
Tjutchev,Zeta,62,VERB,понимать вставать рассевать течь молиться сливаться проходить скрываться создавать вечереть
Tjutchev,Zeta,63,ADJ,большой сырой древний русский страстный славный боевой лунный неизменный отчаянный
Tjutchev,Zeta,63,NOUN,бог призрак лист пыль сад волна пора народ тень воздух
Tjutchev,Zeta,63,VERB,бывать играть обвевать наставать удаваться идти дрожать помнить дышать уходить
Tjutchev,Zeta,64,ADJ,бледный целый русский благой большой поздний благовонный воздушный животворный славянский
Tjutchev,Zeta,64,NOUN,строй луч дело вершина воздух движение полет мир волна звук
Tjutchev,Zeta,64,VERB,уходить жаждать глядеть блистать освящать свершать уносить оживать брести видать
Tjutchev,Zeta,65,ADJ,добрый целый русский ранний благой славянский человеческий божий чистый злой
Tjutchev,Zeta,65,NOUN,весна зной круг день свет земля слово слеза сила край
Tjutchev,Zeta,65,VERB,уходить смущать бороться звать ликовать любоваться оставаться откликаться разливать стоять
Tjutchev,Zeta,66,ADJ,теплый большой славянский летний чужой непостижимый целый бедный божий счастливый
Tjutchev,Zeta,66,NOUN,луч век вечер бес толпа кровь чувство труд царь звон
Tjutchev,Zeta,66,VERB,жаждать покрывать следить гласить губить прикрывать тяготеть удаваться молчать светить
Tjutchev,Zeta,67,ADJ,целый былой благой глубокий отчаянный великий ночной тихий древний русский
Tjutchev,Zeta,67,NOUN,бой строй борьба долина раз дым мать тень речь год
Tjutchev,Zeta,67,VERB,становиться шуметь вставать лежать оживать гаснуть сознавать уносить мочь знать
Tjutchev,Zeta,68,ADJ,всемогущий строгий злой благой внезапный двойной доступный лазурный неравный христов
Tjutchev,Zeta,68,NOUN,сила народ дым звезда венец россия высота гора сумрак могила
Tjutchev,Zeta,68,VERB,бродить мочь уходить уносить обвевать смотреть ведать мужаться почить приходить
Tjutchev,Zeta,69,ADJ,воздушный целый большой морской минувший мглистый отцов первоначальный чуткий роковой
Tjutchev,Zeta,69,NOUN,край луч вода конец богиня вечер лист россия герой дело
Tjutchev,Zeta,69,VERB,откликаться литься нести уходить сливаться служить благословлять обходить плакать улетать
Tjutchev,Zeta,70,ADJ,славянский таинственный радужный всесильный державный мглистый непостижимый современный теплый дикий
Tjutchev,Zeta,70,NOUN,вера правда призрак слово цветок берег вино дело россия ткань
Tjutchev,Zeta,70,VERB,зреть свершать разливать расцветать спасать довершать мочь лететь сиять нести
Tjutchev,Zeta,71,ADJ,воздушный роскошный гробовой добрый радужный багровый дождевой непостижимый человеческий великий
Tjutchev,Zeta,71,NOUN,дело струя пора сила сын поэт брат воздух зима год
Tjutchev,Zeta,71,VERB,жаждать поражать служить смотреть узреть вести обвевать томиться дерзать нудить
Tjutchev,Zeta,72,ADJ,воздушный цветущий былой поздний злой огневой священный славянский духовный тесный
Tjutchev,Zeta,72,NOUN,судьба раз тень дело море слово глубина дым жертва орел
Tjutchev,Zeta,72,VERB,болеть переживать увлекать вернуться обхватить стоять становиться играть светить уходить
Tjutchev,Zeta,73,ADJ,победный злой голубой новый чудный огневой пророческий незримый сочувственный внешний
Tjutchev,Zeta,73,NOUN,струя память горе поэт тень друг народ слеза господь глава
Tjutchev,Zeta,73,VERB,белеть протекать становиться вставать доходить молиться оживать бросать воскресать расти
Tjutchev,Zeta,74,ADJ,бессмертный горний бедный хороший бледный дикий младенческий ужасный славянский бесконечный
Tjutchev,Zeta,74,NOUN,правда кровь глава цветок вера русский борьба свод зыбь лето
Tjutchev,Zeta,74,VERB,взять литься томиться освящать пламенеть смотреть хотеть понимать проходить смущать
Tjutchev,Zeta,75,ADJ,бессмертный незримый полдневный цветущий ложный милосердый неземной пустой золотой глубокий
Tjutchev,Zeta,75,NOUN,звезда дерево дым душ мать род весна край крыло природа
Tjutchev,Zeta,75,VERB,освящать служить обвевать даваться колыхать простереть судить улетать чуять сидеть
Tjutchev,Zeta,76,ADJ,добрый роковой ночной пламенный большой божественный дождевой простой слабый сырой
Tjutchev,Zeta,76,NOUN,тень господь воздух месяц зло значение камень конец одр россия
Tjutchev,Zeta,76,VERB,обвевать спасать веять свершать вскармливать крыть куриться ликовать молиться опускать
Tjutchev,Zeta,77,ADJ,огневой роковой злой легкий былой дикий морской благой вечный бесконечный
Tjutchev,Zeta,77,NOUN,холм тень поэт крыло свод слово россия русский чувство земля
Tjutchev,Zeta,77,VERB,мочь стоять верить лежать плыть уметь исходить доходить завещать знать
Tjutchev,Zeta,78,ADJ,людской божий морской кровавый всесильный поздний благой болезненный враждебный грозный
Tjutchev,Zeta,78,NOUN,конец пыль борьба вид мысль правда слуга волна глава круг
Tjutchev,Zeta,78,VERB,уходить будить служить бродить светить губить спасать судить уносить хотеть
Tjutchev,Zeta,79,ADJ,великий общий благой игривый победный ранний слепой сумрачный живой верный
Tjutchev,Zeta,79,NOUN,царь сила высота слово народ борьба вершина вода долина дух
Tjutchev,Zeta,79,VERB,спасать литься вести склонять веять влечь восходить светить пить свершать
Tjutchev,Zeta,80,ADJ,целый чудный былой слышный незримый бедный братский весенний заветный очарованный
Tjutchev,Zeta,80,NOUN,ночь луч солнце тень час дух народ струя берег бой
Tjutchev,Zeta,80,VERB,дремать наставать свершать жаждать звать брести одолевать побеждать тосковать веять
Tjutchev,Zeta,81,ADJ,слепой волшебный злой русский славянский спокойный человеческий целый великий роковой
Tjutchev,Zeta,81,NOUN,вершина кубок лист ложь русь благодать правда ночь природа тень
Tjutchev,Zeta,81,VERB,вставать сиять почить греть разливать играть одолевать биться создавать спасать
Tjutchev,Zeta,82,ADJ,бедный былой теплый целый бледный мирный всесильный дневной мертвый неизменный
Tjutchev,Zeta,82,NOUN,солнце боль движение запах лист струя день звезда природа слово
Tjutchev,Zeta,82,VERB,уходить спасать вступать вести изменять касаться светить лежать веять даваться
Tjutchev,Zeta,83,ADJ,злой роковой божий великий счастливый неземной непостижимый признательный недвижный русский
Tjutchev,Zeta,83,NOUN,струя родные призрак вид герой лес озеро пир снег дух
Tjutchev,Zeta,83,VERB,уходить брать достигать обвевать служить вечереть вскармливать слезать тронуть веять
Tjutchev,Zeta,84,ADJ,страшный высокий бедный большой воздушный братский заветный праздный готовый далекий
Tjutchev,Zeta,84,NOUN,народ звезда век вражда дно полночь стезя ночь сын взор
Tjutchev,Zeta,84,VERB,веять вспомнить объять греть одолевать мочь светить уходить верить играть
Tjutchev,Zeta,85,ADJ,чудный целый русский благой весенний былой ранний страстный благодушный блаженный
Tjutchev,Zeta,85,NOUN,пора горе край европа ель орел речь мир дело кровь
Tjutchev,Zeta,85,VERB,звать биться взять спасать умолкать обвевать рваться чуять смотреть становиться
Tjutchev,Zeta,86,ADJ,большой целый дорогой заветный бесконечный доступный духовный ненавистный безлюдный недвижный
Tjutchev,Zeta,86,NOUN,сила конец нога свет россия звезда вид круг крыло глубина
Tjutchev,Zeta,86,VERB,уходить хотеть лететь вступать гаснуть молиться почтить решать слышать проходить
Tjutchev,Zeta,87,ADJ,вечный целый незримый всемогущий славянский чуткий благой близкий всесильный дождевой
Tjutchev,Zeta,87,NOUN,тень пора кровь год борьба россия блеск русский судьба лев
Tjutchev,Zeta,87,VERB,вставать уходить рваться звать воздвигать служить сознавать предавать зреть верить
Tjutchev,Zeta,88,ADJ,большой ранний роскошный русский всемогущий славянский женский христов чистый высокий
Tjutchev,Zeta,88,NOUN,сад слово царь воздух камень лицо тьма год тень человек
Tjutchev,Zeta,88,VERB,блистать чуять молиться молчать бороться будить одолевать мочь зреть хотеть
Tjutchev,Zeta,89,ADJ,целый голубой большой строгий благой славянский сонный братский тесный великий
Tjutchev,Zeta,89,NOUN,взор плод царь конец озеро русский гроза пора народ раз
Tjutchev,Zeta,89,VERB,уходить вставать верить литься судить впускать выходить откликаться стоять слышать
Tjutchev,Zeta,90,ADJ,незримый неземной чудный страстный хороший благой таинственный тусклый безбрежный мертвый
Tjutchev,Zeta,90,NOUN,свет слово век россия борьба воздух мгла ночь взор раз
Tjutchev,Zeta,90,VERB,уходить наставать одолевать прощаться губить изнемогать освящать сливать понимать смотреть
Tjutchev,Zeta,91,ADJ,родной благодатный былой гробовой всемогущий особенный хороший темный целый ночной
Tjutchev,Zeta,91,NOUN,мир тоска весна дыхание место объятие русский смертный небо год
Tjutchev,Zeta,91,VERB,верить смущать спасать будить вечереть жить лежать слышать смотреть молчать
Tjutchev,Zeta,92,ADJ,злой великий бессмертный свежий славянский воздушный благой слышный летний нетленный
Tjutchev,Zeta,92,NOUN,бог вера дно привет русский свет борьба дело лист тень
Tjutchev,Zeta,92,VERB,знать светить гласить впускать почтить смущать умчать чуять слышать дрожать
Tjutchev,Zeta,93,ADJ,всесильный целый голубой кровавый буйный недвижный незримый непостижимый слышный снежный
Tjutchev,Zeta,93,NOUN,народ ложь год вера земля ночь дело зима облако солнце
Tjutchev,Zeta,93,VERB,верить греть обхватить дымиться завещать разгонять согревать сознавать уносить уходить
Tjutchev,Zeta,94,ADJ,целый ужасный злой бледный виноградный всемирный осенний призванный роковой дикий
Tjutchev,Zeta,94,NOUN,воздух луч царь град лев россия ночь бог солнце грудь
Tjutchev,Zeta,94,VERB,творить становиться обвевать лететь спасать предавать греть иметь свершать шевелить
Tjutchev,Zeta,95,ADJ,строгий всесильный чудный большой женский счастливый бессильный смутный великий русский
Tjutchev,Zeta,95,NOUN,свет конец привет вой дух жертва капля цвет луч мир
Tjutchev,Zeta,95,VERB,знать молиться скользить брать гибнуть гласить одолевать судить шуметь литься
Tjutchev,Zeta,96,ADJ,целый роковой злой могучий отрадный духовный снеговой суетный великий родной
Tjutchev,Zeta,96,NOUN,борьба конец лист господь прелесть бог мир кровь дух пора
Tjutchev,Zeta,96,VERB,белеть смотреть лежать верить оживать уметь уходить бороться извергать тосковать
Tjutchev,Zeta,97,ADJ,теплый целый голубой древний девственный благой звучный летний пустынный горестный
Tjutchev,Zeta,97,NOUN,сын венок святой треск дух луч сияние горе господь небосклон
Tjutchev,Zeta,97,VERB,служить уходить дымиться бывать ведать изнывать пробежать склонять уметь стоять
Tjutchev,Zeta,98,ADJ,былой новый блаженный русский минутный звучный теплый победный румяный слепой
Tjutchev,Zeta,98,NOUN,глаз дым слово глава призрак провидение кровь луч сила час
Tjutchev,Zeta,98,VERB,свершать уходить спать светить сходить смущать чуять вечереть ликовать почить
Tjutchev,Zeta,99,ADJ,очарованный последний мертвый бледный былой внезапный добрый чудный древний мглистый
Tjutchev,Zeta,99,NOUN,вера луч ночь борьба год дух роза круг природа царь
Tjutchev,Zeta,99,VERB,служить идти приносить смотреть уходить свершать тревожить томиться выступать проникать
Tjutchev,Zeta,100,ADJ,былой морской волшебный бедный дивный глубокий духовный всесильный злой общий
Tjutchev,Zeta,100,NOUN,воздух время раз движение конец край кубок царство птичка тень
Tjutchev,Zeta,100,VERB,веять дремать уходить впускать цвести воздвигаться любоваться околдовывать прикрывать узреть
Fet,Guiraud,1,ADJ,вешний больной рад кудрявый умный прозрачный должный алмазный лукавый старый
Fet,Guiraud,1,NOUN,няня зов ива глаз ветка фея царица окно тепло птица
Fet,Guiraud,1,VERB,знать представать плакать становиться делать кричать подходить спрашивать качаться передавать
Fet,Guiraud,2,ADJ,вешний умный должный мудрый весенний больной рад лунный лукавый мелкий
Fet,Guiraud,2,NOUN,ива овца зов ветка тучка тепло глаз лик царица птица
Fet,Guiraud,2,VERB,раскрывать становиться высказывать кричать рассказывать хотеться знать признаваться приходиться плакать
Fet,Guiraud,3,ADJ,вешний горный старый влюбленный алмазный больной ласковый рад бессонный умный
Fet,Guiraud,3,NOUN,ива птица зелень царица лето птичка зов окно ветка камин
Fet,Guiraud,3,VERB,рассказывать посмотреть раскрывать следить ехать кричать присниться хвалить помогать высказывать
Fet,Guiraud,4,ADJ,вешний должный старый рад больной ласковый шаткий серый бессонный злой
Fet,Guiraud,4,NOUN,зов овца ива фея лето лик птица отрок дитя глаз
Fet,Guiraud,4,VERB,раскрывать рассказывать подходить доходить становиться уснуть глядеться качаться обращать спрашивать
Fet,Guiraud,5,ADJ,вешний должный рад горный ласковый прозрачный благовонный старый алмазный бессонный
Fet,Guiraud,5,NOUN,зов ветка птичка ива овца тучка фея глаз зелень птица
Fet,Guiraud,5,VERB,раскрывать становиться прильнуть рассказывать посмотреть смотреть выходить отыскивать передавать повеять
Fet,Guiraud,6,ADJ,вешний влюбленный бессонный старый должный прозрачный целебный шаткий больной серебристый
Fet,Guiraud,6,NOUN,ива ветка окно зов няня лето сестра царица зелень отрок
Fet,Guiraud,6,VERB,становиться качаться передавать раскрывать рассказывать посмотреть прильнуть кричать отыскивать знать
Fet,Guiraud,7,ADJ,вешний рад больной влюбленный прозрачный кудрявый кроткий бессонный шаткий должный
Fet,Guiraud,7,NOUN,ветка ива овца зелень птичка няня лист птица окно ночь
Fet,Guiraud,7,VERB,раскрывать становиться подходить хотеться обращать приходиться посмотреть следить рассказывать уронить
Fet,Guiraud,8,ADJ,вешний больной тоскливый умный весенний влюбленный кудрявый рад алмазный горный
Fet,Guiraud,8,NOUN,ива зов птица окно ветка лампада глаз тепло сестра лесна
Fet,Guiraud,8,VERB,признаваться приходиться подходить обращать смотреть посмотреть хотеться делать качаться спрашивать
Fet,Guiraud,9,ADJ,вешний старый больной должный рад горный собственный тоскливый влюбленный алмазный
Fet,Guiraud,9,NOUN,зов ива овца царица няня мальчик глаз птичка тепло лесна
Fet,Guiraud,9,VERB,раскрывать следить подходить доходить передавать становиться выходить спрашивать раскидывать высказывать
Fet,Guiraud,10,ADJ,вешний тоскливый рад старый должный нетленный серый ласковый готовый весенний
Fet,Guiraud,10,NOUN,ива овца зов царица птица тепло фея лето птичка лик
Fet,Guiraud,10,VERB,доходить раскрывать рассказывать посмотреть обращать спрашивать хотеться делать приходиться пронестись
Fet,Guiraud,11,ADJ,вешний должный алмазный шаткий влюбленный больной нетленный тоскливый умный серый
Fet,Guiraud,11,NOUN,ива овца зов птица сестра зелень тучка лето тепло ветка
Fet,Guiraud,11,VERB,раскрывать пронестись смотреть становиться прильнуть следить выходить высказывать приходиться знать
Fet,Guiraud,12,ADJ,вешний должный влюбленный больной старый весенний алмазный бессонный тоскливый шаткий
Fet,Guiraud,12,NOUN,няня овца ива зов отрок тучка фея царица перл песок
Fet,Guiraud,12,VERB,раскрывать становиться следить признаваться хотеться смотреть знать плакать обращать дрожать
Fet,Guiraud,13,ADJ,вешний больной ласковый умный прозрачный влюбленный горный тоскливый шаткий старый
Fet,Guiraud,13,NOUN,зов няня овца птица фея царица тепло ива лампада ручка
Fet,Guiraud,13,VERB,становиться признаваться следить спрашивать смотреть делать раскрывать дрожать плакать посмотреть
Fet,Guiraud,14,ADJ,вешний должный рад влюбленный весенний бессонный серый прозрачный старый больной
Fet,Guiraud,14,NOUN,ива зов птичка сестра птица няня фея пчела зелень камин
Fet,Guiraud,14,VERB,приходиться раскрывать становиться подходить посмотреть обращать рассказывать уснуть дождаться доходить
Fet,Guiraud,15,ADJ,вешний старый серый весенний влюбленный рад злой алмазный бессонный ласковый
Fet,Guiraud,15,NOUN,ива зов овца няня зелень собака фея тепло птица ухо
Fet,Guiraud,15,VERB,становиться посмотреть качаться раскрывать смотреть отыскивать приходиться выходить бояться хотеться
Fet,Guiraud,16,ADJ,вешний влюбленный алмазный горный рад благовонный тоскливый старый бессонный мудрый
Fet,Guiraud,16,NOUN,зов ива овца птичка няня птица лист заря голова глаз
Fet,Guiraud,16,VERB,признаваться рассказывать хотеться отыскивать раскрывать становиться дрожать передавать смотреть раскидывать
Fet,Guiraud,17,ADJ,вешний старый рад больной целебный влюбленный должный готовый горный нетленный
Fet,Guiraud,17,NOUN,зов овца няня птица песок тепло заря ива тучка грех
Fet,Guiraud,17,VERB,раскрывать посмотреть хотеться рассказывать хвалить становиться доходить засыпать передавать уносить
Fet,Guiraud,18,ADJ,вешний должный алмазный тоскливый целебный рад лунный желтый кудрявый влюбленный
Fet,Guiraud,18,NOUN,ветка зов фея птица ива овца сестра тепло лесна песок
Fet,Guiraud,18,VERB,признаваться подходить спать дрожать знать обращать пронестись раскрывать засыпать хвалить
Fet,Guiraud,19,ADJ,вешний должный больной старый горный влюбленный бессонный шаткий весенний рад
Fet,Guiraud,19,NOUN,овца няня царица птица зелень ива фея лето тепло дитя
Fet,Guiraud,19,VERB,раскрывать признаваться рассказывать хвалить дрожать ехать обращать отыскивать пронестись плакать
Fet,Guiraud,20,ADJ,вешний должный умный рад больной старый бессонный горный мудрый кудрявый
Fet,Guiraud,20,NOUN,овца отрок лето ива няня ветка зелень зов сестра царица
Fet,Guiraud,20,VERB,посмотреть признаваться знать спрашивать плакать раскрывать дрожать смотреть подходить уснуть
Fet,Guiraud,21,ADJ,вешний умный старый больной шаткий влюбленный рад горный должный серый
Fet,Guiraud,21,NOUN,зов птица овца царица зелень няня заря ветка ива фея
Fet,Guiraud,21,VERB,спрашивать ехать пахнуть пронестись дрожать хотеться уснуть передавать знать выходить
Fet,Guiraud,22,ADJ,вешний должный лукавый влюбленный нетленный старый шаткий прозрачный бессонный тоскливый
Fet,Guiraud,22,NOUN,овца зелень няня царица зов собака тучка ива отрок песок
Fet,Guiraud,22,VERB,становиться посмотреть раскрывать кричать уснуть уносить подходить смотреть приходиться рассказывать
Fet,Guiraud,23,ADJ,вешний должный рад ласковый прозрачный целебный шаткий влюбленный старый снежный
Fet,Guiraud,23,NOUN,зов ива овца лесна зелень птичка лето глаз тепло няня
Fet,Guiraud,23,VERB,следить делать доходить раскрывать смотреть прильнуть признаваться становиться кричать рассказывать
Fet,Guiraud,24,ADJ,вешний старый рад горный больной должный тоскливый влюбленный прозрачный бессонный
Fet,Guiraud,24,NOUN,зов няня ива тепло царица зелень птичка окно дитя лето
Fet,Guiraud,24,VERB,обращать отыскивать пронестись посмотреть хотеться приходиться уснуть подходить знать ехать
Fet,Guiraud,25,ADJ,вешний горный умный рад собственный старый алмазный шаткий должный больной
Fet,Guiraud,25,NOUN,зов ветка ива царица птица зелень тепло лето ухо нимфа
Fet,Guiraud,25,VERB,раскрывать кричать рассказывать посмотреть следить становиться подходить спрашивать смотреть выходить
Fet,Guiraud,26,ADJ,вешний влюбленный тоскливый серый рад алмазный старый больной нетленный большой
Fet,Guiraud,26,NOUN,ива овца фея зов ветка рифма глаз птичка птица зелень
Fet,Guiraud,26,VERB,спрашивать хотеться приходиться пронестись раскрывать плакать выходить подходить посмотреть смотреть
Fet,Guiraud,27,ADJ,вешний должный лунный умный влюбленный старый больной готовый собственный тоскливый
Fet,Guiraud,27,NOUN,ива зов зелень фея птица царица лист отрок песок лампада
Fet,Guiraud,27,VERB,посмотреть признаваться спрашивать кричать подходить хотеться ехать кружиться отыскивать дрожать
Fet,Guiraud,28,ADJ,вешний умный шаткий старый рад нетленный алмазный бессонный горный целебный
Fet,Guiraud,28,NOUN,ива царица зелень тучка зов песок дитя глаз лесна няня
Fet,Guiraud,28,VERB,плакать становиться хвалить подходить смотреть обращать приходиться пронестись раскрывать рассказывать
Fet,Guiraud,29,ADJ,вешний алмазный должный умный влюбленный горный нетленный старый весенний лавровый
Fet,Guiraud,29,NOUN,птица няня овца зов рифма глаз тепло ветка ива фея
Fet,Guiraud,29,VERB,передавать становиться хотеться уснуть смотреть плакать уходить рассказывать выходить посмотреть
Fet,Guiraud,30,ADJ,вешний алмазный больной умный старый ласковый влюбленный рад большой весенний
Fet,Guiraud,30,NOUN,зов овца ветка ива фея птичка птица зелень тучка тепло
Fet,Guiraud,30,VERB,спрашивать высказывать обращать передавать признаваться раскрывать становиться дрожать уснуть плакать
Fet,Guiraud,31,ADJ,вешний влюбленный должный весенний горный рад умный шаткий любимый нетленный
Fet,Guiraud,31,NOUN,зов глаз ива овца зелень окно лето птица царица сестра
Fet,Guiraud,31,VERB,рассказывать спрашивать становиться подходить обращать дрожать делать ехать передавать приходиться
Fet,Guiraud,32,ADJ,вешний влюбленный должный рад алмазный шаткий нетленный серый сухой старый
Fet,Guiraud,32,NOUN,ива зов птица фея царица лето лик лесна песок птичка
Fet,Guiraud,32,VERB,раскрывать приходиться становиться посмотреть пронестись выходить подходить дрожать делать класть
Fet,Guiraud,33,ADJ,вешний больной горный рад старый влюбленный весенний алмазный снежный умный
Fet,Guiraud,33,NOUN,овца фея лесна ива тепло отрок рифма собака глаз птица
Fet,Guiraud,33,VERB,доходить становиться обращать рассказывать раскидывать знать выходить ехать уснуть посмотреть
Fet,Guiraud,34,ADJ,вешний влюбленный старый горный шаткий больной нетленный благовонный снежный тоскливый
Fet,Guiraud,34,NOUN,ива зов тепло царица птица лесна отрок глаз фея заря
Fet,Guiraud,34,VERB,рассказывать признаваться посмотреть смотреть кричать плакать делать засыпать присниться раскрывать
Fet,Guiraud,35,ADJ,вешний умный должный душистый рад влюбленный горный снежный собственный целебный
Fet,Guiraud,35,NOUN,няня песок глаз зов тепло окно птица зелень истома камин
Fet,Guiraud,35,VERB,обращать подходить посмотреть хотеться рассказывать хвалить становиться высказывать качаться раскрывать
Fet,Guiraud,36,ADJ,вешний старый должный влюбленный больной бессонный горный собственный умный прозрачный
Fet,Guiraud,36,NOUN,отрок тепло няня царица птичка заря зелень зов ива лесна
Fet,Guiraud,36,VERB,становиться посмотреть спрашивать кричать признаваться дрожать хотеться ходить выходить качаться
Fet,Guiraud,37,ADJ,вешний умный должный нетленный влюбленный старый благовонный кроткий целебный душистый
Fet,Guiraud,37,NOUN,птица ветка лето глаз зов ива тучка фея зелень ручка
Fet,Guiraud,37,VERB,рассказывать раскрывать знать хотеться высказывать подходить ехать кричать уснуть следить
Fet,Guiraud,38,ADJ,вешний больной должный старый весенний бессонный душистый кроткий алмазный нетленный
Fet,Guiraud,38,NOUN,няня ива овца фея ветка зов тепло птица истома камин
Fet,Guiraud,38,VERB,посмотреть раскрывать становиться следить рассказывать говорить смотреть спрашивать доходить кричать
Fet,Guiraud,39,ADJ,вешний больной алмазный шаткий старый тоскливый лунный прозрачный должный душистый
Fet,Guiraud,39,NOUN,овца ива птица зелень зов фея сестра окно лето ветка
Fet,Guiraud,39,VERB,раскрывать пронестись подходить спрашивать хотеться плакать знать рассказывать следить сказать
Fet,Guiraud,40,ADJ,вешний прозрачный рад старый больной должный весенний мудрый каменный большой
Fet,Guiraud,40,NOUN,зов ива няня песок царица сестра птица овца тучка птичка
Fet,Guiraud,40,VERB,раскрывать посмотреть становиться смотреть следить передавать рассказывать подходить глядеться приходиться
Fet,Guiraud,41,ADJ,вешний горный влюбленный шаткий должный старый нетленный прозрачный серый весенний
Fet,Guiraud,41,NOUN,зов ива птица тепло глаз окно птичка лик ветка вход
Fet,Guiraud,41,VERB,посмотреть спрашивать раскрывать рассказывать становиться доходить подходить прильнуть сказать приходиться
Fet,Guiraud,42,ADJ,вешний рад больной старый должный снежный умный прозрачный серый ласковый
Fet,Guiraud,42,NOUN,зов овца ива няня царица глаз лесна постель птица заря
Fet,Guiraud,42,VERB,рассказывать раскрывать подходить передавать признаваться дрожать становиться знать выходить доходить
Fet,Guiraud,43,ADJ,вешний горный должный больной рад влюбленный старый серый тоскливый умный
Fet,Guiraud,43,NOUN,ветка овца зов няня зелень лето птица заря птичка ручка
Fet,Guiraud,43,VERB,посмотреть становиться признаваться смотреть раскрывать выходить глядеться доходить приходиться понимать
Fet,Guiraud,44,ADJ,вешний влюбленный старый больной горный ласковый должный рад большой кроткий
Fet,Guiraud,44,NOUN,овца няня отрок песок речка ива фея зов ручка лист
Fet,Guiraud,44,VERB,посмотреть раскрывать рассказывать передавать хвалить становиться навевать признаваться выходить подходить
Fet,Guiraud,45,ADJ,вешний старый рад должный большой снежный собственный умный больной душистый
Fet,Guiraud,45,NOUN,овца зов ива царица тучка птица няня ручка глаз лето
Fet,Guiraud,45,VERB,раскрывать рассказывать посмотреть подходить хотеться следить спрашивать приходиться пронестись становиться
Fet,Guiraud,46,ADJ,вешний алмазный больной влюбленный старый горный тоскливый прозрачный должный весенний
Fet,Guiraud,46,NOUN,зов ива песок овца царица птица отрок тучка лесна собака
Fet,Guiraud,46,VERB,раскрывать подходить спрашивать становиться ехать посмотреть знать доходить приходиться пронестись
Fet,Guiraud,47,ADJ,вешний шаткий больной должный нетленный старый лукавый серый весенний кроткий
Fet,Guiraud,47,NOUN,сестра зов овца птичка ива няня глаз окно нимфа овраг
Fet,Guiraud,47,VERB,раскрывать становиться уснуть повеять пронестись хвалить раскидывать смотреть подходить посмотреть
Fet,Guiraud,48,ADJ,вешний старый больной лукавый рад влюбленный шаткий весенний нетленный серебристый
Fet,Guiraud,48,NOUN,овца ива зов фея птица песок лето зелень тучка тепло
Fet,Guiraud,48,VERB,спрашивать посмотреть глядеться хвалить хотеться плакать становиться знать признаваться приходиться
Fet,Guiraud,49,ADJ,вешний умный душистый алмазный рад влюбленный больной должный нетленный старый
Fet,Guiraud,49,NOUN,ива сестра няня птица глаз тепло птичка царица зелень зов
Fet,Guiraud,49,VERB,обращать рассказывать становиться доходить приходиться раскрывать плакать подходить кричать передавать
Fet,Guiraud,50,ADJ,вешний старый рад больной должный влюбленный тоскливый лунный душистый горный
Fet,Guiraud,50,NOUN,ива овца ветка птица зов няня царица лик глаз птичка
Fet,Guiraud,50,VERB,раскрывать посмотреть признаваться рассказывать подходить знать доходить кричать обращать присниться
Fet,Guiraud,51,ADJ,вешний старый должный горный мудрый умный шаткий больной серый кроткий
Fet,Guiraud,51,NOUN,ива зов птичка овца окно птица песок собака царица сестра
Fet,Guiraud,51,VERB,уснуть посмотреть высказывать рассказывать уносить прильнуть пронестись раскрывать подходить дрожать
Fet,Guiraud,52,ADJ,вешний нетленный больной прозрачный благовонный бессонный лунный старый должный серый
Fet,Guiraud,52,NOUN,ива овца ветка тучка окно глаз зелень лесна отрок песок
Fet,Guiraud,52,VERB,посмотреть уснуть пронестись плакать качаться становиться смотреть баять высказывать доходить
Fet,Guiraud,53,ADJ,вешний должный старый больной прозрачный рад серый горный умный благовонный
Fet,Guiraud,53,NOUN,зов овца зелень ива фея птица тепло собака окно ухо
Fet,Guiraud,53,VERB,раскрывать обращать рассказывать ехать качаться кричать отыскивать признаваться посмотреть хотеться
Fet,Guiraud,54,ADJ,вешний рад должный влюбленный ласковый умный больной душистый тоскливый целебный
Fet,Guiraud,54,NOUN,зов овца ива птица окно няня речка тучка фея глаз
Fet,Guiraud,54,VERB,раскрывать рассказывать посмотреть становиться высказывать доходить кричать передавать признаваться хотеться
Fet,Guiraud,55,ADJ,вешний старый горный рад алмазный больной должный благовонный бессонный умный
Fet,Guiraud,55,NOUN,овца ива царица зелень лето тепло окно сестра зов истома
Fet,Guiraud,55,VERB,становиться спрашивать ехать раскрывать посмотреть пахнуть передавать пронестись знать ходить
Fet,Guiraud,56,ADJ,вешний рад прозрачный старый должный весенний алмазный тоскливый скромный серый
Fet,Guiraud,56,NOUN,овца птица няня ива зов лето глаз птичка тепло ветка
Fet,Guiraud,56,VERB,становиться качаться передавать рассказывать подходить спрашивать глядеться приходиться ходить ехать
Fet,Guiraud,57,ADJ,вешний должный влюбленный старый горный ласковый тоскливый рад лукавый нетленный
Fet,Guiraud,57,NOUN,ива овца няня птичка зов окно птица фея тепло глаз
Fet,Guiraud,57,VERB,делать раскрывать становиться приходиться посмотреть обращать рассказывать хотеться знать закрывать
Fet,Guiraud,58,ADJ,вешний больной умный должный прозрачный рад душистый нетленный шаткий влюбленный
Fet,Guiraud,58,NOUN,ива зов ветка овца отрок тепло песок птичка глаз постель
Fet,Guiraud,58,VERB,хотеться подходить признаваться смотреть представать раскрывать уносить посмотреть прильнуть плакать
Fet,Guiraud,59,ADJ,вешний больной бессонный снежный умный серый алмазный горный ласковый старый
Fet,Guiraud,59,NOUN,зов птица овца отрок няня фея лист глаз вход лесна
Fet,Guiraud,59,VERB,раскрывать доходить рассказывать посмотреть плакать ехать пронестись смотреть уснуть становиться
Fet,Guiraud,60,ADJ,рад вешний старый должный влюбленный больной нетленный бессонный умный целебный
Fet,Guiraud,60,NOUN,ива зов овца птичка птица лесна отрок песок постель тучка
Fet,Guiraud,60,VERB,признаваться кричать раскрывать следить рассказывать знать доходить ехать обращать отыскивать
Fet,Guiraud,61,ADJ,вешний горный больной старый весенний шаткий влюбленный рад серый целебный
Fet,Guiraud,61,NOUN,овца зов няня ива фея сестра собака птица ветка извив
Fet,Guiraud,61,VERB,подходить дождаться хотеться плакать делать доходить кричать отыскивать становиться посмотреть
Fet,Guiraud,62,ADJ,вешний рад старый больной должный нетленный влюбленный кроткий серый мудрый
Fet,Guiraud,62,NOUN,зов ива царица глаз ветка нимфа лето няня песок зелень
Fet,Guiraud,62,VERB,приходиться рассказывать высказывать признаваться хотеться обращать пахнуть передавать выходить становиться
Fet,Guiraud,63,ADJ,вешний должный больной старый нетленный шаткий влюбленный чуткий благовонный алмазный
Fet,Guiraud,63,NOUN,ива зов овца царица ветка зелень лампада няня лето птица
Fet,Guiraud,63,VERB,передавать становиться посмотреть ехать выходить доходить признаваться уронить хвалить подходить
Fet,Guiraud,64,ADJ,вешний больной должный бессонный шаткий серый прозрачный злой алмазный снежный
Fet,Guiraud,64,NOUN,зов тепло птица сестра птичка глаз зелень тучка окно вход
Fet,Guiraud,64,VERB,рассказывать признаваться раскрывать кричать знать ехать засыпать отыскивать выходить подходить
Fet,Guiraud,65,ADJ,вешний алмазный кудрявый старый больной любимый тоскливый умный серый прозрачный
Fet,Guiraud,65,NOUN,ива царица отрок фея птица глаз птичка сестра тепло овца
Fet,Guiraud,65,VERB,посмотреть уснуть дрожать прильнуть рассказывать представать хотеться уносить знать смотреть
Fet,Guiraud,66,ADJ,вешний старый нетленный шаткий рад больной горный умный серый кудрявый
Fet,Guiraud,66,NOUN,зов ива овца постель птица зелень отрок заря птичка тепло
Fet,Guiraud,66,VERB,раскрывать посмотреть рассказывать подходить обращать повеять уснуть плакать знать выходить
Fet,Guiraud,67,ADJ,вешний должный горный рад прозрачный старый алмазный умный влюбленный шаткий
Fet,Guiraud,67,NOUN,зов ива птичка тепло ветка зелень фея глаз заря окно
Fet,Guiraud,67,VERB,спрашивать подходить посмотреть обращать хотеться становиться ехать кричать раскидывать смотреть
Fet,Guiraud,68,ADJ,вешний должный ласковый умный шаткий кудрявый больной весенний рад благовонный
Fet,Guiraud,68,NOUN,зов няня овца собака отрок тучка заря ива дитя лик
Fet,Guiraud,68,VERB,рассказывать знать посмотреть дрожать признаваться выходить бояться уносить спрашивать хотеться
Fet,Guiraud,69,ADJ,вешний тоскливый рад бессонный должный чуткий алмазный ласковый умный шаткий
Fet,Guiraud,69,NOUN,овца ива няня царица птица зов ветка фея вход глаз
Fet,Guiraud,69,VERB,раскрывать передавать признаваться становиться следить уснуть знать кричать пронестись рассказывать
Fet,Guiraud,70,ADJ,вешний должный старый горный душистый больной рад серый алмазный лавровый
Fet,Guiraud,70,NOUN,овца ива зов птичка тепло тучка фея птица лист глаз
Fet,Guiraud,70,VERB,раскрывать признаваться подходить высказывать рассказывать знать смотреть хотеться плакать делать
Fet,Guiraud,71,ADJ,вешний старый рад должный бессонный влюбленный больной благовонный большой весенний
Fet,Guiraud,71,NOUN,зов няня дитя сестра ветка тепло царица птица ива лесна
Fet,Guiraud,71,VERB,раскрывать передавать подходить рассказывать становиться спрашивать хотеться смотреть обращать приходиться
Fet,Guiraud,72,ADJ,вешний должный рад старый нетленный больной влюбленный горный готовый прозрачный
Fet,Guiraud,72,NOUN,ива зов тепло ветка овца царица птица зелень тучка фея
Fet,Guiraud,72,VERB,раскрывать становиться посмотреть обращать отыскивать признаваться выходить знать дождаться подходить
Fet,Guiraud,73,ADJ,вешний рад должный больной весенний умный алмазный бессонный горный снежный
Fet,Guiraud,73,NOUN,зов тепло ива голова лето ветка няня отрок проза окно
Fet,Guiraud,73,VERB,посмотреть дрожать уснуть высказывать доходить знать пронестись подходить прильнуть следить
Fet,Guiraud,74,ADJ,вешний влюбленный горный тоскливый алмазный старый больной весенний лунный бессонный
Fet,Guiraud,74,NOUN,зов ива няня тучка царица птица зелень тепло окно глаз
Fet,Guiraud,74,VERB,раскрывать уснуть передавать смотреть посмотреть представать уносить доходить подходить хотеться
Fet,Guiraud,75,ADJ,вешний должный кудрявый тоскливый больной нетленный старый влюбленный лунный алмазный
Fet,Guiraud,75,NOUN,зов ива няня ветка овца речка тепло окно царица отрок
Fet,Guiraud,75,VERB,обращать высказывать раскрывать рассказывать уснуть спрашивать ходить посмотреть знать плакать
Fet,Guiraud,76,ADJ,вешний больной шаткий старый благовонный влюбленный рад алмазный бессонный нетленный
Fet,Guiraud,76,NOUN,овца ива зелень лесна фея глаз лик ветка зов клетка
Fet,Guiraud,76,VERB,хотеться спрашивать раскрывать становиться подходить посмотреть отыскивать повеять уснуть выходить
Fet,Guiraud,77,ADJ,вешний влюбленный должный прозрачный рад горный мудрый старый умный лунный
Fet,Guiraud,77,NOUN,няня овца зелень зов ива ветка тучка лик царица лист
Fet,Guiraud,77,VERB,раскрывать приходиться спрашивать хотеться доходить качаться смотреть дрожать подходить раскидывать
Fet,Guiraud,78,ADJ,вешний должный старый больной влюбленный бессонный умный шаткий рад мудрый
Fet,Guiraud,78,NOUN,зов ива овца окно лето ветка песок лист зелень клетка
Fet,Guiraud,78,VERB,доходить раскрывать спрашивать хотеться дрожать знать ехать рассказывать ходить смотреть
Fet,Guiraud,79,ADJ,вешний влюбленный старый бессонный горный рад алмазный умный шаткий должный
Fet,Guiraud,79,NOUN,зов ива зелень няня птичка царица ветка лесна фея лист
Fet,Guiraud,79,VERB,раскрывать становиться признаваться спрашивать подходить хвалить посмотреть уснуть высказывать передавать
Fet,Guiraud,80,ADJ,вешний больной нетленный шаткий лунный должный старый алмазный целебный рад
Fet,Guiraud,80,NOUN,зов овца птичка ива окно птица глаз царица тучка заря
Fet,Guiraud,80,VERB,признаваться раскрывать хвалить плакать дрожать смотреть посмотреть хотеться становиться обращать
Fet,Guiraud,81,ADJ,вешний должный бессонный шаткий лунный кроткий душистый ласковый умный больной
Fet,Guiraud,81,NOUN,ива зелень зов птица царица ветка песок ручка тучка тепло
Fet,Guiraud,81,VERB,признаваться посмотреть делать обращать раскрывать дрожать знать спрашивать хотеться доходить
Fet,Guiraud,82,ADJ,вешний больной старый шаткий нетленный благовонный влюбленный бессонный горный умный
Fet,Guiraud,82,NOUN,овца няня зов тучка птица тепло ветка ива глаз заря
Fet,Guiraud,82,VERB,рассказывать раскрывать становиться доходить обращать пронестись выходить дождаться следить дрожать
Fet,Guiraud,83,ADJ,вешний старый умный больной должный горный ласковый рад нетленный прозрачный
Fet,Guiraud,83,NOUN,зов зелень птичка ветка птица закат лето глаз заря истома
Fet,Guiraud,83,VERB,рассказывать раскрывать подходить посмотреть обращать передавать приходиться раскидывать спрашивать плакать
Fet,Guiraud,84,ADJ,вешний влюбленный должный лукавый рад старый кудрявый бессонный горный ласковый
Fet,Guiraud,84,NOUN,зов ива фея ветка няня царица тепло сестра овца песок
Fet,Guiraud,84,VERB,раскрывать обращать подходить признаваться рассказывать становиться спрашивать плакать передавать пронестись
Fet,Guiraud,85,ADJ,вешний влюбленный должный алмазный старый душистый рад благовонный тоскливый больной
Fet,Guiraud,85,NOUN,няня фея тепло лист царица зов ива заря птичка птица
Fet,Guiraud,85,VERB,рассказывать доходить посмотреть хотеться обращать приходиться спрашивать становиться высказывать делать
Fet,Guiraud,86,ADJ,вешний алмазный горный тоскливый влюбленный кроткий лунный бессонный умный целебный
Fet,Guiraud,86,NOUN,няня овца зов тепло лето ветка тучка глаз царица окно
Fet,Guiraud,86,VERB,рассказывать уснуть признаваться дрожать спать посмотреть смотреть баять высказывать глядеться
Fet,Guiraud,87,ADJ,вешний больной старый должный шаткий благовонный весенний умный целебный лукавый
Fet,Guiraud,87,NOUN,сестра ива зелень зов лето заря царица глаз лампада лик
Fet,Guiraud,87,VERB,раскрывать рассказывать спрашивать высказывать признаваться подходить посмотреть знать дрожать глядеться
Fet,Guiraud,88,ADJ,вешний влюбленный старый рад горный больной умный серый должный нетленный
Fet,Guiraud,88,NOUN,зов няня ветка ива овца фея птичка птица царица тепло
Fet,Guiraud,88,VERB,рассказывать посмотреть спрашивать ехать пронестись раскрывать уносить прильнуть признаваться хотеться
Fet,Guiraud,89,ADJ,вешний умный горный прозрачный шаткий рад старый влюбленный снежный больной
Fet,Guiraud,89,NOUN,овца царица ветка няня ива фея глаз зов тепло птичка
Fet,Guiraud,89,VERB,выходить плакать становиться качаться признаваться раскрывать рассказывать дрожать доходить посмотреть
Fet,Guiraud,90,ADJ,вешний тоскливый старый больной должный нетленный рад алмазный чуткий прозрачный
Fet,Guiraud,90,NOUN,зов ива царица ветка зелень лето фея глаз птица сестра
Fet,Guiraud,90,VERB,раскрывать следить становиться признаваться подходить кричать обращать передавать ходить посмотреть
Fet,Guiraud,91,ADJ,вешний прозрачный должный алмазный рад старый снежный целебный душистый готовый
Fet,Guiraud,91,NOUN,овца ива отрок тучка фея царица собака птица птичка сестра
Fet,Guiraud,91,VERB,посмотреть спрашивать подходить делать знать хвалить выходить плакать доходить кричать
Fet,Guiraud,92,ADJ,вешний прозрачный больной алмазный горный рад бессонный тоскливый должный кудрявый
Fet,Guiraud,92,NOUN,ива овца фея зов няня отрок сестра царица птица глаз
Fet,Guiraud,92,VERB,хотеться раскрывать посмотреть рассказывать дрожать класть признаваться уснуть смотреть уносить
Fet,Guiraud,93,ADJ,вешний рад алмазный старый больной нетленный горный странный лукавый детский
Fet,Guiraud,93,NOUN,ива овца фея птичка ветка лист царица цветок птица зов
Fet,Guiraud,93,VERB,рассказывать знать подходить признаваться раскрывать становиться смотреть следить спрашивать уснуть
Fet,Guiraud,94,ADJ,вешний должный старый умный серый влюбленный душистый больной лунный благовонный
Fet,Guiraud,94,NOUN,овца зелень зов птица ветка ива лесна няня рифма фея
Fet,Guiraud,94,VERB,признаваться хотеться приходиться следить делать доходить кричать рассказывать хвалить выходить
Fet,Guiraud,95,ADJ,вешний должный старый больной рад серый благовонный горный кудрявый влюбленный
Fet,Guiraud,95,NOUN,фея лето зов няня зелень мальчик овца отрок птица окно
Fet,Guiraud,95,VERB,рассказывать пронестись выходить становиться доходить помогать посмотреть представать следить спрашивать
Fet,Guiraud,96,ADJ,вешний нетленный весенний умный рад старый влюбленный мудрый шаткий должный
Fet,Guiraud,96,NOUN,няня овца птица зов фея зелень ива проза тучка заря
Fet,Guiraud,96,VERB,раскрывать посмотреть хотеться становиться приходиться пронестись качаться рассказывать спрашивать знать
Fet,Guiraud,97,ADJ,вешний старый должный влюбленный больной нетленный кроткий горный шаткий рад
Fet,Guiraud,97,NOUN,ива отрок зов царица глаз птица сестра лесна тучка лето
Fet,Guiraud,97,VERB,раскрывать делать ехать посмотреть становиться ходить следить хвалить выходить знать
Fet,Guiraud,98,ADJ,вешний рад шаткий старый влюбленный должный кроткий бессонный горный целебный
Fet,Guiraud,98,NOUN,ива отрок царица зов тучка сестра тепло заря закат лист
Fet,Guiraud,98,VERB,уснуть хотеться кричать знать дрожать глядеться признаваться пронестись раскрывать раскидывать
Fet,Guiraud,99,ADJ,вешний прозрачный больной старый рад умный лукавый влюбленный серый весенний
Fet,Guiraud,99,NOUN,овца ива зелень зов птичка фея ветка няня глаз голова
Fet,Guiraud,99,VERB,уснуть качаться высказывать пронестись раскидывать посмотреть выходить становиться дрожать доходить
Fet,Guiraud,100,ADJ,вешний влюбленный должный тоскливый умный больной нетленный рад большой алмазный
Fet,Guiraud,100,NOUN,ива зов овца тучка птица тепло ветка зелень няня лист
Fet,Guiraud,100,VERB,становиться признаваться хвалить подходить передавать следить спрашивать хотеться плакать дрожать
Fet,Log odds,1,ADJ,жгучий колючий пестрый глупый восточный грубый давний несносный старый вешний
Fet,Log odds,1,NOUN,наташа русы больной липа гафиз малютка рододендрон головка крыша аллея
Fet,Log odds,1,VERB,овевать различать ронять постоять увидать успевать чуять отдаваться поведывать прибывать
Fet,Log odds,2,ADJ,дружный глупый грубый колючий пестрый сочный душистый старый восточный левый
Fet,Log odds,2,NOUN,наташа больной окошко русы балкон липа глазок головка крыша рододендрон
Fet,Log odds,2,VERB,отдаваться успевать овевать поведывать постоять различать ронять увидать побледнеть погасить
Fet,Log odds,3,ADJ,колючий пестрый жгучий несносный вешний старый виноградный глупый грубый дружный
Fet,Log odds,3,NOUN,наташа больной брамин гафиз малютка липа окошко саконтал балкон русы
Fet,Log odds,3,VERB,ронять чуять окрылять увидать наклонять овевать различать суметь увидеться успевать
Fet,Log odds,4,ADJ,колючий глупый пестрый жгучий несносный бесконечный дружный недавний проворный просветленный
Fet,Log odds,4,NOUN,наташа малютка больной липа аллея рододендрон саконтал окошко русы глазок
Fet,Log odds,4,VERB,различать успевать постоять чуять окрылять поведывать ронять заплакать лезть овевать
Fet,Log odds,5,ADJ,восточный несносный пестрый дружный проворный вешний глупый заревой медный приветливый
Fet,Log odds,5,NOUN,аллея брамин липа глазок головка больной женщина мироздание письмо саконтал
Fet,Log odds,5,VERB,постоять успевать чуять поведывать наклонять овевать увидать увидеться знать налетать
Fet,Log odds,6,ADJ,колючий вешний глупый жгучий несносный упругий восточный заревой недавний проворный
Fet,Log odds,6,NOUN,наташа малютка больной русы головка саконтал аллея глазок липа брамин
Fet,Log odds,6,VERB,постоять различать собираться увидать успевать чуять овевать поведывать становиться заплакать
Fet,Log odds,7,ADJ,глупый колючий упругий старый восточный дружный жгучий пестрый ненаглядный несносный
Fet,Log odds,7,NOUN,наташа русы больной гафиз брамин липа липка малютка головка сабина
Fet,Log odds,7,VERB,постоять наклонять овевать окрылять отдаваться успевать мерещиться опускаться приезжать пробираться
Fet,Log odds,8,ADJ,пестрый вешний грубый колючий ласкательный упругий глупый заревой пахучий проворный
Fet,Log odds,8,NOUN,малютка аллея больной брамин головка рододендрон глазок ночь липа май
Fet,Log odds,8,VERB,овевать увидать поведывать различать чуять выступать погасить позвать прибывать решаться
Fet,Log odds,9,ADJ,упругий пестрый проворный глупый жгучий колючий несносный виноградный восточный ласкательный
Fet,Log odds,9,NOUN,больной малютка рододендрон аллея брамин глазок брама женщина саконтал спина
Fet,Log odds,9,VERB,овевать чуять окрылять ронять успевать колебаться лгать отдаваться постоять суметь
Fet,Log odds,10,ADJ,пестрый жгучий дружный колючий глупый вешний бесконечный бесцветный недавний несказанный
Fet,Log odds,10,NOUN,наташа русы гафиз больной липа окошко рододендрон головка малютка письмо
Fet,Log odds,10,VERB,отдаваться ронять успевать чуять овевать поведывать постоять выступать заплакать окрылять
Fet,Log odds,11,ADJ,жгучий глупый колючий восточный грубый пестрый пугливый давний здоровый несносный
Fet,Log odds,11,NOUN,наташа малютка больной русы саконтал аллея глазок окошко рододендрон брамин
Fet,Log odds,11,VERB,ронять овевать чуять окрылять постоять различать лгать отдаваться становиться заслышать
Fet,Log odds,12,ADJ,пестрый глупый колючий просветленный старческий вешний властный грубый кристальный несказанный
Fet,Log odds,12,NOUN,наташа больной брамин гафиз малютка балкон саконтал головка липа липка
Fet,Log odds,12,VERB,чуять овевать поведывать ронять увидать успевать отдаваться постоять суметь колебаться
Fet,Log odds,13,ADJ,дружный жгучий колючий заревой грубый проворный душистый старый восточный пестрый
Fet,Log odds,13,NOUN,наташа русы больной гафиз глазок липа липка малютка обаяние окошко
Fet,Log odds,13,VERB,чуять овевать отдаваться постоять успевать ронять лгать наклонять поведывать колыхаться
Fet,Log odds,14,ADJ,дружный пестрый упругий глупый колючий приветливый вседневный жгучий заревой коленопреклоненный
Fet,Log odds,14,NOUN,наташа малютка русы больной окошко саконтал головка балкон брамин женщина
Fet,Log odds,14,VERB,постоять овевать различать увидать успевать царить чуять выступать глянуть заплакать
Fet,Log odds,15,ADJ,глупый грубый пестрый сочный жгучий сквозной старый дружный колючий ласкательный
Fet,Log odds,15,NOUN,наташа больной русы аллея брамин гафиз женщина брама зал липка
Fet,Log odds,15,VERB,постоять чуять различать окрылять выступать овевать ронять унимать успевать знать
Fet,Log odds,16,ADJ,глупый дружный колючий пестрый давний старый жгучий ненаглядный несносный вешний
Fet,Log odds,16,NOUN,наташа малютка русы глазок головка липка брамин окошко сабина саконтал
Fet,Log odds,16,VERB,различать успевать чуять постоять ронять овевать окрылять отдаваться обливать становиться
Fet,Log odds,17,ADJ,пестрый жгучий вешний дружный старый рад колючий медный неизмеримый несносный
Fet,Log odds,17,NOUN,наташа русы больной головка липа глазок сатира спина глаз балкон
Fet,Log odds,17,VERB,отдаваться выступать пугаться ронять увидать заплакать постоять приподымать собираться унимать
Fet,Log odds,18,ADJ,пестрый колючий несносный виноградный дружный жгучий проворный упругий глупый коленопреклоненный
Fet,Log odds,18,NOUN,малютка больной аллея гафиз головка окошко глазок ножка пень рододендрон
Fet,Log odds,18,VERB,различать успевать окрылять постоять увидать собираться чуять овевать проноситься ронять
Fet,Log odds,19,ADJ,жгучий колючий несносный упругий заревой медный пестрый сочный старческий старый
Fet,Log odds,19,NOUN,наташа аллея больной русы липка липа малютка саконтал крыша май
Fet,Log odds,19,VERB,чуять успевать заплакать наклонять овевать окрылять отдаваться увидать выступать лгать
Fet,Log odds,20,ADJ,жгучий глупый колючий упругий давний дружный старый вешний грубый здоровый
Fet,Log odds,20,NOUN,наташа больной малютка балкон русы аллея липа гафиз глазок женщина
Fet,Log odds,20,VERB,отдаваться чуять постоять наклонять окрылять знать овевать приезжать царить выступать
Fet,Log odds,21,ADJ,дружный пестрый упругий жгучий колючий проворный вешний виноградный восточный глупый
Fet,Log odds,21,NOUN,больной балкон саконтал аллея окошко рододендрон брамин женщина крыша глаз
Fet,Log odds,21,VERB,овевать окрылять отдаваться становиться колебаться поведывать постоять увидать успевать чуять
Fet,Log odds,22,ADJ,пестрый колючий грубый жгучий сиротливый глупый дружный несносный старческий упругий
Fet,Log odds,22,NOUN,наташа русы больной малютка аллея гафиз головка балкон крыша пень
Fet,Log odds,22,VERB,ронять овевать окрылять собираться успевать чуять лгать наклонять отдаваться заплакать
Fet,Log odds,23,ADJ,колючий пестрый сочный грубый дружный вешний бесконечный глупый медный разный
Fet,Log odds,23,NOUN,брамин гафиз малютка больной аллея балкон женщина окошко глазок саконтал
Fet,Log odds,23,VERB,чуять отдаваться ронять заплакать различать собираться унимать становиться обдавать поведывать
Fet,Log odds,24,ADJ,жгучий пестрый упругий дружный недавний пахучий глупый задорный заревой медный
Fet,Log odds,24,NOUN,наташа больной русы брамин малютка балкон аллея май саконтал гафиз
Fet,Log odds,24,VERB,чуять наклонять окрылять отдаваться поведывать ронять уезжать успевать постоять собираться
Fet,Log odds,25,ADJ,жгучий колючий глупый ласкательный ненаглядный несносный пахучий пестрый просветленный пурпурный
Fet,Log odds,25,NOUN,головка брамин гафиз липа балкон больной малютка рододендрон саконтал лодка
Fet,Log odds,25,VERB,чуять овевать увидать отдаваться различать успевать окрылять позвать сжиматься лгать
Fet,Log odds,26,ADJ,колючий пестрый жгучий вешний грубый несносный приветливый глупый дружный здоровый
Fet,Log odds,26,NOUN,наташа больной русы брамин малютка сабина липка глаз аллея анубис
Fet,Log odds,26,VERB,овевать чуять отдаваться ронять наклонять постоять различать увидать унимать успевать
Fet,Log odds,27,ADJ,жгучий пестрый колючий несносный проворный грубый приветливый вешний восточный давний
Fet,Log odds,27,NOUN,наташа больной русы аллея малютка брамин липа окошко беседка глазок
Fet,Log odds,27,VERB,различать увидать постоять успевать позвать решаться собираться взрезывать выступать заплакать
Fet,Log odds,28,ADJ,пестрый жгучий глупый дружный вешний несносный бесконечный колючий приветливый проворный
Fet,Log odds,28,NOUN,наташа русы малютка больной брамин липа аллея головка липка май
Fet,Log odds,28,VERB,поведывать различать ронять выступать овевать постоять успевать чуять дивиться заплакать
Fet,Log odds,29,ADJ,жгучий колючий пестрый дружный заревой приветливый упругий вешний восточный глупый
Fet,Log odds,29,NOUN,наташа малютка больной гафиз рододендрон аллея балкон лоб окошко русы
Fet,Log odds,29,VERB,выступать отдаваться постоять различать лгать мерещиться суметь заслышать прижиматься приподымать
Fet,Log odds,30,ADJ,колючий сочный глупый дружный пестрый упругий старый бесконечный задорный истомленный
Fet,Log odds,30,NOUN,наташа больной русы глазок брамин малютка липа саконтал аллея гафиз
Fet,Log odds,30,VERB,увидать успевать чуять постоять различать ронять суметь знать лгать пробираться
Fet,Log odds,31,ADJ,жгучий пестрый ласкательный пугливый грубый давний заревой колючий недавний упругий
Fet,Log odds,31,NOUN,гафиз головка аллея беседка больной брамин малютка лоб пень глазок
Fet,Log odds,31,VERB,чуять отдаваться поведывать постоять приподымать пугаться различать ронять собираться увидать
Fet,Log odds,32,ADJ,пестрый жгучий дружный проворный восточный истомленный вешний властный глупый давний
Fet,Log odds,32,NOUN,наташа русы больной липа липка брамин гафиз головка малютка балкон
Fet,Log odds,32,VERB,овевать чуять выступать наклонять давить лгать отдаваться поведывать постоять приезжать
Fet,Log odds,33,ADJ,пестрый упругий глупый колючий несносный вешний рад старый восточный дружный
Fet,Log odds,33,NOUN,наташа русы брамин окошко больной балкон женщина липа май саконтал
Fet,Log odds,33,VERB,чуять постоять выступать мерещиться овевать различать ронять колебаться окрылять отдаваться
Fet,Log odds,34,ADJ,колючий старый заревой приветливый проворный сквозной глупый грубый дружный жгучий
Fet,Log odds,34,NOUN,больной брамин окошко сабина саконтал письмо аллея балкон гафиз головка
Fet,Log odds,34,VERB,чуять увидать отдаваться наклонять постоять различать собираться суметь становиться обливать
Fet,Log odds,35,ADJ,пестрый жгучий глупый вешний бесконечный дружный заревой приветливый проворный пугливый
Fet,Log odds,35,NOUN,наташа русы больной малютка сатира аллея липа окошко сабина балкон
Fet,Log odds,35,VERB,постоять чуять окрылять различать овевать отдаваться позвать заплакать мерещиться наклонять
Fet,Log odds,36,ADJ,дружный пестрый давний коленопреклоненный пугливый старый властный восточный вседневный грубый
Fet,Log odds,36,NOUN,больной гафиз аллея головка женщина рододендрон саконтал балкон черт брама
Fet,Log odds,36,VERB,чуять поведывать постоять успевать овевать окрылять различать дивиться ронять собираться
Fet,Log odds,37,ADJ,колючий пестрый бесконечный дружный упругий виноградный всепобедный жгучий медный пахучий
Fet,Log odds,37,NOUN,наташа малютка больной русы липа гафиз головка беседка брамин липка
Fet,Log odds,37,VERB,чуять отдаваться пугаться собираться различать ронять лгать наклонять постоять увидать
Fet,Log odds,38,ADJ,дружный проворный старый глупый грубый жгучий заревой колючий пестрый приветливый
Fet,Log odds,38,NOUN,наташа больной русы окошко аллея гафиз малютка рододендрон хвост липка
Fet,Log odds,38,VERB,поведывать успевать окрылять постоять лгать прибывать приподымать ронять уезжать безумствовать
Fet,Log odds,39,ADJ,жгучий пестрый старый дружный колючий недавний вешний глупый грубый давний
Fet,Log odds,39,NOUN,наташа русы больной балкон глазок брамин малютка письмо женщина зал
Fet,Log odds,39,VERB,различать постоять успевать позвать знать ронять глянуть обливать окрылять поведывать
Fet,Log odds,40,ADJ,жгучий заревой пестрый проворный упругий виноградный глупый истомленный медный ненаглядный
Fet,Log odds,40,NOUN,наташа больной липа русы брамин аллея окошко головка май малютка
Fet,Log odds,40,VERB,чуять увидать поведывать постоять различать выступать прибывать приподымать увидеться лгать
Fet,Log odds,41,ADJ,колючий глупый пестрый медный виноградный дружный жгучий недавний приветливый восточный
Fet,Log odds,41,NOUN,наташа больной русы аллея глазок малютка беседка гафиз гнездо головка
Fet,Log odds,41,VERB,различать чуять овевать окрылять пугаться суметь увидать заплакать спаться успевать
Fet,Log odds,42,ADJ,глупый пестрый виноградный дружный колючий несносный старческий старый вешний пугливый
Fet,Log odds,42,NOUN,наташа больной русы малютка аллея балкон рододендрон головка женщина липа
Fet,Log odds,42,VERB,чуять постоять различать окрылять отдаваться овевать поведывать ронять унимать заплакать
Fet,Log odds,43,ADJ,пестрый дружный глупый жгучий заревой колючий проворный упругий вешний бесконечный
Fet,Log odds,43,NOUN,наташа русы балкон аллея окошко сатира журавль липка пень рододендрон
Fet,Log odds,43,VERB,увидать успевать чуять собираться овевать окрылять отдаваться постоять спаться колебаться
Fet,Log odds,44,ADJ,пестрый дружный колючий грубый ласкательный восточный глупый заревой медный несносный
Fet,Log odds,44,NOUN,гафиз больной саконтал брамин глазок липа окошко сатира головка малютка
Fet,Log odds,44,VERB,чуять овевать постоять заплакать поведывать ронять спаться выступать колебаться наклонять
Fet,Log odds,45,ADJ,жгучий колючий упругий дружный ласкательный несносный пестрый виноградный глупый заревой
Fet,Log odds,45,NOUN,наташа больной русы брамин малютка балкон головка липа аллея обаяние
Fet,Log odds,45,VERB,ронять овевать унимать знать взрезывать глянуть давить наклонять обливать окрылять
Fet,Log odds,46,ADJ,пестрый вешний старый душистый восточный глупый дружный заревой затаенный истомленный
Fet,Log odds,46,NOUN,аллея больной малютка глазок липа брамин бриллиант лоб окошко саконтал
Fet,Log odds,46,VERB,овевать поведывать ронять успевать чуять колыхаться окрылять отдаваться постоять различать
Fet,Log odds,47,ADJ,колючий жгучий старый глупый дружный пестрый сиротливый виноградный восточный здоровый
Fet,Log odds,47,NOUN,наташа русы брамин больной малютка окошко рододендрон саконтал аллея балкон
Fet,Log odds,47,VERB,увидать чуять постоять приезжать различать успевать знать глянуть задушить заплакать
Fet,Log odds,48,ADJ,пестрый колючий грубый жгучий упругий глупый заревой ненаглядный сочный вешний
Fet,Log odds,48,NOUN,наташа русы больной малютка гафиз аллея головка липа окошко глазок
Fet,Log odds,48,VERB,чуять овевать прибывать ронять увидать унимать знать отдаваться поведывать постоять
Fet,Log odds,49,ADJ,пестрый жгучий упругий грубый заревой колючий приветливый просветленный пугливый сиротливый
Fet,Log odds,49,NOUN,наташа больной малютка брамин русы саконтал рододендрон окошко сабина зал
Fet,Log odds,49,VERB,постоять собираться различать увидать наклонять увидеться чуять выступать колебаться отдаваться
Fet,Log odds,50,ADJ,пестрый жгучий упругий заревой пахучий грубый виноградный восточный вседневный глупый
Fet,Log odds,50,NOUN,гафиз больной липа малютка аллея брамин головка женщина письмо лоб
Fet,Log odds,50,VERB,различать успевать чуять окрылять постоять увидать выступать овевать поведывать лгать
Fet,Log odds,51,ADJ,пестрый упругий восточный дружный несносный старый бесконечный грубый жгучий заревой
Fet,Log odds,51,NOUN,наташа русы больной малютка гафиз рододендрон брамин аллея лодка беседка
Fet,Log odds,51,VERB,чуять окрылять различать успевать овевать постоять выступать отдаваться лгать поведывать
Fet,Log odds,52,ADJ,жгучий пестрый вешний дружный колючий глупый давний истомленный ненаглядный сиротливый
Fet,Log odds,52,NOUN,больной малютка рододендрон аллея головка ночь глазок липа письмо гафиз
Fet,Log odds,52,VERB,овевать постоять ронять успевать чуять отдаваться выступать наклонять поливать приподымать
Fet,Log odds,53,ADJ,глупый грубый несносный дружный заревой колючий пестрый виноградный вседневный гулкий
Fet,Log odds,53,NOUN,больной аллея гафиз саконтал рододендрон брамин крыша пифия спина анубис
Fet,Log odds,53,VERB,отдаваться увидать постоять колебаться различать чуять выступать погасить позвать пугаться
Fet,Log odds,54,ADJ,колючий пестрый дружный жгучий несносный сиротливый грубый заревой здоровый старый
Fet,Log odds,54,NOUN,больной наташа малютка глазок женщина липа русы саконтал аллея балкон
Fet,Log odds,54,VERB,различать успевать отдаваться наклонять обдавать окрылять погасить позвать постоять распалять
Fet,Log odds,55,ADJ,глупый пестрый жгучий восточный дружный несносный приветливый проворный вешний старый
Fet,Log odds,55,NOUN,наташа больной балкон малютка русы окошко аллея гафиз женщина зал
Fet,Log odds,55,VERB,увидать чуять овевать постоять различать отдаваться становиться выступать колебаться мерещиться
Fet,Log odds,56,ADJ,глупый вешний восточный дружный жгучий пестрый приветливый разный упругий давний
Fet,Log odds,56,NOUN,наташа русы брамин окошко малютка рододендрон глазок липа саконтал больной
Fet,Log odds,56,VERB,чуять заплакать овевать постоять увидать успевать наклонять окрылять отдаваться различать
Fet,Log odds,57,ADJ,колючий жгучий вешний старый рад грубый дружный заревой медный пахучий
Fet,Log odds,57,NOUN,наташа больной малютка русы балкон гафиз глазок аллея головка окошко
Fet,Log odds,57,VERB,успевать отдаваться постоять увидать заплакать овевать окрылять различать собираться суметь
Fet,Log odds,58,ADJ,пестрый грубый жгучий заревой упругий рад душистый глупый дружный несносный
Fet,Log odds,58,NOUN,малютка гафиз больной головка окошко глазок липа навес рододендрон сатира
Fet,Log odds,58,VERB,чуять постоять овевать окрылять заплакать мерещиться пускать ронять увидать уезжать
Fet,Log odds,59,ADJ,жгучий колючий заревой грубый виноградный восточный дружный затаенный истомленный пахучий
Fet,Log odds,59,NOUN,больной малютка аллея гафиз окошко дуновение липа пифия спина глазок
Fet,Log odds,59,VERB,чуять овевать поведывать приподымать окрылять постоять собираться выступать колебаться мерещиться
Fet,Log odds,60,ADJ,несносный упругий жгучий медный проворный пурпурный вешний глупый давний колючий
Fet,Log odds,60,NOUN,наташа малютка русы аллея брамин больной гафиз глазок головка саконтал
Fet,Log odds,60,VERB,чуять овевать увидать отдаваться поведывать успевать выступать лгать постоять безумствовать
Fet,Log odds,61,ADJ,дружный жгучий глупый грубый заревой колючий несносный вешний медный недавний
Fet,Log odds,61,NOUN,наташа малютка русы беседка больной липа глазок рододендрон аллея головка
Fet,Log odds,61,VERB,чуять успевать овевать подарить постоять различать сжиматься собираться увидеться уезжать
Fet,Log odds,62,ADJ,жгучий упругий пестрый проворный восточный глупый заревой вешний бесцветный властный
Fet,Log odds,62,NOUN,наташа больной русы аллея брамин балкон головка окошко малютка беседка
Fet,Log odds,62,VERB,постоять различать чуять овевать поведывать успевать выступать прибывать приподымать спаться
Fet,Log odds,63,ADJ,дружный колючий упругий глупый грубый пушистый властный ласкательный левый недавний
Fet,Log odds,63,NOUN,малютка головка больной глазок тысяча ночь балкон бриллиант испуг лоб
Fet,Log odds,63,VERB,чуять поведывать постоять увидать овевать окрылять опускаться ронять успевать колыхаться
Fet,Log odds,64,ADJ,колючий восточный пестрый вешний глупый жгучий несносный приветливый разный бесконечный
Fet,Log odds,64,NOUN,больной малютка окошко глазок аллея головка рододендрон спина май окно
Fet,Log odds,64,VERB,чуять ронять успевать отдаваться постоять увидать позвать пробираться пускать различать
Fet,Log odds,65,ADJ,пестрый жгучий глупый дружный недавний пахучий упругий вешний старый всепобедный
Fet,Log odds,65,NOUN,брамин больной гафиз женщина липа май малютка рододендрон саконтал брама
Fet,Log odds,65,VERB,чуять постоять успевать увидать заплакать овевать становиться мерещиться обливать опускаться
Fet,Log odds,66,ADJ,колючий пестрый жгучий восточный глупый истомленный пахучий сиротливый вешний дружный
Fet,Log odds,66,NOUN,наташа больной русы аллея балкон липка окошко липа малютка сатира
Fet,Log odds,66,VERB,постоять ронять успевать окрылять решаться суметь увидать колебаться колыхаться лгать
Fet,Log odds,67,ADJ,грубый дружный жгучий восточный недавний вешний глупый истомленный колючий ненаглядный
Fet,Log odds,67,NOUN,наташа русы аллея больной малютка рододендрон глазок саконтал брамин липка
Fet,Log odds,67,VERB,успевать различать постоять отдаваться ронять чуять окрылять унимать лгать наклонять
Fet,Log odds,68,ADJ,пестрый вешний старый грубый коленопреклоненный колючий пахучий человеческий восточный глупый
Fet,Log odds,68,NOUN,гафиз брамин беседка саконтал больной окошко рододендрон спина тысяча глазок
Fet,Log odds,68,VERB,чуять окрылять поведывать овевать успевать отдаваться постоять собираться гименеть заслышать
Fet,Log odds,69,ADJ,жгучий виноградный грубый колючий старый глупый дружный задорный ненаглядный просветленный
Fet,Log odds,69,NOUN,наташа русы гафиз больной липка аллея липа ночь глазок малютка
Fet,Log odds,69,VERB,чуять отдаваться лгать овевать собираться увидеться успевать задушить заплакать мерещиться
Fet,Log odds,70,ADJ,глупый дружный пестрый упругий медный вешний бесконечный вседневный колючий приветливый
Fet,Log odds,70,NOUN,наташа русы больной липа липка аллея брамин головка малютка рододендрон
Fet,Log odds,70,VERB,поведывать увидать выступать овевать различать ронять собираться чуять дивиться колебаться
Fet,Log odds,71,ADJ,пестрый глупый грубый дружный колючий недавний пугливый старческий вешний коленопреклоненный
Fet,Log odds,71,NOUN,наташа больной русы головка липа аллея брамин саконтал липка сатира
Fet,Log odds,71,VERB,чуять собираться овевать постоять суметь увидать успевать становиться наклонять обливать
Fet,Log odds,72,ADJ,колючий пестрый вешний глупый дружный пугливый упругий рад виноградный восточный
Fet,Log odds,72,NOUN,наташа русы больной балкон брамин головка рододендрон липа пень саконтал
Fet,Log odds,72,VERB,чуять постоять овевать ронять наклонять отдаваться смотреть глянуть лгать поведывать
Fet,Log odds,73,ADJ,грубый несносный пестрый проворный дружный жгучий упругий старый вешний коленопреклоненный
Fet,Log odds,73,NOUN,больной малютка липа лодка аллея глазок обаяние бриллиант головка женщина
Fet,Log odds,73,VERB,отдаваться ронять чуять успевать окрылять позвать снести собираться увидать беспокоить
Fet,Log odds,74,ADJ,колючий грубый заревой упругий вешний восточный бесконечный здоровый недавний несносный
Fet,Log odds,74,NOUN,наташа малютка русы аллея больной гафиз головка зал балкон крыша
Fet,Log odds,74,VERB,овевать окрылять ронять чуять наклонять успевать различать собираться заплакать позвать
Fet,Log odds,75,ADJ,пестрый колючий жгучий глупый грубый дружный старческий старый бесконечный виноградный
Fet,Log odds,75,NOUN,наташа малютка больной русы аллея гафиз рододендрон брамин глазок саконтал
Fet,Log odds,75,VERB,постоять успевать окрылять отдаваться наклонять овевать выступать колебаться опускаться побледнеть
Fet,Log odds,76,ADJ,глупый колючий вешний бесцветный грубый дружный заревой здоровый ненаглядный несносный
Fet,Log odds,76,NOUN,больной аллея гафиз рододендрон глазок головка сабина липа лоб май
Fet,Log odds,76,VERB,овевать отдаваться прибывать различать ронять унимать чуять погасить пугаться решаться
Fet,Log odds,77,ADJ,глупый пестрый упругий вешний старый дружный здоровый проворный бесконечный бесцветный
Fet,Log odds,77,NOUN,наташа аллея больной русы гафиз малютка обаяние балкон головка липа
Fet,Log odds,77,VERB,овевать увидать отдаваться различать унимать успевать наклонять постоять ронять собираться
Fet,Log odds,78,ADJ,пестрый вешний жгучий пахучий глупый грубый дружный задорный истомленный колючий
Fet,Log odds,78,NOUN,наташа малютка больной балкон русы глазок липка рододендрон аллея брамин
Fet,Log odds,78,VERB,чуять овевать ронять постоять различать глянуть задушить заплакать обливать поведывать
Fet,Log odds,79,ADJ,колючий дружный приветливый вешний жгучий пестрый проворный несносный пугливый разный
Fet,Log odds,79,NOUN,больной гафиз малютка аллея брамин головка глазок липа сабина саконтал
Fet,Log odds,79,VERB,чуять прибывать лгать отдаваться постоять увидать заслышать колебаться наклонять овевать
Fet,Log odds,80,ADJ,пестрый грубый упругий недавний пугливый рад вседневный глупый жгучий затаенный
Fet,Log odds,80,NOUN,наташа русы больной брамин гафиз саконтал малютка окошко рододендрон головка
Fet,Log odds,80,VERB,постоять увидать унимать отдаваться поведывать различать собираться чуять заплакать овевать
Fet,Log odds,81,ADJ,глупый пестрый жгучий колючий недавний ненаглядный пугливый вешний рад влюбленный
Fet,Log odds,81,NOUN,наташа малютка глазок липа русы гафиз больной головка саконтал аллея
Fet,Log odds,81,VERB,успевать овевать различать увидать чуять отдаваться поведывать унимать выступать заплакать
Fet,Log odds,82,ADJ,пестрый упругий недавний просветленный сиротливый вешний грубый жгучий заревой коленопреклоненный
Fet,Log odds,82,NOUN,наташа русы гафиз малютка рододендрон больной липка тысяча аллея глазок
Fet,Log odds,82,VERB,поведывать различать увидать отдаваться ронять овевать позвать постоять прибывать наклонять
Fet,Log odds,83,ADJ,пестрый восточный колючий приветливый бесконечный дружный жгучий пугливый разный старческий
Fet,Log odds,83,NOUN,малютка аллея брамин гафиз саконтал глазок больной головка брама лодка
Fet,Log odds,83,VERB,постоять окрылять чуять отдаваться позвать увидать успевать глянуть колебаться мерещиться
Fet,Log odds,84,ADJ,жгучий пестрый грубый дружный недавний приветливый проворный пугливый вешний восточный
Fet,Log odds,84,NOUN,аллея брамин гафиз головка рододендрон больной глазок лодка малютка дрожь
Fet,Log odds,84,VERB,чуять овевать постоять собираться окрылять различать унимать выступать отдаваться прилегать
Fet,Log odds,85,ADJ,пестрый грубый вешний жгучий приветливый упругий старый глупый дружный затаенный
Fet,Log odds,85,NOUN,больной рододендрон аллея брамин гафиз саконтал май малютка головка пень
Fet,Log odds,85,VERB,ронять увидать глянуть овевать поведывать различать собираться успевать знать становиться
Fet,Log odds,86,ADJ,жгучий пестрый глупый старый рад дружный пугливый сиротливый вешний колючий
Fet,Log odds,86,NOUN,наташа больной русы балкон окошко брамин липа аллея лодка май
Fet,Log odds,86,VERB,различать собираться чуять отдаваться поведывать постоять решаться увидеться успевать заплакать
Fet,Log odds,87,ADJ,несносный глупый дружный жгучий колючий недавний пурпурный старый вешний грубый
Fet,Log odds,87,NOUN,наташа малютка больной липка аллея лоб русы саконтал балкон гафиз
Fet,Log odds,87,VERB,постоять различать чуять окрылять выступать овевать прибывать ронять увидать мерещиться
Fet,Log odds,88,ADJ,жгучий грубый пестрый недавний несносный виноградный глупый дружный проворный просветленный
Fet,Log odds,88,NOUN,наташа аллея русы малютка окошко саконтал больной май глаз глазок
Fet,Log odds,88,VERB,отдаваться постоять поведывать увидать успевать лгать окрылять различать увидеться чуять
Fet,Log odds,89,ADJ,жгучий пестрый глупый грубый дружный колючий медный недавний проворный вешний
Fet,Log odds,89,NOUN,наташа русы больной гафиз малютка аллея липка глазок зал лодка
Fet,Log odds,89,VERB,чуять овевать ронять отдаваться погасить постоять различать увидать успевать выступать
Fet,Log odds,90,ADJ,колючий пестрый старый жгучий проворный упругий глупый грубый дружный ласкательный
Fet,Log odds,90,NOUN,наташа русы малютка больной глазок гафиз липа беседка головка лоб
Fet,Log odds,90,VERB,поведывать чуять овевать знать различать погасить постоять ронять снести суметь
Fet,Log odds,91,ADJ,пестрый дружный колючий упругий вешний проворный сочный грубый жгучий истомленный
Fet,Log odds,91,NOUN,брамин больной глазок женщина малютка аллея зал липа май окошко
Fet,Log odds,91,VERB,чуять окрылять различать отдаваться поведывать постоять прибывать увидать успевать выступать
Fet,Log odds,92,ADJ,пестрый колючий упругий вешний просветленный пугливый старческий дружный ласкательный несносный
Fet,Log odds,92,NOUN,наташа больной аллея русы глазок липа малютка окошко бриллиант гафиз
Fet,Log odds,92,VERB,окрылять чуять приподымать выступать отдаваться постоять прибывать сжиматься увидеться уезжать
Fet,Log odds,93,ADJ,пестрый дружный колючий пахучий вешний глупый грубый жгучий приветливый сиротливый
Fet,Log odds,93,NOUN,русы наташа аллея больной головка липка малютка брамин пень саконтал
Fet,Log odds,93,VERB,постоять чуять увидать успевать овевать унимать наклонять окрылять позвать увидеться
Fet,Log odds,94,ADJ,глупый восточный пестрый проворный колючий приветливый пушистый вешний старый виноградный
Fet,Log odds,94,NOUN,больной глазок аллея сабина анубис дрожь женщина липа лодка окошко
Fet,Log odds,94,VERB,чуять различать поведывать ронять наклонять окрылять сквозить собираться увидать увидеться
Fet,Log odds,95,ADJ,дружный пестрый несносный вешний грубый колючий приветливый старый бесцветный восточный
Fet,Log odds,95,NOUN,наташа брамин русы гафиз больной липа малютка саконтал балкон май
Fet,Log odds,95,VERB,наклонять чуять постоять увидать успевать мерещиться поведывать приезжать различать распалять
Fet,Log odds,96,ADJ,пестрый заревой колючий проворный дружный старый восточный глупый жгучий кленовый
Fet,Log odds,96,NOUN,брамин больной саконтал головка липа малютка брама обаяние тысяча аллея
Fet,Log odds,96,VERB,окрылять различать чуять наклонять отдаваться прибывать успевать выступать лгать мерещиться
Fet,Log odds,97,ADJ,пестрый колючий глупый заревой старый восточный дружный жгучий затаенный истомленный
Fet,Log odds,97,NOUN,наташа малютка русы брамин рододендрон больной липа липка окошко гафиз
Fet,Log odds,97,VERB,успевать окрылять овевать поведывать позвать постоять увидать отдаваться пускать знать
Fet,Log odds,98,ADJ,жгучий глупый заревой несносный приветливый восточный дружный пахучий пестрый старческий
Fet,Log odds,98,NOUN,наташа русы головка липа липка лоб балкон глазок малютка беседка
Fet,Log odds,98,VERB,овевать различать окрылять постоять увидать успевать лгать чуять глянуть зайти
Fet,Log odds,99,ADJ,грубый глупый дружный пестрый вешний колючий пугливый рад виноградный заревой
Fet,Log odds,99,NOUN,гафиз больной аллея окошко рододендрон малютка тысяча женщина липа хвост
Fet,Log odds,99,VERB,постоять ронять окрылять отдаваться позвать различать успевать чуять выступать овевать
Fet,Log odds,100,ADJ,глупый дружный старый вешний грубый жгучий колючий недавний пестрый рад
Fet,Log odds,100,NOUN,наташа русы малютка брамин больной гафиз глазок головка липка хвост
Fet,Log odds,100,VERB,постоять поведывать овевать чуять успевать заплакать наклонять обливать проноситься различать
Fet,Zeta,1,ADJ,прозрачный душистый белый хороший больной воздушный долгий морской отрадный радостный
Fet,Zeta,1,NOUN,слеза глаз улыбка лик сад царица дыхание край песнь луч
Fet,Zeta,1,VERB,встречать уснуть посмотреть высказывать приносить пронестись пугать умирать чуять шептать
Fet,Zeta,2,ADJ,серебристый серый любимый старый белый весенний рад серебряный вешний горячий
Fet,Zeta,2,NOUN,заря крыло песня страх тень знакомый помощь луч слеза певец
Fet,Zeta,2,VERB,пойти умирать смотреть бояться желать припоминать следить учить ждать петь
Fet,Zeta,3,ADJ,влюбленный яркий безумный старый рад ласковый вольный глупый должный подобный
Fet,Zeta,3,NOUN,месяц песня дитя воздух головка дуга сестра убор ночь нога
Fet,Zeta,3,VERB,вставать склонять сиять бледнеть будить грустить отдаваться слать умирать становиться
Fet,Zeta,4,ADJ,нежный целый голубой нетленный вешний больной довольный желтый умный золотой
Fet,Zeta,4,NOUN,поэт долина света знакомый лист роза око сад взгляд миг
Fet,Zeta,4,VERB,идти отвечать понимать хвалить желать запевать проситься спать светить мочь
Fet,Zeta,5,ADJ,детский старый чудный злой серый строгий тонкий влюбленный горячий людской
Fet,Zeta,5,NOUN,роза долина берег друг луч слеза цветок власть конь красота
Fet,Zeta,5,VERB,трепетать уметь уснуть встревожить знать стоять сиять смотреть выходить дышать
Fet,Zeta,6,ADJ,рад целый холодный серебряный серый тесный душистый алмазный восточный детский
Fet,Zeta,6,NOUN,пора весна слово стопа певец поцелуй слух стих ночь счастие
Fet,Zeta,6,VERB,встречать бояться нести выходить следить стоять хотеть глядеть ждать понимать
Fet,Zeta,7,ADJ,вечный душистый заветный странный вешний детский радостный тяжкий глупый былой
Fet,Zeta,7,NOUN,дыхание слово воздух лик ива мысль грудь звезда человек голова
Fet,Zeta,7,VERB,выходить уметь ждать подходить повторять закрывать замирать мелькать ронять сниться
Fet,Zeta,8,ADJ,нетленный отважный прежний рад старый былой злой больной кроткий чистый
Fet,Zeta,8,NOUN,больной лицо овца отрада полночь улыбка роза слеза цветок звезда
Fet,Zeta,8,VERB,нести выходить писать служить позволять понимать дышать молчать искать светить
Fet,Zeta,9,ADJ,девственный собственный дальний весенний вешний робкий красный бессильный усталый шаткий
Fet,Zeta,9,NOUN,поэт туман глаз дева мука змея птичка свеча факел кудри
Fet,Zeta,9,VERB,звать вставать томить прильнуть просыпаться целовать выходить дождаться становиться забывать
Fet,Zeta,10,ADJ,готовый блестящий воздушный вешний прозрачный ласковый правый странный старый вечный
Fet,Zeta,10,NOUN,наташа бог лик глаз цвет веселие возлюбленная игра лампада счастие
Fet,Zeta,10,VERB,вставать затрепетать мелькать окружать раскрывать склонять следить становиться понимать приходить
Fet,Zeta,11,ADJ,рад блаженный бледный кудрявый пестрый сухой целый алмазный полночный сквозной
Fet,Zeta,11,NOUN,глаз счастие берег даль лик песня аллея высота ночь бог
Fet,Zeta,11,VERB,становиться приходиться стремиться шутить бить выходить подавать раскидывать сиять мочь
Fet,Zeta,12,ADJ,вешний серый старый хороший больной пышный детский упругий весенний жадный
Fet,Zeta,12,NOUN,ночь заря окно старик небо грудь сон огонь речь роза
Fet,Zeta,12,VERB,узнавать плакать вздыхать пойти приходить приносить расти спрашивать видать одеваться
Fet,Zeta,13,ADJ,вешний прозрачный влюбленный голубой белый рад одинокий суровый горный звонкий
Fet,Zeta,13,NOUN,наташа нога кудри глаз лист рыдание соловей тепло том дерево
Fet,Zeta,13,VERB,ждать хотеть приходиться чуять поведывать повторять спрашивать хотеться знать говорить
Fet,Zeta,14,ADJ,безмолвный жгучий красивый рад больной старый надменный собственный весенний вешний
Fet,Zeta,14,NOUN,заря роза весна голова мать миг раз мороз голос глаз
Fet,Zeta,14,VERB,бояться плакать пойти представать светить держать подавать теплиться увивать уносить
Fet,Zeta,15,ADJ,безумный старый таинственный рад злой бессонный благовонный вольный слезный страстный
Fet,Zeta,15,NOUN,песнь миг богиня войско луна могила окно окошко тень глаз
Fet,Zeta,15,VERB,исполнять нести ждать дрожать смотреть казаться промчаться скрывать уснуть запевать
Fet,Zeta,16,ADJ,старый большой вешний тонкий бессонный влюбленный грустный ночной блестящий добрый
Fet,Zeta,16,NOUN,голова раз окно роза час крыло рука слеза венок надежда
Fet,Zeta,16,VERB,плакать будить вставать возвещать встречаться миновать отказывать различать слышать ждать
Fet,Zeta,17,ADJ,вечный горячий рад старый душистый безумный злой хороший чуждый прозрачный
Fet,Zeta,17,NOUN,окно стих лицо гора красота лик цветок заря глаз картина
Fet,Zeta,17,VERB,слушать верить взглядывать озарять поведывать уходить казаться обращать поглядеть прильнуть
Fet,Zeta,18,ADJ,старый вешний ревнивый простой хороший безумный готовый робкий сонный больной
Fet,Zeta,18,NOUN,дом вечер долина дорога бездна блаженство ошибка могила цветок звезда
Fet,Zeta,18,VERB,улыбаться уносить узнавать вставать кончать ловить замечать носить озираться стоять
Fet,Zeta,19,ADJ,душистый горячий вешний родной рад гордый широкий грустный злой прозрачный
Fet,Zeta,19,NOUN,добро звук вечер взгляд лес образ сад старик заря народ
Fet,Zeta,19,VERB,встречать взглядывать уснуть пыхать впивать объять поведывать спрашивать указывать целовать
Fet,Zeta,20,ADJ,влюбленный готовый душистый безумный холодный пышный неизменный больной приветливый бессонный
Fet,Zeta,20,NOUN,нога звезда ночь бог лицо мука дыхание сатира стыд лик
Fet,Zeta,20,VERB,виться мочь говорить дрожать понимать низойти светить болтать слушать успевать
Fet,Zeta,21,ADJ,горячий рад готовый старый могучий напрасный бесконечный воздушный детский тесный
Fet,Zeta,21,NOUN,роза заря глаз окно венок лес месяц мука наташа туча
Fet,Zeta,21,VERB,прийти отвечать слышать плыть запевать овевать пойти смолкать уметь давать
Fet,Zeta,22,ADJ,любимый кудрявый пестрый готовый душистый злой ревнивый весенний вешний должный
Fet,Zeta,22,NOUN,крыло цветок колено день блеск месяц роза трава поэт слово
Fet,Zeta,22,VERB,бояться упасть смеяться читать вздыхать молить мучить нести принимать уносить
Fet,Zeta,23,ADJ,должный колючий дальний больной любимый подобный ревнивый чуткий мгновенный несносный
Fet,Zeta,23,NOUN,обман сад ветвь лист стих рука весна слово брат мука
Fet,Zeta,23,VERB,уметь шептать встречать развиваться вставать выходить закрывать заплакать мерцать переставать
Fet,Zeta,24,ADJ,звонкий готовый мгновенный весенний лунный радостный высокий сладкий могучий рад
Fet,Zeta,24,NOUN,месяц окно ветвь миг брамин счастие луч кровь цветок роза
Fet,Zeta,24,VERB,пылать полюбить пойти подходить скользить возмущать входить твердить уснуть смотреть
Fet,Zeta,25,ADJ,хороший блаженный злой лукавый нетленный рад робкий смущенный чужой весенний
Fet,Zeta,25,NOUN,речь лес место брамин ветвь воздух царица ночь уста жена
Fet,Zeta,25,VERB,вспомнить сиять смотреть бояться наставать мелькнуть повеять подходить прощаться снимать
Fet,Zeta,26,ADJ,прозрачный вечный яркий готовый большой былой воздушный весенний вешний кудрявый
Fet,Zeta,26,NOUN,ветвь туча лицо заря нога малютка песня звук око слово
Fet,Zeta,26,VERB,засыпать шептать звать пойти прощать плакать уметь уходить целовать расти
Fet,Zeta,27,ADJ,злой влюбленный белый блаженный большой готовый вешний серый грубый дикий
Fet,Zeta,27,NOUN,час раз храм рододендрон утро гроб месяц наташа птица русы
Fet,Zeta,27,VERB,верить просить говорить смотреть уснуть выходить расставаться бывать встречаться замирать
Fet,Zeta,28,ADJ,старый яркий душистый голубой звездный родимый усталый бессильный больной горный
Fet,Zeta,28,NOUN,цветок блеск вечер поколение стих юноша ночь глаз роза счастие
Fet,Zeta,28,VERB,смотреть нести вставать отвечать пойти полететь выходить качаться знать говорить
Fet,Zeta,29,ADJ,злой женский звездный лунный бедный ревнивый весенний полночный вешний шаткий
Fet,Zeta,29,NOUN,даль зеркало малютка звезда нога глаз миг песня речь голос
Fet,Zeta,29,VERB,давать сказать спать нести казаться повторять помчаться пускаться слать говорить
Fet,Zeta,30,ADJ,вешний злой рад бледный странный безжалостный необъятный нетленный приветливый ночной
Fet,Zeta,30,NOUN,огонь дева мрак миг окно тепло трепет ночь гора цветок
Fet,Zeta,30,VERB,делать хотеть искать томиться писать помчаться свистать хотеться смотреть выходить
Fet,Zeta,31,ADJ,дорогой рад блаженный былой тяжелый вешний лукавый мгновенный кудрявый неподвижный
Fet,Zeta,31,NOUN,цветок муза роза грудь змея лицо нога окошко земля свет
Fet,Zeta,31,VERB,гореть поникать будить выходить исполнять опускаться плыть привыкать просыпаться спать
Fet,Zeta,32,ADJ,женский блаженный кудрявый старый кроткий вечерний должный благовонный живой чистый
Fet,Zeta,32,NOUN,наташа ветер окно воздух зов тень вечер дом пес царь
Fet,Zeta,32,VERB,смотреть проходить приходить припоминать рассказывать гордиться дорожить уходить говорить идти
Fet,Zeta,33,ADJ,вечный воздушный душистый легкий вешний видный влюбленный детский божий отдаленный
Fet,Zeta,33,NOUN,огонь глаз конец окно роза слеза луна песня заря луч
Fet,Zeta,33,VERB,выходить дождаться сказать склоняться ходить касаться посылать потушить привыкать расцветать
Fet,Zeta,34,ADJ,рад строгий ревнивый яркий черный хороший готовый легкий теплый влюбленный
Fet,Zeta,34,NOUN,рука миг лик ангел грех пена ресница день бог грудь
Fet,Zeta,34,VERB,дрожать посмотреть озарять носить чуять рассказывать томиться видеть выходить хотеть
Fet,Zeta,35,ADJ,душистый печальный прозрачный лунный видный горный должный преданный былой жгучий
Fet,Zeta,35,NOUN,лицо ветвь дорога дыхание куст окошко стадо тайна ночь свет
Fet,Zeta,35,VERB,мочь слышать плакать овевать поглядеть веять желать задышать спеть взглядывать
Fet,Zeta,36,ADJ,трепетный одинокий вешний готовый прозрачный должный нетленный кроткий покорный рад
Fet,Zeta,36,NOUN,куст глаз голос ива место воля дым песок речь цветок
Fet,Zeta,36,VERB,вставать нестись окружать ползти просыпаться становиться молчать спать дрожать дышать
Fet,Zeta,37,ADJ,видный пышный робкий готовый душистый злой весенний лунный пестрый больной
Fet,Zeta,37,NOUN,долина рука луч роза крыло красота цветок слово соловей кудри
Fet,Zeta,37,VERB,слушать лежать уметь видеть мочь прощать жить спать хотеть дышать
Fet,Zeta,38,ADJ,блаженный новый вечный заветный должный лунный серебряный тяжкий блестящий неземной
Fet,Zeta,38,NOUN,роза звезда лицо цветок капля ресница рука сила песня тайна
Fet,Zeta,38,VERB,садиться понимать сказать обнимать выходить пойти вздыхать наставать нестись погружать
Fet,Zeta,39,ADJ,темный холодный пышный серебристый сухой должный прелестный тесный больной невольный
Fet,Zeta,39,NOUN,глаз буря ветвь мука песнь русы змея милая одежда сон
Fet,Zeta,39,VERB,становиться покидать пронестись спать дрожать садиться дышать слезать жить встречать
Fet,Zeta,40,ADJ,больной заветный весенний живой старый чудный далекий лукавый прозрачный горячий
Fet,Zeta,40,NOUN,крыло красота окно воздух глаз мука стих птичка ложе овца
Fet,Zeta,40,VERB,обращать говорить входить выходить миновать сниться стараться уснуть гореть давать
Fet,Zeta,41,ADJ,жемчужный заветный покорный суровый вешний весенний полночный кудрявый любимый праздничный
Fet,Zeta,41,NOUN,толпа песня лицо голова сабина ночь рука весна слеза конец
Fet,Zeta,41,VERB,плакать запевать привыкать входить желать следить улыбаться знать становиться мочь
Fet,Zeta,42,ADJ,прозрачный единый колючий белый готовый вешний кудрявый нетленный властный мелкий
Fet,Zeta,42,NOUN,муза поэт блеск глаз лицо час восток няня утро душа
Fet,Zeta,42,VERB,выходить бояться приносить подымать разгадывать хотеться взглядывать взять становиться ждать
Fet,Zeta,43,ADJ,целый большой злой лунный больной влюбленный преданный тесный тусклый последний
Fet,Zeta,43,NOUN,тень песнь весна кровля круг ладья мать пыль грудь улыбка
Fet,Zeta,43,VERB,становиться дышать проходить плакать сметь чуять бояться посмотреть проситься слушать
Fet,Zeta,44,ADJ,детский людской старый больной душистый отрадный тесный вешний видный злой
Fet,Zeta,44,NOUN,греза зелень мороз сосна звук ребенок поэт роза мать надежда
Fet,Zeta,44,VERB,светить изведывать манить слушать чернеть окрылять посмотреть прощать идти обнимать
Fet,Zeta,45,ADJ,старый хороший ночной строгий жгучий злой кудрявый серебристый влюбленный вольный
Fet,Zeta,45,NOUN,нога даль знакомый половина день ночь рука слеза сила долина
Fet,Zeta,45,VERB,выходить мчаться качаться наставать посмотреть стремиться ждать хотеть пойти приходить
Fet,Zeta,46,ADJ,вешний душистый прозрачный блестящий цветущий больной былой горный желтый живой
Fet,Zeta,46,NOUN,стадо лист голос заря царство цветок вечер дым печаль луч
Fet,Zeta,46,VERB,искать угасать следить умолкать занимать мерцать потухать ронять суметь смотреть
Fet,Zeta,47,ADJ,готовый душистый прозрачный стройный любовный послушный утренний молодой юный ночной
Fet,Zeta,47,NOUN,звезда ночь час луч наташа брат гром няня страдание глаз
Fet,Zeta,47,VERB,расти заслышать плакать спрашивать бледнеть заныть поглядеть чуять сказать сидеть
Fet,Zeta,48,ADJ,длинный родной хороший лавровый красивый ласковый серебристый скромный душистый злой
Fet,Zeta,48,NOUN,нега счастие глаз нога дорога жена мать стекло влага зов
Fet,Zeta,48,VERB,улыбаться смотреть дрогнуть верить обращать исполнять погасить подумать проситься склоняться
Fet,Zeta,49,ADJ,вешний душистый рад серебристый скромный благовонный весенний колючий любезный маленький
Fet,Zeta,49,NOUN,заря миг огонь сила лист луч тень ветвь глаз веселие
Fet,Zeta,49,VERB,кричать вставать взглядывать зеленеть приводить спать смотреть трепетать расти бить
Fet,Zeta,50,ADJ,прозрачный чудный бедный должный долгий заветный зимний большой мелкий душистый
Fet,Zeta,50,NOUN,дыхание капля царица дух кольцо нога окно улыбка цветок блеск
Fet,Zeta,50,VERB,посылать помогать овевать отдыхать прощать следить унимать ходить идти сказать
Fet,Zeta,51,ADJ,бледный благовонный вешний горячий воздушный кудрявый поздний преданный странный тающий
Fet,Zeta,51,NOUN,муза голова глаз лик раз тайна пыль блеск игра пустыня
Fet,Zeta,51,VERB,дрожать алкать носить поверять посещать улечься говорить становиться смотреть гореть
Fet,Zeta,52,ADJ,готовый вешний должный младенческий нетленный злой душистый влюбленный прозрачный тревожный
Fet,Zeta,52,NOUN,огонь луна песня окно круг греза конь лист усилие взор
Fet,Zeta,52,VERB,смотреть становиться плакать верить раскидывать спрашивать уснуть входить говорить понимать
Fet,Zeta,53,ADJ,прозрачный влюбленный небесный бледный вешний легкий серебряный отрадный бархатный довольный
Fet,Zeta,53,NOUN,фея борьба место стекло слово земля слеза желание страсть лицо
Fet,Zeta,53,VERB,понимать ходить принимать следить смолкать смущать отдаваться подумать сметь говорить
Fet,Zeta,54,ADJ,страстный блестящий незримый безмолвный воздушный колючий крылатый лавровый тоскливый белый
Fet,Zeta,54,NOUN,окно месяц народ ангел дом ковер лик слово волна цветок
Fet,Zeta,54,VERB,носиться звать просить владеть входить спешить дрожать взглядывать находить сиять
Fet,Zeta,55,ADJ,вешний благовонный целый прозрачный тяжкий яркий алый видный глупый прибрежный
Fet,Zeta,55,NOUN,слеза весна богиня поэт весло звук роза дыхание птица берег
Fet,Zeta,55,VERB,находить пойти понести расти выносить дерзать зажигать заливаться наставать повеять
Fet,Zeta,56,ADJ,рад благовонный старый влюбленный должный прозрачный хороший чужой большой скромный
Fet,Zeta,56,NOUN,цветок весна окно песня месяц сомнение рука глаз луна миг
Fet,Zeta,56,VERB,говорить спать плакать подходить дрожать бить писать расти скользить уснуть
Fet,Zeta,57,ADJ,вешний прозрачный золотой бедный тесный влюбленный невольный рад последний горячий
Fet,Zeta,57,NOUN,бог наташа влага круг царица заря крест улыбка чудо ночь
Fet,Zeta,57,VERB,понимать дрожать проходить расцветать сулить целовать царить спать сказать жить
Fet,Zeta,58,ADJ,чистый стройный заветный старый рад благородный жгучий мгновенный родной золотой
Fet,Zeta,58,NOUN,глаз поэт мать сад змея камень птица грудь цветок слеза
Fet,Zeta,58,VERB,вздыхать поверять пойти слать возмущать обращать просить уносить смотреть забывать
Fet,Zeta,59,ADJ,старый ненужный странный вешний белый волшебный воздушный жаркий рад заветный
Fet,Zeta,59,NOUN,цветок лист туча поле стих греза недуг рука глаз луч
Fet,Zeta,59,VERB,следить мочь потухать узнавать дохнуть признаваться приказывать пронестись царить ждать
Fet,Zeta,60,ADJ,вешний старый утренний благородный румяный страстный должный шаткий готовый невольный
Fet,Zeta,60,NOUN,блеск кудри лик снег цвет балкон дорога ухо бог весна
Fet,Zeta,60,VERB,ждать уносить пугать всплывать раскидывать светиться становиться хотеть слезать плакать
Fet,Zeta,61,ADJ,прозрачный проворный серебряный безумный блаженный злой грустный розовый старый благовонный
Fet,Zeta,61,NOUN,толпа голос дева собака зной крыло лето мать пар тень
Fet,Zeta,61,VERB,ждать отвечать дышать вставать трепетать дрожать замечать нестись садиться закрывать
Fet,Zeta,62,ADJ,райский великий серый двойной девственный томительный шаткий нежный вечный отрадный
Fet,Zeta,62,NOUN,раз птичка муза отец поэт кровля раздумье ночь весна лист
Fet,Zeta,62,VERB,уснуть лелеять пойти рассказывать встречаться кричать мешать шепнуть знать становиться
Fet,Zeta,63,ADJ,вешний злой кроткий былой колючий легкий влюбленный благовонный готовый больной
Fet,Zeta,63,NOUN,окно заря песня лицо трава царица черта грудь рука глаз
Fet,Zeta,63,VERB,смотреть уметь вставать рассказывать чуять понимать владеть ложиться страшиться хотеть
Fet,Zeta,64,ADJ,пышный дорогой красивый рад горький гордый должный любимый прозрачный кудрявый
Fet,Zeta,64,NOUN,роза цветок лето нимфа весна туча заря тень глаз окно
Fet,Zeta,64,VERB,плакать уснуть владеть вставать подъять смотреть понимать дышать звать искать
Fet,Zeta,65,ADJ,должный кроткий нетленный блестящий жаркий больной весенний старый безмолвный готовый
Fet,Zeta,65,NOUN,сила слово месяц венок вечность голова пора ручка старик церковь
Fet,Zeta,65,VERB,дрожать привыкать слезать бить мчаться уходить взять даровать занимать заставлять
Fet,Zeta,66,ADJ,безумный пышный незримый рад глупый прозрачный усталый детский умный больной
Fet,Zeta,66,NOUN,роза красота окно больной сила грудь нога слеза цветок заря
Fet,Zeta,66,VERB,дохнуть дрожать смотреть взглядывать нести обращать понимать постоять услыхать звенеть
Fet,Zeta,67,ADJ,тонкий колючий нежный заветный прозрачный алмазный былой золотистый теплый целебный
Fet,Zeta,67,NOUN,глаз цветок сила огонь ребенок кровь лист к ночь звук
Fet,Zeta,67,VERB,дышать снимать уходить казаться плакать посмотреть расти мочь прийти бояться
Fet,Zeta,68,ADJ,чуждый старый белый тайный злой вешний видный кудрявый лунный серебристый
Fet,Zeta,68,NOUN,лист тень долина дым окно утрата ветер трепет око мир
Fet,Zeta,68,VERB,желать улыбаться уметь забываться погасить статься проходить дрожать плакать уснуть
Fet,Zeta,69,ADJ,вешний былой бледный дальний долгий пестрый полночный старый любезный жгучий
Fet,Zeta,69,NOUN,ночь память сын огонь сила счастие глаз толпа дыхание край
Fet,Zeta,69,VERB,благоухать спать биться бросать казаться окрылять потопать пронестись смотреть сказать
Fet,Zeta,70,ADJ,сонный готовый душистый вешний девичий мудрый ревнивый скромный нежный счастливый
Fet,Zeta,70,NOUN,голова солнце птица власть лампада ланита сосна урок луна свет
Fet,Zeta,70,VERB,казаться уносить светить плакать вставать расти узнавать гименеть дерзать дождаться
Fet,Zeta,71,ADJ,старый вешний сонный легкий готовый солнечный бессильный большой злой роскошный
Fet,Zeta,71,NOUN,царица цветок лист речь окно песня вечность мир мысль блеск
Fet,Zeta,71,VERB,наставать дождаться прильнуть доходить писать уезжать хотеться становиться дрожать мочь
Fet,Zeta,72,ADJ,душистый вольный красивый яркий дальний волшебный старый влюбленный пышный блаженный
Fet,Zeta,72,NOUN,лист роза лик голова нога ребенок тепло лицо рыдание черта
Fet,Zeta,72,VERB,трепетать мерцать биться вспоминать делать раскрывать кидать знать гореть давать
Fet,Zeta,73,ADJ,злой яркий райский мгновенный больной рад женский золоченый колючий шаткий
Fet,Zeta,73,NOUN,раз роза брат царица женщина конь липа лист народ нега
Fet,Zeta,73,VERB,уснуть слышать любоваться встречать здравствовать раскидывать знать говорить стоять сказать
Fet,Zeta,74,ADJ,влюбленный горячий должный прозрачный ревнивый душистый старый готовый целый зеленый
Fet,Zeta,74,NOUN,глаз заря наслаждение блаженство вера земля тень солнце цветок гроб
Fet,Zeta,74,VERB,взглядывать просить шептать плакать признаваться просыпаться касаться краснеть отдаваться поверять
Fet,Zeta,75,ADJ,легкий теплый влюбленный тяжелый прозрачный рад старый весенний злой широкий
Fet,Zeta,75,NOUN,заря томление мольба расцвет стекло ночь вода горе весна дым
Fet,Zeta,75,VERB,вставать страдать млеть помчаться ходить встречаться смолкать становиться дрожать понимать
Fet,Zeta,76,ADJ,кроткий заветный влюбленный прозрачный серый целый глупый детский большой ночной
Fet,Zeta,76,NOUN,песня ветка греза порыв роза старик стих фея ночь звук
Fet,Zeta,76,VERB,успевать уснуть озарять улыбаться посмотреть бояться обращать прятаться дышать мочь
Fet,Zeta,77,ADJ,прозрачный белый вешний горячий нежный живительный теплый видный дружный лукавый
Fet,Zeta,77,NOUN,слово звезда лик жена птица утро влага образ сияние грудь
Fet,Zeta,77,VERB,проходить вздыхать звенеть осыпать прильнуть украшать дышать понимать спать смотреть
Fet,Zeta,78,ADJ,душистый яркий благовонный готовый влюбленный одинокий холодный вешний проклятый утренний
Fet,Zeta,78,NOUN,сила мука ангел ветвь красавец пар царица ветер рука огонь
Fet,Zeta,78,VERB,верить садиться приникать расти смущать проситься следить смеяться спрашивать смотреть
Fet,Zeta,79,ADJ,вешний злой покорный душистый блестящий видный вольный розовый бессонный лунный
Fet,Zeta,79,NOUN,нога конь лес круг птица вершина соловей глаз рука огонь
Fet,Zeta,79,VERB,постоять сказать бояться жить трепетать смотреть убивать умирать уносить верить
Fet,Zeta,80,ADJ,душистый чудный большой чуткий хороший вешний злой видный детский душный
Fet,Zeta,80,NOUN,глаз мать образ толпа черт взор ночь радость солнце песнь
Fet,Zeta,80,VERB,спать уметь делать наставать посмотреть дышать стоять цвести звать находить
Fet,Zeta,81,ADJ,прозрачный душистый вечный покорный грустный рад крылатый ревнивый бессильный одинокий
Fet,Zeta,81,NOUN,глаз раз роза заря ветер венок кровь вечер влага дым
Fet,Zeta,81,VERB,сиять взглядывать нести приходить спрашивать обращать подходить сказать спать мочь
Fet,Zeta,82,ADJ,детский заветный рад горячий тонкий благовонный большой понятный томительный усталый
Fet,Zeta,82,NOUN,сумрак туча день звук рука огонь сияние блаженство окно вода
Fet,Zeta,82,VERB,обнимать уносить узнавать следить снимать желать задрожать кончаться сводить скакать
Fet,Zeta,83,ADJ,влюбленный готовый лукавый вешний благовонный должный колючий осенний подобный проворный
Fet,Zeta,83,NOUN,улыбка роза ночь речь слеза лист стекло царица вечер глаз
Fet,Zeta,83,VERB,наставать дрожать светить прийти влетать восклицать становиться ждать верить забывать
Fet,Zeta,84,ADJ,пышный чудный старый блаженный крылатый чуткий подобный темный яркий новый
Fet,Zeta,84,NOUN,крыло цветок роза ответ воздух залив нос отец грудь улыбка
Fet,Zeta,84,VERB,сказать расти плакать слушать повторять пойти уходить пускать склонять уносить
Fet,Zeta,85,ADJ,весенний вешний шаткий былой жгучий райский свежий дикий целый дальний
Fet,Zeta,85,NOUN,слово заря восторг мука окно улыбка ум вежды влага зверь
Fet,Zeta,85,VERB,взять плакать вставать верить высказывать загораться окрылять спать стучаться слышать
Fet,Zeta,86,ADJ,вешний прозрачный блаженный прелестный серый былой видный душистый тонкий благовонный
Fet,Zeta,86,NOUN,сосна огонь лицо кровь одежда вежды ночь звезда раз цветок
Fet,Zeta,86,VERB,просыпаться стоять плакать спать посмотреть увидать становиться понимать ждать цвести
Fet,Zeta,87,ADJ,душистый влюбленный серый злой большой рад безумный поздний благовонный желтый
Fet,Zeta,87,NOUN,воздух окно краса дом роза муза нога стекло ночь слеза
Fet,Zeta,87,VERB,стоять уносить прощать расставаться скользить казаться поверять подумать биться нестись
Fet,Zeta,88,ADJ,злой тяжелый душистый старый ранний благовонный вешний большой влюбленный довольный
Fet,Zeta,88,NOUN,звезда скала тень лицо дым хор царица рука слеза заря
Fet,Zeta,88,VERB,смотреть расти вставать таить стоять дрожать мочь понимать проходить пойти
Fet,Zeta,89,ADJ,вечерний крылатый радостный старый злой блаженный горный усталый богатый пестрый
Fet,Zeta,89,NOUN,глаз заря путь степь цветок речь круг лесна мука право
Fet,Zeta,89,VERB,уснуть проходить расти взглядывать входить представать болтать мелькать приходиться ждать
Fet,Zeta,90,ADJ,старый розовый готовый безумный пышный злой золотой благовонный вешний влюбленный
Fet,Zeta,90,NOUN,дом зима степь взгляд зов право русы хор звук песнь
Fet,Zeta,90,VERB,наставать дрожать бывать позвать покидать полюбить сниться прощать ждать понимать
Fet,Zeta,91,ADJ,больной старый лунный вешний проворный прозрачный бессонный ласковый недвижный неизменный
Fet,Zeta,91,NOUN,окно венок храм грех конь счастие крыло нега покой смерть
Fet,Zeta,91,VERB,сиять звенеть плакать уметь уносить пропадать прошептать развиваться различать увидеть
Fet,Zeta,92,ADJ,вешний кудрявый полночный безмолвный колючий роскошный влюбленный лукавый сухой белый
Fet,Zeta,92,NOUN,муза лист дыхание птичка крыло слово глаз красота луч слеза
Fet,Zeta,92,VERB,бояться мелькнуть просыпаться скрывать дрожать узнавать писать томиться уносить встречать
Fet,Zeta,93,ADJ,рад вешний душистый жаркий готовый должный ревнивый больной коварный лазурный
Fet,Zeta,93,NOUN,луна час наташа высь мать разлука соловей око пора глаз
Fet,Zeta,93,VERB,уходить трепетать плакать мелькать отвечать подходить томиться сознавать забывать знать
Fet,Zeta,94,ADJ,воздушный отрадный благовонный видный грустный горячий правый радостный смущенный колючий
Fet,Zeta,94,NOUN,огонь дева власть могила мука красота ветер венок роза туча
Fet,Zeta,94,VERB,баять становиться смотреть светить прочитывать видеть ждать вставать дремать просить
Fet,Zeta,95,ADJ,радостный яркий душистый прозрачный пышный былой кудрявый полночный добрый лунный
Fet,Zeta,95,NOUN,лицо ночь раз богиня зов сияние скала храм глаз взор
Fet,Zeta,95,VERB,слезать сводить дышать посмотреть прийти проходить пробуждать забывать идти хотеть
Fet,Zeta,96,ADJ,влюбленный больной чудный дорогой вешний благовонный несносный цветной кудрявый напрасный
Fet,Zeta,96,NOUN,блеск ветвь жена око окно заря глаз лик уста мать
Fet,Zeta,96,VERB,знать сиять скрывать уметь спать узнавать уносить приходить плакать слезать
Fet,Zeta,97,ADJ,отрадный счастливый дорогой весенний вешний несносный старый вечерний готовый зимний
Fet,Zeta,97,NOUN,звезда цветок блеск лик стремление бездна жертва лицо птица ночь
Fet,Zeta,97,VERB,плакать вставать светить осыпаться знать становиться петь хотеть мочь играть
Fet,Zeta,98,ADJ,старый весенний золотой одинокий благовонный суровый былой вешний зимний тонкий
Fet,Zeta,98,NOUN,голова цветок больной гора камень конь петух улыбка слово краса
Fet,Zeta,98,VERB,подходить верить звать понимать уснуть закрывать повторять раскрывать лезть поверять
Fet,Zeta,99,ADJ,серый безумный напрасный готовый злой грустный кроткий жестокий невидимый тонкий
Fet,Zeta,99,NOUN,ветвь стена пора окно трепет грудь голова заря река блеск
Fet,Zeta,99,VERB,мочь верить приходить выходить расти твердить улыбаться отвечать представать увянуть
Fet,Zeta,100,ADJ,бледный старческий умный старый вешний злой большой кроткий народный алмазный
Fet,Zeta,100,NOUN,заря кудри свет год дым раз тень цвет путь чело
Fet,Zeta,100,VERB,бояться ложиться смеяться уметь входить качать приходить приходиться простереть смотреть
