author,measure,run,pos,word_list
Lermontov,Guiraud,1,ADJ,женатый меньшой ядовитый сырой женский недовольный пасмурный бойкий болезненный кровожадный
Lermontov,Guiraud,1,NOUN,раскаяние браслет тамара сожаление терек черкес табун название маска караван
Lermontov,Guiraud,1,VERB,обижать селить послушать кидать вернуться белеть проклинать воображать охлаждать поверить
Lermontov,Guiraud,2,ADJ,сырой женатый смуглый виновный шелковый похожий розовый дубовый несчастливый брачный
Lermontov,Guiraud,2,NOUN,измаил черкес браслет опричник терек бурка улан рая степан трус
Lermontov,Guiraud,2,VERB,махнуть вскакивать гнуться разбирать увидать селить драться отворять услыхать достигать
Lermontov,Guiraud,3,ADJ,уверенный ледяной косматый маленький ребяческий дурной мелочный мостовой непреклонный справедливый
Lermontov,Guiraud,3,NOUN,название кирибеевич орша вспоминание зораим тучка парамонович черкес билось купец
Lermontov,Guiraud,3,VERB,проигрывать пощадить сжалиться услыхать обманывать обещать селить шутить дождаться махать
Lermontov,Guiraud,4,ADJ,ребяческий виновный недовольный боярский истинный недобрый похожий насмешливый смертельный мучительный
Lermontov,Guiraud,4,NOUN,саша кирибеевич глупец название морщина скелет кинжал корень сашка черкес
Lermontov,Guiraud,4,VERB,обвинять гнуться объяснять сделать проигрывать кинуть трещать ценить выигрывать лгать
Lermontov,Guiraud,5,ADJ,занятый бесчувственный пасмурный косматый недовольный сырой боярский крайний худой умный
Lermontov,Guiraud,5,NOUN,черкес сакля зара измаил седло караван название росламбек тамара женщина
Lermontov,Guiraud,5,VERB,увидать стараться взмахивать грызть возненавидеть надеяться отвыкать превозмогать шептаться чернеть
Lermontov,Guiraud,6,ADJ,виноватый бешеный женатый занятый окровавленный странный серебряный желтый мягкий случайный
Lermontov,Guiraud,6,NOUN,измаил сакля черкес аул зара кирибеевич женщина ребята сашка корень
Lermontov,Guiraud,6,VERB,увидать различать вынимать селить знавать крутиться оборвать отвыкать объяснять жалеть
Lermontov,Guiraud,7,ADJ,занятый брачный ледяной однообразный студеный непонятный грязный модный осторожный женский
Lermontov,Guiraud,7,NOUN,измаил зара сакля черкес письмо речка пленник женщина казбек пень
Lermontov,Guiraud,7,VERB,селить дорожить вздрагивать баять пожалеть следовать стыдиться качать получать вскакивать
Lermontov,Guiraud,8,ADJ,виноватый сырой незнакомый одаренный походный цветной умный плохой каменный южный
Lermontov,Guiraud,8,NOUN,женщина браслет кавказ маскерад гарун тамара бал дурак название приличие
Lermontov,Guiraud,8,VERB,увидать проигрывать поговорить трещать поступать пожалеть жалеть открываться ошибаться звенеть
Lermontov,Guiraud,9,ADJ,странный краткий пугливый случайный давнишний измятый пасмурный виноватый детский небрежный
Lermontov,Guiraud,9,NOUN,измаил черкес аул саша браслет выстрел арсений казак маскерад морщина
Lermontov,Guiraud,9,VERB,увидать ошибаться осмеивать пощадить висеть решаться изменяться различать обманывать взмахивать
Lermontov,Guiraud,10,ADJ,серый смуглый зубчатый серебряный дряхлый согбенный ребяческий южный шелковый косматый
Lermontov,Guiraud,10,NOUN,измаил черкес зара табун казбек леда название аул казначей пистолет
Lermontov,Guiraud,10,VERB,умчаться обвинять сглаживать ценить отвыкать пожалеть приучать блуждать селить осмеивать
Lermontov,Guiraud,11,ADJ,женский странный южный измятый мучительный одаренный гладкий светский худой безобразный
Lermontov,Guiraud,11,NOUN,сакля черкес улан саша измаил арсений браслет выстрел табун женщина
Lermontov,Guiraud,11,VERB,вскакивать селить очнуться кидать махнуть сглаживать следовать завидовать ведать вернуться
Lermontov,Guiraud,12,ADJ,ледяной занятый походный скорый модный южный бесчувственный взаимный презрительный уверенный
Lermontov,Guiraud,12,NOUN,женщина браслет маскерад название орша черкес леда сакля тягость акбулат
Lermontov,Guiraud,12,VERB,увидать вырываться унижать рисоваться стараться услыхать висеть ошибаться жениться изнемогать
Lermontov,Guiraud,13,ADJ,сырой шелковый недовольный снеговой странный жесткий занятый виноватый степной небрежный
Lermontov,Guiraud,13,NOUN,черкес измаил саша арбенин маскерад зара леда улан чорт боец
Lermontov,Guiraud,13,VERB,кинуть следовать услыхать ошибаться послушать гудать опускаться разбирать утаивать висеть
Lermontov,Guiraud,14,ADJ,краткий гладкий модный мутный восточный дымный крайний погибший снеговой скучный
Lermontov,Guiraud,14,NOUN,маскерад бал браслет наказание арсений мнение сакля тамара сожаление женщина
Lermontov,Guiraud,14,VERB,жалеть чернеть послушать закрываться приучать потерять въезжать стоить толкнуть держаться
Lermontov,Guiraud,15,ADJ,сырой небрежный протяжный пугливый снеговой бесплодный взаимный булатный похожий восточный
Lermontov,Guiraud,15,NOUN,черкес улан арсений парамонович казбек седок степан ущелие аул старик
Lermontov,Guiraud,15,VERB,трещать увидать послушать приучать вздрагивать оборвать поведывать поговорить ошибаться осмеивать
Lermontov,Guiraud,16,ADJ,худой боярский цветной гладкий единственный маленький отцовский парчевой узорный сырой
Lermontov,Guiraud,16,NOUN,саша название степан ущелие опричник казбек мавруша плита братец сашка
Lermontov,Guiraud,16,VERB,послушать отворачивать отгадывать приучать жалеть гнуться унижать ошибаться ненавидеть увидать
Lermontov,Guiraud,17,ADJ,мучительный круглый похожий занятый косматый прибрежный русый синеватый упругий урочный
Lermontov,Guiraud,17,NOUN,саша измаил черкес сакля степан леда тучка боярин шашка пистолет
Lermontov,Guiraud,17,VERB,зарывать кидать забросить селить пожалеть промолвить увидать услыхать висеть засыхать
Lermontov,Guiraud,18,ADJ,женский беззаботный сырой южный безотчетный виноватый недовольный парчевой бесплодный однообразный
Lermontov,Guiraud,18,NOUN,название черкес старуха зара саша сакля сашка аул перчатка скелет
Lermontov,Guiraud,18,VERB,селить кидать почитать пощадить вскакивать грызть тесниться браниться впиваться измерять
Lermontov,Guiraud,19,ADJ,ледяной прибрежный модный внимательный худой косматый недовольный прошлый восточный хитрый
Lermontov,Guiraud,19,NOUN,измаил шашка зара сакля черкес маскерад раскаяние аул росламбек тирза
Lermontov,Guiraud,19,VERB,селить вскакивать почитать отгадывать стараться разбирать скрыпивать вернуться следовать отвыкать
Lermontov,Guiraud,20,ADJ,сырой кудрявый русый московский походный насмешливый единственный занятый меньшой недобрый
Lermontov,Guiraud,20,NOUN,сожаление арсений маскерад письмо тучка арбенин калитка кирибеевич чорт окно
Lermontov,Guiraud,20,VERB,увидать ошибаться умчаться послушать держаться пощадить сердиться шутить браниться закрываться
Lermontov,Guiraud,21,ADJ,женский гладкий прощальный взаимный пасмурный сырой косматый кудрявый одаренный упругий
Lermontov,Guiraud,21,NOUN,измаил черкес саша арсений зара кавказ сашка название безумец вспоминание
Lermontov,Guiraud,21,VERB,вернуться вырываться зарывать подождать иметь открываться ошибаться закрываться зеленеть приучать
Lermontov,Guiraud,22,ADJ,занятый окровавленный глупый безотчетный обидный премудрый случайный смуглый язвительный женский
Lermontov,Guiraud,22,NOUN,черкес саша казак сакля выстрел головка мужчина женщина клара шашка
Lermontov,Guiraud,22,VERB,услыхать знавать пощадить ценить взмахивать сглаживать кидать синеть воротиться дорожить
Lermontov,Guiraud,23,ADJ,бесполезный занятый ребяческий черкесский чугунный варяжский студеный смуглый русый скорый
Lermontov,Guiraud,23,NOUN,аул арсений крыльцо саша рурик шопот кавказ маскерад сакля название
Lermontov,Guiraud,23,VERB,селить удерживать баять обманывать ошибаться завидовать лгать отыскивать послушать увидать
Lermontov,Guiraud,24,ADJ,модный уверенный губернский завистливый степной шелковый слышный бесполезный медный недовольный
Lermontov,Guiraud,24,NOUN,черкес измаил сакля браслет аул терек тучка зара женщина кирибеевич
Lermontov,Guiraud,24,VERB,селить кружиться зарывать вернуться исторгать столпиться обманывать приучать кидать ошибаться
Lermontov,Guiraud,25,ADJ,сырой взаимный серебристый бесполезный боярский погибший польский синеватый недвижный женский
Lermontov,Guiraud,25,NOUN,черкес зара измаил аул морщина сакля выстрел кавказ грива ада
Lermontov,Guiraud,25,VERB,послушать теряться селить отгадывать отыскивать услыхать вскакивать ценить обвивать подумать
Lermontov,Guiraud,26,ADJ,ангельский дубовый мелочный недовольный походный ребяческий окровавленный снеговой сырой беззаботный
Lermontov,Guiraud,26,NOUN,браслет маскерад женщина степан название скелет купец калашников кирибеевич письмо
Lermontov,Guiraud,26,VERB,сглаживать обвинять чернеть баять браться отворять подъезжать потрясать прогнать увидать
Lermontov,Guiraud,27,ADJ,снеговой южный восточный обычный дымный смуглый мутный мучительный серый медный
Lermontov,Guiraud,27,NOUN,черкес маскерад браслет казбек арсений название акбулат арбенин терек караван
Lermontov,Guiraud,27,VERB,кидать селить гудать гнуться оборвать увидать храниться синеть пронзать держаться
Lermontov,Guiraud,28,ADJ,бесполезный женский гладкий семейный южный одаренный синеватый окровавленный прибрежный серый
Lermontov,Guiraud,28,NOUN,черкес арсений зара маскерад браслет казак женщина арбенин лора серна
Lermontov,Guiraud,28,VERB,селить ошибаться пощадить кидать послушать слыхать кинуть закрываться обращаться оправдывать
Lermontov,Guiraud,29,ADJ,бездушный сырой занятый терновый женский безбожный зубчатый обиженный модный беспокойный
Lermontov,Guiraud,29,NOUN,измаил черкес выстрел зара казак пистолет маскерад росламбек браслет шашка
Lermontov,Guiraud,29,VERB,увидать послушать ошибаться сделать объяснять сжалиться подождать разбирать разнести обманывать
Lermontov,Guiraud,30,ADJ,пасмурный губернский обычный скорый занятый косматый ледяной модный розовый морозный
Lermontov,Guiraud,30,NOUN,саша черкес измаил зара арсений улан литва морщина табун женщина
Lermontov,Guiraud,30,VERB,селить нравиться браниться дорожить замолкать показываться привыкать зарывать увидать отворачивать
Lermontov,Guiraud,31,ADJ,женатый ребяческий нынешний сырой дневной недобрый белолицый грязный губернский молодецкий
Lermontov,Guiraud,31,NOUN,черкес сакля саша арсений сашка выстрел яд орша росламбек женщина
Lermontov,Guiraud,31,VERB,ошибаться махнуть обвинять посмотреть обманывать объяснять отрекаться послушать сделать вернуться
Lermontov,Guiraud,32,ADJ,измятый кавказский осторожный язвительный виноватый малый похожий недовольный случайный подобный
Lermontov,Guiraud,32,NOUN,измаил черкес казак арсений быстрота досада аул выстрел морщина ненависть
Lermontov,Guiraud,32,VERB,послушать объяснять примечать обвинять странствовать посмотреть гнуться жалеть сделать казнить
Lermontov,Guiraud,33,ADJ,похожий мучительный дневной женатый походный недовольный сырой серый виноватый гладкий
Lermontov,Guiraud,33,NOUN,арбенин казак раскаяние женщина маска трус название приличие терек тростник
Lermontov,Guiraud,33,VERB,рисоваться увидать осмеивать поговорить проигрывать обманывать вернуться селить вздрагивать беречься
Lermontov,Guiraud,34,ADJ,московский прилежный мутный сырой женатый скрытый снеговой сторожевой виноватый должный
Lermontov,Guiraud,34,NOUN,черкес измаил аул сакля табун казак терек женщина сожаление браслет
Lermontov,Guiraud,34,VERB,открываться ошибаться махнуть гнуться жениться испугаться построить удерживать услыхать селить
Lermontov,Guiraud,35,ADJ,небрежный южный безгласный однообразный погибший прилежный душевный чугунный взаимный модный
Lermontov,Guiraud,35,NOUN,измаил сакля черкес саша табун пленник братец досада лакей леда
Lermontov,Guiraud,35,VERB,следовать синеть сделать увидать послушать ценить потерять очнуться обвинять пожалеть
Lermontov,Guiraud,36,ADJ,ребяческий мелкий гладкий незнакомый парчевой случайный урочный опасный серый упрямый
Lermontov,Guiraud,36,NOUN,арсений морщина акбулат зара аул зарево улан ада вспоминание сожаление
Lermontov,Guiraud,36,VERB,послушать чернеть грызть махать отыскивать проигрывать отуманивать почитать привязывать обманывать
Lermontov,Guiraud,37,ADJ,сырой ребяческий будущий окровавленный краткий пестрый безобразный беспрестанный варяжский жалобный
Lermontov,Guiraud,37,NOUN,женщина маскерад степан название тучка братец арсений казбек улан клара
Lermontov,Guiraud,37,VERB,закрываться умчаться махать теряться услыхать селить трещать вверяться обвинять отворачивать
Lermontov,Guiraud,38,ADJ,серый ледяной южный заботливый походный проворный снеговой зубчатый ничтожный сырой
Lermontov,Guiraud,38,NOUN,черкес акбулат опричник табун название аул подарок саша арсений караван
Lermontov,Guiraud,38,VERB,кидать разбирать тащить вернуться послушать отворять приказывать приучать храниться осмеивать
Lermontov,Guiraud,39,ADJ,косматый бесчувственный странный занятый виноватый смуглый окрестный смрадный виновный похожий
Lermontov,Guiraud,39,NOUN,измаил саша черкес браслет бал маскерад название сакля раскаяние женщина
Lermontov,Guiraud,39,VERB,послушать снести знавать случаться возмущать показываться удаляться вздумать добираться забросить
Lermontov,Guiraud,40,ADJ,ребяческий краткий снеговой серый женский похожий прощальный каменный безгласный зрелый
Lermontov,Guiraud,40,NOUN,черкес табун улан сакля арсений казак зораим бурка аул выстрел
Lermontov,Guiraud,40,VERB,обвинять селить увидать подарить почитать послушать обладать потерять висеть клясться
Lermontov,Guiraud,41,ADJ,сырой женский косматый глупый неизвестный жесткий прилежный завистливый одаренный недвижимый
Lermontov,Guiraud,41,NOUN,старуха сакля название аул гарун казбек тирза колено бес беседка
Lermontov,Guiraud,41,VERB,различать трещать послушать вернуться вырываться ошибаться грызть подождать унижать поговорить
Lermontov,Guiraud,42,ADJ,хитрый зубчатый похожий узорный серый южный худой шаткий белолицый княжеский
Lermontov,Guiraud,42,NOUN,измаил саша черкес сакля ворота арсений табун казак аул леда
Lermontov,Guiraud,42,VERB,услыхать ошибаться увидать обращаться отворачивать отыскивать гнуться следовать приезжать приковывать
Lermontov,Guiraud,43,ADJ,женатый русый виновный занятый похожий бойкий губернский ребяческий благодарный странный
Lermontov,Guiraud,43,NOUN,бал браслет черкес тучка акбулат зара раскаяние бок грива ребята
Lermontov,Guiraud,43,VERB,селить жалеть ненавидеть обращать храпеть зарывать тянуться клясться взмахивать дразнить
Lermontov,Guiraud,44,ADJ,внимательный женатый зубчатый модный застывший смуглый занятый опасный случайный скорый
Lermontov,Guiraud,44,NOUN,измаил черкес шашка сакля аул пленник казначей тростник горец пистолет
Lermontov,Guiraud,44,VERB,ошибаться послушать стоить унижать закрываться изменяться привязывать шутить клясться увидать
Lermontov,Guiraud,45,ADJ,худой военный косматый насмешливый смущенный открытый странный гладкий незлобный парчевой
Lermontov,Guiraud,45,NOUN,измаил черкес саша маскерад терек ада правило арбенин ущелие женщина
Lermontov,Guiraud,45,VERB,построить вскакивать гнуться послушать зарывать стоить отворачивать пощадить провожать проигрывать
Lermontov,Guiraud,46,ADJ,сырой ядовитый бесплотный взаимный терновый розовый круглый береговой бесконечный бойкий
Lermontov,Guiraud,46,NOUN,измаил саша черкес бал правило шашка браслет женщина аул сакля
Lermontov,Guiraud,46,VERB,различать объяснять одевать взмахивать привозить приезжать приседать пробегать пробудиться расходиться
Lermontov,Guiraud,47,ADJ,пасмурный светский взаимный занятый гладкий студеный серый недвижимый виновный мутный
Lermontov,Guiraud,47,NOUN,саша браслет арбенин бал кирибеевич маска кинжал зара черкешенка черкес
Lermontov,Guiraud,47,VERB,ошибаться изображать различать захотеть ценить гнуться доказывать приближаться привставать сглаживать
Lermontov,Guiraud,48,ADJ,женатый женский взаимный дубовый разнообразный ребяческий южный бренный гладкий нынешний
Lermontov,Guiraud,48,NOUN,зораим арсений зара терек пленник акбулат бурка старуха название хребет
Lermontov,Guiraud,48,VERB,селить гнуться висеть послушать изображать наказывать отыскивать стоить унижать взмахивать
Lermontov,Guiraud,49,ADJ,розовый смертельный сырой терновый странный взаимный серебристый женский худой кудрявый
Lermontov,Guiraud,49,NOUN,браслет акбулат перчатка сакля вольность баронесса дурак зораим морщина табун
Lermontov,Guiraud,49,VERB,ошибаться селить гибнуть вскакивать казнить объяснять осмеивать примечать жалеть потерять
Lermontov,Guiraud,50,ADJ,парчевой ребяческий сырой виноватый отдаленный кровожадный медленный недобрый бесплодный гладкий
Lermontov,Guiraud,50,NOUN,браслет зораим приличие саша улан маска леда маскерад название услуга
Lermontov,Guiraud,50,VERB,следовать удерживать кидать ошибаться синеть наблюдать схоронить проигрывать мочь побеждать
Lermontov,Guiraud,51,ADJ,женский мучительный странный небрежный краткий золотистый порочный синеватый терновый серебряный
Lermontov,Guiraud,51,NOUN,саша женщина выстрел шашка ильич сашка браслет арбенин мучение ущелие
Lermontov,Guiraud,51,VERB,селить возненавидеть следовать трещать вскакивать увидать веселиться знавать вздрагивать пожимать
Lermontov,Guiraud,52,ADJ,сырой похожий ребяческий подобный занятый благодарный давнишний испуганный непреклонный отомщеный
Lermontov,Guiraud,52,NOUN,черкес сакля саша вспоминание казбек мертвый улан бурка название аул
Lermontov,Guiraud,52,VERB,ошибаться вскакивать гнуться платить прислушиваться приучать прыгать храниться кидать мочь
Lermontov,Guiraud,53,ADJ,взаимный ребяческий бесплодный сырой прощальный обидный виновный серый гремучий обычный
Lermontov,Guiraud,53,NOUN,зара саша измаил табун черкес бурка пистолет название кирибеевич опричник
Lermontov,Guiraud,53,VERB,привлекать селить отворачивать вскакивать стараться увидать кинуть баять странствовать крутиться
Lermontov,Guiraud,54,ADJ,смуглый незнакомый черноокий взаимный завистливый мучительный шелковый снеговой непонятный белолицый
Lermontov,Guiraud,54,NOUN,сакля аул браслет акбулат прошлое пленник название кирибеевич скелет раскаяние
Lermontov,Guiraud,54,VERB,взмахивать отворачивать стоить услыхать селить жалеть ненавидеть дробиться оканчивать отправляться
Lermontov,Guiraud,55,ADJ,крайний поверженный прилежный русый природный ничтожный серый южный малый бойкий
Lermontov,Guiraud,55,NOUN,измаил черкес улан зораим тамара зара росламбек сакля аул изгнанник
Lermontov,Guiraud,55,VERB,тесниться грызть кидать отворять подъезжать прятаться селить закрываться продавать воображать
Lermontov,Guiraud,56,ADJ,занятый бесплодный женатый синеватый виноватый модный ребяческий узкий мягкий взаимный
Lermontov,Guiraud,56,NOUN,измаил черкес браслет женщина аул светлица наказание пальма парамонович причина
Lermontov,Guiraud,56,VERB,объяснять возненавидеть дорожить завидовать отворять построить унижать замечать звенеть бросаться
Lermontov,Guiraud,57,ADJ,недовольный худой крайний варяжский неизбежимый ребяческий согбенный упругий серый виноватый
Lermontov,Guiraud,57,NOUN,измаил маскерад саша чорт арбенин купец опричник черкес вещь гусар
Lermontov,Guiraud,57,VERB,селить построить послушать храпеть стараться дорожить трещать различать зарывать взмахивать
Lermontov,Guiraud,58,ADJ,внимательный неподвижный студеный виновный серый женский искусный неизбежимый окрестный окровавленный
Lermontov,Guiraud,58,NOUN,черкес арсений аул сакля плита окно жалость шашка кавказ сожаление
Lermontov,Guiraud,58,VERB,наказывать приказывать баять браниться отворачивать почитать примечать разбирать утаивать унижать
Lermontov,Guiraud,59,ADJ,мутный круглый людской сырой похожий виновный косматый небрежный цветной ангельский
Lermontov,Guiraud,59,NOUN,название саша вспоминание маскерад браслет арсений важность казбек степан раскаяние
Lermontov,Guiraud,59,VERB,послушать переставать разбирать унижать завидовать нравиться удерживать проклинать винить въезжать
Lermontov,Guiraud,60,ADJ,бешеный польский одаренный трепещущий язвительный гладкий измятый лишний мягкий обычный
Lermontov,Guiraud,60,NOUN,сакля прошлое название саша черкес аул арсений ильич талисман старуха
Lermontov,Guiraud,60,VERB,обвинять увидать отнимать послушать завидовать сжалиться приучать потерять выигрывать заманивать
Lermontov,Guiraud,61,ADJ,ничтожный завистливый косматый московский безотчетный походный серебристый ребяческий случайный смешной
Lermontov,Guiraud,61,NOUN,измаил черкес казак арсений казбек табун вспоминание сакля аул бал
Lermontov,Guiraud,61,VERB,селить тесниться освещать привыкать вернуться льстить отворачивать послушать звенеть въезжать
Lermontov,Guiraud,62,ADJ,сырой ребяческий худой южный варяжский гремучий женский степной виновный косматый
Lermontov,Guiraud,62,NOUN,женщина причина черкес насмешка степан зара казбек рая пистолет росламбек
Lermontov,Guiraud,62,VERB,различать иметь обвивать сглаживать сжалиться селить кидать проклинать гудать отгонять
Lermontov,Guiraud,63,ADJ,смуглый терновый женский виноватый небрежный студеный серый занятый сырой подобный
Lermontov,Guiraud,63,NOUN,саша название арбенин маскерад степан опричник шопот барон тягость женщина
Lermontov,Guiraud,63,VERB,селить привлекать следовать объяснять отыскивать ошибаться отвыкать различать сделать баять
Lermontov,Guiraud,64,ADJ,южный сырой желтый ребяческий дружеский окрестный гладкий женский серый бездушный
Lermontov,Guiraud,64,NOUN,табун сакля название терек саша черкес пистолет плита прошлое улан
Lermontov,Guiraud,64,VERB,ценить отыскивать осмеивать дорожить услыхать стараться возбуждать махать осыпать слетаться
Lermontov,Guiraud,65,ADJ,бесчувственный медный шелковый узкий странный смущенный черкесский безобразный монастырский неизвестный
Lermontov,Guiraud,65,NOUN,саша грива акбулат браслет женщина название сакля старуха преступление леда
Lermontov,Guiraud,65,VERB,обманывать отвергать различать ошибаться объяснять отгадывать увидать гнуться отвыкать отступать
Lermontov,Guiraud,66,ADJ,боярский модный сырой гладкий насмешливый мягкий круглый серебристый беспокойный шелковый
Lermontov,Guiraud,66,NOUN,черкес саша браслет женщина шашка сожаление зара пистолет чорт лора
Lermontov,Guiraud,66,VERB,вскакивать увидать селить вернуться гнуться освещать пожалеть примечать унижать отправляться
Lermontov,Guiraud,67,ADJ,зубчатый сырой женский походный виноватый уверенный подобный косматый ребяческий серебристый
Lermontov,Guiraud,67,NOUN,браслет арсений монах саша кирибеевич пелена разврат мнение будущее гарун
Lermontov,Guiraud,67,VERB,гнуться отыскивать услыхать послушать гудать прятаться вынимать отворачивать вскакивать дорожить
Lermontov,Guiraud,68,ADJ,пасмурный небрежный ребяческий косматый шелковый безгласный гладкий восточный смуглый случайный
Lermontov,Guiraud,68,NOUN,измаил черкес название зара клара леда арсений боец ничья тростник
Lermontov,Guiraud,68,VERB,следовать тянуться обманывать качать омывать ценить послушать жалеть занимать кидать
Lermontov,Guiraud,69,ADJ,модный женский одаренный женатый мучительный должный сырой крайний ядовитый косматый
Lermontov,Guiraud,69,NOUN,измаил черкес браслет шашка саша аул раскаяние клад название маскерад
Lermontov,Guiraud,69,VERB,ошибаться селить зарывать послушать взмахивать удерживать вернуться умчаться обманывать брести
Lermontov,Guiraud,70,ADJ,виноватый женатый заботливый прошлый измятый обычный осторожный русый сырой виновный
Lermontov,Guiraud,70,NOUN,браслет вспоминание леда женщина название аул акбулат зораим игумен ильич
Lermontov,Guiraud,70,VERB,селить ослабевать кидать поцеловать увидать погубить прижиматься браниться заплатить застучать
Lermontov,Guiraud,71,ADJ,желтый странный уверенный цветной круглый недобрый женский ледяной серый краткий
Lermontov,Guiraud,71,NOUN,черкес зара саша сакля акбулат дурак измаил ребята росламбек седло
Lermontov,Guiraud,71,VERB,селить знавать колебать привлекать кинуть чернеть платить пронзать услыхать кидать
Lermontov,Guiraud,72,ADJ,женский терновый мягкий лишний нескромный согласный завистливый степной бесплотный деятельный
Lermontov,Guiraud,72,NOUN,саша морщина правило черкес женщина маскерад казбек зара речка чорт
Lermontov,Guiraud,72,VERB,стараться вернуться стоить увядать различать теряться вскакивать доказывать построить привязывать
Lermontov,Guiraud,73,ADJ,южный восточный недовольный ребяческий занятый нынешний смуглый краткий скрытый черкесский
Lermontov,Guiraud,73,NOUN,терек черкес пленник морщина плита монах раскаяние яд билось грузинка
Lermontov,Guiraud,73,VERB,селить послушать привыкать сделать веровать веселить держаться поступать спадать вверяться
Lermontov,Guiraud,74,ADJ,уверенный сырой безобразный неумолимый одаренный небрежный зубчатый ребяческий виноватый маленький
Lermontov,Guiraud,74,NOUN,измаил черкес саша название морщина казак акбулат улан рая сакля
Lermontov,Guiraud,74,VERB,кидать послушать объяснять увидать гнуться отыскивать построить поговорить поступать услыхать
Lermontov,Guiraud,75,ADJ,смертельный гладкий зубчатый ледяной сырой недовольный смешной модный насмешливый степной
Lermontov,Guiraud,75,NOUN,арсений черкес табун грива рая терек акбулат арбенин женщина досада
Lermontov,Guiraud,75,VERB,послушать вернуться ошибаться потерять оправдывать отворачивать примечать пробегать жалеть измучивать
Lermontov,Guiraud,76,ADJ,женатый недовольный занятый измятый мелочный походный ребяческий давнишний светский смешной
Lermontov,Guiraud,76,NOUN,измаил черкес саша выстрел зара боярин кавказ сакля старик название
Lermontov,Guiraud,76,VERB,жалеть послушать вскакивать гнуться закрываться измерять осквернять почитать прятаться теряться
Lermontov,Guiraud,77,ADJ,женский польский ребяческий случайный благодарный парчевой восточный неопытный пыльный уверенный
Lermontov,Guiraud,77,NOUN,черкес терек название выстрел казбек прошлое женщина табун комната сашка
Lermontov,Guiraud,77,VERB,ошибаться послушать увидать осмеивать проигрывать хотеться казнить стараться вернуться держаться
Lermontov,Guiraud,78,ADJ,ледяной бешеный окровавленный ребяческий сребристый окрестный пугливый снеговой сырой случайный
Lermontov,Guiraud,78,NOUN,черкес измаил казак саша зара седло пистолет сакля маска оружие
Lermontov,Guiraud,78,VERB,селить решаться поступать проигрывать послушать изменяться вернуться вскакивать объяснять кинуть
Lermontov,Guiraud,79,ADJ,косматый небрежный должный уверенный худой ненужный польский виновный зубчатый тусклый
Lermontov,Guiraud,79,NOUN,браслет леда саша аул терек название казначей орша приличие улан
Lermontov,Guiraud,79,VERB,построить привлекать приучать вырываться нравиться обвинять теряться толкнуть вернуться изменяться
Lermontov,Guiraud,80,ADJ,булатный золотистый купеческий уверенный черноокий должный желтый женский опасный странный
Lermontov,Guiraud,80,NOUN,измаил сакля саша черкес арсений ущелие тамара улан черкешенка зара
Lermontov,Guiraud,80,VERB,селить держаться вздрагивать кидать махнуть почитать увидать висеть кивнуть обижать
Lermontov,Guiraud,81,ADJ,уверенный давнишний скоротечный похожий согласный преданный женатый измятый безотчетный гостеприимный
Lermontov,Guiraud,81,NOUN,саша сашка акбулат наказание раскаяние черкес опричник терек тирза черкешенка
Lermontov,Guiraud,81,VERB,жалеть осмеивать послушать обвинять услыхать пощадить беречься отгадывать обманывать потерять
Lermontov,Guiraud,82,ADJ,косматый краткий парчевой гонимый дымный бесчувственный серебряный пасмурный восточный скорый
Lermontov,Guiraud,82,NOUN,черкес саша сакля измаил маскерад росламбек курган арбенин мавруша мечеть
Lermontov,Guiraud,82,VERB,зарывать кинуть гнуться теряться проигрывать различать сделать кидать взволновать засыхать
Lermontov,Guiraud,83,ADJ,занятый ребяческий женатый южный измятый студеный мутный скорый странный внимательный
Lermontov,Guiraud,83,NOUN,черкес зара морщина сакля выстрел седло куст досада сожаление аул
Lermontov,Guiraud,83,VERB,ошибаться отыскивать объяснять послушать чистить потерять кинуть обладать осквернять отгадывать
Lermontov,Guiraud,84,ADJ,окровавленный бесчувственный виноватый сырой небрежный недобрый погибший уверенный занятый скрытый
Lermontov,Guiraud,84,NOUN,измаил зара саша табун черкес арсений браслет казак аул маска
Lermontov,Guiraud,84,VERB,умчаться селить дорожить кидать доставать застучать кружиться махать объяснять очнуться
Lermontov,Guiraud,85,ADJ,уверенный взаимный внятный зубчатый снеговой худой глупый бесчувственный сырой безбожный
Lermontov,Guiraud,85,NOUN,саша сашка улан красотка мужчина черкес клара табун терек шпора
Lermontov,Guiraud,85,VERB,ошибаться послушать кинуть проигрывать ценить баять закрываться сглаживать тянуться гнуться
Lermontov,Guiraud,86,ADJ,ребяческий сырой снеговой дубовый небрежный гремучий измятый купеческий степной южный
Lermontov,Guiraud,86,NOUN,черкес название шашка измаил арсений саша ворота терек улан бурка
Lermontov,Guiraud,86,VERB,послушать проигрывать гибнуть гнуться зарывать спеть вернуться трещать ошибаться увидать
Lermontov,Guiraud,87,ADJ,недовольный сырой безобразный презрительный премудрый смуглый круглый желтый больной безбрежный
Lermontov,Guiraud,87,NOUN,браслет саша сакля табун женщина сашка улан корень парамонович читатель
Lermontov,Guiraud,87,VERB,потерять вернуться обвинять увидать вынимать глядеться примечать селить качать испугаться
Lermontov,Guiraud,88,ADJ,прощальный взаимный одаренный ребяческий женский гремучий крайний наемный непобедимый непреклонный
Lermontov,Guiraud,88,NOUN,акбулат сакля пленник саша караван тамара рая леда улан изгнанник
Lermontov,Guiraud,88,VERB,селить послушать услыхать ошибаться избегать разбирать теряться увидать унижать обманывать
Lermontov,Guiraud,89,ADJ,ребяческий студеный случайный боярский золотистый ледяной пугливый русый косматый единственный
Lermontov,Guiraud,89,NOUN,измаил черкес выстрел название ущелие арсений улан намек пистолет приличие
Lermontov,Guiraud,89,VERB,трещать вернуться закрываться сваливаться стоить воскрешать обжигать опускаться отгадывать отталкивать
Lermontov,Guiraud,90,ADJ,боярский ребяческий студеный сырой булатный недобрый походный трепещущий черкесский мучительный
Lermontov,Guiraud,90,NOUN,саша старуха улан игумен ильич казбек мавруша орша ставня сожаление
Lermontov,Guiraud,90,VERB,селить зарывать увидать сглаживать платить пощадить услыхать примечать различать вскакивать
Lermontov,Guiraud,91,ADJ,ребяческий занятый странный серый гладкий одаренный похожий сырой беспокойный гранитный
Lermontov,Guiraud,91,NOUN,черкес измаил табун тамара сожаление аул казак ущелие калашников терек
Lermontov,Guiraud,91,VERB,увидать ошибаться отгадывать шутить обманывать жениться осмеивать примечать удивляться селить
Lermontov,Guiraud,92,ADJ,боярский гладкий губернский давнишний польский женский виноватый модный открытый ледяной
Lermontov,Guiraud,92,NOUN,саша акбулат аул тучка опричник чорт сожаление название алена морщина
Lermontov,Guiraud,92,VERB,жалеть увидать браниться зарывать взмахивать кланяться построить поцеловать звенеть проклинать
Lermontov,Guiraud,93,ADJ,сырой упругий губернский ребяческий смертельный трудный русый случайный кавказский южный
Lermontov,Guiraud,93,NOUN,черкес арсений пленник акбулат казак табун зораим казбек орша старик
Lermontov,Guiraud,93,VERB,скользить оборвать тянуться баять вернуться закрываться приучать уронить ценить селить
Lermontov,Guiraud,94,ADJ,серебристый небрежный дубовый странный бесплодный сырой виноватый гнилой недобрый недовольный
Lermontov,Guiraud,94,NOUN,маскерад терек вспоминание старуха арсений казбек караван сожаление женщина черкес
Lermontov,Guiraud,94,VERB,селить въезжать оправдывать припадать грызть привлекать белеть пронзать привставать унижать
Lermontov,Guiraud,95,ADJ,южный ничтожный беспокойный гнилой женский гладкий голый единственный осторожный погибший
Lermontov,Guiraud,95,NOUN,измаил черкес браслет зара пистолет вспоминание тростник улан сожаление опричник
Lermontov,Guiraud,95,VERB,селить разбирать умчаться ведать понимать кинуть держаться накинуть приучать останавливаться
Lermontov,Guiraud,96,ADJ,гладкий занятый ледяной серый странный купеческий уверенный сырой бренный искусный
Lermontov,Guiraud,96,NOUN,арсений черкес сакля парамонович пленник терек зораим табун казак зверь
Lermontov,Guiraud,96,VERB,храниться попадаться построить пробегать клясться возненавидеть знавать поведывать сжимать скрыпивать
Lermontov,Guiraud,97,ADJ,беспокойный сходный ничтожный гонимый занятый мучительный недовольный лукавый бешеный ледяной
Lermontov,Guiraud,97,NOUN,степан морщина название караван арсений опричник парамонович сожаление кирибеевич подарок
Lermontov,Guiraud,97,VERB,грызть вздрагивать кидать вскакивать утаивать скользить потерять гудеть обвинять отвертываться
Lermontov,Guiraud,98,ADJ,шелковый гремучий смущенный краткий ребяческий гладкий косматый женский булатный внимательный
Lermontov,Guiraud,98,NOUN,улан название бред старуха тирза ущелие шопот браслет маскерад аул
Lermontov,Guiraud,98,VERB,примечать висеть селить подавлять храпеть вскакивать знавать избегать обрадовать ослабевать
Lermontov,Guiraud,99,ADJ,должный несчастливый виноватый мутный остылый женский взаимный недовольный ледяной демонский
Lermontov,Guiraud,99,NOUN,женщина выстрел арсений браслет зораим кирибеевич клара леда пистолет боярин
Lermontov,Guiraud,99,VERB,разбирать продавать ударяться гнуться селить почитать примечать послушать проклинать подождать
Lermontov,Guiraud,100,ADJ,женский гладкий сырой давнишний единственный ребяческий студеный виноватый круглый терновый
Lermontov,Guiraud,100,NOUN,черкес аул кирибеевич казак шашка орша женщина свинец сожаление раскаяние
Lermontov,Guiraud,100,VERB,селить почитать тянуться привыкать приучать гнуться осмеивать примечать вскакивать увидать
Lermontov,Log odds,1,ADJ,немой последний бледный ребяческий молодой чужой чуждый сырой гордый холодный
Lermontov,Log odds,1,NOUN,в арсений саша человек тамара тирза окно грудь подушка скала
Lermontov,Log odds,1,VERB,быть мочь любить гудать крутить оборвать растрепывать знать блистать селить
Lermontov,Log odds,2,ADJ,немой молодой смуглый сырой длинный погибший последний бледный холодный пустой
Lermontov,Log odds,2,NOUN,черкес измаил в табун конь кирибеевич леда казбек час казак
Lermontov,Log odds,2,VERB,быть мочь любить знать услыхать виднеться помешать хотеть сказать браниться
Lermontov,Log odds,3,ADJ,немой молодой гладкий сырой женский бледный узорный прежний чужой гордый
Lermontov,Log odds,3,NOUN,окно в саша ильич тирза орша страсть казначей прошлец глаз
Lermontov,Log odds,3,VERB,быть знать мочь любить тянуться услыхать селить умирать хотеть оборвать
Lermontov,Log odds,4,ADJ,гордый должный последний немой молодой полный пустой беспрестанный бешеный бренный
Lermontov,Log odds,4,NOUN,измаил в черкес конь старик гора казбек человек билось штабротмистр
Lermontov,Log odds,4,VERB,быть любить мочь вернуться знать гудать сидеть воображать отворачивать разнести
Lermontov,Log odds,5,ADJ,последний молодой ребяческий смертельный большой немой гордый должный сырой боярский
Lermontov,Log odds,5,NOUN,черкес измаил кирибеевич конь ильич человек старик кровь в зораим
Lermontov,Log odds,5,VERB,быть мочь любить приучать селить обвинять выслушивать изрубать сглаживать толкнуть
Lermontov,Log odds,6,ADJ,гладкий бледный белый чужой молодой недолгий немой странный пустой ангельский
Lermontov,Log odds,6,NOUN,зара арбенин клара выстрел в час старик черкес окно слово
Lermontov,Log odds,6,VERB,быть мочь обвинять любить знать отвыкать унижать бегать знавать сгнивать
Lermontov,Log odds,7,ADJ,молодой гордый пустой самолюбивый синеватый холодный сырой немой бледный краткий
Lermontov,Log odds,7,NOUN,маскерад арбенин человек в опричник зораим ильич тирза год саша
Lermontov,Log odds,7,VERB,быть знать любить мочь селить гнуться удивляться хотеть оставлять воображать
Lermontov,Log odds,8,ADJ,немой молодой боярский неизбежимый последний странный невинный сырой булатный недалекий
Lermontov,Log odds,8,NOUN,в браслет казбек черкес кирибеевич измаил женщина опричник орша росламбек
Lermontov,Log odds,8,VERB,быть мочь знать любить гудать знавать желать обманывать бояться селить
Lermontov,Log odds,9,ADJ,немой бледный отцовский сырой молодой пустой боярский чужой краткий безгласный
Lermontov,Log odds,9,NOUN,название окно в парамонович звук тамара шпора человек мертвый опричник
Lermontov,Log odds,9,VERB,быть мочь построить стоить любить хотеть засыхать наблюдать приобретать сжалиться
Lermontov,Log odds,10,ADJ,немой скрытый молодой старый губернский недобрый согбенный чужой бледный серый
Lermontov,Log odds,10,NOUN,черкес степан тамара в измаил страсть человек час рука след
Lermontov,Log odds,10,VERB,быть любить знать мочь проигрывать узнавать хотеть обманывать поговорить помешать
Lermontov,Log odds,11,ADJ,боярский молодой губернский мелочный сырой немой печальный бледный большой ангельский
Lermontov,Log odds,11,NOUN,зара человек черкес клара год рука в лора сакля скелет
Lermontov,Log odds,11,VERB,быть мочь любить селить знать гудать пощадить хотеть толкнуть узнавать
Lermontov,Log odds,12,ADJ,молодой немой белый гордый последний безотчетный нежданый парчевой скверный скорый
Lermontov,Log odds,12,NOUN,черкес измаил в окно казбек орша ильич страсть саша год
Lermontov,Log odds,12,VERB,быть любить мочь селить знать знавать хотеть висеть понимать оборвать
Lermontov,Log odds,13,ADJ,немой женатый должный молодой бледный последний виновный занятый пустой виноватый
Lermontov,Log odds,13,NOUN,название табун выстрел черкес в зара скала измаил конь ильич
Lermontov,Log odds,13,VERB,быть мочь любить гудать знавать различать упасть казаться кивнуть поступать
Lermontov,Log odds,14,ADJ,молодой немой гордый бледный пустой чужой перловый должный занятый особый
Lermontov,Log odds,14,NOUN,в черкес конь акбулат человек измаил кирибеевич казбек степан окно
Lermontov,Log odds,14,VERB,быть мочь знать любить приезжать услыхать хотеть выигрывать исторгать тащить
Lermontov,Log odds,15,ADJ,молодой немой пустой бледный чужой ночной холодный должный последний сырой
Lermontov,Log odds,15,NOUN,сакля акбулат казбек арбенин в человек вспоминание тягость взгляд саша
Lermontov,Log odds,15,VERB,быть любить мочь знать гнуться хотеть примечать приучать удивлять узнавать
Lermontov,Log odds,16,ADJ,молодой немой чужой боярский бреговой особый ребяческий странный бледный ночной
Lermontov,Log odds,16,NOUN,в черкес измаил человек росламбек год гора пора старик мука
Lermontov,Log odds,16,VERB,быть любить знать мочь отворачивать винить отправляться отрекаться пожалеть сказать
Lermontov,Log odds,17,ADJ,молодой гордый нынешний большой странный белолицый взаимный купеческий нежданый персидский
Lermontov,Log odds,17,NOUN,браслет в название арбенин улан чорт человек казначей монастырь херувим
Lermontov,Log odds,17,VERB,быть мочь знать ошибаться узнавать любить поговорить знавать опоминаться растрепывать
Lermontov,Log odds,18,ADJ,молодой немой сырой походный чужой бледный измятый последний нежный пустой
Lermontov,Log odds,18,NOUN,черкес зара человек измаил в морщина ильич кольчуга красотка окно
Lermontov,Log odds,18,VERB,быть мочь знавать следовать знать хотеть закрываться становиться мотать сгнивать
Lermontov,Log odds,19,ADJ,молодой сырой косматый чужой ледяной немой пустой последний белый серый
Lermontov,Log odds,19,NOUN,в черкес выстрел леда орша приличие тамара окно кинжал конь
Lermontov,Log odds,19,VERB,быть мочь любить проигрывать знать понимать думать гнуться отворачивать пробудиться
Lermontov,Log odds,20,ADJ,немой молодой сырой боярский наружный поверженный длинный чужой гордый купеческий
Lermontov,Log odds,20,NOUN,измаил табун черкес акбулат казбек в человек арбенин слово пора
Lermontov,Log odds,20,VERB,быть любить мочь знать сказать винить закрываться узнавать умирать отпирать
Lermontov,Log odds,21,ADJ,молодой парчевой немой должный гордый холодный занятый прежний бледный последний
Lermontov,Log odds,21,NOUN,черкес зара в человек браслет акбулат кирибеевич глаз арбенин парамонович
Lermontov,Log odds,21,VERB,быть мочь любить попадаться узнавать сказать закрываться мучиться обладать разнести
Lermontov,Log odds,22,ADJ,немой боярский молодой бледный гордый безотчетный недобрый странный чужой внимательный
Lermontov,Log odds,22,NOUN,черкес в казбек измаил человек женщина звук росламбек васильевич степан
Lermontov,Log odds,22,VERB,быть мочь вернуться любить знать узнавать селить пощадить поклониться сказать
Lermontov,Log odds,23,ADJ,пустой должный бледный молодой последний странный давнишний нынешний черноокий сырой
Lermontov,Log odds,23,NOUN,человек леда саша тирза в час год казбек ножны парамонович
Lermontov,Log odds,23,VERB,быть любить знать мочь вернуться стоить узнавать отворачивать понимать хотеть
Lermontov,Log odds,24,ADJ,молодой чужой немой сырой занятый нежданый белый странный бледный прежний
Lermontov,Log odds,24,NOUN,в черкес казбек измаил человек глаз конь князь страсть раз
Lermontov,Log odds,24,VERB,быть любить знать узнавать мочь хотеть отворачивать селить отвертываться поступать
Lermontov,Log odds,25,ADJ,молодой последний взаимный нынешний пустой немой бледный должный сырой бреговой
Lermontov,Log odds,25,NOUN,измаил черкес кирибеевич степан в клара росламбек рука человек конь
Lermontov,Log odds,25,VERB,быть любить мочь проигрывать знать хотеть вернуться узнавать обвинять отворачивать
Lermontov,Log odds,26,ADJ,молодой ребяческий немой модный пустой гордый чужой нежный бледный должный
Lermontov,Log odds,26,NOUN,черкес шашка человек измаил казбек тамара в гора кровь табун
Lermontov,Log odds,26,VERB,быть любить знать мочь селить узнавать привязывать проигрывать хотеть осмеивать
Lermontov,Log odds,27,ADJ,сырой молодой немой боярский ночной чужой должный недобрый бледный белый
Lermontov,Log odds,27,NOUN,измаил черкес акбулат кирибеевич конь терек в росламбек рурик черкешенка
Lermontov,Log odds,27,VERB,быть мочь любить знать рисоваться узнавать проигрывать понимать теряться чистить
Lermontov,Log odds,28,ADJ,молодой немой губернский гордый чуждый белолицый купеческий морозный скверный бледный
Lermontov,Log odds,28,NOUN,черкес терек шашка сакля в степан человек измаил орша женщина
Lermontov,Log odds,28,VERB,быть любить мочь въезжать знать хотеть упасть услыхать селить отворачивать
Lermontov,Log odds,29,ADJ,немой одаренный степной последний чужой бледный должный молодой пустой серебряный
Lermontov,Log odds,29,NOUN,в человек измаил скала страсть казбек седок женщина рука звук
Lermontov,Log odds,29,VERB,быть любить мочь селить обвинять услыхать знать приучать хотеть гудать
Lermontov,Log odds,30,ADJ,смуглый молодой косматый последний чужой ночной сырой пустой холодный безотчетный
Lermontov,Log odds,30,NOUN,черкес казбек измаил в наказание степан взгляд старик окно аул
Lermontov,Log odds,30,VERB,мочь быть любить сваливаться унижать знать сидеть обертываться хотеть селить
Lermontov,Log odds,31,ADJ,молодой последний одаренный бледный должный немой обидный потерянный терпеливый гордый
Lermontov,Log odds,31,NOUN,в человек арбенин улан страсть караван рурик с раз год
Lermontov,Log odds,31,VERB,быть мочь любить сглаживать знать смотреть почитать рождать свиваться кидать
Lermontov,Log odds,32,ADJ,молодой виноватый немой пустой серебристый сырой серый роковой последний гордый
Lermontov,Log odds,32,NOUN,черкес сакля степан измаил человек зораим росламбек в мука клара
Lermontov,Log odds,32,VERB,быть мочь любить проигрывать знать понимать поговорить уверять закрываться узнавать
Lermontov,Log odds,33,ADJ,немой молодой ночной гордый дубовый угловой бледный холодный чужой печальный
Lermontov,Log odds,33,NOUN,в шашка черкес измаил аул кинжал час женщина акбулат росламбек
Lermontov,Log odds,33,VERB,быть знать любить селить услыхать мочь возненавидеть гудать узнавать умирать
Lermontov,Log odds,34,ADJ,молодой последний немой губернский бледный скверный угловой должный высокий прежний
Lermontov,Log odds,34,NOUN,окно степан улан человек орша кирибеевич опричник тамара терек тростник
Lermontov,Log odds,34,VERB,быть мочь любить знать сказать гудать построить поступать понимать узнавать
Lermontov,Log odds,35,ADJ,молодой гордый немой должный последний странный бледный серый безобразный боярский
Lermontov,Log odds,35,NOUN,табун черкес рука измаил в гора конь бешт диван зораим
Lermontov,Log odds,35,VERB,быть мочь знать любить услыхать гудеть обжигать пробираться скрыпивать хотеть
Lermontov,Log odds,36,ADJ,смуглый чужой немой бледный пустой белый крутой серый ночной должный
Lermontov,Log odds,36,NOUN,кирибеевич человек зара степан клара леда орша черкешенка грудь в
Lermontov,Log odds,36,VERB,быть любить знать мочь хотеть селить странствовать вырывать отворять обманывать
Lermontov,Log odds,37,ADJ,чужой холодный последний гордый сырой молодой немой высокий белый длинный
Lermontov,Log odds,37,NOUN,измаил название росламбек черкес чорт кирибеевич морщина старик окно звук
Lermontov,Log odds,37,VERB,быть любить знать мочь узнавать хотеть желать понимать сказать беречься
Lermontov,Log odds,38,ADJ,молодой последний должный старый немой чужой холодный боярский бульварный откровенный
Lermontov,Log odds,38,NOUN,в черкес человек казбек измаил ребята рурик кинжал женщина грудь
Lermontov,Log odds,38,VERB,быть любить мочь знать отвыкать браниться жужжать кивнуть рубить сгнивать
Lermontov,Log odds,39,ADJ,молодой боярский последний сырой гордый бледный пустой бреговой мелочный погибший
Lermontov,Log odds,39,NOUN,зара акбулат браслет черкес в казбек женщина человек орша тамара
Lermontov,Log odds,39,VERB,быть любить мочь узнавать поговорить знать объяснять помешать понимать шутить
Lermontov,Log odds,40,ADJ,молодой немой последний сырой большой купеческий левый погибший ночной чуждый
Lermontov,Log odds,40,NOUN,в шашка черкес маскерад человек грудь женщина измаил кольчуга намек
Lermontov,Log odds,40,VERB,быть знать мочь любить рисоваться сказать казаться хотеть спать отворачивать
Lermontov,Log odds,41,ADJ,молодой занятый немой безгласный давнишний сырой гордый должный серый лукавый
Lermontov,Log odds,41,NOUN,зара человек черкес ребята страсть час в взор рука слово
Lermontov,Log odds,41,VERB,быть знать вскакивать мочь любить вернуться проигрывать узнавать сказать держаться
Lermontov,Log odds,42,ADJ,немой молодой занятый последний сырой гордый ночной серый странный закрытый
Lermontov,Log odds,42,NOUN,человек в черкес час измаил зара казначей росламбек старуха казак
Lermontov,Log odds,42,VERB,быть мочь любить услыхать унижать знать решаться заслуживать оправдывать отвыкать
Lermontov,Log odds,43,ADJ,молодой немой согбенный чуждый чужой прощальный пустой последний боярский морозный
Lermontov,Log odds,43,NOUN,в казбек звук человек акбулат тамара год степан тирза мука
Lermontov,Log odds,43,VERB,быть любить знать мочь увидать сказать понимать хотеть узнавать ударяться
Lermontov,Log odds,44,ADJ,немой мучительный бледный молодой должный гордый измятый сырой безрассудный боярский
Lermontov,Log odds,44,NOUN,черкес арбенин мужчина тучка сакля человек измаил в зара ненависть
Lermontov,Log odds,44,VERB,быть мочь услыхать отворять стоить знать любить отворачивать хотеть выслушивать
Lermontov,Log odds,45,ADJ,немой должный молодой женатый пустой губернский недолгий скверный гордый женский
Lermontov,Log odds,45,NOUN,акбулат сакля в окно выстрел орша зораим казначей обычай кинжал
Lermontov,Log odds,45,VERB,быть мочь отворачивать любить селить возненавидеть гудать набегать наклонять послышать
Lermontov,Log odds,46,ADJ,молодой сырой чужой боярский насмешливый погибший смертельный пустой немой гордый
Lermontov,Log odds,46,NOUN,человек в тучка звук пора саша рурик старик год глаз
Lermontov,Log odds,46,VERB,быть мочь любить вернуться услыхать знать дробиться избавлять отворачивать припадать
Lermontov,Log odds,47,ADJ,молодой немой ребяческий сырой московский одаренный парчевой бледный должный пустой
Lermontov,Log odds,47,NOUN,в страсть черкес человек грудь измаил арбенин тягость взор счастие
Lermontov,Log odds,47,VERB,быть мочь любить узнавать хотеть вырывать понимать знать прощать взять
Lermontov,Log odds,48,ADJ,немой гордый последний взаимный женатый молодой должный безотчетный мелочный нежданый
Lermontov,Log odds,48,NOUN,человек в казбек улан тамара акбулат зораим окно звук наказание
Lermontov,Log odds,48,VERB,быть мочь любить знать побледнеть гудать сгнивать спрыгивать понимать узнавать
Lermontov,Log odds,49,ADJ,последний одаренный молодой бледный немой большой бреговой губернский недоверчивый смрадный
Lermontov,Log odds,49,NOUN,арбенин маскерад в казбек человек зара приличие раз женщина зло
Lermontov,Log odds,49,VERB,быть мочь любить селить возненавидеть сидеть знать гудать нападать оправдывать
Lermontov,Log odds,50,ADJ,молодой сырой ночной бесплотный пустой белолицый мелочный наружный недобрый перловый
Lermontov,Log odds,50,NOUN,в арбенин наказание парамонович саша рука тягость слово глаз казначей
Lermontov,Log odds,50,VERB,быть мочь любить селить знать разбирать хотеть вернуться отворачивать возненавидеть
Lermontov,Log odds,51,ADJ,молодой последний немой откровенный скорый черный чужой сырой женский белый
Lermontov,Log odds,51,NOUN,браслет в зара казбек черкес рука маскерад измаил взгляд аул
Lermontov,Log odds,51,VERB,быть мочь любить гудать сглаживать решаться знать висеть виднеться кивнуть
Lermontov,Log odds,52,ADJ,немой испуганный похожий молодой чужой гордый сырой последний занятый должный
Lermontov,Log odds,52,NOUN,в зара маскерад человек тамара тирза арбенин васильевич игумен грудь
Lermontov,Log odds,52,VERB,быть мочь знать любить гудать узнавать гнуться отворять обманывать беречься
Lermontov,Log odds,53,ADJ,немой должный молодой чужой пустой странный безгласный безотчетный гордый сырой
Lermontov,Log odds,53,NOUN,сакля черкес акбулат в человек взор пора конь гора мука
Lermontov,Log odds,53,VERB,быть мочь знать любить обманывать сказать хотеть выслушивать гудать понимать
Lermontov,Log odds,54,ADJ,молодой немой боярский последний печальный бледный искусный одаренный длинный седой
Lermontov,Log odds,54,NOUN,в черкес человек измаил орша год раз кольчуга приличие тамара
Lermontov,Log odds,54,VERB,быть любить знать вернуться мочь селить послушать сгнивать спадать употреблять
Lermontov,Log odds,55,ADJ,молодой чужой немой странный варяжский покойный должный сырой последний белый
Lermontov,Log odds,55,NOUN,черкес саша в степан человек измаил бахрома игрушка казначей чорт
Lermontov,Log odds,55,VERB,мочь быть любить селить знать обертываться стоить щадить узнавать погубить
Lermontov,Log odds,56,ADJ,молодой немой старый боярский золотистый угловой сырой гордый последний варяжский
Lermontov,Log odds,56,NOUN,человек в пора измаил табун маскерад опричник парамонович князь слово
Lermontov,Log odds,56,VERB,быть любить знать почитать узнавать понимать измерять отворачивать помешать хотеть
Lermontov,Log odds,57,ADJ,молодой ребяческий женатый немой бледный занятый измятый должный ночной последний
Lermontov,Log odds,57,NOUN,браслет в арбенин акбулат человек саша приличие тягость слово глаз
Lermontov,Log odds,57,VERB,быть мочь любить селить услыхать гудать закрываться ослабевать отвыкать презирать
Lermontov,Log odds,58,ADJ,немой последний молодой боярский большой бледный холодный гордый давнишний заботливый
Lermontov,Log odds,58,NOUN,черкес в кирибеевич измаил конь клара черкешенка опричник человек аул
Lermontov,Log odds,58,VERB,селить быть любить мочь завидовать наблюдать знать гнуться стоять воображать
Lermontov,Log odds,59,ADJ,белый немой молодой ночной гордый недобрый снеговой бледный одинокий чуждый
Lermontov,Log odds,59,NOUN,саша в браслет женщина арбенин опричник черкес табун человек рука
Lermontov,Log odds,59,VERB,быть мочь селить любить понимать отвыкать чистить упасть знать оставаться
Lermontov,Log odds,60,ADJ,бледный последний обиженный смрадный земной пустой прежний жестокий молодой боярский
Lermontov,Log odds,60,NOUN,арсений кирибеевич человек в старик опричник литва терек окно мука
Lermontov,Log odds,60,VERB,быть мочь любить желать знать заслуживать отворачивать отвыкать прилегать понимать
Lermontov,Log odds,61,ADJ,молодой ребяческий немой боярский сырой пустой студеный чужой белый бледный
Lermontov,Log odds,61,NOUN,черкес зара степан конь измаил в забор человек гора кирибеевич
Lermontov,Log odds,61,VERB,быть знать мочь любить селить понимать приучать проигрывать забывать сердиться
Lermontov,Log odds,62,ADJ,молодой парчевой немой чужой белый сырой взаимный ребяческий лукавый гордый
Lermontov,Log odds,62,NOUN,саша черкес в акбулат человек зораим измаил год сакля звук
Lermontov,Log odds,62,VERB,быть мочь увидать любить знать узнавать проигрывать сглаживать унижать отворяться
Lermontov,Log odds,63,ADJ,немой молодой последний гордый боярский купеческий окрестный бледный чужой странный
Lermontov,Log odds,63,NOUN,в черкес страсть измаил клара росламбек гора год акбулат пора
Lermontov,Log odds,63,VERB,быть любить мочь знать понимать проигрывать сказать хотеть обманывать потерять
Lermontov,Log odds,64,ADJ,молодой гордый пустой нежданый осторожный парчевой последний немой рад губернский
Lermontov,Log odds,64,NOUN,в арбенин глаз человек час раз слово старик казначей клара
Lermontov,Log odds,64,VERB,быть любить знать узнавать мочь сказать хотеть поговорить стоить понимать
Lermontov,Log odds,65,ADJ,молодой немой угловой сырой белолицый губернский отличный парчевой перловый плоский
Lermontov,Log odds,65,NOUN,человек в черкес арбенин женщина ильич зара год измаил саша
Lermontov,Log odds,65,VERB,быть мочь знать любить понимать отвергать объяснять хотеть колоть отправляться
Lermontov,Log odds,66,ADJ,молодой холодный занятый последний краткий гордый должный пустой бледный безобразный
Lermontov,Log odds,66,NOUN,сакля черкес в браслет зара маскерад человек гора слово час
Lermontov,Log odds,66,VERB,быть любить мочь вернуться свиваться храниться сидеть селить звенеть хотеть
Lermontov,Log odds,67,ADJ,молодой смуглый немой гордый чуждый пустой ледяной погибший женский чужой
Lermontov,Log odds,67,NOUN,зара человек в черкес измаил выстрел маскерад мулла конь женщина
Lermontov,Log odds,67,VERB,быть мочь любить услыхать знать одевать селить держаться отворачивать привязывать
Lermontov,Log odds,68,ADJ,немой гордый недовольный последний чуждый бледный молодой застывший ночной должный
Lermontov,Log odds,68,NOUN,черкес сакля гора в человек конь измаил росламбек звук брызги
Lermontov,Log odds,68,VERB,быть мочь любить клясться гудать объяснять отворачивать покрываться сглаживать сжинать
Lermontov,Log odds,69,ADJ,молодой сырой парчевой последний немой бледный голый купеческий приметный согбенный
Lermontov,Log odds,69,NOUN,саша человек маскерад в измаил час черкес ильич опричник конь
Lermontov,Log odds,69,VERB,быть любить знать мочь проигрывать шутить обвинять обладать объяснять стоить
Lermontov,Log odds,70,ADJ,гордый молодой единственный ледяной прилежный ребяческий женский немой пустой последний
Lermontov,Log odds,70,NOUN,браслет человек маскерад акбулат в зораим казбек кирибеевич слово ребята
Lermontov,Log odds,70,VERB,быть мочь любить отворачивать отворять разбирать возненавидеть вслушиваться накинуть нравиться
Lermontov,Log odds,71,ADJ,молодой сырой чужой немой холодный бледный чуждый печальный безотчетный белолицый
Lermontov,Log odds,71,NOUN,зара в черкес измаил тирза конь орша звук окно слово
Lermontov,Log odds,71,VERB,быть мочь любить гнуться знать браниться вернуться уметь селить желать
Lermontov,Log odds,72,ADJ,боярский немой ребяческий узорный молодой морозный обиженный угловой холодный гордый
Lermontov,Log odds,72,NOUN,сакля в звук зораим казбек орша раскаяние кровь человек окно
Lermontov,Log odds,72,VERB,быть мочь любить знать держаться хотеть узнавать понимать исторгать оборвать
Lermontov,Log odds,73,ADJ,немой боярский молодой чужой окрестный русый белый шелковый купеческий молодецкий
Lermontov,Log odds,73,NOUN,измаил в маскерад человек черкес росламбек старуха табун с женщина
Lermontov,Log odds,73,VERB,быть любить мочь знать понимать узнавать гудать ослабевать храниться хотеть
Lermontov,Log odds,74,ADJ,молодой белый гордый сырой уверенный чужой булатный пустой печальный немой
Lermontov,Log odds,74,NOUN,в черкес человек гора зара казначей измаил князь взгляд клара
Lermontov,Log odds,74,VERB,быть мочь любить узнавать знать хотеть услыхать умирать понимать помешать
Lermontov,Log odds,75,ADJ,бледный женатый должный последний безбожный виноватый заботливый немой большой молодой
Lermontov,Log odds,75,NOUN,измаил саша в человек черкес парамонович сакля степан слово алена
Lermontov,Log odds,75,VERB,быть мочь любить грызть знать дробиться поклясться бояться желать селить
Lermontov,Log odds,76,ADJ,немой молодой должный чужой сырой странный безотчетный гордый большой рад
Lermontov,Log odds,76,NOUN,измаил черкес человек час парамонович росламбек грудь зораим давный клара
Lermontov,Log odds,76,VERB,быть мочь знать прыгать узнавать закрываться столпиться любить понимать желать
Lermontov,Log odds,77,ADJ,гордый молодой немой ребяческий бледный большой последний сырой боярский белый
Lermontov,Log odds,77,NOUN,черкес степан в акбулат тамара измаил человек конь скала сакля
Lermontov,Log odds,77,VERB,быть мочь любить узнавать знать осмеивать хотеть испугать пожалеть потерять
Lermontov,Log odds,78,ADJ,пустой бледный гордый женатый сырой молодой большой немой белый нежданый
Lermontov,Log odds,78,NOUN,черкес тирза в гора измаил росламбек мука аул человек старик
Lermontov,Log odds,78,VERB,быть мочь знать селить желать хотеть узнавать любить обманывать оставаться
Lermontov,Log odds,79,ADJ,молодой последний сырой белый занятый скрытый узорный бледный полный губернский
Lermontov,Log odds,79,NOUN,браслет черкес в зара маска князь женщина человек казак акбулат
Lermontov,Log odds,79,VERB,быть любить мочь знать проигрывать вернуться пощадить хотеть гудать узнавать
Lermontov,Log odds,80,ADJ,молодой немой бледный чужой ночной последний должный хороший гордый пустой
Lermontov,Log odds,80,NOUN,черкес в леда человек выстрел измаил старик клара корень куст
Lermontov,Log odds,80,VERB,быть мочь любить селить знать вернуться изорвать послышать сваливаться скрыпивать
Lermontov,Log odds,81,ADJ,молодой чужой смуглый немой ребяческий белый бледный сырой пустой гнилой
Lermontov,Log odds,81,NOUN,измаил черкес конь черкешенка человек в год взгляд гора бешт
Lermontov,Log odds,81,VERB,быть мочь любить знать освежать проигрывать узнавать расходиться унижать умирать
Lermontov,Log odds,82,ADJ,молодой последний немой смешной нынешний сторожевой видный бледный сырой печальный
Lermontov,Log odds,82,NOUN,браслет в человек черкес измаил маскерад мундир тростник окно саша
Lermontov,Log odds,82,VERB,быть мочь любить знать бояться хотеть узнавать понимать беречься знавать
Lermontov,Log odds,83,ADJ,молодой немой бледный смрадный боярский белый последний шелковый чужой сырой
Lermontov,Log odds,83,NOUN,зара кирибеевич черкес грудь зораим орша в ильич опричник черкешенка
Lermontov,Log odds,83,VERB,быть любить мочь знать хотеть проигрывать гудать узнавать отворачивать изнемогать
Lermontov,Log odds,84,ADJ,молодой бледный немой гордый боярский сырой чужой белый узорный вольный
Lermontov,Log odds,84,NOUN,акбулат в черкес человек измаил грудь мука час старик окно
Lermontov,Log odds,84,VERB,быть мочь рисоваться любить кликать знать выползать замалчивать напечатлевать отступать
Lermontov,Log odds,85,ADJ,немой молодой бледный парчевой последний боярский жесткий недобрый снеговой странный
Lermontov,Log odds,85,NOUN,в маскерад человек окно арбенин зораим слово шпора доктор намек
Lermontov,Log odds,85,VERB,быть мочь любить услыхать тянуться знать чернеть пожалеть растворять уважать
Lermontov,Log odds,86,ADJ,немой чужой одаренный молодой чуждый холодный женский последний гордый бесплотный
Lermontov,Log odds,86,NOUN,в черкес клара измаил человек окно яд год монго росламбек
Lermontov,Log odds,86,VERB,быть мочь любить гудать затрястись кликать прясть тащить селить раздаваться
Lermontov,Log odds,87,ADJ,молодой немой заботливый занятый сырой чужой бледный боярский гладкий губернский
Lermontov,Log odds,87,NOUN,сакля кирибеевич опричник в клара окно человек акбулат васильевич казначей
Lermontov,Log odds,87,VERB,быть знать мочь знавать любить сказать кланяться объяснять расходиться узнавать
Lermontov,Log odds,88,ADJ,немой молодой сырой сторожевой бледный последний холодный должный безбожный варяжский
Lermontov,Log odds,88,NOUN,в зара черкес конь наказание человек арбенин пистолет год скала
Lermontov,Log odds,88,VERB,быть мочь любить знать ошибаться поступать узнавать возненавидеть гудать застучать
Lermontov,Log odds,89,ADJ,молодой насмешливый гордый немой белый последний сырой пустой бледный косматый
Lermontov,Log odds,89,NOUN,акбулат в чорт сакля калашников опричник человек мука грузинка зораим
Lermontov,Log odds,89,VERB,быть знать мочь любить гудать толковать смотреть хотеть выигрывать выслушивать
Lermontov,Log odds,90,ADJ,молодой недобрый узорный последний немой меньшой погибший снеговой бледный гордый
Lermontov,Log odds,90,NOUN,браслет человек в акбулат глаз орша барон саша васильевич год
Lermontov,Log odds,90,VERB,быть мочь любить знать услыхать опоминаться отворять обманывать селить понимать
Lermontov,Log odds,91,ADJ,немой молодой купеческий чуждый боярский всеобщий гнилой легковерный настоящий самодовольный
Lermontov,Log odds,91,NOUN,в зара человек черкес браслет письмо измаил зораим глаз князь
Lermontov,Log odds,91,VERB,быть знать мочь любить узнавать выигрывать хотеть понимать сказать иметь
Lermontov,Log odds,92,ADJ,молодой немой чужой гордый бледный сырой лукавый длинный безгласный несокрушимый
Lermontov,Log odds,92,NOUN,название в женщина сакля арбенин чорт атаман тамара саша раз
Lermontov,Log odds,92,VERB,быть мочь любить знать услыхать променивать хотеть узнавать становиться погибать
Lermontov,Log odds,93,ADJ,молодой внимательный губернский гордый бледный сырой немой большой странный перловый
Lermontov,Log odds,93,NOUN,зара табун черкес конь орша росламбек измаил человек кровь старик
Lermontov,Log odds,93,VERB,быть мочь знать вернуться хотеть любить узнавать обмывать умирать упасть
Lermontov,Log odds,94,ADJ,последний гордый большой боярский насмешливый немой прежний бледный чужой молодой
Lermontov,Log odds,94,NOUN,табун черкес измаил акбулат человек ребята степан тирза глаз рука
Lermontov,Log odds,94,VERB,быть знать мочь любить селить гудать заржать знавать отвыкать прятаться
Lermontov,Log odds,95,ADJ,молодой немой взаимный чужой большой пустой боярский виноватый недобрый недолгий
Lermontov,Log odds,95,NOUN,черкес окно в человек конь измаил орша табун скала пора
Lermontov,Log odds,95,VERB,быть мочь любить хотеть знать узнавать гудать нравиться отыскивать поступать
Lermontov,Log odds,96,ADJ,молодой странный бледный немой чужой давнишний купеческий неопытный холодный последний
Lermontov,Log odds,96,NOUN,в акбулат маскерад человек зораим письмо грудь ребята взор мука
Lermontov,Log odds,96,VERB,быть любить знать мочь узнавать селить проигрывать увидеться хотеть убивать
Lermontov,Log odds,97,ADJ,молодой боярский холодный последний одаренный угловой старый немой гордый смешной
Lermontov,Log odds,97,NOUN,браслет в черкес маскерад измаил тамара конь кирибеевич мавруша парамонович
Lermontov,Log odds,97,VERB,быть любить знать селить мочь узнавать унижать обманывать оправдывать помешать
Lermontov,Log odds,98,ADJ,молодой гладкий немой чужой серый сырой темный последний высокий прежний
Lermontov,Log odds,98,NOUN,человек черкес измаил зара парамонович раскаяние в мука сожаление калашников
Lermontov,Log odds,98,VERB,быть любить знать мочь вернуться гудать обманывать убивать захотеться наказывать
Lermontov,Log odds,99,ADJ,молодой немой последний сырой белый закрытый чужой чуждый гордый пустой
Lermontov,Log odds,99,NOUN,арсений в зара черкес человек измаил клара росламбек час старик
Lermontov,Log odds,99,VERB,быть мочь знать любить увидать проигрывать селить хотеть обвинять понимать
Lermontov,Log odds,100,ADJ,немой прилежный восточный недовольный должный молодой последний нежный полный высокий
Lermontov,Log odds,100,NOUN,измаил саша шашка табун в час старик черкес казбек конь
Lermontov,Log odds,100,VERB,быть мочь любить сглаживать селить сказать поведывать впиваться охлаждать сгнивать
Lermontov,Zeta,1,ADJ,пустой белый готовый божий волшебный детский одинокий мятежный похожий буйный
Lermontov,Zeta,1,NOUN,слово миг ус око могила брат окно туман волнение смерть
Lermontov,Zeta,1,VERB,синеть узнавать блеснуть умирать спешить клясться приносить являться звенеть катиться
Lermontov,Zeta,2,ADJ,несчастный роковой дикий голубой двойной пылкий студеный сырой туманный удалой
Lermontov,Zeta,2,NOUN,год слеза гора месть след кинжал старина час враг земля
Lermontov,Zeta,2,VERB,обманывать потерять прощать взволновать вспомнить становиться сидеть молчать летать отдавать
Lermontov,Zeta,3,ADJ,большой дикий чужой хороший зеленый вековой взаимный бессильный быстрый измятый
Lermontov,Zeta,3,NOUN,человек дым конец ум скала час ночь мука воля двор
Lermontov,Zeta,3,VERB,находить таиться отвечать гнать исчезать поражать потерять склонять уносить видеть
Lermontov,Zeta,4,ADJ,дорогой готовый широкий безумный глупый тайный сердечный пламенный серебряный синий
Lermontov,Zeta,4,NOUN,забота желание слеза дитя мгновение кавказ пища пустыня ум холм
Lermontov,Zeta,4,VERB,уметь садиться оставаться мчаться слушать взять оставлять отдыхать решаться потерять
Lermontov,Zeta,5,ADJ,краткий достойный бледный хороший далекий безумный длинный женский темный сырой
Lermontov,Zeta,5,NOUN,буря час слеза кровь речь раз туман грядущее дым зло
Lermontov,Zeta,5,VERB,побеждать ласкать подходить блестеть забывать мочь желать блистать встречать делать
Lermontov,Zeta,6,ADJ,гордый жалкий зимний преступный ранний длинный золотой синий дальний дорогой
Lermontov,Zeta,6,NOUN,человек уста год дом труп наряд поток право боюся дева
Lermontov,Zeta,6,VERB,слезать презирать находить выходить биться покрывать взять приходить молвить хранить
Lermontov,Zeta,7,ADJ,чужой седой крутой знойный спокойный женский недвижимый боевой всесильный нагой
Lermontov,Zeta,7,NOUN,толпа стих звук час глаз страсть витязь могила окно ветер
Lermontov,Zeta,7,VERB,плакать понимать убивать взять думать слыхать встречаться молвить осуждать прочитывать
Lermontov,Zeta,8,ADJ,большой вольный близкий дорогой странный желтый долгий хороший белый младой
Lermontov,Zeta,8,NOUN,пора окно чело дело время краса кудри цепь грудь человек
Lermontov,Zeta,8,VERB,проходить посмотреть получать держать зарывать клясться побеждать смотреть плакать прощать
Lermontov,Zeta,9,ADJ,чудесный злой богатый сырой удалой дымный окровавленный слышный южный черный
Lermontov,Zeta,9,NOUN,глаз час мука тень женщина счастие цепь жила звон взор
Lermontov,Zeta,9,VERB,просить жить узнавать рождаться садиться желать сметь грызть освежать сверкать
Lermontov,Zeta,10,ADJ,далекий прощальный вольный трепетный ночной пустой мрачный седой видный презренный
Lermontov,Zeta,10,NOUN,человек битва звук облако след ангел раб дым нужда снег
Lermontov,Zeta,10,VERB,бродить уметь прощать рожать убивать блуждать вздыхать искать создавать плакать
Lermontov,Zeta,11,ADJ,хладный прежний серый краткий небрежный серебряный ложный недвижимый ничтожный открытый
Lermontov,Zeta,11,NOUN,голова кровь страдание брат дело князь закон минута света суд
Lermontov,Zeta,11,VERB,понимать лежать желать сидеть упасть чернеть входить открываться хотеть вставать
Lermontov,Zeta,12,ADJ,дорогой ужасный глубокий голубой неведомый должный большой чужой ничтожный спокойный
Lermontov,Zeta,12,NOUN,судьба смерть глаз окно волна мука лобзание пустыня забота ланита
Lermontov,Zeta,12,VERB,ожидать идти обманывать ждать исчезать полететь мочь презирать слезать плакать
Lermontov,Zeta,13,ADJ,странный вольный нежный широкий серый кровавый спокойный буйный узкий неземной
Lermontov,Zeta,13,NOUN,князь друг глаз конь год счастие улыбка край раз сакля
Lermontov,Zeta,13,VERB,оставаться желать сметь блистать взять кидать ведать помнить сидеть умирать
Lermontov,Zeta,14,ADJ,ложный чужой могильный задумчивый крутой серебряный вечный мрачный бедный должный
Lermontov,Zeta,14,NOUN,час жена крик стена цель дочь старик мир око глаз
Lermontov,Zeta,14,VERB,играть смеяться просыпаться вспомнить звать изменять мелькать подниматься построить рождаться
Lermontov,Zeta,15,ADJ,старый хладный подобный глухой быстрый голубой дымный единый далекий влажный
Lermontov,Zeta,15,NOUN,толпа вид дева надежда женщина кровь одежда стена взор счастие
Lermontov,Zeta,15,VERB,ошибаться убивать забывать блестеть раздаваться понимать мелькнуть склонять говорить искать
Lermontov,Zeta,16,ADJ,единый высокий невинный хороший старый великий виноватый былой видный роковой
Lermontov,Zeta,16,NOUN,туман жена звук время скала голос гроб луна покров света
Lermontov,Zeta,16,VERB,бояться желать оставаться казаться погубить показываться помнить раздаваться сделать забывать
Lermontov,Zeta,17,ADJ,бездушный вечный былой ничтожный странный длинный безмолвный женский полный сладкий
Lermontov,Zeta,17,NOUN,глаз власть мука лобзание наказание цель жизнь мир око свет
Lermontov,Zeta,17,VERB,находить взглядывать приходить селить слушать рожать стараться сказать стоять прийти
Lermontov,Zeta,18,ADJ,младой золотой кровавый туманный нужный могильный людской широкий безбожный испуганный
Lermontov,Zeta,18,NOUN,кудри пора око глаз блеск ложе могила том улыбка земля
Lermontov,Zeta,18,VERB,проходить находить бить презирать мелькать прерывать смотреть спрашивать мочь понимать
Lermontov,Zeta,19,ADJ,печальный громкий златой лишенный ребяческий высокий ночной большой чужой белый
Lermontov,Zeta,19,NOUN,глаз буря женщина луна поле русский арсений блаженство забвение раз
Lermontov,Zeta,19,VERB,приходить дрожать веселить вынимать прочитывать селить стараться томиться понимать кипеть
Lermontov,Zeta,20,ADJ,белый крутой божий женский подобный серый туманный хитрый высокий земной
Lermontov,Zeta,20,NOUN,одежда человек жена зло толпа могила след страдание ангел закат
Lermontov,Zeta,20,VERB,катиться исчезать обманывать просить потерять сокрыться угасать краснеть сделать сказать
Lermontov,Zeta,21,ADJ,вольный гордый пустой сладкий далекий правый странный бесплодный божественный взаимный
Lermontov,Zeta,21,NOUN,улыбка тоска глаз лист веселие вечер свод снег француз ночь
Lermontov,Zeta,21,VERB,блистать играть скрываться умирать сказать становиться сидеть оставаться клясться садиться
Lermontov,Zeta,22,ADJ,голубой сырой прежний легкий крутой лукавый ратный студеный чужой белый
Lermontov,Zeta,22,NOUN,судьба мечта раз старик дружина могила нога страдание страна корабль
Lermontov,Zeta,22,VERB,смотреть селить делать гибнуть кипеть мелькать следить спешить мочь плакать
Lermontov,Zeta,23,ADJ,хладный лукавый роковой длинный далекий русский умный шелковый детский ничтожный
Lermontov,Zeta,23,NOUN,грудь зло гора звук надежда окно дорога отец боец голос
Lermontov,Zeta,23,VERB,искать играть покрывать узнавать оставаться бояться кончать ошибаться вырастать жалеть
Lermontov,Zeta,24,ADJ,пустой сырой чуждый южный богатый больной должный минувший горький жалкий
Lermontov,Zeta,24,NOUN,человек желание голова гора честь край остальное отзыв песок прощение
Lermontov,Zeta,24,VERB,находить хотеть бояться пойти послушать улетать висеть гореть обещать страдать
Lermontov,Zeta,25,ADJ,сырой пустой странный голубой грустный женский спокойный чудный жестокий недвижный
Lermontov,Zeta,25,NOUN,вид мольба пора конь гора страдание волна голос холм блаженство
Lermontov,Zeta,25,VERB,бояться смотреть хранить взять гнать обманывать позабывать селить уносить отгадывать
Lermontov,Zeta,26,ADJ,чуждый сырой густой большой бледный должный видный женский пылкий странный
Lermontov,Zeta,26,NOUN,могила взор прах свет взгляд враг миг добро красота маска
Lermontov,Zeta,26,VERB,забывать мочь клясться раздаваться страдать обманывать пускаться бить вздрагивать прочитывать
Lermontov,Zeta,27,ADJ,чуждый виноватый задумчивый странный злобный пламенный горячий единый жадный шелковый
Lermontov,Zeta,27,NOUN,земля окно мир счастие ряд дверь одежда скала смех рука
Lermontov,Zeta,27,VERB,привыкать покрывать погубить одевать раздаваться дорожить звать уметь знать сказать
Lermontov,Zeta,28,ADJ,чужой невольный небесный странный тусклый могучий неземной опасный ровный немой
Lermontov,Zeta,28,NOUN,скала толпа мечта зло мука окно пуля тайна черкес шум
Lermontov,Zeta,28,VERB,встречать бежать подымать садиться нестись спорить погружать привлекать решаться синеть
Lermontov,Zeta,29,ADJ,недвижимый полночный старинный бледный ночной поздний боевой красный крутой ничтожный
Lermontov,Zeta,29,NOUN,шум взор бой жена закон злодей огонь смех ковер пень
Lermontov,Zeta,29,VERB,верить садиться трепетать хранить изменять сделать синеть потерять сметь прощать
Lermontov,Zeta,30,ADJ,последний большой златой великий дикий серый тесный губернский достойный летучий
Lermontov,Zeta,30,NOUN,право голова ангел конь змея листок нога черкес любовь желание
Lermontov,Zeta,30,VERB,помнить понимать плакать приходить гибнуть наставать привыкать пронзать садиться ожидать
Lermontov,Zeta,31,ADJ,чужой чудный пламенный крутой пустынный ранний недовольный зубчатый студеный ночной
Lermontov,Zeta,31,NOUN,черкес пора смерть гора измаил конец песня зверь отчаяние пустыня
Lermontov,Zeta,31,VERB,селить отдавать прощать сидеть отдыхать вздрагивать убивать жалеть звучать открывать
Lermontov,Zeta,32,ADJ,хладный старый дорогой ничтожный старинный близкий любимый сырой тяжелый могучий
Lermontov,Zeta,32,NOUN,край дом снег боец веселие зло след жизнь грудь мечта
Lermontov,Zeta,32,VERB,любить умирать сделать увянуть брать ошибаться послушать привыкать рассказывать играть
Lermontov,Zeta,33,ADJ,прежний чуждый безумный трепетный великий звучный напрасный черкесский пустой высокий
Lermontov,Zeta,33,NOUN,князь отец черкес ангел степь стон ночь час пора толпа
Lermontov,Zeta,33,VERB,взять отвечать оставлять сметь изменять спать прощать садиться слыхать уметь
Lermontov,Zeta,34,ADJ,сырой былой вольный суровый мирный невозвратный невольный подобный ребяческий схожий
Lermontov,Zeta,34,NOUN,алла голова заря змея князь крик мысль скала след конь
Lermontov,Zeta,34,VERB,хотеть встречать внимать дрожать желать хранить бояться восходить выходить просить
Lermontov,Zeta,35,ADJ,кровавый мятежный седой чудный тягостный целый юный счастливый тайный грозный
Lermontov,Zeta,35,NOUN,лист желание море мука дорога заря том черкес день судьба
Lermontov,Zeta,35,VERB,думать ударять покрывать рожать послушать уверять мочь понимать приносить расти
Lermontov,Zeta,36,ADJ,серый хладный безумный мрачный грозный ужасный вольный косматый мягкий краткий
Lermontov,Zeta,36,NOUN,берег слеза смерть дар образ черкес небо бог судьба счастие
Lermontov,Zeta,36,VERB,хотеть садиться исчезать шуметь погибать подымать пронзать мчаться постигать презирать
Lermontov,Zeta,37,ADJ,странный туманный пустой младой длинный прежний хладный чудесный тайный блаженный
Lermontov,Zeta,37,NOUN,след враг счастие чело лицо смерть встреча жена гроб дело
Lermontov,Zeta,37,VERB,бродить послушать увидеть изменять презирать играть смеяться мочь забывать узнавать
Lermontov,Zeta,38,ADJ,сырой слабый ужасный старый хороший близкий глухой ледяной резвый синий
Lermontov,Zeta,38,NOUN,змея нога счастие доктор камень куст пустыня страдание небо любовь
Lermontov,Zeta,38,VERB,плакать встречаться смотреть бежать скользить качать мчаться склоняться мочь лежать
Lermontov,Zeta,39,ADJ,должный странный одаренный гордый пустой неземной синий богатый виноватый сырой
Lermontov,Zeta,39,NOUN,время честь конец огонь час дева добро буря плечо страна
Lermontov,Zeta,39,VERB,покрывать блуждать желать прочитывать блеснуть окружать отвечать отыскивать просить становиться
Lermontov,Zeta,40,ADJ,подобный старый длинный рад ужасный холодный большой густой тяжелый вольный
Lermontov,Zeta,40,NOUN,уста окно толпа мысль нога страна месяц язык пора глаз
Lermontov,Zeta,40,VERB,казаться кипеть слышать спать забываться клясться убивать уметь сжимать склоняться
Lermontov,Zeta,41,ADJ,незримый бледный чужой суровый былой мертвый старинный печальный глубокий пустой
Lermontov,Zeta,41,NOUN,край стрела тело том звезда молитва черкес грудь мир рука
Lermontov,Zeta,41,VERB,слушать блистать садиться спешить блестеть дрожать пролететь расставаться хотеть ждать
Lermontov,Zeta,42,ADJ,синий седой былой бедный надменный роковой булатный слышный сырой бешеный
Lermontov,Zeta,42,NOUN,земля взор жена взгляд право грядущее зло плечо рука грудь
Lermontov,Zeta,42,VERB,бежать упасть блестеть лежать приходить виться являться блеснуть внимать скользить
Lermontov,Zeta,43,ADJ,богатый коварный готовый сырой странный женский заботливый задумчивый согбенный степной
Lermontov,Zeta,43,NOUN,звук старик земля отец огонь бой света след судьба небо
Lermontov,Zeta,43,VERB,бросать шептать встречать ведать грызть замечать испытывать ненавидеть убивать любить
Lermontov,Zeta,44,ADJ,пустой нежный ужасный быстрый бездушный былой дорогой маленький мутный пасмурный
Lermontov,Zeta,44,NOUN,песня кровь раз зара звук камень страдание боец добыча закон
Lermontov,Zeta,44,VERB,встречать казаться пойти сверкать увидать уносить лежать мочь хотеть ждать
Lermontov,Zeta,45,ADJ,сребристый холодный мятежный должный краткий туманный железный неумолимый последний чужой
Lermontov,Zeta,45,NOUN,облако смерть правда уста красавица света страдание трава бремя вой
Lermontov,Zeta,45,VERB,понимать оставаться плакать спать блуждать постигать провожать селить беречься ударять
Lermontov,Zeta,46,ADJ,прошлый дальний дорогой истинный одинокий славянский дикий последний печальный белый
Lermontov,Zeta,46,NOUN,страдание страх черкес власть звук смерть забота князь снег том
Lermontov,Zeta,46,VERB,просить упасть объять покрывать любить глядеть узнавать искать прощать смеяться
Lermontov,Zeta,47,ADJ,должный божий страшный морской сырой бесплодный мятежный целый враждебный добрый
Lermontov,Zeta,47,NOUN,желание дума страх час слово страсть русский вадим облако сад
Lermontov,Zeta,47,VERB,искать иметь одевать клясться посмотреть прыгать случаться узнавать спать взять
Lermontov,Zeta,48,ADJ,женатый последний бледный крутой детский занятый виноватый опасный студеный нежный
Lermontov,Zeta,48,NOUN,страдание черкес толпа голова ряд след ангел битва дама природа
Lermontov,Zeta,48,VERB,селить играть бродить оставаться поверять тесниться услышать гореть пылать расти
Lermontov,Zeta,49,ADJ,невинный бледный большой одинокий дорогой минувший виновный послушный простой смущенный
Lermontov,Zeta,49,NOUN,страсть человек конец год внимание волос мир гора кровь облако
Lermontov,Zeta,49,VERB,звать покрывать презирать погибать селить смеяться отвечать помнить слыхать изменяться
Lermontov,Zeta,50,ADJ,злой холодный бесплодный женский большой старинный страстный туманный безмолвный длинный
Lermontov,Zeta,50,NOUN,глаз зло крик беда дыхание закон след край песня гора
Lermontov,Zeta,50,VERB,взглядывать селить страдать упасть узнавать слышать находить убивать спешить любить
Lermontov,Zeta,51,ADJ,белый видный хладный старый мрачный синий хороший большой беззаботный воздушный
Lermontov,Zeta,51,NOUN,колено ряд конь час человек стих глаз мундир рассказ земля
Lermontov,Zeta,51,VERB,желать подымать верить прощать проходить слезать белеть иметь выходить поклясться
Lermontov,Zeta,52,ADJ,должный недвижимый пышный сырой старый тайный близкий гибельный небрежный серебряный
Lermontov,Zeta,52,NOUN,мука гора дочь отец позор пустыня раз добро кинжал конь
Lermontov,Zeta,52,VERB,узнавать упасть глядеть прощать погибать выходить заставлять изменять ласкать скрываться
Lermontov,Zeta,53,ADJ,ужасный хладный нежный голубой хороший подобный прощальный лихой неземной приветный
Lermontov,Zeta,53,NOUN,час женщина луч рок смерть тоска звезда старик блаженство дым
Lermontov,Zeta,53,VERB,проходить подходить склоняться биться понимать селить уставать клясться привыкать тесниться
Lermontov,Zeta,54,ADJ,темный целый печальный больной жестокий желтый медный пасмурный глубокий гордый
Lermontov,Zeta,54,NOUN,лицо сын голова мука прах проклятие том зверь лакей птица
Lermontov,Zeta,54,VERB,увидеть бояться скакать трепетать благодарить клясться решаться оставлять блестеть отвечать
Lermontov,Zeta,55,ADJ,близкий младой чужой крутой чуждый пустой странный сонный измятый мягкий
Lermontov,Zeta,55,NOUN,снег тень раз цвет речь дело труд блаженство конец муж
Lermontov,Zeta,55,VERB,убивать смотреть держать думать чернеть отыскивать проникать страшиться томить ждать
Lermontov,Zeta,56,ADJ,дорогой блаженный должный ночной бедный одинокий летучий ничтожный осенний роскошный
Lermontov,Zeta,56,NOUN,толпа буря зло конь смерть берег волнение звезда камень нога
Lermontov,Zeta,56,VERB,хранить изменять отдавать виться звать писать висеть делить жалеть замечать
Lermontov,Zeta,57,ADJ,вольный рад новый простой глубокий летучий бесполезный громкий белый бледный
Lermontov,Zeta,57,NOUN,скала пора чувство желание игра крест месяц день чело лицо
Lermontov,Zeta,57,VERB,отвечать делать прощать понимать молчать помогать молиться обманывать осмеивать потерять
Lermontov,Zeta,58,ADJ,сухой чужой глубокий тайный туманный недвижимый седой серый детский жестокий
Lermontov,Zeta,58,NOUN,время пора счастие взгляд дума камень волнение мучение ряд снег
Lermontov,Zeta,58,VERB,хотеть выходить проводить пугать спорить уметь потерять тесниться глядеть кидать
Lermontov,Zeta,59,ADJ,свежий бледный синий ужасный крутой сырой напрасный видный женский зубчатый
Lermontov,Zeta,59,NOUN,куст час год грудь отец брат мысль скала слеза страна
Lermontov,Zeta,59,VERB,спрашивать изменять лежать звенеть погасать бить верить отворять сглаживать видеть
Lermontov,Zeta,60,ADJ,голубой большой последний сырой слабый странный коварный краткий минувший могильный
Lermontov,Zeta,60,NOUN,шум блеск гора смерть дверь отец песня вечность волнение песок
Lermontov,Zeta,60,VERB,умирать находить тревожить ложиться молиться приходить желать садиться волновать клясться
Lermontov,Zeta,61,ADJ,широкий вечный нежный хладный сырой золотой чудный безумный удалой дикий
Lermontov,Zeta,61,NOUN,нога любовь счастие царь дверь мука окно воин дума отец
Lermontov,Zeta,61,VERB,молвить ждать мчаться взглядывать гнать приносить проникать находить стоять умирать
Lermontov,Zeta,62,ADJ,готовый шумный подобный простой детский желтый небрежный поздний покорный рад
Lermontov,Zeta,62,NOUN,дева ночь вой добро минута том холм слово человек кровь
Lermontov,Zeta,62,VERB,пройти казаться упасть постигать томить видать гнуться звучать обнимать приковывать
Lermontov,Zeta,63,ADJ,крутой сырой длинный злобный знойный преданный сердечный нежный мрачный глубокий
Lermontov,Zeta,63,NOUN,кровь ночь волна окно вершина луч куст страдание битва врата
Lermontov,Zeta,63,VERB,обманывать являться бродить рожать умирать бояться бывать звенеть отдыхать знать
Lermontov,Zeta,64,ADJ,нежный должный спокойный вольный волнистый кулачный открытый отчаянный родной дикий
Lermontov,Zeta,64,NOUN,страсть земля сила слеза глаз окно страдание мгла старик двор
Lermontov,Zeta,64,VERB,казаться обманывать узнавать лежать приносить раздаваться блистать смеяться цвести мочь
Lermontov,Zeta,65,ADJ,верный лукавый серебряный известный скучный краткий купеческий родной мирный темный
Lermontov,Zeta,65,NOUN,звук надежда тень весть орел позор черкешенка жизнь час глаз
Lermontov,Zeta,65,VERB,узнавать понимать клясться приходить восходить рассказывать кончать молиться чернеть мочь
Lermontov,Zeta,66,ADJ,крутой синий спокойный грешный дальний детский тесный зеленый румяный усталый
Lermontov,Zeta,66,NOUN,князь уста вечность иван мила саша снег любовь волна след
Lermontov,Zeta,66,VERB,селить взглядывать взять белеть находить рождаться скрыпивать смеяться жить оставлять
Lermontov,Zeta,67,ADJ,сырой роковой гордый тайный крутой хороший целый странный достойный сонный
Lermontov,Zeta,67,NOUN,образ гора след дева степь тоска гроза яд взгляд голова
Lermontov,Zeta,67,VERB,стоять позабывать звенеть погасать погибать презирать бить ласкать пить приводить
Lermontov,Zeta,68,ADJ,людской последний старый широкий седой мертвый смертельный сырой дымный летучий
Lermontov,Zeta,68,NOUN,страдание око желание тень жена имя лист туман гроб мука
Lermontov,Zeta,68,VERB,бродить склоняться селить поверять прощать сидеть желать хотеться любить хотеть
Lermontov,Zeta,69,ADJ,буйный простой быстрый детский крутой медный подобный ядовитый гладкий давний
Lermontov,Zeta,69,NOUN,жена мука окно алтарь измаил куст пустыня ряд тысяча звук
Lermontov,Zeta,69,VERB,презирать шутить искать привыкать уставать зажигать объять помнить садиться жить
Lermontov,Zeta,70,ADJ,дальний прежний длинный слабый модный ничтожный скучный коварный лазурный студеный
Lermontov,Zeta,70,NOUN,печаль тоска цвет снег страсть брег взгляд жена зависть кровля
Lermontov,Zeta,70,VERB,склонять мчаться думать спорить спрашивать веровать дышать нисходить показываться поражать
Lermontov,Zeta,71,ADJ,черный хладный длинный простой былой желтый детский неведомый несчастный одинокий
Lermontov,Zeta,71,NOUN,мысль скала демон страсть мучение цвет земля взор жизнь грудь
Lermontov,Zeta,71,VERB,спасать видать умирать блеснуть погибать изменять одевать проникать взять смотреть
Lermontov,Zeta,72,ADJ,вольный вечный длинный чистый золотой сырой дорогой пламенный видный зеленый
Lermontov,Zeta,72,NOUN,грудь человек дом нога сон образ тирза счастие толпа земля
Lermontov,Zeta,72,VERB,дрожать трещать смотреть бояться склонять отдыхать прощать утешать чернеть заснуть
Lermontov,Zeta,73,ADJ,ночной пустой голубой гремучий бездушный краткий беспечный бесчувственный завистливый злобный
Lermontov,Zeta,73,NOUN,жизнь туман вид черкес старик степь дом разлука сомнение шутка
Lermontov,Zeta,73,VERB,молчать желать раздаваться звать бояться осуждать губить искать молить сходить
Lermontov,Zeta,74,ADJ,длинный туманный глухой бесплодный взаимный голый дымный обидный прибрежный земной
Lermontov,Zeta,74,NOUN,час гора страсть человек звук путь слово ум цепь воля
Lermontov,Zeta,74,VERB,желать позабывать прощать помогать таиться вздрагивать обманывать проводить скрывать сходить
Lermontov,Zeta,75,ADJ,хладный грозный прежний большой великий бездушный зубчатый невозвратный поздний странный
Lermontov,Zeta,75,NOUN,мука раз снег струя речь ангел глаз иван лист цепь
Lermontov,Zeta,75,VERB,селить послушать звучать обнимать дивиться достигать дымиться мниться подымать жить
Lermontov,Zeta,76,ADJ,голубой злой красный бледный длинный пылкий больной дальний крутой отдаленный
Lermontov,Zeta,76,NOUN,волна конь нога враг измаил меч уста воин дверь ложе
Lermontov,Zeta,76,VERB,понимать вставать искать обманывать просить прыгать являться мочь находить иметь
Lermontov,Zeta,77,ADJ,прежний глубокий земной готовый холодный слепой золотой одинокий каменный резвый
Lermontov,Zeta,77,NOUN,глаз слеза мука слово чело голос нога девица жена горе
Lermontov,Zeta,77,VERB,открывать обманывать просить убивать держать отдыхать шутить стоять понимать сметь
Lermontov,Zeta,78,ADJ,серый прежний лукавый страшный недвижимый неопытный прощальный сердечный роковой печальный
Lermontov,Zeta,78,NOUN,ответ брат враг изгнанник печаль грусть казнь рай святыня снег
Lermontov,Zeta,78,VERB,плакать прощать смотреть спать верить постигать спрашивать хранить хотеть оставлять
Lermontov,Zeta,79,ADJ,гордый нежный длинный коварный грешный пышный неведомый сухой новый жестокий
Lermontov,Zeta,79,NOUN,кровь миг облако ум звук слово образ вид дом привет
Lermontov,Zeta,79,VERB,бояться лететь скрываться носить позабывать селить умирать вести взирать входить
Lermontov,Zeta,80,ADJ,готовый должный одинокий гладкий огнистый скучный слабый сырой последний страшный
Lermontov,Zeta,80,NOUN,ночь речь глаз час ужас браслет восторг право след смех
Lermontov,Zeta,80,VERB,прочитывать потерять катиться отдыхать забывать искать сметь играть уснуть озарять
Lermontov,Zeta,81,ADJ,далекий жестокий былой дневной вольный восточный роковой малый узкий немой
Lermontov,Zeta,81,NOUN,сын звук земля человек тоска волнение степь взор рука мечта
Lermontov,Zeta,81,VERB,обманывать поверять взять решаться оставлять слышать одевать отдавать помнить выходить
Lermontov,Zeta,82,ADJ,пылкий длинный ужасный голубой тесный синий подобный поздний усталый бледный
Lermontov,Zeta,82,NOUN,глаз страдание миг тень арбенин вечер гора год око лицо
Lermontov,Zeta,82,VERB,исчезать мочь находить идти казаться приходить плакать садиться убивать дымиться
Lermontov,Zeta,83,ADJ,хладный последний ночной пламенный должный ничтожный больной красный лукавый глупый
Lermontov,Zeta,83,NOUN,голос облако луч речь вздох место нож солнце утро звук
Lermontov,Zeta,83,VERB,хотеть спать умирать хранить садиться бить жалеть посылать привыкать блестеть
Lermontov,Zeta,84,ADJ,сырой пылкий большой пустой достойный подобный длинный туманный хороший безвестный
Lermontov,Zeta,84,NOUN,глаз слово раз брат змея конец ряд след честь звук
Lermontov,Zeta,84,VERB,селить вздыхать смеяться желать клясться оставлять уснуть блуждать стоять греметь
Lermontov,Zeta,85,ADJ,ночной злой большой серый опасный безумный близкий дерзкий женский степной
Lermontov,Zeta,85,NOUN,земля грудь глава звук глаз нога страдание ангел арсений боец
Lermontov,Zeta,85,VERB,узнавать покрывать сметь селить скрываться угасать упасть стоять хотеть говорить
Lermontov,Zeta,86,ADJ,поздний большой белый гордый верный широкий женский сырой небесный бледный
Lermontov,Zeta,86,NOUN,звук женщина могила дева скала саша черкес месяц француз холм
Lermontov,Zeta,86,VERB,желать ждать встречать приходить проходить блистать взглядывать благодарить мчаться пленять
Lermontov,Zeta,87,ADJ,мутный ранний крутой серый старый минувший открытый синий железный краткий
Lermontov,Zeta,87,NOUN,звук конь цепь москва сожаление степь око рука брат край
Lermontov,Zeta,87,VERB,изменять решаться оставлять сметь оставаться посылать венчать дорожить избавлять презирать
Lermontov,Zeta,88,ADJ,чудный русский туманный ужасный старый прозрачный грязный давний единый крайний
Lermontov,Zeta,88,NOUN,раб человек раз страсть рука восток глупец казак брат зло
Lermontov,Zeta,88,VERB,отдавать привыкать решаться уметь глядеть обещать обманывать помнить показывать послушать
Lermontov,Zeta,89,ADJ,неведомый темный роковой суровый сырой косматый краткий крутой пасмурный ночной
Lermontov,Zeta,89,NOUN,честь гора битва голос холм бой вершина волна прах речь
Lermontov,Zeta,89,VERB,умирать стоять встречать звать понимать погибать предавать благодарить дождаться кинуть
Lermontov,Zeta,90,ADJ,жестокий красный рад хороший жаркий бледный былой лукавый опасный последний
Lermontov,Zeta,90,NOUN,мука отец пора дым имя поцелуй укор взор голос камень
Lermontov,Zeta,90,VERB,верить садиться сметь смотреть оставаться оставлять склонять слыхать убивать казнить
Lermontov,Zeta,91,ADJ,чужой слабый широкий жалкий женский долгий златой злобный мирный седой
Lermontov,Zeta,91,NOUN,отец луч чувство гора пора сын мгновение мука право сердце
Lermontov,Zeta,91,VERB,искать презирать бежать приходить раздаваться слушать страдать обвинять стоять находить
Lermontov,Zeta,92,ADJ,прежний пустой правый дорогой чудный лихой удалой лукавый незнакомый пасмурный
Lermontov,Zeta,92,NOUN,тень страсть дева слава стыд ум позор юность луна ступень
Lermontov,Zeta,92,VERB,смотреть блестеть вставать клясться обманывать позабывать раздаваться уметь открывать селить
Lermontov,Zeta,93,ADJ,белый синий спокойный видный минутный недалекий старый удалой цветной темный
Lermontov,Zeta,93,NOUN,огонь удар время гром желание ружье творец тирза холм человек
Lermontov,Zeta,93,VERB,отдавать погибать исчезать висеть создавать глядеть искать узнавать умирать привыкать
Lermontov,Zeta,94,ADJ,невинный туманный сырой должный печальный слабый серебряный беспокойный грешный красный
Lermontov,Zeta,94,NOUN,человек око край скала ветвь стих луч месть нога снег
Lermontov,Zeta,94,VERB,бродить селить погибать потерять слыхать знать мочь желать прощать сидеть
Lermontov,Zeta,95,ADJ,бедный большой должный печальный хладный мертвый пламенный жалкий лазурный гордый
Lermontov,Zeta,95,NOUN,шум миг сон лицо мысль стыд жена могила русский гора
Lermontov,Zeta,95,VERB,узнавать бояться увидать краснеть подымать звать желать упасть бродить пылать
Lermontov,Zeta,96,ADJ,должный холодный чуждый рад волшебный синий малый опасный серый странный
Lermontov,Zeta,96,NOUN,колено человек степь туча старик веселие долина призрак русский тишина
Lermontov,Zeta,96,VERB,сидеть дышать возвращать кидать опускать селить ждать хранить казаться желать
Lermontov,Zeta,97,ADJ,умный сырой должный людской вдохновенный простой достойный женский летучий ложный
Lermontov,Zeta,97,NOUN,толпа конь страдание буря мука герой голова жена ковер конец
Lermontov,Zeta,97,VERB,вставать взять оставаться дышать раздаваться медлить отдавать понимать уснуть смотреть
Lermontov,Zeta,98,ADJ,печальный вечерний угрюмый бедный должный крутой прощальный безмолвный людской прошлый
Lermontov,Zeta,98,NOUN,казак стена кровь путь человек страна жалость цвет гора ночь
Lermontov,Zeta,98,VERB,блеснуть сидеть взглядывать поверять обещать узнавать говорить понимать смотреть дрожать
Lermontov,Zeta,99,ADJ,сырой беспокойный шелковый подобный удалой гордый злой пустой роковой страшный
Lermontov,Zeta,99,NOUN,слово юноша кровь песня злодей снег яд браслет вино восток
Lermontov,Zeta,99,VERB,одевать погибать рассказывать встречать выходить пылать хотеть бояться сметь понимать
Lermontov,Zeta,100,ADJ,золотой холодный страшный темный старый былой серый минувший хороший родимый
Lermontov,Zeta,100,NOUN,злодей отец рок черкес страсть песня стон дева могила надежда
Lermontov,Zeta,100,VERB,смеяться уметь молчать проводить прощать тесниться значить омрачать утешать хотеть
Baratynsky,Guiraud,1,ADJ,елецкий финский едкий безжизненный мирской похожий ветренный недавний неловкий признательный
Baratynsky,Guiraud,1,NOUN,нина сара царевна цыганка княгиня ниэта декабрь парнасс выражение пища
Baratynsky,Guiraud,1,VERB,дивиться стучаться властвовать довериться переменять разуметь слыть даровать обретать бесить
Baratynsky,Guiraud,2,ADJ,елецкий болезненный нескромный способный безжизненный вседневный дольный затейливый недавний неловкий
Baratynsky,Guiraud,2,NOUN,сара эда ниэта цыганка княгиня арсений класс царевна макар нина
Baratynsky,Guiraud,2,VERB,бесить осмеливаться согнать предавать властвовать возлегать доверяться миновать пророчить слыть
Baratynsky,Guiraud,3,ADJ,елецкий болезненный досадный тупой дряхлый мудреный незнаемый приветливый признательный блистательный
Baratynsky,Guiraud,3,NOUN,сара нина эда увлечение арсений класс макар грот дуброва полнота
Baratynsky,Guiraud,3,VERB,даровать получать угождать уезжать шататься обретать взлелеять выражать навещать бесить
Baratynsky,Guiraud,4,ADJ,елецкий финский досадный своевольный древесный бесплодный людской бестолковый мудреный насмешливый
Baratynsky,Guiraud,4,NOUN,сара эда нина макар зораида цапля декабрь ниэта гусар недоумение
Baratynsky,Guiraud,4,VERB,наставлять предвидеть навещать вверяться взрывать доверяться наблюдать нисходить нравиться разуметь
Baratynsky,Guiraud,5,ADJ,елецкий финский способный ревнивый дружеский светский убогий опасный ветренный вседневный
Baratynsky,Guiraud,5,NOUN,сара класс цыганка царевна увлечение макар зораида цапля дарование шалун
Baratynsky,Guiraud,5,VERB,качать бесить наблюдать наставлять согнать стучаться представать взрывать довериться побрести
Baratynsky,Guiraud,6,ADJ,елецкий способный финский разгульный болезненный вседневный мудреный насмешливый недавний неловкий
Baratynsky,Guiraud,6,NOUN,нина сара эда арсений цыганка класс парнасс макар дарование княгиня
Baratynsky,Guiraud,6,VERB,навещать заставать угождать доходить побрести слыть шататься надеяться наскучивать обретать
Baratynsky,Guiraud,7,ADJ,елецкий лицый способный своенравный бестолковый ветренный мудреный неловкий пристойный старательный
Baratynsky,Guiraud,7,NOUN,сара макар цыганка нина ниэта эда зораида княгиня шалость шалун
Baratynsky,Guiraud,7,VERB,навещать обретать согнать стучаться избирать властвовать статься уезжать представать болтать
Baratynsky,Guiraud,8,ADJ,елецкий досадный финский пасмурный цветущий людской бестолковый дольный древесный затейливый
Baratynsky,Guiraud,8,NOUN,сара макар эда класс резец цапля ниэта арсений цыганка декабрь
Baratynsky,Guiraud,8,VERB,соединять обретать осмеливаться навещать сжимать бесить взрывать возлегать искушать отряхивать
Baratynsky,Guiraud,9,ADJ,елецкий своевольный лицый способный финский бестолковый вседневный доступный незнаемый опытный
Baratynsky,Guiraud,9,NOUN,эда сара арсений макар цыганка ниэта декабрь класс парнасс старушка
Baratynsky,Guiraud,9,VERB,навещать выражать осмеливаться согнать взрывать властвовать возлегать побрести сердиться слыть
Baratynsky,Guiraud,10,ADJ,елецкий болезненный финский досадный давний своенравный своевольный безжизненный ветренный виноватый
Baratynsky,Guiraud,10,NOUN,сара цыганка эда нина декабрь класс спасибо увлечение царевна макар
Baratynsky,Guiraud,10,VERB,угождать взрывать властвовать ласкаться останавливаться статься соединять представать заставать наблюдать
Baratynsky,Guiraud,11,ADJ,елецкий досадный безжизненный открытый людской дольный неловкий пристойный умиленный язвительный
Baratynsky,Guiraud,11,NOUN,сара нина арсений цыганка эда зораида резец княгиня ниэта отрава
Baratynsky,Guiraud,11,VERB,владеть даровать бесить наставлять осмеливаться отводить представать возлегать наблюдать отряхивать
Baratynsky,Guiraud,12,ADJ,елецкий финский рассеянный светский лицый случайный опасный равнодушный нескромный докучный
Baratynsky,Guiraud,12,NOUN,сара нина эда шалость класс царевна цыганка парнасс зораида размышление
Baratynsky,Guiraud,12,VERB,обретать наблюдать осмеливаться отводить угождать довериться искушать наставлять нравиться приманивать
Baratynsky,Guiraud,13,ADJ,елецкий болезненный лицый людской светский нужный бестолковый ветренный записной затейливый
Baratynsky,Guiraud,13,NOUN,нина сара макар ниэта шалость цыганка эда зораида шалун царевна
Baratynsky,Guiraud,13,VERB,осмеливаться соединять возлегать довериться искушать отряхивать платить уезжать упадать выражать
Baratynsky,Guiraud,14,ADJ,елецкий болезненный финский модный светский бестолковый незнаемый опытный признательный нескромный
Baratynsky,Guiraud,14,NOUN,сара нина эда ниэта шалость цыганка макар декабрь парнасс увлечение
Baratynsky,Guiraud,14,VERB,наскучивать обретать заставать наблюдать согнать стучаться довериться зашуметь отряхивать статься
Baratynsky,Guiraud,15,ADJ,елецкий тупой людской финский нужный вседневный затейливый мудреный насмешливый недавний
Baratynsky,Guiraud,15,NOUN,сара нина арсений эда парнасс увлечение макар шалость класс цыганка
Baratynsky,Guiraud,15,VERB,наставлять осмеливаться согнать выражать отряхивать побрести приманивать слыть уезжать наскучивать
Baratynsky,Guiraud,16,ADJ,елецкий болезненный лицый небрежный протяжный самолюбивый своенравный светский давний вседневный
Baratynsky,Guiraud,16,NOUN,сара шалун цыганка арсений класс нина эда вера парнасс размышление
Baratynsky,Guiraud,16,VERB,навещать обретать болтать согнать даровать доверяться платить разуметь шататься выражать
Baratynsky,Guiraud,17,ADJ,елецкий своевольный зимний досадный финский безжизненный способный светский ревнивый затейливый
Baratynsky,Guiraud,17,NOUN,сара арсений нина эда ниэта декабрь макар класс княгиня шалун
Baratynsky,Guiraud,17,VERB,возводить осмеливаться доверяться отряхивать побрести разуметь угождать обретать надеяться испытывать
Baratynsky,Guiraud,18,ADJ,елецкий болезненный финский своевольный своенравный людской ветренный мудреный опытный признательный
Baratynsky,Guiraud,18,NOUN,сара арсений класс макар царевна цыганка нина увлечение дядя размышление
Baratynsky,Guiraud,18,VERB,даровать бесить угождать возлегать восхищать довериться доверяться наставлять отряхивать приманивать
Baratynsky,Guiraud,19,ADJ,елецкий протяжный способный финский беззаботный зримый лицый небрежный похожий бестолковый
Baratynsky,Guiraud,19,NOUN,эда сара нина арсений шалун декабрь ниэта цыганка класс макар
Baratynsky,Guiraud,19,VERB,представать обретать довериться побрести шататься наскучивать даровать приводить наблюдать оскорблять
Baratynsky,Guiraud,20,ADJ,елецкий болезненный досадный способный финский древесный тупой дольний дольный мудреный
Baratynsky,Guiraud,20,NOUN,сара эда макар класс царевна италия цыганка любимый пустяк грот
Baratynsky,Guiraud,20,VERB,бесить заставать наблюдать наставлять навещать отряхивать побрести сердиться устрашать надеяться
Baratynsky,Guiraud,21,ADJ,елецкий безжизненный зримый рассеянный светский ветренный мудреный неловкий приветливый старательный
Baratynsky,Guiraud,21,NOUN,эда нина сара цыганка макар декабрь класс зораида цапля бал
Baratynsky,Guiraud,21,VERB,выражать бесить стучаться даровать вверяться взрывать нисходить побрести приставать слыть
Baratynsky,Guiraud,22,ADJ,елецкий финский своевольный равнодушный бестолковый влюбленный грубый мудреный признательный пристойный
Baratynsky,Guiraud,22,NOUN,арсений эда нина сара шалость цыганка зораида размышление дарование ниэта
Baratynsky,Guiraud,22,VERB,болтать наскучивать наставлять угождать вверяться властвовать возлегать очаровывать побрести приманивать
Baratynsky,Guiraud,23,ADJ,елецкий похожий людской досадный финский древесный зримый насмешливый неловкий пристойный
Baratynsky,Guiraud,23,NOUN,сара нина класс эда ниэта макар княгиня шалость арсений увлечение
Baratynsky,Guiraud,23,VERB,являть приводить осмеливаться отводить смыкать вверяться отряхивать побрести шататься обретать
Baratynsky,Guiraud,24,ADJ,елецкий финский опасный ревнивый вседневный недавний привычный старательный болезненный разгульный
Baratynsky,Guiraud,24,NOUN,класс цыганка сара нина княгиня ниэта шалость макар эда арсений
Baratynsky,Guiraud,24,VERB,обретать даровать заставать наблюдать осмеливаться предвидеть навещать взрывать властвовать побрести
Baratynsky,Guiraud,25,ADJ,елецкий досадный способный чуткий болезненный своевольный зримый похожий нужный недавний
Baratynsky,Guiraud,25,NOUN,арсений княгиня сара макар эда нина класс цапля декабрь цыганка
Baratynsky,Guiraud,25,VERB,обретать наставлять властвовать нравиться приставать устрашать надеяться продолжать навещать бесить
Baratynsky,Guiraud,26,ADJ,елецкий досадный ревнивый болезненный древесный светский опасный бестолковый дольный затейливый
Baratynsky,Guiraud,26,NOUN,сара класс цыганка дарование эда декабрь нина царевна дядя зораида
Baratynsky,Guiraud,26,VERB,навещать согнать приводить властвовать искушать переменять слыть уезжать хладеть обретать
Baratynsky,Guiraud,27,ADJ,елецкий финский лицый небрежный способный похожий ветренный вседневный дольный отеческий
Baratynsky,Guiraud,27,NOUN,сара эда ниэта парнасс нина класс любимый резец цапля шалость
Baratynsky,Guiraud,27,VERB,избирать наблюдать согнать стучаться восхищать доверяться отряхивать побрести приманивать разуметь
Baratynsky,Guiraud,28,ADJ,досадный лицый болезненный светский финский бестолковый лишний незнаемый умиленный нужный
Baratynsky,Guiraud,28,NOUN,эда сара макар арсений класс нина декабрь цыганка парнасс старушка
Baratynsky,Guiraud,28,VERB,переходить даровать властвовать доверяться искушать побрести статься успокаивать попадать решать
Baratynsky,Guiraud,29,ADJ,елецкий своенравный финский нужный вседневный дольный затейливый мудреный недавний приветливый
Baratynsky,Guiraud,29,NOUN,сара эда цыганка декабрь арсений парнасс класс нина резец княгиня
Baratynsky,Guiraud,29,VERB,навещать обретать болтать наставлять согнать стучаться бесить властвовать ласкаться наливать
Baratynsky,Guiraud,30,ADJ,елецкий своевольный финский досадный способный людской безжизненный ветхий своенравный бестолковый
Baratynsky,Guiraud,30,NOUN,нина сара макар царевна цыганка арсений ниэта шалость эда безумец
Baratynsky,Guiraud,30,VERB,даровать бесить болтать заставать осмеливаться стучаться воздавать довериться ласкаться отряхивать
Baratynsky,Guiraud,31,ADJ,елецкий своевольный болезненный безжизненный грубый смутный бестолковый ветренный вседневный мудреный
Baratynsky,Guiraud,31,NOUN,сара макар эда княгиня нина парнасс цыганка зораида бал грот
Baratynsky,Guiraud,31,VERB,обретать наблюдать осмеливаться угождать сжимать выражать даровать отряхивать переменять статься
Baratynsky,Guiraud,32,ADJ,елецкий финский болезненный чуткий безжизненный небрежный бестолковый мудреный насмешливый похожий
Baratynsky,Guiraud,32,NOUN,нина класс макар цыганка сара ниэта арсений эда царевна парнасс
Baratynsky,Guiraud,32,VERB,сжимать болтать наблюдать осмеливаться стучаться приманивать произносить успокаивать возмущать даровать
Baratynsky,Guiraud,33,ADJ,елецкий досадный довольный финский древесный похожий бестолковый вседневный дольный мудреный
Baratynsky,Guiraud,33,NOUN,нина сара эда класс княгиня цыганка декабрь арсений парнасс зораида
Baratynsky,Guiraud,33,VERB,бесить отводить согнать стучаться угождать восхищать доверяться переменять статься надеяться
Baratynsky,Guiraud,34,ADJ,елецкий болезненный финский досадный лицый способный ветренный виноватый дольный заметный
Baratynsky,Guiraud,34,NOUN,сара эда ниэта арсений палец нина судьбина макар зораида пустяк
Baratynsky,Guiraud,34,VERB,бесить радовать согнать искушать отряхивать переменять разуметь навещать являть даровать
Baratynsky,Guiraud,35,ADJ,елецкий досадный рассеянный грубый разгульный болезненный бестолковый дольний насмешливый опытный
Baratynsky,Guiraud,35,NOUN,эда сара нина цыганка княгиня шалун арсений макар увлечение выражение
Baratynsky,Guiraud,35,VERB,навещать выражать болтать осмеливаться согнать стучаться соединять являть властвовать возлегать
Baratynsky,Guiraud,36,ADJ,елецкий досадный самолюбивый способный финский людской вседневный гранитный лишний мудреный
Baratynsky,Guiraud,36,NOUN,нина цыганка эда сара арсений класс италия харита княгиня выражение
Baratynsky,Guiraud,36,VERB,наставлять возмущать властвовать восхищать искушать побрести представать заменять обретать переходить
Baratynsky,Guiraud,37,ADJ,елецкий финский способный давний древесный дольный недавний приветливый умиленный лишенный
Baratynsky,Guiraud,37,NOUN,цыганка сара княгиня эда нина макар класс старушка зораида палец
Baratynsky,Guiraud,37,VERB,представать угождать навещать возлегать доверяться отряхивать очаровывать переменять слыть уезжать
Baratynsky,Guiraud,38,ADJ,елецкий своевольный досадный способный финский опасный людской великолепный виноватый томительный
Baratynsky,Guiraud,38,NOUN,эда нина сара цыганка класс ниэта шалость царевна макар зораида
Baratynsky,Guiraud,38,VERB,согнать обретать избирать возлегать доверяться слыть навещать болтать изнемогать стучаться
Baratynsky,Guiraud,39,ADJ,елецкий способный болезненный безжизненный нужный вседневный дольный заметный мудреный неловкий
Baratynsky,Guiraud,39,NOUN,нина старушка сара шалость увлечение цыганка ниэта класс эда арсений
Baratynsky,Guiraud,39,VERB,осмеливаться выражать вверяться взрывать возлегать наливать отряхивать пророчить разуметь надеяться
Baratynsky,Guiraud,40,ADJ,елецкий светский лицый финский досадный ревнивый виноватый пристойный старательный умиленный
Baratynsky,Guiraud,40,NOUN,сара эда цыганка княгиня ниэта парнасс нина мнение шалун грот
Baratynsky,Guiraud,40,VERB,обретать болтать оскорблять осмеливаться угождать даровать навещать смыкать довериться отряхивать
Baratynsky,Guiraud,41,ADJ,елецкий самолюбивый безжизненный древесный своевольный записной недавний неловкий старательный болезненный
Baratynsky,Guiraud,41,NOUN,сара эда цыганка ниэта царевна арсений нина макар увлечение зал
Baratynsky,Guiraud,41,VERB,обретать наставлять согнать даровать взрывать возвещать восхищать готовиться разуметь угождать
Baratynsky,Guiraud,42,ADJ,елецкий досадный модный бесплодный своевольный древесный лицый светский бестолковый вседневный
Baratynsky,Guiraud,42,NOUN,сара эда макар нина княгиня цыганка класс парнасс резец цапля
Baratynsky,Guiraud,42,VERB,владеть наблюдать отводить согнать угождать даровать избирать властвовать довериться доверяться
Baratynsky,Guiraud,43,ADJ,елецкий финский досадный лицый самолюбивый безжизненный древесный небрежный людской ветренный
Baratynsky,Guiraud,43,NOUN,сара нина княгиня цыганка царевна увлечение макар зораида размышление бал
Baratynsky,Guiraud,43,VERB,бесить осмеливаться согнать стучаться вверяться довериться побрести разуметь слыть обретать
Baratynsky,Guiraud,44,ADJ,елецкий финский опасный досадный бестолковый вседневный докучный неловкий язвительный болезненный
Baratynsky,Guiraud,44,NOUN,сара эда царевна цыганка класс увлечение арсений пустяк нина макар
Baratynsky,Guiraud,44,VERB,стучаться обретать доверяться побрести разуметь уезжать хохотать шататься избирать навещать
Baratynsky,Guiraud,45,ADJ,елецкий финский досадный болезненный безжизненный рассеянный бестолковый дольний дольный недавний
Baratynsky,Guiraud,45,NOUN,сара класс эда нина цыганка декабрь ниэта арсений зораида цапля
Baratynsky,Guiraud,45,VERB,даровать бесить осмеливаться согнать обретать представать взрывать доверяться очаровывать переменять
Baratynsky,Guiraud,46,ADJ,елецкий похожий лицый способный древесный своенравный бестолковый затейливый мудреный незнаемый
Baratynsky,Guiraud,46,NOUN,сара цыганка нина класс эда италия палец парнасс уныние княгиня
Baratynsky,Guiraud,46,VERB,навещать выражать представать наставлять радовать согнать даровать взрывать искушать ласкаться
Baratynsky,Guiraud,47,ADJ,елецкий безжизненный досадный древесный похожий рассеянный светский опасный бестолковый дольный
Baratynsky,Guiraud,47,NOUN,сара арсений нина эда ниэта макар класс заблуждение парнасс пустяк
Baratynsky,Guiraud,47,VERB,продолжать наставлять даровать довериться нравиться побрести приманивать слыть уезжать хохотать
Baratynsky,Guiraud,48,ADJ,елецкий болезненный своевольный лицый способный нескромный финский безжизненный дружеский ревнивый
Baratynsky,Guiraud,48,NOUN,эда макар класс сара цыганка ниэта арсений нина увлечение цапля
Baratynsky,Guiraud,48,VERB,испытывать наблюдать даровать искушать нисходить приманивать слыть обретать шутить соединять
Baratynsky,Guiraud,49,ADJ,елецкий болезненный лицый небрежный способный безжизненный светский бестолковый докучный записной
Baratynsky,Guiraud,49,NOUN,сара класс цыганка декабрь нина эда дремота макар царевна зораида
Baratynsky,Guiraud,49,VERB,останавливать болтать осмеливаться стучаться угождать довериться искушать приманивать пророчить слыть
Baratynsky,Guiraud,50,ADJ,елецкий нескромный лицый болезненный ветренный дряхлый затейливый насмешливый признательный старательный
Baratynsky,Guiraud,50,NOUN,арсений эда сара нина класс шалость декабрь царевна грот примета
Baratynsky,Guiraud,50,VERB,представать соединять бесить попадать обретать даровать смыкать доверяться искушать отряхивать
Baratynsky,Guiraud,51,ADJ,елецкий болезненный финский светский случайный способный безжизненный древесный равнодушный тупой
Baratynsky,Guiraud,51,NOUN,эда сара макар цыганка декабрь арсений нина шалость дуновение стул
Baratynsky,Guiraud,51,VERB,бесить наставлять осмеливаться даровать приводить искушать статься уезжать успокаивать выражать
Baratynsky,Guiraud,52,ADJ,елецкий похожий болезненный своевольный светский бестолковый вседневный заметный неловкий опытный
Baratynsky,Guiraud,52,NOUN,эда макар цыганка нина княгиня сара декабрь царевна парнасс спасибо
Baratynsky,Guiraud,52,VERB,отводить угождать навещать обретать доверяться побрести шататься взлелеять владеть заставать
Baratynsky,Guiraud,53,ADJ,елецкий финский похожий рассеянный лицый давний болезненный своевольный тягостный людской
Baratynsky,Guiraud,53,NOUN,цыганка эда сара ниэта нина класс царевна увлечение арсений гусар
Baratynsky,Guiraud,53,VERB,болтать наблюдать угождать доверяться отряхивать переменять приманивать разуметь слыть статься
Baratynsky,Guiraud,54,ADJ,елецкий модный способный своенравный лицый рассеянный бестолковый ветренный заметный неловкий
Baratynsky,Guiraud,54,NOUN,сара макар цыганка эда ниэта парнасс арсений грот дуновение пустяк
Baratynsky,Guiraud,54,VERB,смыкать сводить возлегать доверяться ласкаться нисходить осмеливаться статься уезжать шататься
Baratynsky,Guiraud,55,ADJ,елецкий досадный лицый тупой рассеянный недавний неловкий приветливый старательный болезненный
Baratynsky,Guiraud,55,NOUN,сара класс эда нина ниэта макар аполлон италия увлечение цапля
Baratynsky,Guiraud,55,VERB,надеяться выражать даровать наставлять осмеливаться угождать возмущать останавливать болтать слыть
Baratynsky,Guiraud,56,ADJ,елецкий финский виноватый незнаемый привычный нескромный полезный способный праздный младенческий
Baratynsky,Guiraud,56,NOUN,сара арсений макар цыганка нина царевна декабрь увлечение эда класс
Baratynsky,Guiraud,56,VERB,даровать взлелеять надеяться наставлять осмеливаться довериться доверяться искушать приманивать сердиться
Baratynsky,Guiraud,57,ADJ,финский способный чуткий болезненный древесный самолюбивый ветренный дольный мудреный признательный
Baratynsky,Guiraud,57,NOUN,сара класс цыганка эда нина княгиня ниэта арсений зораида философ
Baratynsky,Guiraud,57,VERB,надеяться представать попадать обретать сводить взрывать возлегать нравиться отряхивать разуметь
Baratynsky,Guiraud,58,ADJ,елецкий едкий полезный давний финский древесный рассеянный ветренный дольный затейливый
Baratynsky,Guiraud,58,NOUN,сара цыганка класс ниэта царевна шалость нина парнасс эда шалун
Baratynsky,Guiraud,58,VERB,обретать бесить изнемогать наблюдать властвовать восхищать отвергать побрести согнать представать
Baratynsky,Guiraud,59,ADJ,елецкий лицый самолюбивый своевольный финский древесный похожий опасный людской вседневный
Baratynsky,Guiraud,59,NOUN,сара эда нина княгиня цыганка макар шалость парнасс увлечение декабрь
Baratynsky,Guiraud,59,VERB,бесить сжимать даровать взрывать доверяться отряхивать побрести радовать разуметь уезжать
Baratynsky,Guiraud,60,ADJ,елецкий небрежный болезненный финский безжизненный древесный вседневный дольный недавний незнаемый
Baratynsky,Guiraud,60,NOUN,сара эда цыганка нина дядя шалун класс макар дуновение затея
Baratynsky,Guiraud,60,VERB,навещать осмеливаться отводить угождать славить властвовать возлегать приманивать приставать успокаивать
Baratynsky,Guiraud,61,ADJ,елецкий финский модный нескромный древесный зримый лицый людской ветреный бестолковый
Baratynsky,Guiraud,61,NOUN,сара эда нина цыганка арсений макар декабрь увлечение княгиня опыт
Baratynsky,Guiraud,61,VERB,предавать соединять болтать наставлять осмеливаться стучаться даровать возлегать отряхивать разуметь
Baratynsky,Guiraud,62,ADJ,елецкий финский едкий случайный нескромный лицый тупой дольный недавний опытный
Baratynsky,Guiraud,62,NOUN,цыганка эда сара ниэта нина арсений парнасс пустяк цапля шалость
Baratynsky,Guiraud,62,VERB,согнать стучаться угождать навещать веровать взрывать доверяться нисходить уезжать упадать
Baratynsky,Guiraud,63,ADJ,елецкий лицый светский своевольный безжизненный желанный людской дольный неловкий поэтический
Baratynsky,Guiraud,63,NOUN,сара класс нина ниэта эда арсений цыганка выражение зораида шалун
Baratynsky,Guiraud,63,VERB,возмущать навещать обретать осмеливаться даровать возвещать возлегать доверяться наслаждаться разуметь
Baratynsky,Guiraud,64,ADJ,елецкий самолюбивый болезненный финский жизненный людской рассеянный ветренный вседневный старательный
Baratynsky,Guiraud,64,NOUN,сара макар нина ниэта эда шалун цыганка класс декабрь княгиня
Baratynsky,Guiraud,64,VERB,соединять заставать угождать даровать обретать смыкать властвовать довериться отвергать отряхивать
Baratynsky,Guiraud,65,ADJ,елецкий финский небрежный ветхий своенравный светский вседневный доступный затейливый лишний
Baratynsky,Guiraud,65,NOUN,нина класс сара эда арсений макар резец цыганка дуновение усыпление
Baratynsky,Guiraud,65,VERB,навещать осмеливаться угождать выражать бесить взрывать возлегать довериться искушать приставать
Baratynsky,Guiraud,66,ADJ,елецкий своевольный желанный своенравный финский способный бестолковый дольный записной досадный
Baratynsky,Guiraud,66,NOUN,эда нина сара класс цыганка макар старушка грот ольга художник
Baratynsky,Guiraud,66,VERB,продолжать выражать болтать наблюдать угождать вверяться довериться доверяться побрести слыть
Baratynsky,Guiraud,67,ADJ,елецкий финский лицый небрежный случайный безжизненный зримый пасмурный ветреный ветренный
Baratynsky,Guiraud,67,NOUN,нина цыганка сара макар эда класс ниэта увлечение декабрь царевна
Baratynsky,Guiraud,67,VERB,осмеливаться согнать угождать обретать довериться доверяться побрести приманивать слыть статься
Baratynsky,Guiraud,68,ADJ,елецкий финский лицый тупой своенравный нескромный гранитный докучный дольный насмешливый
Baratynsky,Guiraud,68,NOUN,цыганка сара шалун макар нина эда декабрь ниэта увлечение класс
Baratynsky,Guiraud,68,VERB,даровать заставать навещать останавливать бесить взрывать доверяться приемлить разуметь статься
Baratynsky,Guiraud,69,ADJ,елецкий людской финский блистательный досадный дольный затейливый мудреный недавний незнаемый
Baratynsky,Guiraud,69,NOUN,сара макар выражение шалость цыганка шалун нина ненастье палец арсений
Baratynsky,Guiraud,69,VERB,решать бесить наблюдать выражать возлегать приманивать слыть уезжать взлелеять соединять
Baratynsky,Guiraud,70,ADJ,елецкий болезненный финский опасный древесный зимний приветливый признательный пристойный старательный
Baratynsky,Guiraud,70,NOUN,сара цыганка нина княгиня декабрь эда арсений зораида листок ниэта
Baratynsky,Guiraud,70,VERB,согнать обретать даровать взрывать возлегать довериться миновать приманивать уезжать шататься
Baratynsky,Guiraud,71,ADJ,елецкий нескромный финский досадный полезный самолюбивый болезненный похожий почтенный рассеянный
Baratynsky,Guiraud,71,NOUN,нина ниэта макар эда сара класс зораида пустяк цапля княгиня
Baratynsky,Guiraud,71,VERB,даровать бесить осмеливаться приять согнать навещать взрывать восхищать довериться доверяться
Baratynsky,Guiraud,72,ADJ,елецкий финский светский лицый людской давний бестолковый ветренный насмешливый старательный
Baratynsky,Guiraud,72,NOUN,сара цыганка макар ниэта нина арсений парнасс эда резец княгиня
Baratynsky,Guiraud,72,VERB,осмеливаться стучаться болтать властвовать доверяться отряхивать наступать обретать навещать отводить
Baratynsky,Guiraud,73,ADJ,елецкий лицый разгульный способный досадный детский ветренный вседневный дольный заметный
Baratynsky,Guiraud,73,NOUN,сара арсений нина макар декабрь эда увлечение гусар класс зораида
Baratynsky,Guiraud,73,VERB,болтать наставлять оскорблять навещать переходить властвовать готовиться отвергать побрести приманивать
Baratynsky,Guiraud,74,ADJ,елецкий своевольный досадный протяжный людской безжизненный смутный бестолковый мудреный незнаемый
Baratynsky,Guiraud,74,NOUN,класс цыганка сара нина княгиня мнение зораида любимый пустяк цапля
Baratynsky,Guiraud,74,VERB,даровать обретать взрывать возлегать готовиться довериться доверяться отряхивать приманивать уезжать
Baratynsky,Guiraud,75,ADJ,елецкий своевольный финский едкий болезненный державный похожий людской гробовой равнодушный
Baratynsky,Guiraud,75,NOUN,эда сара царевна арсений шалун нина парнасс класс макар дядя
Baratynsky,Guiraud,75,VERB,обретать навещать стучаться доверяться нисходить нравиться побрести приставать пророчить слыть
Baratynsky,Guiraud,76,ADJ,елецкий небрежный финский древесный модный способный светский бестолковый великолепный мудреный
Baratynsky,Guiraud,76,NOUN,эда сара нина арсений царевна шалость макар декабрь цыганка парнасс
Baratynsky,Guiraud,76,VERB,навещать занимать наставлять осмеливаться даровать властвовать восхищать отвергать побрести наскучивать
Baratynsky,Guiraud,77,ADJ,елецкий финский людской безжизненный похожий бестолковый виноватый вседневный неловкий нескромный
Baratynsky,Guiraud,77,NOUN,нина сара арсений цыганка макар декабрь эда класс парнасс увлечение
Baratynsky,Guiraud,77,VERB,даровать болтать наставлять согнать навещать обретать доверяться отряхивать наскучивать бесить
Baratynsky,Guiraud,78,ADJ,елецкий своевольный финский досадный самолюбивый случайный способный людской бестолковый ветренный
Baratynsky,Guiraud,78,NOUN,эда нина сара ниэта царевна макар декабрь арсений цыганка класс
Baratynsky,Guiraud,78,VERB,обретать бесить болтать осмеливаться нисходить сердиться статься шататься подумать заводить
Baratynsky,Guiraud,79,ADJ,елецкий своевольный лицый своенравный нескромный древесный людской дольный лишний опытный
Baratynsky,Guiraud,79,NOUN,сара эда макар арсений нина княгиня ниэта декабрь судьбина увлечение
Baratynsky,Guiraud,79,VERB,представать бесить наблюдать стучаться даровать навещать довериться сердиться занимать обретать
Baratynsky,Guiraud,80,ADJ,елецкий ветреный едкий своенравный безжизненный беззаботный бестолковый ветренный дольный записной
Baratynsky,Guiraud,80,NOUN,нина класс цыганка сара ниэта шалун макар гусар эда увлечение
Baratynsky,Guiraud,80,VERB,даровать болтать наблюдать стучаться угождать выражать нисходить отряхивать побрести приставать
Baratynsky,Guiraud,81,ADJ,елецкий протяжный способный своенравный финский дольный затейливый опытный приветливый старательный
Baratynsky,Guiraud,81,NOUN,сара эда ниэта шалун нина цыганка арсений размышление увлечение княгиня
Baratynsky,Guiraud,81,VERB,бесить наблюдать стучаться даровать навещать обретать смыкать доверяться отводить приманивать
Baratynsky,Guiraud,82,ADJ,елецкий людской болезненный известный зримый неловкий опытный финский досадный ветреный
Baratynsky,Guiraud,82,NOUN,сара цыганка эда царевна макар класс парнасс цапля нина мнение
Baratynsky,Guiraud,82,VERB,бесить радовать сжимать восхищать доверяться искушать наливать приманивать приставать разуметь
Baratynsky,Guiraud,83,ADJ,финский досадный лицый безжизненный беззаботный похожий своенравный дольный записной мудреный
Baratynsky,Guiraud,83,NOUN,нина сара класс эда шалун декабрь арсений макар детство размышление
Baratynsky,Guiraud,83,VERB,обретать бесить разуметь статься уезжать даровать смущать навещать представать надеяться
Baratynsky,Guiraud,84,ADJ,елецкий бесплодный пасмурный финский светский бестолковый благоуханный дольный незнаемый признательный
Baratynsky,Guiraud,84,NOUN,сара цыганка ниэта шалун нина декабрь парнасс старушка макар резец
Baratynsky,Guiraud,84,VERB,соединять даровать наставлять возвещать возлегать довериться отряхивать приставать сердиться угождать
Baratynsky,Guiraud,85,ADJ,елецкий похожий протяжный небрежный ветренный вседневный дольный записной опытный признательный
Baratynsky,Guiraud,85,NOUN,царевна сара макар нина цыганка ниэта класс парнасс увлечение княгиня
Baratynsky,Guiraud,85,VERB,осмеливаться приемлить стучаться соединять взрывать разуметь уезжать обретать качать даровать
Baratynsky,Guiraud,86,ADJ,елецкий болезненный своенравный финский способный людской благоуханный ветренный неловкий редкий
Baratynsky,Guiraud,86,NOUN,сара класс палец парнасс увлечение старушка макар нина эда цапля
Baratynsky,Guiraud,86,VERB,обретать оскорблять согнать возлегать готовиться довериться уезжать веселить являть избирать
Baratynsky,Guiraud,87,ADJ,елецкий финский болезненный людской безжизненный зимний похожий ветреный бестолковый благоуханный
Baratynsky,Guiraud,87,NOUN,сара нина эда цыганка декабрь зораида резец цапля гусар княгиня
Baratynsky,Guiraud,87,VERB,выражать заставать наблюдать радовать стучаться обретать вверяться властвовать совершать уезжать
Baratynsky,Guiraud,88,ADJ,елецкий болезненный лицый мирской случайный пасмурный ветреный ветренный вседневный мудреный
Baratynsky,Guiraud,88,NOUN,макар класс цыганка эда шалость сара декабрь нина безумец увлечение
Baratynsky,Guiraud,88,VERB,вспоминать наставлять осмеливаться даровать властвовать воздавать разуметь слыть статься выражать
Baratynsky,Guiraud,89,ADJ,елецкий болезненный финский давний зримый своенравный опасный мудреный неловкий приветливый
Baratynsky,Guiraud,89,NOUN,нина сара макар ниэта шалость царевна цыганка класс декабрь парнасс
Baratynsky,Guiraud,89,VERB,выражать бесить получать стучаться угождать доверяться приставать уезжать шататься обретать
Baratynsky,Guiraud,90,ADJ,елецкий пасмурный досадный лицый способный безжизненный беззаботный похожий бестолковый дольный
Baratynsky,Guiraud,90,NOUN,сара цыганка макар арсений ниэта нина парнасс увлечение царевна эда
Baratynsky,Guiraud,90,VERB,обретать бесить болтать согнать довериться доверяться искушать ласкаться награждать наставлять
Baratynsky,Guiraud,91,ADJ,елецкий похожий лицый модный своевольный досадный давний вседневный докучный пристойный
Baratynsky,Guiraud,91,NOUN,сара эда нина макар парнасс увлечение зораида княгиня арсений бал
Baratynsky,Guiraud,91,VERB,обретать заменять навещать сжимать вверяться переменять побрести статься укрощать шататься
Baratynsky,Guiraud,92,ADJ,елецкий досадный небрежный похожий нужный ревнивый ветренный старательный умиленный людской
Baratynsky,Guiraud,92,NOUN,ниэта шалун сара нина шалость эда класс царевна цыганка зораида
Baratynsky,Guiraud,92,VERB,наблюдать наставлять предвидеть обретать властвовать отряхивать побрести представать выражать приводить
Baratynsky,Guiraud,93,ADJ,елецкий досадный лицый модный способный своевольный финский тупой рассеянный светский
Baratynsky,Guiraud,93,NOUN,эда сара макар княгиня нина арсений парнасс цапля класс вера
Baratynsky,Guiraud,93,VERB,надеяться останавливать бесить стучаться угождать разуметь слыть статься устрашать шататься
Baratynsky,Guiraud,94,ADJ,елецкий финский лицый беззаботный благоуханный дольный мудреный мутный смущенный старательный
Baratynsky,Guiraud,94,NOUN,сара нина шалость макар эда резец увлечение ниэта цыганка старушка
Baratynsky,Guiraud,94,VERB,обретать бесить осмеливаться даровать избирать взрывать возлегать восхищать надеяться отряхивать
Baratynsky,Guiraud,95,ADJ,елецкий едкий лицый финский тупой похожий ветренный затейливый лишний мудреный
Baratynsky,Guiraud,95,NOUN,нина сара макар эда класс арсений бал царевна декабрь цыганка
Baratynsky,Guiraud,95,VERB,бесить навещать соединять обретать довериться приманивать уезжать шататься предавать взлелеять
Baratynsky,Guiraud,96,ADJ,елецкий болезненный досадный способный нужный безжизненный светский цветущий ветреный бестолковый
Baratynsky,Guiraud,96,NOUN,нина сара эда цыганка макар парнасс пустяк бал царевна арсений
Baratynsky,Guiraud,96,VERB,болтать наставлять выражать приводить даровать вверяться властвовать нисходить нравиться отряхивать
Baratynsky,Guiraud,97,ADJ,елецкий людской досадный болезненный древесный светский вседневный лишний мудреный насмешливый
Baratynsky,Guiraud,97,NOUN,сара эда старушка макар декабрь класс увлечение нина размышление гусар
Baratynsky,Guiraud,97,VERB,представать наблюдать согнать стучаться доверяться осмеливаться отряхивать приставать разуметь шататься
Baratynsky,Guiraud,98,ADJ,елецкий болезненный пленительный безжизненный светский ветренный дольный опытный пристойный финский
Baratynsky,Guiraud,98,NOUN,сара эда макар декабрь парнасс цыганка зораида пустяк шалун нина
Baratynsky,Guiraud,98,VERB,навещать сжимать останавливать наставлять осмеливаться довериться приманивать обретать выражать наблюдать
Baratynsky,Guiraud,99,ADJ,елецкий досадный лицый безжизненный беззаботный ветренный затейливый недавний незнаемый неловкий
Baratynsky,Guiraud,99,NOUN,сара нина эда класс арсений макар шалость парнасс отрава ответ
Baratynsky,Guiraud,99,VERB,наблюдать наставлять согнать бесить возлегать довериться нравиться осмеливаться переменять слыть
Baratynsky,Guiraud,100,ADJ,елецкий едкий своевольный людской ветренный записной привычный пристойный болезненный вышний
Baratynsky,Guiraud,100,NOUN,нина цыганка эда царевна увлечение выражение княгиня шалун арсений класс
Baratynsky,Guiraud,100,VERB,надеяться осмеливаться согнать угождать переходить выражать довериться доверяться искушать побрести
Baratynsky,Log odds,1,ADJ,елецкий способный ветреный вседневный дольный неловкий людской веселый мятежный беспристрастный
Baratynsky,Log odds,1,NOUN,эда в сара класс душа лицо с день счастие декабрь
Baratynsky,Log odds,1,VERB,быть давать болтать любить довериться побрести хладеть шататься сказать прощать
Baratynsky,Log odds,2,ADJ,елецкий финский людской бестолковый мудреный незнаемый старательный веселый нежный ветреный
Baratynsky,Log odds,2,NOUN,в душа ниэта сара день декабрь нина лицо с вера
Baratynsky,Log odds,2,VERB,быть давать любить прощать слыть даровать представать незнать постигнуть предупреждать
Baratynsky,Log odds,3,ADJ,елецкий лицый веселый грубый незнаемый чуждый вкрадчивый мнимый ненастливый полковой
Baratynsky,Log odds,3,NOUN,эда в макар лицо сара день декабрь шалун нина душа
Baratynsky,Log odds,3,VERB,быть любить давать осмеливаться властвовать нравиться переменять даровать обретать прощать
Baratynsky,Log odds,4,ADJ,елецкий лицый докучный пристойный мятежный веселый беспристрастный вкрадчивый возвратный догадливый
Baratynsky,Log odds,4,NOUN,в ниэта душа день сара с вера лицо судьбина нина
Baratynsky,Log odds,4,VERB,быть любить давать осмеливаться угождать довериться доверяться обретать прощать блаженствовать
Baratynsky,Log odds,5,ADJ,елецкий досадный модный веселый ветренный дольный старательный беспристрастный пошлый сладкогласный
Baratynsky,Log odds,5,NOUN,в княгиня сара лицо душа с день счастие нина зораида
Baratynsky,Log odds,5,VERB,быть давать наблюдать любить уезжать прощать обретать даровать сказать блаженствовать
Baratynsky,Log odds,6,ADJ,елецкий досадный дольный людской веселый бесстыдный вкрадчивый возвратный задорный ненастливый
Baratynsky,Log odds,6,NOUN,в душа ниэта сара день вера лицо нина счастие судьбина
Baratynsky,Log odds,6,VERB,быть стучаться давать любить устрашать обретать прощать даровать довериться завертывать
Baratynsky,Log odds,7,ADJ,елецкий финский досадный лицый веселый полный незнаемый пристойный старательный степной
Baratynsky,Log odds,7,NOUN,в макар душа сара с лицо день вера цапля нина
Baratynsky,Log odds,7,VERB,быть давать любить обретать побрести знать мочь даровать вдаваться влюбляться
Baratynsky,Log odds,8,ADJ,елецкий лицый полный вседневный мудреный опытный пристойный старательный молодой безропотный
Baratynsky,Log odds,8,NOUN,цыганка в сара душа лицо день нина вера с бытие
Baratynsky,Log odds,8,VERB,быть любить давать отводить согнать прощать довериться отряхивать даровать обретать
Baratynsky,Log odds,9,ADJ,елецкий лицый ветренный старательный полный веселый вкрадчивый ненастливый одушевленный особый
Baratynsky,Log odds,9,NOUN,эда в арсений душа сара княгиня ниэта день с нина
Baratynsky,Log odds,9,VERB,быть давать осмеливаться обретать довериться приманивать приставать сердиться любить даровать
Baratynsky,Log odds,10,ADJ,елецкий лицый способный ветренный опытный старательный веселый полный чуждый безропотный
Baratynsky,Log odds,10,NOUN,цыганка эда в душа сара нина день вера с зораида
Baratynsky,Log odds,10,VERB,быть любить давать осмеливаться согнать стучаться довериться побрести шататься обретать
Baratynsky,Log odds,11,ADJ,елецкий лицый безжизненный веселый недавний приветливый вкрадчивый догадливый любопытный упадший
Baratynsky,Log odds,11,NOUN,в душа день сара шалость с вера лицо нина бытие
Baratynsky,Log odds,11,VERB,быть давать осмеливаться любить довериться отряхивать побрести приманивать слыть статься
Baratynsky,Log odds,12,ADJ,елецкий вседневный пристойный старательный умиленный беспристрастный возвратный недавний ненастливый непринужденный
Baratynsky,Log odds,12,NOUN,в душа сара день лицо увлечение нина вера с судьбина
Baratynsky,Log odds,12,VERB,быть давать наблюдать наставлять согнать прощать любить довериться нравиться побрести
Baratynsky,Log odds,13,ADJ,елецкий своевольный досадный признательный старательный людской бесстыдный вкрадчивый догадливый занятый
Baratynsky,Log odds,13,NOUN,в душа день сара лицо нина парнасс вера с судьбина
Baratynsky,Log odds,13,VERB,быть сжимать любить давать осмеливаться обретать возлегать довериться отряхивать разуметь
Baratynsky,Log odds,14,ADJ,елецкий протяжный безжизненный лицый людской ветренный недавний милый веселый полный
Baratynsky,Log odds,14,NOUN,в душа ниэта лицо сара вера с день парнасс нина
Baratynsky,Log odds,14,VERB,быть давать любить совершать взрывать хохотать прощать позабывать сказать вдаваться
Baratynsky,Log odds,15,ADJ,елецкий способный ветренный затейливый старательный веселый безрассудный безропотный беспристрастный вкрадчивый
Baratynsky,Log odds,15,NOUN,макар в душа сара декабрь бытие день лицо с вера
Baratynsky,Log odds,15,VERB,быть давать любить угождать довериться побрести приманивать прощать даровать вдаваться
Baratynsky,Log odds,16,ADJ,елецкий лицый способный ветренный незнаемый старательный умиленный людской полный немой
Baratynsky,Log odds,16,NOUN,эда в ниэта душа сара вера декабрь день парнасс лицо
Baratynsky,Log odds,16,VERB,быть давать заставать предвидеть любить довериться отряхивать побрести прощать глядеть
Baratynsky,Log odds,17,ADJ,елецкий лицый бестолковый вседневный мудреный недавний неловкий старательный веселый мятежный
Baratynsky,Log odds,17,NOUN,класс в ниэта сара лицо душа вера день увлечение с
Baratynsky,Log odds,17,VERB,быть любить наставлять угождать давать даровать прощать довериться сердиться глядеть
Baratynsky,Log odds,18,ADJ,елецкий финский способный ветренный дольный недавний пристойный старательный веселый мятежный
Baratynsky,Log odds,18,NOUN,в душа день ниэта сара нина вера с бытие зораида
Baratynsky,Log odds,18,VERB,быть давать осмеливаться любить даровать взрывать ласкаться отряхивать побрести прощать
Baratynsky,Log odds,19,ADJ,елецкий веселый вседневный дольный древесный мудреный недавний опытный признательный старательный
Baratynsky,Log odds,19,NOUN,в душа сара день лицо декабрь ниэта с нина увлечение
Baratynsky,Log odds,19,VERB,быть давать любить довериться доверяться отряхивать побрести прощать даровать обретать
Baratynsky,Log odds,20,ADJ,елецкий досадный безжизненный веселый насмешливый старательный безропотный вкрадчивый догадливый мнимый
Baratynsky,Log odds,20,NOUN,в душа сара с нина вера лицо день к цапля
Baratynsky,Log odds,20,VERB,быть навещать любить осмеливаться прощать даровать давать знать вдаваться завертывать
Baratynsky,Log odds,21,ADJ,елецкий финский древесный способный бестолковый старательный людской ветренный возвратный гигантский
Baratynsky,Log odds,21,NOUN,цыганка в день душа сара нина лицо вера парнасс с
Baratynsky,Log odds,21,VERB,быть навещать давать осмеливаться любить довериться побрести знать смущать мочь
Baratynsky,Log odds,22,ADJ,елецкий лицый недавний незнаемый неловкий старательный мятежный веселый молодой нежный
Baratynsky,Log odds,22,NOUN,в душа шалун сара день с вера лицо увлечение нина
Baratynsky,Log odds,22,VERB,быть любить давать властвовать отряхивать уезжать прощать мочь блаженствовать довериться
Baratynsky,Log odds,23,ADJ,елецкий способный людской веселый полный безропотный ветренный вкрадчивый возвратный догадливый
Baratynsky,Log odds,23,NOUN,в день с класс душа сара нина декабрь парнасс лицо
Baratynsky,Log odds,23,VERB,быть давать осмеливаться угождать обретать любить довериться переменять побрести мочь
Baratynsky,Log odds,24,ADJ,елецкий дольный неловкий старательный язвительный веселый полный людской ветреный нежный
Baratynsky,Log odds,24,NOUN,цыганка в лицо сара декабрь день душа с нина пустяк
Baratynsky,Log odds,24,VERB,давать быть любить болтать осмеливаться возвещать довериться доверяться приманивать угождать
Baratynsky,Log odds,25,ADJ,елецкий досадный способный ветренный дольный старательный людской веселый полный вкрадчивый
Baratynsky,Log odds,25,NOUN,в арсений сара душа лицо с вера день нина зораида
Baratynsky,Log odds,25,VERB,быть любить давать наблюдать довериться искушать нравиться приманивать представать глядеть
Baratynsky,Log odds,26,ADJ,елецкий досадный ветренный вседневный неловкий старательный молодой веселый нежный безропотный
Baratynsky,Log odds,26,NOUN,сара в душа с день лицо счастие вера нина цапля
Baratynsky,Log odds,26,VERB,быть любить давать довериться приманивать представать животворить забавить завертывать кривить
Baratynsky,Log odds,27,ADJ,елецкий финский лицый веселый мудреный незнаемый старательный полный томный беспристрастный
Baratynsky,Log odds,27,NOUN,в макар душа сара вера день лицо счастие сердце к
Baratynsky,Log odds,27,VERB,быть давать любить властвовать довериться заставать пророчить прощать мочь обретать
Baratynsky,Log odds,28,ADJ,елецкий веселый бестолковый неловкий мнимый ненастливый разумный упадший ветреный людской
Baratynsky,Log odds,28,NOUN,цыганка в сара душа день лицо увлечение с вера зораида
Baratynsky,Log odds,28,VERB,быть давать болтать любить прощать отряхивать приставать разуметь даровать глядеть
Baratynsky,Log odds,29,ADJ,елецкий безжизненный лицый ветренный мудреный веселый безропотный бестолковый возвратный ненастливый
Baratynsky,Log odds,29,NOUN,в сара декабрь лицо душа нина парнасс день вера зораида
Baratynsky,Log odds,29,VERB,быть любить давать угождать прощать обретать даровать мочь завертывать заглохнуть
Baratynsky,Log odds,30,ADJ,елецкий досадный насмешливый неловкий признательный веселый безропотный бойкий вкрадчивый ненастливый
Baratynsky,Log odds,30,NOUN,в день душа лицо нина сара с цапля к вера
Baratynsky,Log odds,30,VERB,быть давать наставлять любить прощать властвовать довериться разуметь статься даровать
Baratynsky,Log odds,31,ADJ,елецкий досадный лицый ветренный недавний неловкий нужный веселый немой молодой
Baratynsky,Log odds,31,NOUN,в макар душа ниэта сара с вера лицо день зораида
Baratynsky,Log odds,31,VERB,быть осмеливаться прощать давать любить доверяться сердиться даровать обретать глядеть
Baratynsky,Log odds,32,ADJ,елецкий лицый протяжный веселый дольный признательный пристойный старательный полный людской
Baratynsky,Log odds,32,NOUN,в макар душа сара лицо с день нина увлечение к
Baratynsky,Log odds,32,VERB,быть давать любить изнемогать обретать знать вверяться побрести прощать бунтовать
Baratynsky,Log odds,33,ADJ,елецкий финский тупой ветренный неловкий полный нужный безропотный беспристрастный бойкий
Baratynsky,Log odds,33,NOUN,в макар с лицо сара душа день нина к вера
Baratynsky,Log odds,33,VERB,быть давать любить нисходить побрести шататься прощать завертывать заходить кривить
Baratynsky,Log odds,34,ADJ,елецкий светский досадный лицый безжизненный веселый ветренный мудреный признательный старательный
Baratynsky,Log odds,34,NOUN,в сара душа ниэта лицо вера италия с нина день
Baratynsky,Log odds,34,VERB,быть давать наблюдать даровать мочь довериться доверяться шататься любить блаженствовать
Baratynsky,Log odds,35,ADJ,елецкий лицый докучный лишний веселый нужный полный людской безропотный бойкий
Baratynsky,Log odds,35,NOUN,сара в арсений душа лицо вера с день к зораида
Baratynsky,Log odds,35,VERB,быть давать любить наставлять согнать прощать довериться стараться уезжать даровать
Baratynsky,Log odds,36,ADJ,елецкий способный безжизненный мудреный недавний чуждый веселый догадливый услужливый молодой
Baratynsky,Log odds,36,NOUN,в душа сара день лицо декабрь ниэта вера нина с
Baratynsky,Log odds,36,VERB,быть любить давать бесить осмеливаться согнать прощать довериться знать мочь
Baratynsky,Log odds,37,ADJ,елецкий досадный безжизненный ветренный недавний незнаемый привычный старательный веселый ветреный
Baratynsky,Log odds,37,NOUN,в сара душа с лицо ниэта день нина пустяк резец
Baratynsky,Log odds,37,VERB,быть давать бесить согнать даровать прощать обретать любить выводить завертывать
Baratynsky,Log odds,38,ADJ,елецкий зримый небрежный способный тупой неловкий признательный мятежный веселый людской
Baratynsky,Log odds,38,NOUN,в сара день с душа лицо парнасс нина к счастие
Baratynsky,Log odds,38,VERB,быть любить давать наставлять осмеливаться согнать побрести уезжать обретать мочь
Baratynsky,Log odds,39,ADJ,елецкий лицый ветренный мудреный веселый нужный безропотный ненастливый непринужденный особый
Baratynsky,Log odds,39,NOUN,в с сара день парнасс вера душа нина зораида размышление
Baratynsky,Log odds,39,VERB,быть продолжать давать любить довериться сердиться обретать прощать забавить незнать
Baratynsky,Log odds,40,ADJ,елецкий язвительный веселый мятежный чуждый безропотный вкрадчивый догадливый занятый полковой
Baratynsky,Log odds,40,NOUN,эда в душа сара декабрь лицо день вера нина счастие
Baratynsky,Log odds,40,VERB,быть бесить давать любить довериться прощать позабывать забавить завертывать кривить
Baratynsky,Log odds,41,ADJ,елецкий досадный случайный способный беззаботный лицый веселый бестолковый ветренный незнаемый
Baratynsky,Log odds,41,NOUN,в лицо шалость день душа сара с увлечение к нина
Baratynsky,Log odds,41,VERB,быть давать угождать любить довериться побрести статься прощать даровать обретать
Baratynsky,Log odds,42,ADJ,елецкий лицый древесный веселый мятежный безжизненный насмешливый неловкий приветливый пристойный
Baratynsky,Log odds,42,NOUN,в душа сара ниэта день нина увлечение лицо с зораида
Baratynsky,Log odds,42,VERB,быть любить давать наставлять угождать обретать довериться нисходить осмеливаться прощать
Baratynsky,Log odds,43,ADJ,елецкий ветренный дольний дольный незнаемый веселый молодой полный ветреный бесстыдный
Baratynsky,Log odds,43,NOUN,эда в душа нина декабрь сара вера палец к счастие
Baratynsky,Log odds,43,VERB,быть давать наставлять отряхивать побрести приманивать любить прощать знать глядеть
Baratynsky,Log odds,44,ADJ,елецкий людской дольный недавний незнаемый старательный полный немой безропотный беспристрастный
Baratynsky,Log odds,44,NOUN,в арсений душа сара лицо вера нина день срок к
Baratynsky,Log odds,44,VERB,давать быть любить стучаться обретать вверяться властвовать приманивать согнать даровать
Baratynsky,Log odds,45,ADJ,елецкий лицый веселый безжизненный мудреный пристойный бесстыдный ветренный вкрадчивый гигантский
Baratynsky,Log odds,45,NOUN,в сара ниэта душа лицо вера парнасс нина с счастие
Baratynsky,Log odds,45,VERB,быть давать любить прощать обретать наставлять отряхивать побрести хохотать даровать
Baratynsky,Log odds,46,ADJ,елецкий зримый тупой неловкий опытный старательный мятежный полный людской счастливый
Baratynsky,Log odds,46,NOUN,в душа с сара к нина лицо парнасс день пустяк
Baratynsky,Log odds,46,VERB,быть давать любить согнать переменять слыть даровать знать глядеть вдаваться
Baratynsky,Log odds,47,ADJ,елецкий досадный грубый людской старательный мятежный веселый молодой полный безропотный
Baratynsky,Log odds,47,NOUN,цыганка в душа ниэта сара с лицо день увлечение нина
Baratynsky,Log odds,47,VERB,быть любить давать довериться очаровывать разуметь прощать обретать мочь глядеть
Baratynsky,Log odds,48,ADJ,елецкий финский полный ветренный дольный насмешливый старательный людской веселый нужный
Baratynsky,Log odds,48,NOUN,в сара ниэта душа с лицо день вера счастие зораида
Baratynsky,Log odds,48,VERB,быть давать занимать наблюдать наставлять осмеливаться любить обретать побрести упадать
Baratynsky,Log odds,49,ADJ,елецкий лицый древесный веселый мятежный вкрадчивый возвратный любопытный ненастливый обязанный
Baratynsky,Log odds,49,NOUN,макар лицо в сара день душа с увлечение нина счастие
Baratynsky,Log odds,49,VERB,быть давать любить наблюдать осмеливаться приманивать прощать обретать блаженствовать дряхлеть
Baratynsky,Log odds,50,ADJ,елецкий досадный лицый полный пристойный старательный людской мятежный веселый молодой
Baratynsky,Log odds,50,NOUN,в класс душа княгиня шалость сара с день лицо декабрь
Baratynsky,Log odds,50,VERB,быть давать обретать слыть любить прощать глядеть затмевать кривить незнать
Baratynsky,Log odds,51,ADJ,елецкий лицый веселый бестолковый ветренный пристойный полный вкрадчивый догадливый ненастливый
Baratynsky,Log odds,51,NOUN,в арсений ненастье ниэта душа сара лицо с вера к
Baratynsky,Log odds,51,VERB,быть надеяться давать любить бесить наставлять осмеливаться стучаться прощать довериться
Baratynsky,Log odds,52,ADJ,елецкий веселый дольный неловкий нужный беспристрастный возвратный гигантский догадливый занятый
Baratynsky,Log odds,52,NOUN,в макар душа сара ниэта лицо нина день с увлечение
Baratynsky,Log odds,52,VERB,быть давать любить осмеливаться прощать отряхивать побрести даровать обретать представать
Baratynsky,Log odds,53,ADJ,елецкий финский дольный незнаемый старательный людской полный веселый милый мятежный
Baratynsky,Log odds,53,NOUN,в арсений сара душа день парнасс с счастие нина судьбина
Baratynsky,Log odds,53,VERB,быть давать наблюдать любить прощать побрести шататься находить даровать завертывать
Baratynsky,Log odds,54,ADJ,елецкий древесный веселый полный бестолковый ветренный недавний незнаемый старательный чуждый
Baratynsky,Log odds,54,NOUN,в день сара душа декабрь с лицо к нина вера
Baratynsky,Log odds,54,VERB,быть давать бесить наблюдать согнать любить обретать возвещать довериться приставать
Baratynsky,Log odds,55,ADJ,елецкий ветренный недавний неловкий умиленный мятежный веселый полный людской своенравный
Baratynsky,Log odds,55,NOUN,в класс арсений душа ниэта лицо день сара с нина
Baratynsky,Log odds,55,VERB,быть давать любить осмеливаться обретать заставать прощать даровать знать глядеть
Baratynsky,Log odds,56,ADJ,елецкий финский дольный людской веселый безропотный бесстыдный вкрадчивый возвратный гигантский
Baratynsky,Log odds,56,NOUN,в ниэта душа сара с лицо день нина зораида вера
Baratynsky,Log odds,56,VERB,быть любить давать довериться прощать знать владеть обретать исчезнуть порабощать
Baratynsky,Log odds,57,ADJ,елецкий досадный веселый ветренный дольный недавний опытный людской беспристрастный бесстыдный
Baratynsky,Log odds,57,NOUN,в макар сара душа декабрь день с парнасс лицо нина
Baratynsky,Log odds,57,VERB,быть любить осмеливаться давать властвовать довериться наблюдать наставлять прощать представать
Baratynsky,Log odds,58,ADJ,елецкий самолюбивый веселый дольный мудреный незнаемый мятежный беспристрастный бесстыдный ветренный
Baratynsky,Log odds,58,NOUN,в душа нина день сара с парнасс вера лицо к
Baratynsky,Log odds,58,VERB,быть давать любить болтать стучаться прощать слыть знать блаженствовать вдаваться
Baratynsky,Log odds,59,ADJ,елецкий лицый насмешливый привычный пристойный старательный веселый чуждый мятежный своенравный
Baratynsky,Log odds,59,NOUN,макар в сара лицо нина день счастие душа вера с
Baratynsky,Log odds,59,VERB,быть давать любить согнать доверяться побрести уезжать глядеть обретать прощать
Baratynsky,Log odds,60,ADJ,елецкий веселый неловкий старательный полный безрассудный безропотный бойкий ветренный вкрадчивый
Baratynsky,Log odds,60,NOUN,в сара ниэта душа лицо с нина день зораида вера
Baratynsky,Log odds,60,VERB,быть давать отводить стучаться угождать любить довериться отряхивать уезжать прощать
Baratynsky,Log odds,61,ADJ,елецкий дольный своенравный беспристрастный бесстыдный вкрадчивый возвратный отверженный полковой пошлый
Baratynsky,Log odds,61,NOUN,в душа ниэта день сара лицо с нина парнасс сердце
Baratynsky,Log odds,61,VERB,быть давать наставлять согнать любить довериться побрести статься прощать даровать
Baratynsky,Log odds,62,ADJ,елецкий светский самолюбивый лицый веселый безжизненный незнаемый признательный старательный людской
Baratynsky,Log odds,62,NOUN,в класс сара душа с лицо день парнасс нина пустяк
Baratynsky,Log odds,62,VERB,быть любить давать наблюдать осмеливаться довериться искушать глядеть прощать мочь
Baratynsky,Log odds,63,ADJ,елецкий веселый незнаемый неловкий старательный ветреный полный нужный безропотный беспристрастный
Baratynsky,Log odds,63,NOUN,в сара макар душа княгиня вера с лицо день увлечение
Baratynsky,Log odds,63,VERB,быть давать любить согнать довериться доверяться отряхивать побрести даровать обретать
Baratynsky,Log odds,64,ADJ,елецкий досадный веселый бестолковый ветренный дольный затейливый мудреный недавний пристойный
Baratynsky,Log odds,64,NOUN,в душа арсений макар княгиня сара нина день ниэта лицо
Baratynsky,Log odds,64,VERB,быть любить давать наблюдать согнать довериться статься прощать представать даровать
Baratynsky,Log odds,65,ADJ,елецкий лицый ветреный бестолковый ветренный неловкий пристойный людской веселый мятежный
Baratynsky,Log odds,65,NOUN,в княгиня сара лицо душа декабрь день с нина счастие
Baratynsky,Log odds,65,VERB,любить быть давать даровать бесить осмеливаться побрести разуметь прощать мочь
Baratynsky,Log odds,66,ADJ,елецкий веселый дольный затейливый незнаемый опытный пристойный возвратный догадливый неловкий
Baratynsky,Log odds,66,NOUN,в душа сара день декабрь лицо нина бытие цапля с
Baratynsky,Log odds,66,VERB,быть давать любить довериться приставать знать прощать мочь забавить завертывать
Baratynsky,Log odds,67,ADJ,елецкий досадный едкий признательный мятежный веселый чуждый полный беспристрастный возвратный
Baratynsky,Log odds,67,NOUN,в душа шалость сара с класс день лицо нина вера
Baratynsky,Log odds,67,VERB,быть давать любить прощать довериться осмеливаться даровать находить владеть забавить
Baratynsky,Log odds,68,ADJ,елецкий едкий способный ветренный недавний незнаемый неловкий падший старательный веселый
Baratynsky,Log odds,68,NOUN,в душа сара декабрь с лицо нина сердце день вера
Baratynsky,Log odds,68,VERB,быть любить давать прощать довериться побрести обретать мочь вдаваться забавить
Baratynsky,Log odds,69,ADJ,елецкий финский досадный веселый людской вседневный признательный пристойный старательный полный
Baratynsky,Log odds,69,NOUN,в душа сара день лицо с вера декабрь нина зораида
Baratynsky,Log odds,69,VERB,быть навещать прощать заставать наблюдать любить давать доверяться даровать обретать
Baratynsky,Log odds,70,ADJ,елецкий разгульный способный мятежный полный признательный старательный веселый чуждый своенравный
Baratynsky,Log odds,70,NOUN,эда в ниэта сара лицо душа декабрь день с нина
Baratynsky,Log odds,70,VERB,быть давать любить прощать взрывать довериться доверяться уезжать шататься знать
Baratynsky,Log odds,71,ADJ,елецкий финский безжизненный лицый веселый недавний неловкий пристойный старательный язвительный
Baratynsky,Log odds,71,NOUN,в душа сара день с лицо вера счастие цапля нина
Baratynsky,Log odds,71,VERB,быть любить давать согнать очаровывать переменять прощать знать забавить завертывать
Baratynsky,Log odds,72,ADJ,елецкий финский способный лицый веселый мудреный незнаемый неловкий пристойный нужный
Baratynsky,Log odds,72,NOUN,в класс сара душа день с парнасс вера нина лицо
Baratynsky,Log odds,72,VERB,быть давать прощать любить довериться побрести разуметь обретать знать глядеть
Baratynsky,Log odds,73,ADJ,елецкий лицый бестолковый вседневный заметный насмешливый неловкий старательный умиленный людской
Baratynsky,Log odds,73,NOUN,в душа сара день с лицо увлечение нина вера судьба
Baratynsky,Log odds,73,VERB,быть давать любить осмеливаться прощать возлегать представать обретать знать бранить
Baratynsky,Log odds,74,ADJ,елецкий лицый разгульный веселый недавний старательный полный безропотный беспристрастный возвратный
Baratynsky,Log odds,74,NOUN,эда в арсений душа с нина сара день лицо зораида
Baratynsky,Log odds,74,VERB,быть любить давать побрести разуметь обретать дряхлеть животворить забавить завертывать
Baratynsky,Log odds,75,ADJ,елецкий болезненный лицый бестолковый ветренный виноватый затейливый веселый людской чуждый
Baratynsky,Log odds,75,NOUN,эда в ниэта день сара душа декабрь лицо с нина
Baratynsky,Log odds,75,VERB,быть давать наблюдать любить статься мочь прощать обретать забавить затмевать
Baratynsky,Log odds,76,ADJ,елецкий финский небрежный ветренный грубый пристойный старательный веселый ветреный молодой
Baratynsky,Log odds,76,NOUN,эда в душа сара день нина лицо вера с пустяк
Baratynsky,Log odds,76,VERB,быть любить давать бесить даровать довериться отряхивать побрести прощать обретать
Baratynsky,Log odds,77,ADJ,елецкий болезненный лицый способный мудреный недавний незнаемый неловкий старательный веселый
Baratynsky,Log odds,77,NOUN,в душа сара лицо нина парнасс день с увлечение цапля
Baratynsky,Log odds,77,VERB,быть давать любить статься прощать знать вдаваться возлегать завертывать заглохнуть
Baratynsky,Log odds,78,ADJ,елецкий финский небрежный ветхий бестолковый мудреный недавний старательный умиленный веселый
Baratynsky,Log odds,78,NOUN,в душа лицо сара день нина вера с парнасс зораида
Baratynsky,Log odds,78,VERB,быть любить давать наставлять согнать побрести обретать даровать глядеть представать
Baratynsky,Log odds,79,ADJ,елецкий досадный драгоценный веселый ветренный дольный незнаемый умиленный ветреный людской
Baratynsky,Log odds,79,NOUN,в душа лицо сара с день нина вера бытие зораида
Baratynsky,Log odds,79,VERB,быть давать любить наставлять радовать пророчить разуметь даровать позабывать обретать
Baratynsky,Log odds,80,ADJ,елецкий финский досадный лицый веселый способный вседневный мудреный неловкий старательный
Baratynsky,Log odds,80,NOUN,цыганка в сара душа ниэта декабрь нина лицо с цапля
Baratynsky,Log odds,80,VERB,быть давать прощать любить довериться побрести представать знать дряхлеть кривить
Baratynsky,Log odds,81,ADJ,елецкий чуждый незнаемый неловкий опытный признательный веселый мятежный безропотный бойкий
Baratynsky,Log odds,81,NOUN,в душа с сара лицо день вера нина к счастие
Baratynsky,Log odds,81,VERB,быть давать наставлять стучаться любить прощать отряхивать устрашать шататься обретать
Baratynsky,Log odds,82,ADJ,елецкий финский досадный похожий веселый ветренный недавний старательный умиленный полный
Baratynsky,Log odds,82,NOUN,в сара душа выражение ниэта лицо день с счастие вера
Baratynsky,Log odds,82,VERB,быть давать любить довериться слыть уезжать мочь знать прощать брести
Baratynsky,Log odds,83,ADJ,елецкий небрежный безжизненный веселый ветренный пристойный безропотный беспристрастный бесстыдный вкрадчивый
Baratynsky,Log odds,83,NOUN,душа в сара декабрь лицо с вера день нина парнасс
Baratynsky,Log odds,83,VERB,быть давать любить наставлять довериться искушать приманивать даровать обретать прощать
Baratynsky,Log odds,84,ADJ,елецкий болезненный досадный ветренный недавний незнаемый старательный веселый полный вкрадчивый
Baratynsky,Log odds,84,NOUN,в душа сара декабрь день палец счастие нина зораида пустяк
Baratynsky,Log odds,84,VERB,быть давать наблюдать прощать представать возлегать разуметь любить мочь даровать
Baratynsky,Log odds,85,ADJ,елецкий финский досадный лицый лишний недавний пристойный старательный веселый нежный
Baratynsky,Log odds,85,NOUN,в сара лицо ниэта вера нина душа с день к
Baratynsky,Log odds,85,VERB,быть давать взлелеять любить согнать стучаться побрести приманивать статься прощать
Baratynsky,Log odds,86,ADJ,елецкий лицый людской незнаемый веселый ветреный возвратный гигантский особый памятный
Baratynsky,Log odds,86,NOUN,в душа сара с лицо нина день вера к эда
Baratynsky,Log odds,86,VERB,быть любить давать наставлять осмеливаться радовать снести уезжать прощать глядеть
Baratynsky,Log odds,87,ADJ,елецкий досадный способный ветренный неловкий пристойный старательный полный веселый людской
Baratynsky,Log odds,87,NOUN,в арсений душа сара день лицо счастие вера увлечение нина
Baratynsky,Log odds,87,VERB,быть давать мочь глядеть обретать властвовать довериться любить прощать дряхлеть
Baratynsky,Log odds,88,ADJ,елецкий лицый похожий самолюбивый веселый бестолковый ветренный мудреный пристойный старательный
Baratynsky,Log odds,88,NOUN,в сара душа ниэта день нина вера парнасс увлечение с
Baratynsky,Log odds,88,VERB,быть давать любить прощать довериться приводить блаженствовать завертывать заглохнуть заходить
Baratynsky,Log odds,89,ADJ,елецкий лицый бестолковый мудреный пристойный старательный веселый томный безрассудный безропотный
Baratynsky,Log odds,89,NOUN,в душа сара вера день с нина лицо зораида парнасс
Baratynsky,Log odds,89,VERB,быть давать любить возлегать довериться доверяться отряхивать приставать разуметь мочь
Baratynsky,Log odds,90,ADJ,елецкий бестолковый дольный лишний незнаемый старательный веселый безропотный беспристрастный бесстыдный
Baratynsky,Log odds,90,NOUN,в арсений душа лицо нина с день вера сара бытие
Baratynsky,Log odds,90,VERB,быть давать любить статься прощать обретать забавить затмевать кривить незнать
Baratynsky,Log odds,91,ADJ,елецкий веселый бестолковый дольный насмешливый неловкий пристойный старательный мятежный безропотный
Baratynsky,Log odds,91,NOUN,в день душа сара вера декабрь парнасс увлечение с нина
Baratynsky,Log odds,91,VERB,быть давать любить наставлять вверяться довериться глядеть прощать даровать желать
Baratynsky,Log odds,92,ADJ,елецкий веселый заметный нежный нужный насмешливый обязанный пошлый упадший мятежный
Baratynsky,Log odds,92,NOUN,эда в ниэта шалость душа лицо с сара день бытие
Baratynsky,Log odds,92,VERB,давать быть болтать наставлять согнать любить отряхивать переменять приманивать слыть
Baratynsky,Log odds,93,ADJ,елецкий лицый признательный полный беспристрастный бойкий вкрадчивый возвратный мнимый одушевленный
Baratynsky,Log odds,93,NOUN,в сара день душа ниэта лицо нина с парнасс вера
Baratynsky,Log odds,93,VERB,быть давать любить надеяться отряхивать побрести приманивать слыть прощать глядеть
Baratynsky,Log odds,94,ADJ,елецкий лицый ветренный незнаемый пристойный старательный полный мятежный веселый людской
Baratynsky,Log odds,94,NOUN,в душа ниэта день сара нина с вера парнасс лицо
Baratynsky,Log odds,94,VERB,быть давать любить наблюдать обретать прощать глядеть блаженствовать животворить забавить
Baratynsky,Log odds,95,ADJ,елецкий дружеский досадный лицый веселый мудреный неловкий старательный умиленный людской
Baratynsky,Log odds,95,NOUN,в душа класс сара день с лицо ниэта нина парнасс
Baratynsky,Log odds,95,VERB,быть давать любить осмеливаться возлегать останавливаться прощать обретать мочь глядеть
Baratynsky,Log odds,96,ADJ,елецкий финский веселый неловкий приветливый язвительный милый беспристрастный вкрадчивый возвратный
Baratynsky,Log odds,96,NOUN,в день сара душа лицо ниэта вера с парнасс к
Baratynsky,Log odds,96,VERB,быть давать довериться доверяться ласкаться отряхивать любить мочь прощать завертывать
Baratynsky,Log odds,97,ADJ,елецкий лицый ветренный мудреный недавний умиленный веселый людской безропотный беспристрастный
Baratynsky,Log odds,97,NOUN,эда макар в сара душа нина с день лицо зораида
Baratynsky,Log odds,97,VERB,быть давать радовать любить даровать знать прощать дряхлеть животворить завертывать
Baratynsky,Log odds,98,ADJ,елецкий финский досадный ветренный вседневный недавний старательный полный ветреный мятежный
Baratynsky,Log odds,98,NOUN,в макар душа сара день с парнасс лицо вера цапля
Baratynsky,Log odds,98,VERB,быть давать любить согнать взрывать довериться искушать отряхивать обретать прощать
Baratynsky,Log odds,99,ADJ,елецкий людской мудреный незнаемый старательный ветреный беспристрастный вкрадчивый ненастливый обязанный
Baratynsky,Log odds,99,NOUN,в ниэта душа лицо сара нина день с цапля вера
Baratynsky,Log odds,99,VERB,быть взлелеять давать наставлять стучаться любить довериться угождать даровать обретать
Baratynsky,Log odds,100,ADJ,елецкий рассеянный виноватый дольний затейливый мудреный неловкий мятежный веселый людской
Baratynsky,Log odds,100,NOUN,в душа класс сара день с лицо нина вера цапля
Baratynsky,Log odds,100,VERB,быть давать любить довериться жалеть приставать шататься даровать обретать глядеть
Baratynsky,Zeta,1,ADJ,елецкий печальный глубокий нужный былой гранитный известный счастливый нежный прежний
Baratynsky,Zeta,1,NOUN,бог жар нина голова дарование забава кольцо друг сон свет
Baratynsky,Zeta,1,VERB,предаваться покидать полюбить влечь рыдать оставлять вставать слышать вздыхать постигать
Baratynsky,Zeta,2,ADJ,мирный двойной младой любимый бесплодный возвышенный давний сердечный скромный усталый
Baratynsky,Zeta,2,NOUN,бытие макар путь игра муза том царевна сердце взор человек
Baratynsky,Zeta,2,VERB,взять уметь поспешать рассевать совершать внимать прощать вставать думать желать
Baratynsky,Zeta,3,ADJ,блестящий гробовой печальный прежний глубокий сладкий младой дорогой тупой светский
Baratynsky,Zeta,3,NOUN,время толпа лицо вера веселие ребенок кольцо отчизна сара небо
Baratynsky,Zeta,3,VERB,приводить оставаться предаваться мыслить пасть мочь видеть принимать пить прощать
Baratynsky,Zeta,4,ADJ,томный лукавый хитрый чуждый прежний елецкий нужный послушный роковой сладкий
Baratynsky,Zeta,4,NOUN,друг земля краса надежда пора дева человек голос разлука лист
Baratynsky,Zeta,4,VERB,находить дышать блуждать дивиться молчать позабывать беседовать вкушать носить позволять
Baratynsky,Zeta,5,ADJ,полный елецкий легкий страстный томный чуждый ветреный ревнивый людской женский
Baratynsky,Zeta,5,NOUN,воображение грусть небо доля лицо глава предание друг день ум
Baratynsky,Zeta,5,VERB,взглядывать достигать подавать вздыхать желать дивиться приводить увидеть вянуть даровать
Baratynsky,Zeta,6,ADJ,людской нужный младой елецкий безвестный минувший унылый затейливый опасный редкий
Baratynsky,Zeta,6,NOUN,сон пора слово волнение желание природа мысль память труд угол
Baratynsky,Zeta,6,VERB,прощать стоять внимать бить занимать ласкаться оживлять вздыхать вставать думать
Baratynsky,Zeta,7,ADJ,высокий громкий елецкий ревнивый блестящий дорогой беспечный правый давний простой
Baratynsky,Zeta,7,NOUN,око память голос брег дверь душа сон пир слово век
Baratynsky,Zeta,7,VERB,покидать увидеть позабывать мыслить наступать болтать вянуть даровать клевать таить
Baratynsky,Zeta,8,ADJ,дикий легкий мятежный елецкий пленительный беспечный грустный долгий слепой страстный
Baratynsky,Zeta,8,NOUN,бытие дружба жар нужда суета царевна сон весна человек мысль
Baratynsky,Zeta,8,VERB,вещать представать пойти сходить узнавать заменять обретать помнить приходить решаться
Baratynsky,Zeta,9,ADJ,прямой блестящий чуждый жаркий младенческий любезный готовый лицый напрасный своевольный
Baratynsky,Zeta,9,NOUN,скала свет цветок брег бытие разлука сестра судьбина эда любовь
Baratynsky,Zeta,9,VERB,оставлять желать цвести качать открывать литься проводить рассказывать петь взглядывать
Baratynsky,Zeta,10,ADJ,елецкий пустынный строгий любимый желанный ледяной общий почтенный случайный нежный
Baratynsky,Zeta,10,NOUN,пора век зима счастие глава имя вдохновение воображение радость день
Baratynsky,Zeta,10,VERB,узнавать глядеть мелькать встречаться побрести хвалить веселить вкушать губить решать
Baratynsky,Zeta,11,ADJ,нежный чуждый легкий мятежный сердечный минувший гробовой державный суровый чуткий
Baratynsky,Zeta,11,NOUN,певец сон дружба бокал лицо око человек веселие ум волнение
Baratynsky,Zeta,11,VERB,приносить вздыхать приходить лелеять вянуть губить изливать идти находить петь
Baratynsky,Zeta,12,ADJ,людской младой веселый чуждый долгий прежний своенравный летучий лукавый безумный
Baratynsky,Zeta,12,NOUN,цветок луч печаль век гусар небосклон цыганка око судьба чувство
Baratynsky,Zeta,12,VERB,грозить обманывать уметь восставать избирать искать обретать принимать ловить надеяться
Baratynsky,Zeta,13,ADJ,елецкий людской роковой мятежный нужный строгий единый светский случайный способный
Baratynsky,Zeta,13,NOUN,пора веселие слава вера девица отзыв след счастие ум чело
Baratynsky,Zeta,13,VERB,прощать вступать вставать сиять возводить занимать испытывать наскучивать сливать любить
Baratynsky,Zeta,14,ADJ,глубокий томный благой детский беззаботный ветреный известный падший чувствительный веселый
Baratynsky,Zeta,14,NOUN,счастие миг дева ум судьба цветок мнение молва чаша год
Baratynsky,Zeta,14,VERB,ложиться мыслить оставаться хотеть обманывать уходить сжимать сказать покидать прощать
Baratynsky,Zeta,15,ADJ,елецкий желанный громкий прямой страстный убогий высокий земной печальный достойный
Baratynsky,Zeta,15,NOUN,забвение краса ответ подвиг пустыня участие рука час желание дух
Baratynsky,Zeta,15,VERB,лететь выражать подымать молвить слетать сходить требовать глядеть слышать узнавать
Baratynsky,Zeta,16,ADJ,невинный елецкий ветреный должный живой счастливый мятежный чуждый веселый младой
Baratynsky,Zeta,16,NOUN,любовь певец улыбка брег вдохновение выражение край красавица сновидение душа
Baratynsky,Zeta,16,VERB,представать пылать призывать чувствовать позабывать поспешать твердить исчезать прийти прощать
Baratynsky,Zeta,17,ADJ,известный елецкий краткий пышный рассеянный ласковый лукавый падший похожий своенравный
Baratynsky,Zeta,17,NOUN,печаль жар отзыв игра сияние стих толпа человек радость чувство
Baratynsky,Zeta,17,VERB,являть роптать оставлять находить отдавать взлелеять мыслить спать бросать призывать
Baratynsky,Zeta,18,ADJ,блестящий прежний томный сердечный давний елецкий мятежный праздный слепой бесплодный
Baratynsky,Zeta,18,NOUN,вера нина юноша сила лицо счастие дума забвение закон память
Baratynsky,Zeta,18,VERB,прощать узнавать вставать садиться бунтовать восходить носить шутить мочь верить
Baratynsky,Zeta,19,ADJ,любезный ревнивый душевный нежданный правый благой волнистый гробовой досадный нескромный
Baratynsky,Zeta,19,NOUN,лицо сон слово радость тоска ум власть дно забвение милая
Baratynsky,Zeta,19,VERB,находить отдавать приносить думать обретать являть вещать грустить доживать увидеть
Baratynsky,Zeta,20,ADJ,прежний елецкий известный любимый ветреный довольный лишенный неловкий младой безумный
Baratynsky,Zeta,20,NOUN,природа око ум покой пора лицо мгновение подруга поэт стих
Baratynsky,Zeta,20,VERB,взглядывать приводить обманывать скрывать уметь владеть исполнять навещать пробуждаться смущать
Baratynsky,Zeta,21,ADJ,елецкий людской пленительный печальный чужой юный ветреный усталый гробовой грустный
Baratynsky,Zeta,21,NOUN,радость край лицо судьба миг бессмертие голос память шум день
Baratynsky,Zeta,21,VERB,позабывать прощать оставаться принимать пробуждать ведать попадать готовиться качать давать
Baratynsky,Zeta,22,ADJ,людской тяжелый елецкий ветреный долгий скромный беспечный седой бесплодный дружеский
Baratynsky,Zeta,22,NOUN,улыбка волнение уста утро вино стол тишина бытие лист человек
Baratynsky,Zeta,22,VERB,взлелеять избирать узнавать решаться согревать вкушать дарить заменять позабывать узреть
Baratynsky,Zeta,23,ADJ,ветреный небрежный довольный едкий полный младой высокий хладный бедный прямой
Baratynsky,Zeta,23,NOUN,миг лицо пора княгиня судьбина веселие зима окно любовь желание
Baratynsky,Zeta,23,VERB,делить узнавать подымать прийти думать предавать выходить лобзать молить побеждать
Baratynsky,Zeta,24,ADJ,елецкий похожий слепой суровый строгий гробовой праздный летучий детский жалкий
Baratynsky,Zeta,24,NOUN,пора вода брег муза мука утро рука любовь око сон
Baratynsky,Zeta,24,VERB,желать решать проводить блаженствовать входить заводить опускать писать постигать рыдать
Baratynsky,Zeta,25,ADJ,мятежный усталый елецкий строгий томный бедный достойный любезный седой своенравный
Baratynsky,Zeta,25,NOUN,бытие лицо стол природа беседа нужда бог любовь пора свет
Baratynsky,Zeta,25,VERB,внимать изменять мыслить посвящать взлелеять погибать ждать смотреть видеть писать
Baratynsky,Zeta,26,ADJ,елецкий должный зимний минувший парнасский своенравный святой хороший блестящий общий
Baratynsky,Zeta,26,NOUN,бытие земля миг время дверь стол ум утро цыганка щека
Baratynsky,Zeta,26,VERB,пить владеть глядеть изменять оживать вкушать мыслить останавливать писать уметь
Baratynsky,Zeta,27,ADJ,праздный долгий елецкий безумный черный бесплодный задумчивый счастливый веселый легкий
Baratynsky,Zeta,27,NOUN,свет муза свидание судьбина счастие тишина вино любовник пора любовь
Baratynsky,Zeta,27,VERB,прощать изменять увидеть постигать блуждать возвращать уступать шутить спешить дремать
Baratynsky,Zeta,28,ADJ,чуждый холодный елецкий ветреный пленительный пышный строгий хороший безумный досадный
Baratynsky,Zeta,28,NOUN,мир лицо покой забота язык взор дар певец восторг краса
Baratynsky,Zeta,28,VERB,исчезать избирать смыкать входить умирать внимать лететь носить желать помнить
Baratynsky,Zeta,29,ADJ,достойный строгий елецкий людской нужный сердечный бессмертный грядущий финский мятежный
Baratynsky,Zeta,29,NOUN,век раз мера мука небосклон час взор год ответ вера
Baratynsky,Zeta,29,VERB,подымать оставаться прощать узнавать взглядывать позволять проводить подумать решаться петь
Baratynsky,Zeta,30,ADJ,елецкий людской роскошный легкий страстный детский густой довольный дорогой опасный
Baratynsky,Zeta,30,NOUN,глаз вера бытие дубрава рассудок выражение дело закон мудрость толпа
Baratynsky,Zeta,30,VERB,влечь изменять питать поверять бросать венчать взывать возникать погасать попадать
Baratynsky,Zeta,31,ADJ,старый страстный елецкий простой лишенный разгульный безжизненный болезненный враждебный лицый
Baratynsky,Zeta,31,NOUN,мука бог вера веселие глава волна дева ум чувство глаз
Baratynsky,Zeta,31,VERB,мыслить прощать исчезать увидеть дивиться вздыхать владеть останавливать давать находить
Baratynsky,Zeta,32,ADJ,елецкий веселый отрадный бесплодный должный нужный своенравный способный безумный блестящий
Baratynsky,Zeta,32,NOUN,сон бытие призрак веселие счастие кров муж судьбина эда взор
Baratynsky,Zeta,32,VERB,вести верить постигать смыкать зашуметь оставаться покоиться поражать глядеть понимать
Baratynsky,Zeta,33,ADJ,глубокий елецкий нужный своевольный беззаботный двойной нескромный ревнивый странный печальный
Baratynsky,Zeta,33,NOUN,судьба видение гнев спасибо усопший царевна цыганка шопот рука жизнь
Baratynsky,Zeta,33,VERB,изменять шутить глядеть сходить понимать зреть ловить проводить взглядывать прощать
Baratynsky,Zeta,34,ADJ,елецкий известный общий великолепный городской досадный лишний молодой младой чуждый
Baratynsky,Zeta,34,NOUN,глава бокал мука подвиг хлад ум счастие бог дума певец
Baratynsky,Zeta,34,VERB,находить мечтать беседовать грустить обретать представать угождать знать видеть внимать
Baratynsky,Zeta,35,ADJ,богатый чуждый дорогой вечный нескромный модный нужный подобный нежный свободный
Baratynsky,Zeta,35,NOUN,любовь чувство веселие пора раз сара ветер судьба бог глаз
Baratynsky,Zeta,35,VERB,желать мечтать стоять покидать шутить мыслить навещать обретать оставаться пробуждать
Baratynsky,Zeta,36,ADJ,чуждый елецкий пылкий сердечный безумный невольный своевольный ветреный неверный опасный
Baratynsky,Zeta,36,NOUN,покой миг век гора бытие воздух волнение житель победа подруга
Baratynsky,Zeta,36,VERB,уметь верить желать смущать играть молить думать увидеть сидеть оставаться
Baratynsky,Zeta,37,ADJ,грядущий печальный чудный людской гордый ревнивый ветреный поздний бессмертный грубый
Baratynsky,Zeta,37,NOUN,бытие дума страсть мгла мука сара имя лицо судьба край
Baratynsky,Zeta,37,VERB,просыпаться глядеть понимать дремать изменять болтать блистать молчать начинать спешить
Baratynsky,Zeta,38,ADJ,долгий дорогой елецкий нужный известный слышный томный единый знакомый своенравный
Baratynsky,Zeta,38,NOUN,вера раз бытие дар забота закон память поколение судьба наслаждение
Baratynsky,Zeta,38,VERB,оставаться глядеть сидеть покидать обретать влечь пленять поражать расставаться внимать
Baratynsky,Zeta,39,ADJ,строгий дикий достойный людской известный нужный спокойный способный ветхий всесильный
Baratynsky,Zeta,39,NOUN,лицо свет сон муза пора мысль хлад девица красота призрак
Baratynsky,Zeta,39,VERB,блистать расставаться узнавать верить делить молвить мыслить побеждать предавать возмущать
Baratynsky,Zeta,40,ADJ,елецкий нужный глухой строгий горький жадный зимний мирный ревнивый хитрый
Baratynsky,Zeta,40,NOUN,страдание толпа дума струя цыганка мука спасибо тень жизнь день
Baratynsky,Zeta,40,VERB,взглядывать глядеть представать владеть заставать мечтать сиять слетать навещать роптать
Baratynsky,Zeta,41,ADJ,ветреный общий роковой строгий дорогой елецкий нежданный глухой лицый ненастный
Baratynsky,Zeta,41,NOUN,весна счастие покой краса дева миг слово девица жар лист
Baratynsky,Zeta,41,VERB,входить смыкать прощать вздыхать изменять манить смирять уметь упасть хотеть
Baratynsky,Zeta,42,ADJ,безумный елецкий суровый томный дружеский мертвый пасмурный чуткий важный вседневный
Baratynsky,Zeta,42,NOUN,голос забота воображение поэт сара след класс мука нужда память
Baratynsky,Zeta,42,VERB,грозить смотреть взглядывать изменять мыслить обретать уметь хранить воздавать казаться
Baratynsky,Zeta,43,ADJ,елецкий нужный дружеский томный несчастный смущенный веселый верный сердечный былой
Baratynsky,Zeta,43,NOUN,печаль пора толпа закон тень звук обет сара свидание сияние
Baratynsky,Zeta,43,VERB,узнавать даровать казаться мыслить попадать смеяться взглядывать иметь крутиться обманывать
Baratynsky,Zeta,44,ADJ,давний томный людской своенравный морской ужасный цветущий немой веселый нежный
Baratynsky,Zeta,44,NOUN,судьба вера взор макар миг подруга гость дверь злоба млада
Baratynsky,Zeta,44,VERB,постигать узнавать подавать сводить объять упадать глядеть петь идти дышать
Baratynsky,Zeta,45,ADJ,чуждый давний елецкий пленительный смешной бесплодный должный младенческий протяжный своенравный
Baratynsky,Zeta,45,NOUN,краса подруга свет толпа забота пир страна девица нега нога
Baratynsky,Zeta,45,VERB,исчезать стучаться узнавать хохотать брызгать наблюдать пестреть сводить смотреть видеть
Baratynsky,Zeta,46,ADJ,громкий ветреный мучительный ревнивый старательный мятежный живой сердечный сладкий чужой
Baratynsky,Zeta,46,NOUN,лицо бытие лист скала судьба свет дух покой поэт благо
Baratynsky,Zeta,46,VERB,позабывать приводить изменять понимать заводить подходить пренебрегать решать сниться чувствовать
Baratynsky,Zeta,47,ADJ,елецкий людской бурный гробовой печальный роковой бедный двойной томный убогий
Baratynsky,Zeta,47,NOUN,лицо вера скала жар бал забвение стол струна чувство око
Baratynsky,Zeta,47,VERB,качать смыкать велеть выходить роптать стучаться уметь бежать дышать ждать
Baratynsky,Zeta,48,ADJ,строгий глубокий приятный душевный пасмурный самолюбивый страстный младой чуждый безумный
Baratynsky,Zeta,48,NOUN,век бытие человек миг труд досада муза подруга дух око
Baratynsky,Zeta,48,VERB,обретать принимать приносить смеяться увлекать будить даровать славить верить идти
Baratynsky,Zeta,49,ADJ,безумный лукавый младой детский свободный достойный грубый нагой сердечный верный
Baratynsky,Zeta,49,NOUN,мечта ночь печаль человек краса дева утро искусство утеха год
Baratynsky,Zeta,49,VERB,манить носить скрывать славить шутить становиться прощать понимать верить выходить
Baratynsky,Zeta,50,ADJ,ветреный томный елецкий страстный минувший признательный новый суровый бедный свободный
Baratynsky,Zeta,50,NOUN,вера герой мечтание день пора судьба миг мечта красота нега
Baratynsky,Zeta,50,VERB,изменять сидеть будить взывать шутить поражать призывать забывать внимать позабывать
Baratynsky,Zeta,51,ADJ,ревнивый безумный безвестный густой елецкий детский долгий краткий нежданный обнаженный
Baratynsky,Zeta,51,NOUN,свет радость небо слово глаз дева мир скала век глубина
Baratynsky,Zeta,51,VERB,понимать владеть пойти обретать покидать шутить думать смирять угождать становиться
Baratynsky,Zeta,52,ADJ,елецкий чуждый легкий своенравный финский безжизненный важный вышний давний единый
Baratynsky,Zeta,52,NOUN,дева вера взор рука сон мир уста лицо поэт край
Baratynsky,Zeta,52,VERB,внимать оставлять оставаться сходить успевать мочь идти становиться прощать верить
Baratynsky,Zeta,53,ADJ,елецкий долгий безвестный детский нужный тяжелый пылкий довольный известный прямой
Baratynsky,Zeta,53,NOUN,цветок лицо стих дума край лист мудрец стол мечта нега
Baratynsky,Zeta,53,VERB,смущать помнить мечтать позабывать веселить выходить даровать делить навещать помогать
Baratynsky,Zeta,54,ADJ,елецкий спокойный хороший падший праздный старый ясный безумный любезный страстный
Baratynsky,Zeta,54,NOUN,вера горе дума нина утеха кровь миг разлука мир сердце
Baratynsky,Zeta,54,VERB,думать дышать прощать пылать озарять жалеть побеждать призывать смеяться сходить
Baratynsky,Zeta,55,ADJ,елецкий бесплодный досадный пустынный тесный полный дорогой новый пышный томный
Baratynsky,Zeta,55,NOUN,эда пора счастие упоение дитя дубрава хлад мечта уста дева
Baratynsky,Zeta,55,VERB,даровать погасать испытывать проводить реветь знать покидать смущать веять взглядывать
Baratynsky,Zeta,56,ADJ,чуждый темный роковой томный гробовой елецкий минувший пылкий ревнивый младой
Baratynsky,Zeta,56,NOUN,лицо судьба гений муза дар судьбина чувство вода закон богиня
Baratynsky,Zeta,56,VERB,обманывать мечтать питать скрывать волновать обретать постигать расставаться уступать идти
Baratynsky,Zeta,57,ADJ,безумный блестящий елецкий задумчивый праздный пустынный душевный злобный ласковый сердечный
Baratynsky,Zeta,57,NOUN,покой дар дарование красота нужда уста душа сердце сон дева
Baratynsky,Zeta,57,VERB,смыкать исчезать внимать обманывать покидать ведать посещать становиться глядеть позволять
Baratynsky,Zeta,58,ADJ,блестящий мятежный громкий своенравный пустой благоуханный известный веселый младой хладный
Baratynsky,Zeta,58,NOUN,девица судьбина миг сара нрав память правда свидание сладость цыганка
Baratynsky,Zeta,58,VERB,смеяться хранить исчезать уходить согревать являть вступать мыслить различать обманывать
Baratynsky,Zeta,59,ADJ,мятежный мирный елецкий тяжкий людской пленительный своенравный бездушный беспечный ветхий
Baratynsky,Zeta,59,NOUN,толпа дева слеза вера ответ красота печаль питомец лицо радость
Baratynsky,Zeta,59,VERB,помнить забывать обретать ведать постигать расставаться оставлять слышать желать оставаться
Baratynsky,Zeta,60,ADJ,елецкий сладкий бесплодный досадный любезный великолепный виноватый людской страшный чуждый
Baratynsky,Zeta,60,NOUN,рука надежда восторг бал житель парнасс любовь дева поле вера
Baratynsky,Zeta,60,VERB,дышать позабывать взглядывать исполнять расставаться смущать воскресать проводить прощаться хранить
Baratynsky,Zeta,61,ADJ,легкий хладный елецкий сердечный болезненный задумчивый томный безвестный страстный общий
Baratynsky,Zeta,61,NOUN,судьба ум печаль надежда речь век суд желание взор толпа
Baratynsky,Zeta,61,VERB,говорить спать обманывать прощать узнавать отдавать делить веровать любоваться предаваться
Baratynsky,Zeta,62,ADJ,прямой печальный холодный долгий нежданный сердечный болезненный виноватый задумчивый напрасный
Baratynsky,Zeta,62,NOUN,час вера ум желание бытие власть мука право день дума
Baratynsky,Zeta,62,VERB,пленять мочь верить владеть пить лгать принимать узреть прощать думать
Baratynsky,Zeta,63,ADJ,елецкий добрый древний рад глубокий хладный чуждый людской сердечный протяжный
Baratynsky,Zeta,63,NOUN,сон пора судьба век забвение забота нина разлука дума веселие
Baratynsky,Zeta,63,VERB,служить сказать оставаться смущать даровать избирать обретать позабывать помнить бледнеть
Baratynsky,Zeta,64,ADJ,елецкий давний грозный мятежный своенравный правый болезненный людской полный печальный
Baratynsky,Zeta,64,NOUN,счастие дева вера нина чувство князь нега память светильник след
Baratynsky,Zeta,64,VERB,скрываться узреть шуметь дышать рожать приходить казаться обретать предавать сводить
Baratynsky,Zeta,65,ADJ,невольный радостный земной прежний должный ветреный людской бедный елецкий досадный
Baratynsky,Zeta,65,NOUN,лицо век наслаждение покой вода радость край год дева весна
Baratynsky,Zeta,65,VERB,помнить вставать решать покидать поражать надеяться окружать сводить глядеть оставлять
Baratynsky,Zeta,66,ADJ,елецкий ветреный новый мирный страстный суровый должный могучий блестящий известный
Baratynsky,Zeta,66,NOUN,год вера пир стих бал краса кумир могила призрак путь
Baratynsky,Zeta,66,VERB,бросать прийти владеть вставать достигать пасть ласкать наблюдать озарять побеждать
Baratynsky,Zeta,67,ADJ,елецкий спокойный простой сердечный известный ветреный занятый звучный лукавый людской
Baratynsky,Zeta,67,NOUN,красавица воля движение забвение заря убеждение мечта судьба язык вера
Baratynsky,Zeta,67,VERB,молить подымать возмущать дивиться прийти снести идти приходить хранить озарять
Baratynsky,Zeta,68,ADJ,безумный елецкий летучий гробовой детский благодатный лишенный небрежный ранний резвый
Baratynsky,Zeta,68,NOUN,сон стих развалины мысль свидание взор жизнь лицо счастие голос
Baratynsky,Zeta,68,VERB,обманывать вести называть вставать являться взрывать жаждать морочить рожать роптать
Baratynsky,Zeta,69,ADJ,елецкий ветреный гробовой грустный довольный незримый похожий смиренный способный бедный
Baratynsky,Zeta,69,NOUN,лицо свет утеха толпа тоска брег жребий кров улыбка сон
Baratynsky,Zeta,69,VERB,пить подымать помнить дышать восставать вспоминать мыслить вянуть изливать взывать
Baratynsky,Zeta,70,ADJ,младой гробовой страстный отрадный тяжкий возвышенный небрежный протяжный ревнивый своенравный
Baratynsky,Zeta,70,NOUN,поэт звук лицо страсть воображение милая мысль укор мир взор
Baratynsky,Zeta,70,VERB,прощать останавливать верить находить прийти сидеть виться искать узреть посылать
Baratynsky,Zeta,71,ADJ,людской ветреный томный елецкий громкий краткий насмешливый нужный чуждый хороший
Baratynsky,Zeta,71,NOUN,уста печаль глас движение знак царь рука око радость лицо
Baratynsky,Zeta,71,VERB,цвести обманывать восставать называть согревать утрачивать ведать входить губить пить
Baratynsky,Zeta,72,ADJ,елецкий томный мирный пылкий веселый страстный усталый своенравный неверный досадный
Baratynsky,Zeta,72,NOUN,раз нина старушка забава разлука сын рука сон ночь толпа
Baratynsky,Zeta,72,VERB,шептать узнавать сиять улыбаться вещать объять получать согревать уметь бежать
Baratynsky,Zeta,73,ADJ,елецкий мятежный нежный блестящий младой своенравный томный суровый нужный светский
Baratynsky,Zeta,73,NOUN,вера брег мысль сара воображение искусство ответ приют свет чувство
Baratynsky,Zeta,73,VERB,озарять прийти трепетать входить приносить шептать обливать узнавать начинать восставать
Baratynsky,Zeta,74,ADJ,веселый елецкий ветреный нужный своенравный седой большой блестящий похожий слепой
Baratynsky,Zeta,74,NOUN,арсений взор сон край поле пора певец толпа волнение забвение
Baratynsky,Zeta,74,VERB,выходить даровать дивиться носить приводить заменять видеть прощать думать внимать
Baratynsky,Zeta,75,ADJ,чуждый елецкий праздный грустный долгий дорогой несчастный чужой злой томный
Baratynsky,Zeta,75,NOUN,звезда кольцо человек толпа цветок отец плод сара любовь ум
Baratynsky,Zeta,75,VERB,принимать владеть даровать делить окружать позабывать представать властвовать восставать прерывать
Baratynsky,Zeta,76,ADJ,грустный елецкий ветреный праздный сердечный смешной зимний злобный мудреный приветливый
Baratynsky,Zeta,76,NOUN,веселие жизнь око герой бытие мысль весна жажда старушка струна
Baratynsky,Zeta,76,VERB,молить находить исчезать хранить думать даровать доверяться предаваться соединять глядеть
Baratynsky,Zeta,77,ADJ,елецкий густой долгий нескромный опасный своевольный младой родной вечный тихий
Baratynsky,Zeta,77,NOUN,слово желание добро угол мечта дух луч страсть сын чаша
Baratynsky,Zeta,77,VERB,прощать верить обманывать мечтать наскучивать пасть чувствовать беречь владеть занимать
Baratynsky,Zeta,78,ADJ,веселый печальный елецкий своевольный летучий правый простой мятежный роковой морской
Baratynsky,Zeta,78,NOUN,восторг дева красота веселие ласка опыт певец судьбина вера девица
Baratynsky,Zeta,78,VERB,смыкать смеяться изменять обретать объять смущать готовиться подавать подходить покоряться
Baratynsky,Zeta,79,ADJ,елецкий нужный блестящий безумный неверный нагой верный дольный протяжный цветущий
Baratynsky,Zeta,79,NOUN,лицо могила толпа цветок девица жар имя пир свет любовь
Baratynsky,Zeta,79,VERB,прощать изменять забывать мыслить позабывать оживать позволять уходить навещать подымать
Baratynsky,Zeta,80,ADJ,дикий людской должный видный правый страстный томный похожий светский тупой
Baratynsky,Zeta,80,NOUN,грусть вино дева счастие год цветок чувство дуб рука свет
Baratynsky,Zeta,80,VERB,зреть внимать постигать узреть возлегать входить глядеть ждать писать владеть
Baratynsky,Zeta,81,ADJ,правый елецкий давний известный роковой ужасный гробовой ревнивый финский зимний
Baratynsky,Zeta,81,NOUN,свет мир глаз сара угол воображение кольцо память подруга век
Baratynsky,Zeta,81,VERB,пойти восходить сводить оставлять погасать наскучивать оскорблять предаваться создавать уметь
Baratynsky,Zeta,82,ADJ,возвышенный томный прежний суровый холодный лишенный любезный мертвый хороший буйный
Baratynsky,Zeta,82,NOUN,пора дева природа вода бытие улыбка воображение друг счастие взор
Baratynsky,Zeta,82,VERB,позабывать входить даровать смыкать славить дышать узнавать владеть думать бросать
Baratynsky,Zeta,83,ADJ,томный елецкий глубокий жадный строгий людской полный новый бедный дорогой
Baratynsky,Zeta,83,NOUN,вера язык вид киприды любовник пир плод предание ручей свет
Baratynsky,Zeta,83,VERB,дышать блистать сходить желать останавливать думать бранить будить попадать признаваться
Baratynsky,Zeta,84,ADJ,елецкий густой светлый строгий грустный божественный досадный дружеский модный невольный
Baratynsky,Zeta,84,NOUN,глаз дева ответ гость нина разлука смех тоска чувство голос
Baratynsky,Zeta,84,VERB,позабывать приносить надеяться сводить улыбаться шутить забывать внимать начинать увидеть
Baratynsky,Zeta,85,ADJ,елецкий ревнивый долгий людской мертвый свободный единый своенравный полезный приятный
Baratynsky,Zeta,85,NOUN,нога ветер глупец класс краса покой рука бог земля цветок
Baratynsky,Zeta,85,VERB,оставаться восходить уметь приманивать примести увлекать давать бежать восставать даровать
Baratynsky,Zeta,86,ADJ,елецкий прежний людской довольный мятежный каменный нескромный сладкий легкий младой
Baratynsky,Zeta,86,NOUN,забвение год око сара чувство пир улыбка гений раз чудо
Baratynsky,Zeta,86,VERB,прощать принимать смущать качать дивиться мечтать сидеть идти взглядывать желать
Baratynsky,Zeta,87,ADJ,жадный блестящий душевный елецкий видный записной отцов живой прежний верный
Baratynsky,Zeta,87,NOUN,счастие год век дума лицо цветок обет пир птица сладострастие
Baratynsky,Zeta,87,VERB,исчезать переходить прощать взглядывать блистать сводить смущать чувствовать веселить даровать
Baratynsky,Zeta,88,ADJ,младой легкий жадный скромный громкий гранитный густой едкий роскошный увядший
Baratynsky,Zeta,88,NOUN,печаль судьба дева красота взгляд глупец забава резец свод смысл
Baratynsky,Zeta,88,VERB,упасть узнавать прощать оставлять понимать качать навещать отдавать сводить соединять
Baratynsky,Zeta,89,ADJ,мятежный густой своенравный страстный елецкий лишенный досадный ленивый пленительный смущенный
Baratynsky,Zeta,89,NOUN,нина время ответ глас дар дарование красота природа честь друг
Baratynsky,Zeta,89,VERB,дышать уходить вещать обманывать прощать смущать изливать испытывать надеяться уступать
Baratynsky,Zeta,90,ADJ,мирный елецкий мятежный большой каменный лукавый нужный слепой своевольный смутный
Baratynsky,Zeta,90,NOUN,пора счастие дева девица забота нежность год миг вера поле
Baratynsky,Zeta,90,VERB,вздыхать мыслить помнить владеть делить ждать изменять веселить вещать избирать
Baratynsky,Zeta,91,ADJ,слепой елецкий чуждый черный давний нагой возвратный должный домашний похожий
Baratynsky,Zeta,91,NOUN,рука сон дар стих чувство уста весна гора судьбина веселие
Baratynsky,Zeta,91,VERB,дивиться желать подходить попадать проводить сжимать хотеть прощать бежать даровать
Baratynsky,Zeta,92,ADJ,новый свободный безумный томный елецкий благодатный гробовой зримый известный лавровый
Baratynsky,Zeta,92,NOUN,глава красота лицо восторг страсть счастие забота наслаждение стих том
Baratynsky,Zeta,92,VERB,взять вступать признаваться славить брызгать жаждать исполнять отдавать позволять стучаться
Baratynsky,Zeta,93,ADJ,небрежный любезный нежданный нескромный несчастный веселый сердечный последний злой людской
Baratynsky,Zeta,93,NOUN,забота счастие геликон гость дыхание молчание сара рука свет чувство
Baratynsky,Zeta,93,VERB,желать искать обретать сжимать казаться останавливать сгущаться слушать угождать уступать
Baratynsky,Zeta,94,ADJ,детский чуждый прежний простой ветреный жизненный зимний нескромный праздный рассеянный
Baratynsky,Zeta,94,NOUN,любовь мгновение венец искусство опыт привет разлука шутка пора век
Baratynsky,Zeta,94,VERB,служить ждать входить верить желать вливать низойти петь находить узнавать
Baratynsky,Zeta,95,ADJ,елецкий роскошный тихий злой похожий строгий чудесный ветреный душевный злобный
Baratynsky,Zeta,95,NOUN,ум цветок страсть влага мнение сновидение веселие дева дом раз
Baratynsky,Zeta,95,VERB,носить ждать понимать владеть восставать входить любоваться приводить замечать сметь
Baratynsky,Zeta,96,ADJ,лишний ветреный ясный грустный ревнивый людской усталый долгий древний модный
Baratynsky,Zeta,96,NOUN,дух свет ум воздух макар окно ответ день жизнь око
Baratynsky,Zeta,96,VERB,шутить звать спать входить вздыхать спешить ведать выходить слушать мечтать
Baratynsky,Zeta,97,ADJ,нужный унылый громкий людской послушный похожий прежний глубокий чуждый мятежный
Baratynsky,Zeta,97,NOUN,волна вино дева взгляд лицо картина прихоть стол феб свет
Baratynsky,Zeta,97,VERB,расставаться прощать объять поражать увидеть пасть переходить принимать глядеть внимать
Baratynsky,Zeta,98,ADJ,суровый веселый прежний елецкий общий детский опасный блистательный морской небрежный
Baratynsky,Zeta,98,NOUN,нега дева бытие вдохновение движение забава мука чувство лицо гость
Baratynsky,Zeta,98,VERB,оставлять смущать покидать беседовать приходить улыбаться исполнять подъять попадать признаваться
Baratynsky,Zeta,99,ADJ,мирный людской младой елецкий праздный отрадный глухой прямой счастливый блестящий
Baratynsky,Zeta,99,NOUN,сара край красота отец вера муза счастие улыбка нина перо
Baratynsky,Zeta,99,VERB,желать восставать петь владеть изменять верить обретать изливать постигать прийти
Baratynsky,Zeta,100,ADJ,нескромный сладкий строгий любезный блестящий большой едкий звонкий легкий полный
Baratynsky,Zeta,100,NOUN,пир время око тоска краса вера след лицо судьба свет
Baratynsky,Zeta,100,VERB,оставлять гореть шептать желать покидать приводить увидеть вливать избирать переходить
Tjutchev,Guiraud,1,ADJ,сочувственный дождевой мглистый первоначальный христов непостижимый безобразный полуденный родственный внезапный
Tjutchev,Guiraud,1,NOUN,исход сочувствие глубь ложь зелень кубок благодать благоволение единство звено
Tjutchev,Guiraud,1,VERB,воздвигать обвевать мужаться откликаться сберегать влетать нудить ныть сознавать витать
Tjutchev,Guiraud,2,ADJ,внезапный неравный духовный дождевой современный пророческий дымный льдистый мимолетный палящий
Tjutchev,Guiraud,2,NOUN,значение загадка ложь среда отблеск гектор единство наследие ниса скиптр
Tjutchev,Guiraud,2,VERB,обвевать умчать тяготеть взрывать витать искриться негодовать просветлеть развиваться разрастаться
Tjutchev,Guiraud,3,ADJ,духовный бесконечный лунный мглистый сочувственный безлюдный льдистый чуткий внезапный неравный
Tjutchev,Guiraud,3,NOUN,обаяние среда христос гам сознание кубок воитель урания значение клич
Tjutchev,Guiraud,3,VERB,сознавать одолевать брести нудить бунтовать впускать искриться мести озаряться просветлеть
Tjutchev,Guiraud,4,ADJ,братский всесильный враждебный милосердый первоначальный христов мировой палящий родственный чуткий
Tjutchev,Guiraud,4,NOUN,среда клич обаяние насилие христос отблеск сочувствие урания кубок ложь
Tjutchev,Guiraud,4,VERB,обвевать одолевать удаваться крыть бунтовать витать впускать искриться мести разрастаться
Tjutchev,Guiraud,5,ADJ,неравный всесильный чуткий дождевой первоначальный пророческий человеческий братский славянский безлюдный
Tjutchev,Guiraud,5,NOUN,значение ложь высь насилие обаяние среда троя борьба выя единство
Tjutchev,Guiraud,5,VERB,воспрянуть крыть мужаться одолевать рыть вернуться предстоять сознавать обвевать влетать
Tjutchev,Guiraud,6,ADJ,сочувственный дождевой лунный мглистый пошлый всемогущий льдистый мировой всемирный пророческий
Tjutchev,Guiraud,6,NOUN,зелень насилие христос чародей значение гектор единство естество наследие ниса
Tjutchev,Guiraud,6,VERB,зеленеть одолевать вернуться обвевать искриться научать околдовывать просветлеть сквозить теснить
Tjutchev,Guiraud,7,ADJ,чуткий жизненный неподвижный первоначальный пошлый современный всесильный братский безлюдный западный
Tjutchev,Guiraud,7,NOUN,обаяние кубок откровение фея ложь сок выя наследие пристрастие титан
Tjutchev,Guiraud,7,VERB,обвевать мужаться вечереть возвещать приподымать взрывать околдовывать отцветать просветлеть сквозить
Tjutchev,Guiraud,8,ADJ,доступный духовный мглистый современный братский льдистый мировой дневной непостижимый славянский
Tjutchev,Guiraud,8,NOUN,значение юг облак ложь среда фонтан кесарь троя единство естество
Tjutchev,Guiraud,8,VERB,обвевать тяготеть мужаться рыть довершать нудить сыскать уцелеть чуять впускать
Tjutchev,Guiraud,9,ADJ,дождевой всесильный безобразный болезненный льдистый чуткий братский пророческий доступный мглистый
Tjutchev,Guiraud,9,NOUN,исход зелень отблеск ложь значение клич единство звено наследие святилище
Tjutchev,Guiraud,9,VERB,тяготеть обвевать приподымать переживать разливать витать впускать мести палить просветлеть
Tjutchev,Guiraud,10,ADJ,духовный пророческий сочувственный современный человеческий западный палящий тусклый всесильный безымянный
Tjutchev,Guiraud,10,NOUN,обаяние исход кесарь благоволение звено корень оплот событие насилие откровение
Tjutchev,Guiraud,10,VERB,обвевать сознавать тяготеть мужаться нудить предстоять воздвигаться околдовывать расторгать свевать
Tjutchev,Guiraud,11,ADJ,братский непостижимый человеческий внезапный неравный отчаянный нетленный современный блистательный палящий
Tjutchev,Guiraud,11,NOUN,гам зелень ложь насилие воитель отблеск ткань испытание обаяние кубок
Tjutchev,Guiraud,11,VERB,обвевать вечереть брести предстоять приподымать мести негодовать околдовывать просветлеть сеять
Tjutchev,Guiraud,12,ADJ,человеческий бесконечный неравный мглистый братский признательный духовный сочувственный роковой отчаянный
Tjutchev,Guiraud,12,NOUN,исход откровение стремление фея насилие кара благодать предчувствие скиптр храмина
Tjutchev,Guiraud,12,VERB,рыть белеть брести вернуться довершать изнемогать нудить обхватить приподымать освящать
Tjutchev,Guiraud,13,ADJ,всемирный сочувственный бесконечный голый западный зловещий родственный доступный славянский дождевой
Tjutchev,Guiraud,13,NOUN,значение облак насилие фонтан ложь обаяние благоволение гектор единство наследие
Tjutchev,Guiraud,13,VERB,обвевать одолевать брести возвещать довершать исходить обхватить предстоять прикрывать ликовать
Tjutchev,Guiraud,14,ADJ,сочувственный мглистый милосердый христов непостижимый пророческий человеческий братский безобразный палящий
Tjutchev,Guiraud,14,NOUN,обаяние высь сочувствие хаос отблеск пята ложь единство титан храмина
Tjutchev,Guiraud,14,VERB,обвевать одолевать тяготеть исходить нудить ныть освящать воздвигаться впускать мести
Tjutchev,Guiraud,15,ADJ,внезапный дождевой всесильный державный человеческий людской голый мимолетный мировой морской
Tjutchev,Guiraud,15,NOUN,насилие гам обаяние среда столетие урания благоволение выя гектор наследие
Tjutchev,Guiraud,15,VERB,обвевать одолевать брести вернуться нудить предстоять сознавать бунтовать воздвигаться впускать
Tjutchev,Guiraud,16,ADJ,духовный дождевой христов непостижимый всесильный безобразный признательный римский родственный внезапный
Tjutchev,Guiraud,16,NOUN,кубок откровение фонтан урания значение клич обаяние благоволение звено ниса
Tjutchev,Guiraud,16,VERB,обвевать сознавать крыть благоухать взрывать искриться мести негодовать разрастаться сеять
Tjutchev,Guiraud,17,ADJ,непостижимый неравный сочувственный тусклый дождевой мглистый христов всесильный пророческий палящий
Tjutchev,Guiraud,17,NOUN,гам насилие урания умиление ложь благоволение выя гектор естество святилище
Tjutchev,Guiraud,17,VERB,сберегать губить одолевать нудить сознавать воздвигаться искриться развиваться свевать теснить
Tjutchev,Guiraud,18,ADJ,непостижимый безлюдный зловещий палящий родственный бесконечный всемогущий человеческий милосердый ненавистный
Tjutchev,Guiraud,18,NOUN,среда значение христос насилие благоволение гектор забытье ниса пристрастие целость
Tjutchev,Guiraud,18,VERB,тяготеть обвевать откликаться следить возвещать довершать предстоять уцелеть мести околдовывать
Tjutchev,Guiraud,19,ADJ,духовный дождевой первоначальный сочувственный пророческий льдистый римский христов внезапный неравный
Tjutchev,Guiraud,19,NOUN,откровение призвание обаяние движение насилие юг кесарь троя кубок гектор
Tjutchev,Guiraud,19,VERB,обвевать почить ликовать тяготеть бунтовать воздвигаться околдовывать просветлеть разрастаться расторгать
Tjutchev,Guiraud,20,ADJ,дождевой пошлый тощий христов человеческий братский бесконечный неравный сочувственный всемогущий
Tjutchev,Guiraud,20,NOUN,врата гам откровение ложь среда отблеск троя урания кубок клич
Tjutchev,Guiraud,20,VERB,обвевать мужаться одолевать разливать нудить сознавать тяготеть впускать свевать уводить
Tjutchev,Guiraud,21,ADJ,человеческий сочувственный первоначальный всесильный братский безобразный зловещий мглистый мировой морской
Tjutchev,Guiraud,21,NOUN,гам фея обаяние фонтан воитель пята столетие урания клич благодать
Tjutchev,Guiraud,21,VERB,освящать тяготеть обвевать одолевать влетать исходить впускать искриться сквозить рыть
Tjutchev,Guiraud,22,ADJ,сочувственный всесильный отчаянный мглистый первоначальный непостижимый пророческий человеческий безобразный льдистый
Tjutchev,Guiraud,22,NOUN,среда испытание стремление кубок ложь значение клич обаяние благоволение единство
Tjutchev,Guiraud,22,VERB,мужаться освящать впускать вскармливать искриться негодовать околдовывать греть рыть тяготеть
Tjutchev,Guiraud,23,ADJ,братский мглистый милосердый всемогущий непостижимый льдистый полдневный признательный духовный огневой
Tjutchev,Guiraud,23,NOUN,откровение исход кесарь троя значение равнина слой урания целость гам
Tjutchev,Guiraud,23,VERB,обвевать рыть брести встрепенуться нудить обхватить уцелеть впускать дохнуть затихать
Tjutchev,Guiraud,24,ADJ,человеческий сочувственный братский милосердый роковой морской западный льдистый недоступный разумный
Tjutchev,Guiraud,24,NOUN,исход фея насилие среда дальный кесарь отблеск урания ложь клич
Tjutchev,Guiraud,24,VERB,обвевать вечереть мужаться откликаться одолевать нудить предстоять светиться сознавать тяготеть
Tjutchev,Guiraud,25,ADJ,пророческий неравный безымянный дождевой лунный мглистый милосердый непостижимый человеческий славянский
Tjutchev,Guiraud,25,NOUN,гам обаяние благодать ложь фонтан чародей насилие кубок гектор звено
Tjutchev,Guiraud,25,VERB,обвевать одолевать сознавать мужаться брести возвещать приподымать тяготеть белеть впускать
Tjutchev,Guiraud,26,ADJ,тусклый неравный духовный мглистый первоначальный современный христов зловещий мировой всесильный
Tjutchev,Guiraud,26,NOUN,насилие кесарь урания кубок единство естество наследие ниса оплот святилище
Tjutchev,Guiraud,26,VERB,обвевать приветствовать сознавать витать околдовывать сеять совершать одолевать мужаться откликаться
Tjutchev,Guiraud,27,ADJ,непостижимый сочувственный славянский безымянный мглистый светозарный современный братский западный мимолетный
Tjutchev,Guiraud,27,NOUN,насилие исход облак откровение сочувствие фея среда кесарь отблеск столетие
Tjutchev,Guiraud,27,VERB,обвевать вернуться завещать нудить приподымать тяготеть благоухать воздвигаться вскармливать мести
Tjutchev,Guiraud,28,ADJ,чуткий скудный современный тощий христов братский безлюдный безобразный болезненный родственный
Tjutchev,Guiraud,28,NOUN,насилие загадка обаяние урания ложь благоволение гектор единство ниса оплот
Tjutchev,Guiraud,28,VERB,одолевать сознавать обвевать вечереть приветствовать вернуться нудить предстоять витать впускать
Tjutchev,Guiraud,29,ADJ,неземной пошлый человеческий отчаянный воздушный безобразный мимолетный разумный чуткий всесильный
Tjutchev,Guiraud,29,NOUN,гам обаяние ложь насилие христос равнина дальный кара значение единство
Tjutchev,Guiraud,29,VERB,обвевать крыть откликаться одолевать довершать исходить сознавать удаваться витать вскармливать
Tjutchev,Guiraud,30,ADJ,сочувственный безымянный дождевой мглистый милосердый христов неземной безлюдный западный внезапный
Tjutchev,Guiraud,30,NOUN,насилие исход кесарь ткань урания клич ложь благоволение гектор единство
Tjutchev,Guiraud,30,VERB,обвевать рдеть одолевать рыть довершать исходить уцелеть тяготеть впускать искриться
Tjutchev,Guiraud,31,ADJ,непостижимый неравный неподвижный первоначальный современный всесильный зловещий бесконечный внезапный человеческий
Tjutchev,Guiraud,31,NOUN,насилие урания чародей единство звено слой фонтан откровение сочувствие столп
Tjutchev,Guiraud,31,VERB,обвевать тяготеть вернуться влетать нудить околдовывать свевать сквозить срываться зеленеть
Tjutchev,Guiraud,32,ADJ,всесильный цветущий мглистый неравный тощий всемирный человеческий льдистый мировой сочувственный
Tjutchev,Guiraud,32,NOUN,значение сок обаяние ложь насилие отблеск благоволение единство забытье скиптр
Tjutchev,Guiraud,32,VERB,сознавать мужаться одолевать предавать сыскать тяготеть искриться колыхать развиваться зеленеть
Tjutchev,Guiraud,33,ADJ,всесильный всемогущий неравный пошлый современный всемирный пророческий человеческий воздушный льдистый
Tjutchev,Guiraud,33,NOUN,насилие зелень воитель кесарь отблеск столетие троя клич зерцало оплот
Tjutchev,Guiraud,33,VERB,сознавать обвевать довершать обхватить уцелеть брызнуть воздвигаться искриться разрастаться свевать
Tjutchev,Guiraud,34,ADJ,неравный христов братский дождевой льдистый безымянный милосердый пошлый светозарный цветущий
Tjutchev,Guiraud,34,NOUN,насилие исход откровение обаяние фонтан хаос урания костер ложь благоволение
Tjutchev,Guiraud,34,VERB,обвевать приподымать сознавать тяготеть вернуться искриться околдовывать предстоять уцелеть следить
Tjutchev,Guiraud,35,ADJ,мглистый первоначальный безлюдный западный льдистый мировой цветущий сочувственный отчаянный непостижимый
Tjutchev,Guiraud,35,NOUN,среда значение гам ель насилие дунай единство наследие святилище откровение
Tjutchev,Guiraud,35,VERB,обвевать приподымать сознавать вскармливать негодовать свевать теснить рыть вечереть мужаться
Tjutchev,Guiraud,36,ADJ,мглистый христов пророческий человеческий мировой признательный римский родственный смертный духовный
Tjutchev,Guiraud,36,NOUN,обаяние насилие значение равнина отблеск ложь зелень кубок единство пристрастие
Tjutchev,Guiraud,36,VERB,обвевать вечереть брести вернуться довершать приподымать сознавать впускать искриться просветлеть
Tjutchev,Guiraud,37,ADJ,доступный светозарный человеческий зловещий родственный духовный тусклый всесильный бесконечный неравный
Tjutchev,Guiraud,37,NOUN,среда клич гам обаяние троя сок благодать гектор единство забытье
Tjutchev,Guiraud,37,VERB,обвевать мужаться тяготеть разливать высказывать колыхать просветлеть развиваться срываться теснить
Tjutchev,Guiraud,38,ADJ,дождевой безобразный мглистый падший римский родственный бесконечный дневной морской всемогущий
Tjutchev,Guiraud,38,NOUN,значение среда насилие хаос ложь благоволение забытье зерцало персей событие
Tjutchev,Guiraud,38,VERB,одолевать сознавать обвевать мужаться брести нудить почтить впускать изнывать теснить
Tjutchev,Guiraud,39,ADJ,безымянный пошлый духовный родственный тусклый всесильный неравный дождевой милосердый первоначальный
Tjutchev,Guiraud,39,NOUN,насилие исход отблеск троя урания ложь господь гектор звено зерцало
Tjutchev,Guiraud,39,VERB,обвевать тяготеть освящать воздвигаться впускать искриться мести опускать просветлеть сквозить
Tjutchev,Guiraud,40,ADJ,неравный дождевой мглистый непостижимый братский пророческий человеческий всесильный милосердый светозарный
Tjutchev,Guiraud,40,NOUN,насилие ложь гам откровение сочувствие троя урания зелень благоволение единство
Tjutchev,Guiraud,40,VERB,обвевать следить откликаться брести уцелеть одолевать сознавать чуять палить просветлеть
Tjutchev,Guiraud,41,ADJ,чуткий сочувственный духовный дождевой лунный мглистый милосердый всемирный блистательный родственный
Tjutchev,Guiraud,41,NOUN,ложь насилие гам фея единство зарево наследие ниса пристрастие титан
Tjutchev,Guiraud,41,VERB,обвевать вернуться исходить предстоять впускать довершать искриться озаряться просветлеть разрастаться
Tjutchev,Guiraud,42,ADJ,человеческий чуткий лунный светозарный безлюдный безобразный западный мировой палящий римский
Tjutchev,Guiraud,42,NOUN,исход среда хаос кесарь столетие урания насилие ложь единство наследие
Tjutchev,Guiraud,42,VERB,тяготеть крыть мужаться брести вернуться приподымать витать воздвигаться впускать вскармливать
Tjutchev,Guiraud,43,ADJ,всесильный дождевой милосердый тощий всемогущий непостижимый человеческий братский мировой неравный
Tjutchev,Guiraud,43,NOUN,среда гам исход сочувствие столетие троя ложь благоволение единство звено
Tjutchev,Guiraud,43,VERB,обвевать мужаться рдеть довершать изнемогать исходить сыскать уцелеть сознавать тяготеть
Tjutchev,Guiraud,44,ADJ,неравный чуткий всесильный безымянный дождевой мглистый пошлый всемирный отчаянный римский
Tjutchev,Guiraud,44,NOUN,клич благодать среда отблеск урания значение сок благоволение единство естество
Tjutchev,Guiraud,44,VERB,обвевать одолевать крыть откликаться довершать нудить предстоять приподымать впускать околдовывать
Tjutchev,Guiraud,45,ADJ,всемогущий братский первоначальный непостижимый западный мировой палящий признательный державный человеческий
Tjutchev,Guiraud,45,NOUN,среда ель троя ложь благодать значение клич выя гектор забытье
Tjutchev,Guiraud,45,VERB,обвевать сознавать одолевать вернуться даваться вскармливать искриться мести негодовать озаряться
Tjutchev,Guiraud,46,ADJ,неравный братский тусклый чуткий славянский полдневный родственный смертный всемогущий всесильный
Tjutchev,Guiraud,46,NOUN,насилие россия гам откровение призвание умиление юг урания чародей ложь
Tjutchev,Guiraud,46,VERB,обвевать крыть откликаться нудить приподымать уцелеть воздвигаться мести околдовывать просветлеть
Tjutchev,Guiraud,47,ADJ,человеческий безымянный дождевой мглистый пошлый скудный всемогущий славянский западный цветущий
Tjutchev,Guiraud,47,NOUN,насилие среда откровение кубок кесарь чародей европа клич ложь россия
Tjutchev,Guiraud,47,VERB,обвевать освящать тяготеть мужаться одолевать вернуться влетать нудить судить воздвигаться
Tjutchev,Guiraud,48,ADJ,всесильный внезапный сочувственный огневой дождевой милосердый первоначальный безлюдный льдистый недоступный
Tjutchev,Guiraud,48,NOUN,насилие среда ложь кесарь урания обаяние благоволение гектор корень оплот
Tjutchev,Guiraud,48,VERB,обвевать зеленеть мужаться нудить уцелеть разливать витать впускать мести сквозить
Tjutchev,Guiraud,49,ADJ,непостижимый всесильный дождевой милосердый светозарный скудный современный всемогущий неземной безымянный
Tjutchev,Guiraud,49,NOUN,значение гам ложь насилие воитель кара клич благоволение выя гектор
Tjutchev,Guiraud,49,VERB,обвевать влетать освящать тяготеть взрывать околдовывать свевать сквозить срываться уводить
Tjutchev,Guiraud,50,ADJ,непостижимый человеческий неравный всесильный безобразный мимолетный мировой недоступный цветущий дневной
Tjutchev,Guiraud,50,NOUN,значение клич среда кесарь отблеск ткань выя гектор естество звено
Tjutchev,Guiraud,50,VERB,обвевать рыть предстоять освящать сознавать тяготеть витать воздвигаться искриться негодовать
Tjutchev,Guiraud,51,ADJ,пророческий неравный первоначальный славянский безобразный мировой признательный всесильный внезапный человеческий
Tjutchev,Guiraud,51,NOUN,значение гам исход обаяние ложь насилие среда хаос отблеск откровение
Tjutchev,Guiraud,51,VERB,обвевать освящать сознавать обхватить тяготеть чуять взрывать вскармливать мести негодовать
Tjutchev,Guiraud,52,ADJ,пророческий мглистый всемогущий безлюдный мимолетный всесильный неравный летний неземной братский
Tjutchev,Guiraud,52,NOUN,фонтан клич исход сочувствие кубок душ насилие кесарь отблеск костер
Tjutchev,Guiraud,52,VERB,обвевать тяготеть одолевать вернуться приподымать бороться разливать взрывать витать впускать
Tjutchev,Guiraud,53,ADJ,неравный сочувственный чуткий милосердый первоначальный светозарный голый родственный братский лазурный
Tjutchev,Guiraud,53,NOUN,исход откровение насилие троя ложь благодать естество звено зерцало святилище
Tjutchev,Guiraud,53,VERB,обвевать одолевать тяготеть брести довершать приподымать уцелеть околдовывать просветлеть разрастаться
Tjutchev,Guiraud,54,ADJ,братский первоначальный пошлый современный блистательный палящий признательный родственный духовный всесильный
Tjutchev,Guiraud,54,NOUN,среда клич гам сочувствие значение выя гектор наследие ниса персей
Tjutchev,Guiraud,54,VERB,обвевать вернуться тяготеть впускать искриться негодовать одолевать откликаться касаться разливать
Tjutchev,Guiraud,55,ADJ,братский непостижимый всесильный мглистый милосердый пошлый светозарный безлюдный полдневный родственный
Tjutchev,Guiraud,55,NOUN,христос сочувствие ложь среда кара значение сок обаяние зарево склон
Tjutchev,Guiraud,55,VERB,одолевать рыть обхватить предстоять сознавать чуять возвещать воздвигаться вскармливать искриться
Tjutchev,Guiraud,56,ADJ,лунный милосердый христов братский полуденный родственный сочувственный всесильный славянский дождевой
Tjutchev,Guiraud,56,NOUN,значение ель насилие среда кара клич благоволение единство естество звено
Tjutchev,Guiraud,56,VERB,обвевать одолевать крыть мужаться брести нудить обхватить взрывать витать воздвигаться
Tjutchev,Guiraud,57,ADJ,сочувственный мглистый милосердый первоначальный пошлый современный христов непостижимый братский славянский
Tjutchev,Guiraud,57,NOUN,среда клич гам насилие демон троя значение обаяние юг звено
Tjutchev,Guiraud,57,VERB,обвевать мужаться чуять одолевать разливать вернуться обхватить умчать освящать тяготеть
Tjutchev,Guiraud,58,ADJ,всемогущий мглистый ненавистный светозарный всесильный человеческий братский мировой римский родственный
Tjutchev,Guiraud,58,NOUN,фонтан клич гам ложь высь отблеск урания оплот святилище слой
Tjutchev,Guiraud,58,VERB,обвевать мужаться влетать нудить сознавать воздвигаться впускать мести негодовать околдовывать
Tjutchev,Guiraud,59,ADJ,человеческий тусклый державный непостижимый братский отчаянный палящий духовный чуткий бесконечный
Tjutchev,Guiraud,59,NOUN,клич озеро ложь выя гектор естество звено наследие слой целость
Tjutchev,Guiraud,59,VERB,обвевать сознавать тяготеть влетать довершать исходить нудить приподымать умчать разливать
Tjutchev,Guiraud,60,ADJ,неравный всесильный дождевой мглистый современный непостижимый адский голый западный мировой
Tjutchev,Guiraud,60,NOUN,ложь клич откровение сочувствие воитель кара троя урания естество забытье
Tjutchev,Guiraud,60,VERB,одолевать довершать изнемогать предстоять приподымать сыскать уцелеть освящать сознавать чуять
Tjutchev,Guiraud,61,ADJ,всесильный непостижимый пророческий сочувственный дождевой пошлый светозарный безобразный палящий огневой
Tjutchev,Guiraud,61,NOUN,гам кесарь урания кубок ложь испытание выя гектор ниса оплот
Tjutchev,Guiraud,61,VERB,обвевать сознавать брызнуть искриться негодовать озаряться околдовывать просветлеть разрастаться срываться
Tjutchev,Guiraud,62,ADJ,сочувственный милосердый неподвижный безлюдный болезненный смертный духовный братский непостижимый всесильный
Tjutchev,Guiraud,62,NOUN,фонтан среда исход кара отблеск урания ложь благоволение гектор естество
Tjutchev,Guiraud,62,VERB,обвевать одолевать тяготеть исходить нудить ликовать впускать искриться околдовывать просветлеть
Tjutchev,Guiraud,63,ADJ,человеческий братский всесильный дождевой мглистый неподвижный современный пророческий болезненный зловещий
Tjutchev,Guiraud,63,NOUN,ложь среда кара выя наследие пристрастие целость исход обаяние клич
Tjutchev,Guiraud,63,VERB,тяготеть мужаться исходить сознавать жаждать чуять взрывать витать просветлеть сеять
Tjutchev,Guiraud,64,ADJ,братский сочувственный первоначальный пошлый христов всесильный непостижимый славянский льдистый римский
Tjutchev,Guiraud,64,NOUN,обаяние насилие гам сознание кара троя среда дно ложь гектор
Tjutchev,Guiraud,64,VERB,обвевать болеть повеять рдеть вернуться исходить приподымать освящать тяготеть взрывать
Tjutchev,Guiraud,65,ADJ,всесильный неравный мглистый первоначальный пророческий родственный чуткий дневной неподвижный тощий
Tjutchev,Guiraud,65,NOUN,насилие христос кесарь обаяние единство столетие титан целость среда фонтан
Tjutchev,Guiraud,65,VERB,обвевать сознавать мужаться одолевать вернуться довершать тяготеть удаваться витать мести
Tjutchev,Guiraud,66,ADJ,эфирный всесильный внезапный мглистый милосердый воздушный безобразный дождевой зловещий мировой
Tjutchev,Guiraud,66,NOUN,насилие значение гам фея среда отблеск ложь благодать единство зерцало
Tjutchev,Guiraud,66,VERB,обвевать тяготеть крыть вернуться исходить приподымать сыскать искриться сквозить уводить
Tjutchev,Guiraud,67,ADJ,братский славянский неравный дождевой мглистый пошлый современный человеческий льдистый недоступный
Tjutchev,Guiraud,67,NOUN,среда сок гам высь насилие фонтан глубь кара кесарь троя
Tjutchev,Guiraud,67,VERB,обвевать тяготеть мужаться брести нудить обхватить предстоять приподымать впускать вскармливать
Tjutchev,Guiraud,68,ADJ,дождевой мглистый милосердый первоначальный скудный современный морской всемогущий роковой безлюдный
Tjutchev,Guiraud,68,NOUN,урания ложь гектор единство естество звено наследие святилище ель откровение
Tjutchev,Guiraud,68,VERB,обвевать ликовать откликаться рыть разливать даваться нудить взрывать витать впускать
Tjutchev,Guiraud,69,ADJ,чуткий неравный сочувственный безымянный дождевой мглистый первоначальный светозарный всесильный болезненный
Tjutchev,Guiraud,69,NOUN,загадка исход обаяние среда троя ложь значение испытание возврат выя
Tjutchev,Guiraud,69,VERB,обвевать крыть мужаться одолевать довершать исходить нудить обхватить мести просветлеть
Tjutchev,Guiraud,70,ADJ,человеческий бесконечный духовный неподвижный неравный первоначальный современный неземной братский безлюдный
Tjutchev,Guiraud,70,NOUN,гам насилие кесарь ложь благодать испытание клич сок обаяние единство
Tjutchev,Guiraud,70,VERB,обвевать крыть нудить предстоять приподымать сыскать уцелеть взрывать искриться негодовать
Tjutchev,Guiraud,71,ADJ,неравный всесильный братский пошлый пророческий славянский западный родственный неземной дождевой
Tjutchev,Guiraud,71,NOUN,отблеск урания ложь выя наследие оплот святилище скиптр склон событие
Tjutchev,Guiraud,71,VERB,обвевать тяготеть одолевать нудить взрывать витать воздвигаться рдеть разливать вернуться
Tjutchev,Guiraud,72,ADJ,бесконечный внезапный дневной дождевой христов славянский безлюдный западный мировой палящий
Tjutchev,Guiraud,72,NOUN,жила насилие сок возврат гектор единство ниса целость черед среда
Tjutchev,Guiraud,72,VERB,крыть вернуться довершать приподымать умчать обвевать сознавать мести околдовывать просветлеть
Tjutchev,Guiraud,73,ADJ,непостижимый пророческий дождевой христов всесильный зловещий мимолетный признательный родственный сочувственный
Tjutchev,Guiraud,73,NOUN,среда ложь фея кубок обаяние фонтан кара урания благоволение забытье
Tjutchev,Guiraud,73,VERB,обвевать откликаться брести светиться уцелеть удаваться бунтовать витать просветлеть одолевать
Tjutchev,Guiraud,74,ADJ,братский безымянный дождевой христов всемогущий пророческий родственный былой дневной всесильный
Tjutchev,Guiraud,74,NOUN,ложь гам кесарь урания клич юг благоволение искушение наследие целость
Tjutchev,Guiraud,74,VERB,обвевать освящать тяготеть зеленеть откликаться брести взрывать исходить негодовать озаряться
Tjutchev,Guiraud,75,ADJ,неравный братский мглистый первоначальный всесильный морской славянский зловещий мировой палящий
Tjutchev,Guiraud,75,NOUN,фонтан клич исход христос отблеск троя зной единство звено наследие
Tjutchev,Guiraud,75,VERB,обвевать одолевать сознавать тяготеть взрывать витать искриться озаряться околдовывать просветлеть
Tjutchev,Guiraud,76,ADJ,человеческий мглистый неподвижный первоначальный пошлый тощий христов всесильный зловещий признательный
Tjutchev,Guiraud,76,NOUN,клич гам сочувствие зелень жезл троя урания ложь высь значение
Tjutchev,Guiraud,76,VERB,обвевать сознавать одолевать брести предстоять взрывать озаряться околдовывать разрастаться срываться
Tjutchev,Guiraud,77,ADJ,человеческий неравный чуткий всесильный современный всемогущий мировой недоступный римский сочувственный
Tjutchev,Guiraud,77,NOUN,христос среда воитель кара клич единство звено персей титан храмина
Tjutchev,Guiraud,77,VERB,обвевать крыть откликаться следить встрепенуться предстоять приподымать чуять благоухать взрывать
Tjutchev,Guiraud,78,ADJ,бесконечный духовный славянский безымянный дождевой мглистый милосердый льдистый мимолетный признательный
Tjutchev,Guiraud,78,NOUN,среда гам строй ложь насилие воитель троя обаяние благоволение единство
Tjutchev,Guiraud,78,VERB,обвевать освящать тяготеть мужаться рдеть следить довершать сознавать озаряться уводить
Tjutchev,Guiraud,79,ADJ,дождевой мглистый милосердый скудный человеческий славянский признательный разумный римский родственный
Tjutchev,Guiraud,79,NOUN,ложь исход откровение обаяние высь бред кесарь отблеск урания кубок
Tjutchev,Guiraud,79,VERB,обвевать тяготеть мужаться вернуться обхватить предстоять взрывать влетать воздвигаться искриться
Tjutchev,Guiraud,80,ADJ,дождевой пошлый современный мировой цветущий бесконечный сочувственный теплый пророческий тусклый
Tjutchev,Guiraud,80,NOUN,гам кесарь обаяние благоволение естество пристрастие целость насилие среда ложь
Tjutchev,Guiraud,80,VERB,тяготеть одолевать рыть довершать изнемогать мести негодовать озаряться околдовывать просветлеть
Tjutchev,Guiraud,81,ADJ,безымянный дождевой мглистый пошлый всемогущий братский безлюдный мировой родственный духовный
Tjutchev,Guiraud,81,NOUN,христос ложь насилие урания клич господь благодать выя ниса событие
Tjutchev,Guiraud,81,VERB,сознавать обвевать крыть мужаться витать впускать околдовывать просветлеть одолевать вечереть
Tjutchev,Guiraud,82,ADJ,непостижимый всесильный тусклый светозарный всемогущий пророческий человеческий славянский безобразный болезненный
Tjutchev,Guiraud,82,NOUN,фонтан исход сочувствие троя испытание естество звено пристрастие святилище титан
Tjutchev,Guiraud,82,VERB,одолевать обвевать крыть мужаться сберегать брести влетать нудить бунтовать воздвигаться
Tjutchev,Guiraud,83,ADJ,тусклый милосердый царственный человеческий блистательный голый льдистый недоступный палящий признательный
Tjutchev,Guiraud,83,NOUN,обаяние троя урания гектор единство забытье звено искушение оплот пристрастие
Tjutchev,Guiraud,83,VERB,обвевать мужаться сберегать одолевать взрывать воздвигаться впускать искриться колыхать околдовывать
Tjutchev,Guiraud,84,ADJ,всемогущий неравный духовный дождевой мглистый неподвижный первоначальный светозарный скудный всесильный
Tjutchev,Guiraud,84,NOUN,ложь клич гам дунай фея значение испытание равнина гектор единство
Tjutchev,Guiraud,84,VERB,обвевать тяготеть вернуться сознавать переживать чуять сквозить срываться крыть освящать
Tjutchev,Guiraud,85,ADJ,мглистый всемирный человеческий западный мировой недоступный полдневный чуткий неравный морской
Tjutchev,Guiraud,85,NOUN,насилие ложь испытание клич костер гектор забытье звено ниса святилище
Tjutchev,Guiraud,85,VERB,обвевать мужаться откликаться одолевать довершать обхватить приподымать уцелеть бороться мести
Tjutchev,Guiraud,86,ADJ,неравный сочувственный безымянный светозарный христов всесильный всемогущий непостижимый мировой признательный
Tjutchev,Guiraud,86,NOUN,насилие значение исход фонтан отблеск урания клич озеро провидение ложь
Tjutchev,Guiraud,86,VERB,обвевать брести нудить разливать взрывать впускать искриться одолевать рыть следить
Tjutchev,Guiraud,87,ADJ,человеческий славянский мглистый безобразный мировой всесильный неравный безымянный милосердый безмерный
Tjutchev,Guiraud,87,NOUN,значение исход отблеск испытание обаяние забытье кесарь оплот святилище насилие
Tjutchev,Guiraud,87,VERB,обвевать сквозить уводить одолевать болеть сберегать тяготеть вернуться нудить взбираться
Tjutchev,Guiraud,88,ADJ,сочувственный мглистый всемогущий звездный братский безлюдный безобразный разумный непостижимый пророческий
Tjutchev,Guiraud,88,NOUN,исход насилие среда кесарь отблеск троя зелень наследие святилище целость
Tjutchev,Guiraud,88,VERB,обвевать сознавать мужаться довершать обхватить освящать тяготеть взрывать впускать сквозить
Tjutchev,Guiraud,89,ADJ,безымянный дождевой мглистый тощий христов пророческий братский зловещий палящий смертный
Tjutchev,Guiraud,89,NOUN,насилие христос призвание фея среда кесарь урания сок обаяние ложь
Tjutchev,Guiraud,89,VERB,обвевать одолевать тяготеть болеть откликаться обхватить приподымать сознавать взрывать впускать
Tjutchev,Guiraud,90,ADJ,непостижимый сочувственный милосердый христов болезненный мировой всесильный неравный всемогущий пророческий
Tjutchev,Guiraud,90,NOUN,среда ложь гам фея насилие урания значение благоволение гектор естество
Tjutchev,Guiraud,90,VERB,обвевать губить рыть влетать мужаться искриться колыхать негодовать отцветать просветлеть
Tjutchev,Guiraud,91,ADJ,непостижимый человеческий мглистый милосердый первоначальный современный отчаянный людской безлюдный недоступный
Tjutchev,Guiraud,91,NOUN,гам исход сочувствие кесарь урания фея ложь значение клич зерцало
Tjutchev,Guiraud,91,VERB,одолевать освящать мужаться довершать нудить приподымать уходить обвевать тяготеть искриться
Tjutchev,Guiraud,92,ADJ,первоначальный светозарный человеческий чуткий безлюдный родственный цветущий сочувственный отчаянный всемогущий
Tjutchev,Guiraud,92,NOUN,откровение высь насилие воитель кесарь троя ложь клич обаяние возврат
Tjutchev,Guiraud,92,VERB,сознавать обвевать переживать одолевать откликаться приподымать освящать взрывать воздвигаться впускать
Tjutchev,Guiraud,93,ADJ,всесильный дождевой пошлый светозарный тощий пророческий неземной западный сочувственный морской
Tjutchev,Guiraud,93,NOUN,клич сочувствие высь кесарь отблеск урания озеро восток выя забытье
Tjutchev,Guiraud,93,VERB,сознавать крыть обвевать приподымать вскармливать научать негодовать развиваться разрастаться уводить
Tjutchev,Guiraud,94,ADJ,человеческий внезапный дневной цветущий милосердый первоначальный пошлый державный непостижимый зловещий
Tjutchev,Guiraud,94,NOUN,откровение ложь среда кесарь отблеск урания испытание гектор зарево наследие
Tjutchev,Guiraud,94,VERB,обвевать мужаться брести нудить приподымать освящать воздвигаться искриться мести негодовать
Tjutchev,Guiraud,95,ADJ,непостижимый бесконечный дождевой мглистый первоначальный всемогущий пророческий человеческий безобразный льдистый
Tjutchev,Guiraud,95,NOUN,фонтан сочувствие насилие урания ложь выя наследие пристрастие святилище скиптр
Tjutchev,Guiraud,95,VERB,обвевать тяготеть мужаться сберегать разливать вернуться влетать нудить обхватить уцелеть
Tjutchev,Guiraud,96,ADJ,непостижимый цветущий неподвижный всесильный безлюдный мировой палящий признательный духовный очарованный
Tjutchev,Guiraud,96,NOUN,насилие гам среда фонтан воитель клич гектор единство мера наследие
Tjutchev,Guiraud,96,VERB,обвевать крыть откликаться вернуться предстоять приподымать освящать воздвигаться впускать мести
Tjutchev,Guiraud,97,ADJ,чуткий безымянный мглистый милосердый первоначальный пошлый человеческий безобразный цветущий неравный
Tjutchev,Guiraud,97,NOUN,гам обаяние насилие ложь благоволение единство наследие ниса скиптр слой
Tjutchev,Guiraud,97,VERB,мужаться тяготеть одолевать вернуться нудить приподымать обвевать впускать искриться мести
Tjutchev,Guiraud,98,ADJ,цветущий человеческий сочувственный всесильный мглистый современный братский славянский безобразный голый
Tjutchev,Guiraud,98,NOUN,гам клич сочувствие воитель троя урания значение зелень обаяние возврат
Tjutchev,Guiraud,98,VERB,одолевать обвевать вечереть влетать предстоять приподымать уцелеть разливать впускать мести
Tjutchev,Guiraud,99,ADJ,неравный тусклый цветущий дождевой скудный державный непостижимый безлюдный болезненный западный
Tjutchev,Guiraud,99,NOUN,среда насилие гам фея фонтан ложь сок гектор единство наследие
Tjutchev,Guiraud,99,VERB,обвевать крыть откликаться вернуться довершать сознавать впускать негодовать палить разрастаться
Tjutchev,Guiraud,100,ADJ,неравный братский всесильный пошлый голый западный зловещий мировой признательный непостижимый
Tjutchev,Guiraud,100,NOUN,исход обаяние ложь фонтан христос троя клич гектор единство естество
Tjutchev,Guiraud,100,VERB,одолевать обвевать мужаться следить сознавать воздвигаться впускать мести сквозить рыть
Tjutchev,Log odds,1,ADJ,роковой живой мглистый великий русский морской целый былой всесильный земной
Tjutchev,Log odds,1,NOUN,в мир день тень клич небо солнце жизнь луч троя
Tjutchev,Log odds,1,VERB,быть тяготеть стоять обвевать уходить витать воздвигаться веять дышать выпадать
Tjutchev,Log odds,2,ADJ,роковой великий мглистый живой божий морской земной всесильный волшебный целый
Tjutchev,Log odds,2,NOUN,в мир день луч земля небо тень жизнь россия ложь
Tjutchev,Log odds,2,VERB,быть разливать крыть брести нудить обхватить обвевать стоять уходить взрывать
Tjutchev,Log odds,3,ADJ,великий роковой сочувственный пошлый живой целый морской родственный божий земной
Tjutchev,Log odds,3,NOUN,в мир луч день испытание тень небо жизнь земля россия
Tjutchev,Log odds,3,VERB,быть брести уходить стоять обвевать впускать свевать свершать дышать вынести
Tjutchev,Log odds,4,ADJ,роковой сочувственный великий пошлый земной живой безлюдный морской волшебный всесильный
Tjutchev,Log odds,4,NOUN,в мир день луч жизнь россия тень солнце бог небо
Tjutchev,Log odds,4,VERB,быть стоять брести вернуться обвевать уходить воздвигаться впускать мести светить
Tjutchev,Log odds,5,ADJ,роковой мглистый первоначальный великий морской живой льдистый римский божий последний
Tjutchev,Log odds,5,NOUN,в мир день солнце небо луч жизнь земля тень бог
Tjutchev,Log odds,5,VERB,быть одолевать уходить мужаться стоять вернуться уцелеть впускать литься благовестить
Tjutchev,Log odds,6,ADJ,роковой великий неравный безымянный дождевой мглистый пошлый светозарный морской живой
Tjutchev,Log odds,6,NOUN,в мир день тень значение луч откровение сочувствие край жизнь
Tjutchev,Log odds,6,VERB,быть одолевать мужаться уходить стоять влетать обвевать витать просветлеть литься
Tjutchev,Log odds,7,ADJ,роковой живой великий мглистый целый хороший земной родственный морской русский
Tjutchev,Log odds,7,NOUN,в мир день луч земля жизнь солнце небо тень троя
Tjutchev,Log odds,7,VERB,быть мужаться даваться обвевать уходить разрастаться свевать литься стоять веять
Tjutchev,Log odds,8,ADJ,роковой живой первоначальный современный великий целый морской земной божий былой
Tjutchev,Log odds,8,NOUN,в мир день тень жизнь луч сочувствие бог ложь небо
Tjutchev,Log odds,8,VERB,быть уходить литься искриться озаряться срываться стоять обвевать смущать чуять
Tjutchev,Log odds,9,ADJ,роковой живой великий божий морской целый болезненный недоступный волшебный земной
Tjutchev,Log odds,9,NOUN,в мир день луч тень солнце небо бог земля жизнь
Tjutchev,Log odds,9,VERB,быть уходить обхватить обвевать мести околдовывать стоять светить взбираться гнести
Tjutchev,Log odds,10,ADJ,неравный роковой великий мглистый современный морской живой признательный былой земной
Tjutchev,Log odds,10,NOUN,в мир день луч тень земля исход призвание жизнь небо
Tjutchev,Log odds,10,VERB,обвевать быть вернуться нудить стоять уходить веять литься благовестить гнести
Tjutchev,Log odds,11,ADJ,роковой живой целый великий морской земной мировой недоступный родственный смертный
Tjutchev,Log odds,11,NOUN,в мир день небо солнце луч жизнь россия тень кесарь
Tjutchev,Log odds,11,VERB,быть уходить стоять обвевать впускать искриться свевать благовестить грезиться забросить
Tjutchev,Log odds,12,ADJ,роковой дождевой великий божий признательный родственный живой волшебный целый последний
Tjutchev,Log odds,12,NOUN,в мир день жизнь клич луч земля солнце гам сочувствие
Tjutchev,Log odds,12,VERB,быть уходить стоять обвевать веять литься гнуться грезиться извергать издыхать
Tjutchev,Log odds,13,ADJ,роковой непостижимый человеческий первоначальный великий божий живой земной целый всесильный
Tjutchev,Log odds,13,NOUN,в мир день земля тень жизнь исход луч с небо
Tjutchev,Log odds,13,VERB,быть вернуться стоять обвевать уходить впускать веять взбираться допускать дорожить
Tjutchev,Log odds,14,ADJ,роковой великий морской родственный волшебный живой божий былой всесильный безмерный
Tjutchev,Log odds,14,NOUN,в мир день луч тень солнце жизнь небо земля ложь
Tjutchev,Log odds,14,VERB,быть зеленеть обвевать стоять уходить служить благовестить взбираться выпадать гнести
Tjutchev,Log odds,15,ADJ,роковой непостижимый сочувственный великий живой пошлый целый западный зловещий льдистый
Tjutchev,Log odds,15,NOUN,в мир день тень солнце ложь гам луч россия высота
Tjutchev,Log odds,15,VERB,быть сознавать зеленеть уходить довершать нудить стоять обвевать веять мести
Tjutchev,Log odds,16,ADJ,роковой великий неравный дождевой живой безлюдный западный родственный морской божий
Tjutchev,Log odds,16,NOUN,в мир день луч тень солнце жизнь небо земля бог
Tjutchev,Log odds,16,VERB,быть уходить стоять обвевать впускать искриться мести озаряться срываться благовестить
Tjutchev,Log odds,17,ADJ,роковой великий живой божий безобразный голый мглистый родственный смертный земной
Tjutchev,Log odds,17,NOUN,в мир день жизнь тень луч небо бог солнце земля
Tjutchev,Log odds,17,VERB,быть мужаться стоять уходить зеленеть обвевать веять литься выпадать зачинать
Tjutchev,Log odds,18,ADJ,роковой живой великий недоступный былой морской хороший божий целый всесильный
Tjutchev,Log odds,18,NOUN,в мир день солнце жизнь луч земля тень гам небо
Tjutchev,Log odds,18,VERB,быть уходить брести обвевать стоять впускать просветлеть веять светить разливать
Tjutchev,Log odds,19,ADJ,чуткий роковой великий живой родственный морской русский всесильный целый безмерный
Tjutchev,Log odds,19,NOUN,в мир день жизнь тень луч небо земля солнце россия
Tjutchev,Log odds,19,VERB,быть уходить обвевать стоять мести просветлеть теснить светить выпадать грезиться
Tjutchev,Log odds,20,ADJ,великий неравный сочувственный роковой божий морской живой родственный земной целый
Tjutchev,Log odds,20,NOUN,в мир день солнце луч жизнь тень фея небо земля
Tjutchev,Log odds,20,VERB,быть стоять тонуть уходить приподымать обвевать впускать искриться свевать веять
Tjutchev,Log odds,21,ADJ,роковой великий земной дождевой первоначальный живой всесильный морской целый неугасимый
Tjutchev,Log odds,21,NOUN,в мир день луч небо земля жизнь солнце тень дым
Tjutchev,Log odds,21,VERB,быть тяготеть обвевать уходить стоять предстоять благовестить грезиться допускать забросить
Tjutchev,Log odds,22,ADJ,роковой великий земной болезненный палящий живой целый морской божий волшебный
Tjutchev,Log odds,22,NOUN,в мир день луч тень небо земля жизнь солнце бог
Tjutchev,Log odds,22,VERB,быть мужаться уходить брести обвевать стоять витать впускать мести теснить
Tjutchev,Log odds,23,ADJ,роковой великий живой мглистый целый морской безобразный мировой божий волшебный
Tjutchev,Log odds,23,NOUN,в мир день луч тень солнце откровение жизнь небо земля
Tjutchev,Log odds,23,VERB,быть одолевать мужаться стоять уходить обвевать впускать просветлеть веять литься
Tjutchev,Log odds,24,ADJ,роковой неравный дождевой великий безлюдный римский родственный земной живой всесильный
Tjutchev,Log odds,24,NOUN,в мир день луч тень жизнь небо сочувствие земля ложь
Tjutchev,Log odds,24,VERB,быть стоять уходить нудить обвевать бунтовать мести светить веять благовестить
Tjutchev,Log odds,25,ADJ,роковой великий дождевой мглистый пошлый морской безобразный западный мировой родственный
Tjutchev,Log odds,25,NOUN,в мир день луч тень ложь небо земля жизнь россия
Tjutchev,Log odds,25,VERB,быть уходить нудить обвевать стоять впускать изнывать мести разрастаться светить
Tjutchev,Log odds,26,ADJ,роковой мглистый первоначальный живой великий земной морской безобразный признательный божий
Tjutchev,Log odds,26,NOUN,в мир день луч тень небо жизнь солнце земля ложь
Tjutchev,Log odds,26,VERB,быть уходить вернуться обвевать стоять впускать мести молчать литься выпадать
Tjutchev,Log odds,27,ADJ,роковой великий живой льдистый божий былой морской незримый братский воздушный
Tjutchev,Log odds,27,NOUN,в мир день насилие луч жизнь тень бог солнце небо
Tjutchev,Log odds,27,VERB,быть крыть мужаться стоять уходить приподымать обвевать впускать искриться веять
Tjutchev,Log odds,28,ADJ,роковой великий мглистый морской живой болезненный земной божий волшебный русский
Tjutchev,Log odds,28,NOUN,в мир день луч жизнь солнце небо тень гам земля
Tjutchev,Log odds,28,VERB,быть уходить обвевать стоять довершать нудить впускать мести благовестить выпадать
Tjutchev,Log odds,29,ADJ,человеческий неравный роковой земной живой великий западный палящий всесильный хороший
Tjutchev,Log odds,29,NOUN,в мир день луч тень гам жизнь земля солнце россия
Tjutchev,Log odds,29,VERB,быть тяготеть откликаться обвевать уходить стоять просветлеть уводить литься молчать
Tjutchev,Log odds,30,ADJ,роковой пророческий великий дождевой мглистый живой волшебный мировой морской целый
Tjutchev,Log odds,30,NOUN,в мир день тень луч небо жизнь откровение столп земля
Tjutchev,Log odds,30,VERB,быть уходить мужаться стоять искриться разрастаться сквозить обвевать смущать литься
Tjutchev,Log odds,31,ADJ,роковой великий мглистый первоначальный морской мировой земной живой волшебный всесильный
Tjutchev,Log odds,31,NOUN,в мир луч день жизнь земля тень небо россия ложь
Tjutchev,Log odds,31,VERB,быть сознавать стоять уходить уцелеть обвевать отцветать уводить смущать вынести
Tjutchev,Log odds,32,ADJ,роковой великий целый живой безобразный мимолетный всесильный земной былой божий
Tjutchev,Log odds,32,NOUN,в мир день тень земля луч небо солнце жизнь ложь
Tjutchev,Log odds,32,VERB,быть рдеть уходить исходить стоять обвевать впускать срываться литься дышать
Tjutchev,Log odds,33,ADJ,роковой великий живой сочувственный пошлый безлюдный первоначальный былой божий земной
Tjutchev,Log odds,33,NOUN,в мир день луч солнце тень жизнь исход небо бог
Tjutchev,Log odds,33,VERB,быть стоять уходить обвевать витать просветлеть сквозить литься выпадать гнести
Tjutchev,Log odds,34,ADJ,роковой сочувственный великий целый болезненный морской живой волшебный земной былой
Tjutchev,Log odds,34,NOUN,в мир день луч солнце жизнь сознание тень земля ложь
Tjutchev,Log odds,34,VERB,быть сознавать уходить стоять вернуться обвевать мести просветлеть разрастаться свевать
Tjutchev,Log odds,35,ADJ,роковой великий безобразный мировой целый земной живой волшебный благодушный злосчастный
Tjutchev,Log odds,35,NOUN,в мир день тень солнце небо исход жизнь земля луч
Tjutchev,Log odds,35,VERB,быть обвевать мужаться уходить возвещать уцелеть стоять литься мести палить
Tjutchev,Log odds,36,ADJ,роковой дождевой живой родственный великий морской целый всесильный земной братский
Tjutchev,Log odds,36,NOUN,в мир день луч тень земля небо солнце жизнь бог
Tjutchev,Log odds,36,VERB,быть стоять нудить уходить обвевать впускать литься веять выпадать закреплять
Tjutchev,Log odds,37,ADJ,великий роковой живой пошлый морской божий зловещий полдневный русский целый
Tjutchev,Log odds,37,NOUN,в мир день жизнь луч небо тень фея солнце земля
Tjutchev,Log odds,37,VERB,быть стоять вернуться обвевать впускать разрастаться теснить уходить веять благоговеть
Tjutchev,Log odds,38,ADJ,роковой живой божий первоначальный великий безобразный мировой родственный целый земной
Tjutchev,Log odds,38,NOUN,в мир день луч тень бог фея солнце земля ложь
Tjutchev,Log odds,38,VERB,быть мужаться стоять довершать обхватить обвевать уходить искриться отходить литься
Tjutchev,Log odds,39,ADJ,великий дождевой мглистый божий живой роковой морской мировой русский волшебный
Tjutchev,Log odds,39,NOUN,в мир день тень луч солнце жизнь небо исход край
Tjutchev,Log odds,39,VERB,быть стоять обвевать уходить впускать мести разрастаться срываться литься светить
Tjutchev,Log odds,40,ADJ,живой роковой великий дождевой морской целый мировой волшебный русский земной
Tjutchev,Log odds,40,NOUN,в мир день жизнь луч тень солнце россия небо борьба
Tjutchev,Log odds,40,VERB,быть уходить приподымать стоять впускать свевать обвевать дышать взбираться выпадать
Tjutchev,Log odds,41,ADJ,роковой сочувственный живой великий волшебный божий целый морской всесильный виноградный
Tjutchev,Log odds,41,NOUN,в мир день жизнь солнце луч тень земля ложь кесарь
Tjutchev,Log odds,41,VERB,быть стоять уходить нудить обвевать веять бунтовать возвышаться гнести закреплять
Tjutchev,Log odds,42,ADJ,роковой великий живой западный мировой палящий волшебный целый былой неземной
Tjutchev,Log odds,42,NOUN,в мир день луч ложь жизнь солнце гам сочувствие тень
Tjutchev,Log odds,42,VERB,быть стоять мужаться уходить обвевать просветлеть уводить литься благовестить вынести
Tjutchev,Log odds,43,ADJ,роковой неравный великий божий безлюдный мировой римский живой волшебный морской
Tjutchev,Log odds,43,NOUN,в мир день исход солнце тень луч небо земля жизнь
Tjutchev,Log odds,43,VERB,быть стоять обвевать уходить впускать просветлеть грезиться обдавать обжигать пламенять
Tjutchev,Log odds,44,ADJ,великий сочувственный роковой дождевой лунный живой целый палящий земной былой
Tjutchev,Log odds,44,NOUN,в мир день луч солнце тень жизнь ложь исход откровение
Tjutchev,Log odds,44,VERB,быть мужаться уходить исходить приподымать стоять впускать искриться просветлеть сквозить
Tjutchev,Log odds,45,ADJ,роковой живой бесконечный великий мглистый земной мировой признательный морской божий
Tjutchev,Log odds,45,NOUN,в мир день насилие тень луч жизнь небо солнце кубок
Tjutchev,Log odds,45,VERB,быть обвевать стоять уходить впускать околдовывать совершать литься обжигать остыть
Tjutchev,Log odds,46,ADJ,живой великий пошлый роковой целый безлюдный льдистый родственный морской земной
Tjutchev,Log odds,46,NOUN,в мир день тень луч жизнь солнце небо земля бог
Tjutchev,Log odds,46,VERB,быть стоять вернуться уцелеть обвевать уходить взрывать витать искриться просветлеть
Tjutchev,Log odds,47,ADJ,роковой живой великий мировой земной целый воздушный злосчастный огнецветный особенный
Tjutchev,Log odds,47,NOUN,в мир день луч насилие солнце жизнь тень гам земля
Tjutchev,Log odds,47,VERB,быть уходить стоять нудить предстоять обвевать искриться мести отцветать разрастаться
Tjutchev,Log odds,48,ADJ,сочувственный роковой дождевой милосердый великий живой земной целый безобразный волшебный
Tjutchev,Log odds,48,NOUN,в мир день луч среда земля солнце тень небо жизнь
Tjutchev,Log odds,48,VERB,быть уходить исходить обвевать стоять витать искриться сквозить срываться веять
Tjutchev,Log odds,49,ADJ,роковой великий былой морской волшебный живой земной целый летний всесильный
Tjutchev,Log odds,49,NOUN,в мир день жизнь луч тень солнце бог небо земля
Tjutchev,Log odds,49,VERB,быть болеть мужаться обвевать стоять уходить витать искриться вставать служить
Tjutchev,Log odds,50,ADJ,роковой мглистый живой целый божий земной волшебный русский великий безмерный
Tjutchev,Log odds,50,NOUN,в мир день луч тень солнце россия небо земля жизнь
Tjutchev,Log odds,50,VERB,быть стоять вернуться уходить обвевать искриться просветлеть уводить светить благовестить
Tjutchev,Log odds,51,ADJ,роковой дождевой мглистый современный живой великий льдистый родственный морской земной
Tjutchev,Log odds,51,NOUN,в мир день насилие испытание луч солнце небо земля тень
Tjutchev,Log odds,51,VERB,быть мужаться уходить обвевать нудить стоять искриться негодовать веять светить
Tjutchev,Log odds,52,ADJ,роковой мглистый пошлый великий божий живой целый западный морской земной
Tjutchev,Log odds,52,NOUN,в мир день среда солнце луч жизнь исход тень ложь
Tjutchev,Log odds,52,VERB,быть стоять вернуться нудить обвевать уходить свершать веять разливать грезиться
Tjutchev,Log odds,53,ADJ,роковой сочувственный безымянный дождевой пошлый морской великий целый безлюдный западный
Tjutchev,Log odds,53,NOUN,в мир день небо тень луч солнце ложь жизнь земля
Tjutchev,Log odds,53,VERB,быть тяготеть стоять обвевать уходить взрывать впускать разрастаться свевать сквозить
Tjutchev,Log odds,54,ADJ,роковой живой мглистый тощий великий признательный родственный земной морской божий
Tjutchev,Log odds,54,NOUN,в мир день тень луч небо жизнь солнце земля с
Tjutchev,Log odds,54,VERB,быть стоять изнемогать уходить обвевать впускать просветлеть свевать срываться смущать
Tjutchev,Log odds,55,ADJ,роковой сочувственный божий дождевой мглистый скудный морской земной великий палящий
Tjutchev,Log odds,55,NOUN,в мир день луч тень небо солнце бог гам сочувствие
Tjutchev,Log odds,55,VERB,обвевать быть уходить стоять нудить приподымать уцелеть мести почтить свевать
Tjutchev,Log odds,56,ADJ,неравный роковой великий мглистый тощий былой живой земной западный божий
Tjutchev,Log odds,56,NOUN,в мир день тень солнце луч земля небо бог ложь
Tjutchev,Log odds,56,VERB,обвевать быть откликаться стоять уходить влетать искриться веять литься возвышать
Tjutchev,Log odds,57,ADJ,роковой великий морской живой полдневный признательный земной хороший русский лазурный
Tjutchev,Log odds,57,NOUN,в мир день солнце луч земля небо исход тень жизнь
Tjutchev,Log odds,57,VERB,быть стоять уходить обвевать просветлеть литься веять выпадать густеть зачинать
Tjutchev,Log odds,58,ADJ,роковой мглистый живой земной морской мировой целый великий божий волшебный
Tjutchev,Log odds,58,NOUN,в мир день луч тень солнце жизнь фея земля небо
Tjutchev,Log odds,58,VERB,быть уходить стоять обвевать витать мести веять допускать обжигать оправдывать
Tjutchev,Log odds,59,ADJ,роковой бесконечный сочувственный пошлый божий земной живой великий зловещий льдистый
Tjutchev,Log odds,59,NOUN,в мир день земля тень луч небо исход жизнь солнце
Tjutchev,Log odds,59,VERB,быть нудить уцелеть стоять обвевать уходить впускать развиваться сквозить веять
Tjutchev,Log odds,60,ADJ,роковой неравный дождевой первоначальный христов великий морской земной лазурный живой
Tjutchev,Log odds,60,NOUN,в мир день луч тень исход солнце земля ложь жизнь
Tjutchev,Log odds,60,VERB,быть обвевать литься стоять уходить срываться веять благовестить взбираться врачевать
Tjutchev,Log odds,61,ADJ,великий роковой живой мглистый божий западный палящий родственный земной морской
Tjutchev,Log odds,61,NOUN,в мир день луч солнце тень земля жизнь небо кесарь
Tjutchev,Log odds,61,VERB,быть стоять обвевать уходить искриться мести просветлеть светить литься возвышать
Tjutchev,Log odds,62,ADJ,роковой внезапный великий дождевой первоначальный современный живой морской мглистый родственный
Tjutchev,Log odds,62,NOUN,в мир день луч жизнь тень небо земля гам ложь
Tjutchev,Log odds,62,VERB,быть вернуться стоять обвевать уходить впускать дышать веять благовестить издыхать
Tjutchev,Log odds,63,ADJ,роковой морской живой великий целый божий воздушный хороший былой последний
Tjutchev,Log odds,63,NOUN,в мир день луч тень жизнь солнце небо земля ложь
Tjutchev,Log odds,63,VERB,быть крыть приподымать стоять обвевать уходить взрывать витать литься служить
Tjutchev,Log odds,64,ADJ,роковой великий первоначальный скудный земной живой безлюдный безоблачный родственный божий
Tjutchev,Log odds,64,NOUN,в мир день луч земля тень жизнь солнце россия ложь
Tjutchev,Log odds,64,VERB,быть стоять уходить обвевать литься просветлеть свевать веять благовестить взбираться
Tjutchev,Log odds,65,ADJ,роковой пошлый великий целый морской безлюдный мировой родственный волшебный живой
Tjutchev,Log odds,65,NOUN,в мир день жизнь тень луч небо бог сочувствие солнце
Tjutchev,Log odds,65,VERB,быть мужаться уходить приподымать обвевать просветлеть сквозить стоять литься взбираться
Tjutchev,Log odds,66,ADJ,роковой мглистый пошлый светозарный морской божий безлюдный палящий земной живой
Tjutchev,Log odds,66,NOUN,в мир день клич небо солнце тень луч жизнь земля
Tjutchev,Log odds,66,VERB,быть уходить стоять зеленеть брести нудить обвевать искриться просветлеть разрастаться
Tjutchev,Log odds,67,ADJ,роковой дождевой первоначальный пошлый живой великий морской земной божий целый
Tjutchev,Log odds,67,NOUN,в мир день тень солнце небо земля луч жизнь ложь
Tjutchev,Log odds,67,VERB,быть уходить стоять обвевать просветлеть касаться вставать светить благовестить закреплять
Tjutchev,Log odds,68,ADJ,непостижимый роковой великий первоначальный живой льдистый морской целый хороший земной
Tjutchev,Log odds,68,NOUN,в мир день луч солнце жизнь тень бог земля небо
Tjutchev,Log odds,68,VERB,быть уходить нудить обвевать стоять просветлеть светить свершать гнести гостить
Tjutchev,Log odds,69,ADJ,роковой дождевой целый живой великий морской божий волшебный былой виноградный
Tjutchev,Log odds,69,NOUN,в мир тень день луч солнце жизнь россия земля небо
Tjutchev,Log odds,69,VERB,быть мужаться откликаться стоять уходить брести нудить обвевать озаряться свевать
Tjutchev,Log odds,70,ADJ,великий живой мглистый роковой родственный морской целый божий земной братский
Tjutchev,Log odds,70,NOUN,в мир день тень луч земля с исход россия жизнь
Tjutchev,Log odds,70,VERB,быть уходить стоять искриться мести околдовывать сквозить обвевать молчать веять
Tjutchev,Log odds,71,ADJ,роковой великий земной морской безлюдный мировой былой живой волшебный лазурный
Tjutchev,Log odds,71,NOUN,в мир день жизнь луч земля гам россия ложь тень
Tjutchev,Log odds,71,VERB,быть одолевать стоять вернуться нудить обвевать уходить впускать литься смущать
Tjutchev,Log odds,72,ADJ,роковой великий сочувственный живой тощий целый морской родственный сизый волшебный
Tjutchev,Log odds,72,NOUN,в мир день луч солнце небо жизнь земля тень ложь
Tjutchev,Log odds,72,VERB,быть тяготеть мужаться уходить уцелеть обвевать стоять взрывать впускать мести
Tjutchev,Log odds,73,ADJ,роковой морской дождевой великий всесильный земной божий западный льдистый целый
Tjutchev,Log odds,73,NOUN,в мир день обаяние насилие небо жизнь луч тень сочувствие
Tjutchev,Log odds,73,VERB,быть уходить стоять приподымать обвевать взрывать почтить просветлеть сквозить литься
Tjutchev,Log odds,74,ADJ,пророческий человеческий роковой дождевой великий живой земной родственный морской божий
Tjutchev,Log odds,74,NOUN,в мир день тень жизнь луч исход солнце бог небо
Tjutchev,Log odds,74,VERB,обвевать быть уходить стоять нудить обхватить литься впускать разрастаться закреплять
Tjutchev,Log odds,75,ADJ,роковой сочувственный живой морской великий неподвижный волшебный хороший земной целый
Tjutchev,Log odds,75,NOUN,в мир день бог луч гам тень небо жизнь солнце
Tjutchev,Log odds,75,VERB,быть стоять нудить уходить обвевать дышать впускать мести озаряться свевать
Tjutchev,Log odds,76,ADJ,сочувственный роковой великий мглистый современный живой волшебный льдистый полдневный признательный
Tjutchev,Log odds,76,NOUN,в мир день насилие луч жизнь тень солнце бог небо
Tjutchev,Log odds,76,VERB,быть крыть стоять исходить впускать просветлеть разрастаться уходить обвевать литься
Tjutchev,Log odds,77,ADJ,роковой великий лунный первоначальный пошлый всесильный живой палящий целый божий
Tjutchev,Log odds,77,NOUN,в мир день тень небо жизнь луч земля солнце борьба
Tjutchev,Log odds,77,VERB,быть мужаться стоять уходить обвевать искриться светить благоговеть гнуться закреплять
Tjutchev,Log odds,78,ADJ,роковой великий живой безымянный целый родственный божий морской славянский земной
Tjutchev,Log odds,78,NOUN,в мир день тень луч земля бог жизнь небо солнце
Tjutchev,Log odds,78,VERB,быть стоять обвевать брести вернуться околдовывать просветлеть уходить веять литься
Tjutchev,Log odds,79,ADJ,роковой живой великий морской целый земной былой всесильный божий благодушный
Tjutchev,Log odds,79,NOUN,в мир день тень луч земля небо бог россия жизнь
Tjutchev,Log odds,79,VERB,быть обвевать умчать стоять уходить искриться сквозить дышать литься благовестить
Tjutchev,Log odds,80,ADJ,роковой сочувственный великий живой целый земной чудный божий воздушный морской
Tjutchev,Log odds,80,NOUN,в мир день тень жизнь луч небо земля ложь солнце
Tjutchev,Log odds,80,VERB,быть крыть мужаться влетать нудить обхватить стоять обвевать уходить просветлеть
Tjutchev,Log odds,81,ADJ,роковой великий дождевой живой земной морской волшебный божий целый всесильный
Tjutchev,Log odds,81,NOUN,в мир день солнце тень небо жизнь земля луч ложь
Tjutchev,Log odds,81,VERB,быть уходить нудить стоять обвевать впускать искриться просветлеть свевать веять
Tjutchev,Log odds,82,ADJ,роковой сочувственный земной великий живой морской божий лазурный целый всесильный
Tjutchev,Log odds,82,NOUN,в мир день луч жизнь тень столп солнце небо россия
Tjutchev,Log odds,82,VERB,быть уходить стоять мужаться обвевать искриться мести дышать веять светить
Tjutchev,Log odds,83,ADJ,роковой неравный земной дождевой первоначальный великий божий живой целый былой
Tjutchev,Log odds,83,NOUN,в мир день луч тень небо солнце бог жизнь земля
Tjutchev,Log odds,83,VERB,быть уходить стоять обвевать впускать довершать сквозить литься вспылать выпадать
Tjutchev,Log odds,84,ADJ,роковой сочувственный живой великий целый мировой смертный божий земной морской
Tjutchev,Log odds,84,NOUN,в мир день тень луч небо гам фея солнце жизнь
Tjutchev,Log odds,84,VERB,быть стоять обвевать уходить впускать искриться околдовывать просветлеть разрастаться свевать
Tjutchev,Log odds,85,ADJ,роковой дождевой первоначальный божий великий живой земной волшебный всесильный неземной
Tjutchev,Log odds,85,NOUN,в мир день луч земля жизнь солнце сочувствие фея тень
Tjutchev,Log odds,85,VERB,быть обвевать уходить стоять сквозить веять гостить зачинать извергать обжигать
Tjutchev,Log odds,86,ADJ,живой великий роковой пошлый целый морской былой божий земной безмерный
Tjutchev,Log odds,86,NOUN,в мир день среда тень луч небо земля бог жизнь
Tjutchev,Log odds,86,VERB,быть уходить мужаться стоять обхватить обвевать просветлеть молчать литься благовестить
Tjutchev,Log odds,87,ADJ,роковой великий дождевой живой морской божий безлюдный мировой всесильный целый
Tjutchev,Log odds,87,NOUN,в мир день луч тень солнце жизнь ложь земля бог
Tjutchev,Log odds,87,VERB,быть уходить стоять обвевать литься взбираться закреплять зачинать извергать опутывать
Tjutchev,Log odds,88,ADJ,роковой сочувственный пошлый великий живой морской земной безобразный всесильный русский
Tjutchev,Log odds,88,NOUN,в мир день луч тень солнце небо жизнь бог кубок
Tjutchev,Log odds,88,VERB,быть мужаться уходить обвевать витать мести уцелеть стоять веять гнести
Tjutchev,Log odds,89,ADJ,роковой великий мглистый живой морской всесильный русский земной воздушный целый
Tjutchev,Log odds,89,NOUN,в мир день значение тень жизнь луч гам солнце земля
Tjutchev,Log odds,89,VERB,быть мужаться уходить довершать нудить обвевать стоять просветлеть литься благовестить
Tjutchev,Log odds,90,ADJ,роковой великий живой пошлый мимолетный палящий родственный целый волшебный земной
Tjutchev,Log odds,90,NOUN,в мир день луч жизнь тень земля солнце кара небо
Tjutchev,Log odds,90,VERB,быть зеленеть уходить приподымать обвевать стоять вскармливать мести околдовывать разрастаться
Tjutchev,Log odds,91,ADJ,великий роковой неравный живой безобразный целый морской былой земной русский
Tjutchev,Log odds,91,NOUN,в мир день луч небо жизнь тень бог сочувствие земля
Tjutchev,Log odds,91,VERB,быть мужаться вернуться уходить стоять обвевать разрастаться свевать веять литься
Tjutchev,Log odds,92,ADJ,роковой великий мглистый целый живой морской безобразный родственный земной божий
Tjutchev,Log odds,92,NOUN,в мир день солнце тень луч жизнь небо гам россия
Tjutchev,Log odds,92,VERB,быть уходить обхватить обвевать стоять впускать просветлеть дышать грезиться отстоять
Tjutchev,Log odds,93,ADJ,роковой сочувственный великий безымянный льдистый живой русский хороший земной морской
Tjutchev,Log odds,93,NOUN,в мир день тень солнце луч откровение жизнь небо бог
Tjutchev,Log odds,93,VERB,быть уходить стоять обвевать мести свевать веять благовестить грезиться закреплять
Tjutchev,Log odds,94,ADJ,роковой мглистый великий целый палящий родственный морской живой былой земной
Tjutchev,Log odds,94,NOUN,в мир день тень жизнь земля луч небо россия солнце
Tjutchev,Log odds,94,VERB,быть стоять уходить обвевать искриться мести обхватить просветлеть теснить литься
Tjutchev,Log odds,95,ADJ,роковой великий мглистый первоначальный божий целый мировой живой земной волшебный
Tjutchev,Log odds,95,NOUN,в мир день луч солнце тень земля гам жизнь небо
Tjutchev,Log odds,95,VERB,быть мужаться уходить стоять обвевать впускать мести озаряться просветлеть литься
Tjutchev,Log odds,96,ADJ,роковой великий сочувственный земной божий палящий разумный римский живой хороший
Tjutchev,Log odds,96,NOUN,в мир день луч насилие солнце тень жизнь небо исход
Tjutchev,Log odds,96,VERB,быть сознавать тяготеть мужаться обвевать стоять впускать просветлеть сквозить уводить
Tjutchev,Log odds,97,ADJ,роковой неравный морской великий живой божий целый волшебный земной русский
Tjutchev,Log odds,97,NOUN,в мир день луч небо тень исход солнце борьба троя
Tjutchev,Log odds,97,VERB,быть стоять влетать обвевать уходить литься бороться светить гостить издыхать
Tjutchev,Log odds,98,ADJ,великий роковой живой целый морской безлюдный земной русский воздушный божий
Tjutchev,Log odds,98,NOUN,в мир день земля луч гам сочувствие солнце небо жизнь
Tjutchev,Log odds,98,VERB,быть тяготеть уходить стоять обвевать мести околдовывать свевать сквозить литься
Tjutchev,Log odds,99,ADJ,всемогущий человеческий роковой морской живой великий божий земной мировой братский
Tjutchev,Log odds,99,NOUN,в мир день тень луч жизнь солнце россия земля небо
Tjutchev,Log odds,99,VERB,быть сознавать брести нудить предстоять уцелеть уходить стоять обвевать витать
Tjutchev,Log odds,100,ADJ,непостижимый роковой дождевой живой целый великий земной безобразный родственный божий
Tjutchev,Log odds,100,NOUN,в мир день тень жизнь сочувствие луч солнце земля небо
Tjutchev,Log odds,100,VERB,быть уходить стоять вернуться обвевать разрастаться благовестить гнести допускать закреплять
Tjutchev,Zeta,1,ADJ,роскошный теплый чуткий людской славянский ужасный роковой грозный русский слышный
Tjutchev,Zeta,1,NOUN,кровь пора движение лист привет божество вал дно жизнь глава
Tjutchev,Zeta,1,VERB,объять благословлять вставать уметь звучать блестеть вспомянуть молиться освящать палить
Tjutchev,Zeta,2,ADJ,неземной отрадный духовный подземный христов безымянный доступный звучный последний роковой
Tjutchev,Zeta,2,NOUN,солнце народ раз блеск тайна русь сияние мир око луч
Tjutchev,Zeta,2,VERB,искать касаться молчать лежать наставать сиять гнать плыть сорвать томить
Tjutchev,Zeta,3,ADJ,роковой таинственный целый всесильный лазурный мертвый золотой духовный неистовый русский
Tjutchev,Zeta,3,NOUN,весна кубок год кровь благодать залог боль враг гроза зима
Tjutchev,Zeta,3,VERB,бросать литься воспрянуть освящать молчать веять наставать оставаться прийти расти
Tjutchev,Zeta,4,ADJ,поздний последний роковой бедный грозный чудный теплый всесильный морской огневой
Tjutchev,Zeta,4,NOUN,край луч раз борьба град кровь солнце дверь дерево лист
Tjutchev,Zeta,4,VERB,зреть глядеть обвевать томиться служить вечереть потухать почтить разрастаться сходить
Tjutchev,Zeta,5,ADJ,морской вечный гордый торжественный тощий всемирный летний непостижимый отчаянный тяжкий
Tjutchev,Zeta,5,NOUN,борьба круг европа кровь видение жертва искра свет край год
Tjutchev,Zeta,5,VERB,смущать обвевать светить вставать уходить свершать восходить покидать объять скользить
Tjutchev,Zeta,6,ADJ,чудный морской большой влажный неземной непостижимый страстный неистовый полдневный пророческий
Tjutchev,Zeta,6,NOUN,луч тень солнце царь высота залог сияние свет земля сила
Tjutchev,Zeta,6,VERB,давать уходить сорвать будить светиться течь смотреть слышать дышать забывать
Tjutchev,Zeta,7,ADJ,бедный большой всесильный чистый вечный пламенный хороший неземной доступный целый
Tjutchev,Zeta,7,NOUN,ночь тень звезда час кубок нога весть дорога крик океан
Tjutchev,Zeta,7,VERB,разливать звучать бороться катиться оживлять потухать предавать блистать оживать играть
Tjutchev,Zeta,8,ADJ,поздний убогий таинственный голубой глубокий воздушный безмолвный горний лазурный железный
Tjutchev,Zeta,8,NOUN,кубок пир лист божество голос громада кончина сияние око звук
Tjutchev,Zeta,8,VERB,ловить верить садиться уходить служить белеть брать торжествовать уметь жить
Tjutchev,Zeta,9,ADJ,большой легкий небесный голубой морской русский чудный всесильный младенческий бурный
Tjutchev,Zeta,9,NOUN,тень свет борьба вера вопль гул божество лето нега век
Tjutchev,Zeta,9,VERB,уходить верить слезать сиять бросать греметь служить вступать завещать замечать
Tjutchev,Zeta,10,ADJ,общий волшебный таинственный дикий строгий морской духовный всесильный разумный непостижимый
Tjutchev,Zeta,10,NOUN,борьба пора человек море путь вид движение дым круг луна
Tjutchev,Zeta,10,VERB,литься дышать восходить губить предавать жаждать освящать удручать сказать смотреть
Tjutchev,Zeta,11,ADJ,целый былой роковой ужасный бледный братский воздушный отрадный спокойный земной
Tjutchev,Zeta,11,NOUN,звезда тень луч сияние дым год свет солнце народ век
Tjutchev,Zeta,11,VERB,уходить жаждать молиться понимать спасать обвевать касаться будить наставать парить
Tjutchev,Zeta,12,ADJ,благой большой мглистый бледный дольный православный чистый вечный полный волшебный
Tjutchev,Zeta,12,NOUN,волна дух время буря глаз меч дело жертва ложь плод
Tjutchev,Zeta,12,VERB,светить вставать служить просыпаться течь благословлять рдеть рыть свершаться скользить
Tjutchev,Zeta,13,ADJ,людской вечный благой тусклый гробовой младенческий неизменный великий волшебный последний
Tjutchev,Zeta,13,NOUN,мир ложь год весна природа звезда призрак солнце восток нега
Tjutchev,Zeta,13,VERB,озарять наставать вспыхивать замирать тонуть уводить шуметь молчать пить внимать
Tjutchev,Zeta,14,ADJ,целый высокий волшебный злой лазурный хороший легкий мертвый ужасный незримый
Tjutchev,Zeta,14,NOUN,природа вода дух высота народ строй пал любовь ночь свет
Tjutchev,Zeta,14,VERB,бродить свершать бросать звучать наставать биться касаться сознавать мочь верить
Tjutchev,Zeta,15,ADJ,пламенный лазурный младенческий легкий небесный всесильный воздушный русский незримый одинокий
Tjutchev,Zeta,15,NOUN,весна кубок нева буря вера ложь племя смертный сон луч
Tjutchev,Zeta,15,VERB,свершать уходить веять сиять судить опочить парить расти склоняться слетать
Tjutchev,Zeta,16,ADJ,волшебный роковой бледный воздушный буйный строгий человеческий благой мглистый простой
Tjutchev,Zeta,16,NOUN,высота звезда природа привет воздух прах озеро победа ночь слава
Tjutchev,Zeta,16,VERB,свершать проходить спешить гласить смущать создавать будить вскармливать греть крыть
Tjutchev,Zeta,17,ADJ,божий целый строгий внезапный господний милосердый приветный славянский волшебный злой
Tjutchev,Zeta,17,NOUN,народ конец тень сила место снег камень счастие время туча
Tjutchev,Zeta,17,VERB,будить смотреть блистать нудить сливаться торжествовать тревожить умчать глядеть сидеть
Tjutchev,Zeta,18,ADJ,слышный роковой высокий благодатный неистовый отрадный поздний братский духовный морской
Tjutchev,Zeta,18,NOUN,весна дно солнце раз век горе кровь вождь жила закон
Tjutchev,Zeta,18,VERB,жаждать грустить ликовать переживать повеять предавать приносить прощаться увлекать дышать
Tjutchev,Zeta,19,ADJ,летний незримый благой родимый бездушный смертный христов человеческий великий божий
Tjutchev,Zeta,19,NOUN,луч волна борьба век край вера глас год воздух дно
Tjutchev,Zeta,19,VERB,литься предстоять глядеть светить звучать осенять переходить повеять рыть проходить
Tjutchev,Zeta,20,ADJ,лазурный последний хороший русский людской ранний славянский братский всемирный всесильный
Tjutchev,Zeta,20,NOUN,солнце сон облако воздух мгла море глава грядущее дорога кубок
Tjutchev,Zeta,20,VERB,течь тонуть оживать играть лететь разливать касаться любоваться наставать погружать
Tjutchev,Zeta,21,ADJ,отрадный волшебный прекрасный вечный чуждый блаженный всесильный морской любимый мглистый
Tjutchev,Zeta,21,NOUN,вера бой град глас народ весна луч природа раз дар
Tjutchev,Zeta,21,VERB,греметь дышать светить сходить звучать переходить тонуть жаждать потухать рассевать
Tjutchev,Zeta,22,ADJ,роковой божий теплый тяжкий всесильный младенческий отчаянный дневной западный мирный
Tjutchev,Zeta,22,NOUN,глас год мир дым туман ветер гармония жизнь кровь правда
Tjutchev,Zeta,22,VERB,уходить веять касаться зеленеть светить околдовывать служить улетать обнимать окружать
Tjutchev,Zeta,23,ADJ,глубокий морской родимый неземной теплый благой воздушный людской царственный бесконечный
Tjutchev,Zeta,23,NOUN,борьба сияние вихорь лазурь молитва облако умиление звезда сон народ
Tjutchev,Zeta,23,VERB,уходить играть блестеть молчать парить воздвигать довершать погибать посылать любить
Tjutchev,Zeta,24,ADJ,морской мертвый таинственный поздний последний густой русский лазурный тусклый отцов
Tjutchev,Zeta,24,NOUN,свет народ пора вера солнце блаженство глубина горе дым конец
Tjutchev,Zeta,24,VERB,прийти взять струиться играть биться свершать обвевать опутывать служить уходить
Tjutchev,Zeta,25,ADJ,туманный сырой великий лазурный младенческий непостижимый одинокий тощий духовный душевный
Tjutchev,Zeta,25,NOUN,дух весна край кровь высота колесница мудрость плен счастие любовь
Tjutchev,Zeta,25,VERB,шуметь уметь греть заснуть парить увлекать уносить уходить дышать светить
Tjutchev,Zeta,26,ADJ,воздушный легкий младенческий поздний русский чудный безлюдный благодатный державный людской
Tjutchev,Zeta,26,NOUN,гора дух глас воздух молчание вера град предел сад мир
Tjutchev,Zeta,26,VERB,звучать вставать касаться создавать оживать разливать тревожить подъяться рождаться садиться
Tjutchev,Zeta,27,ADJ,морской чудесный роковой целый славный былой безмолвный летний тесный горний
Tjutchev,Zeta,27,NOUN,брат струя царь жертва вечер воздух пение вал мудрость нить
Tjutchev,Zeta,27,VERB,судить взять переживать потухать спать обвевать свершать внимать довершать умолкать
Tjutchev,Zeta,28,ADJ,русский былой грозный цветущий неравный всесильный звездный лазурный тесный пророческий
Tjutchev,Zeta,28,NOUN,свет земля край борьба брег высота дальный зеркало злак сочувствие
Tjutchev,Zeta,28,VERB,смотреть обвевать уходить парить развиваться создавать глядеть играть вещать сиять
Tjutchev,Zeta,29,ADJ,благой былой горний славянский бессильный братский минутный неотразимый роковой глубокий
Tjutchev,Zeta,29,NOUN,век свет луч рука край сон воздух час хаос мир
Tjutchev,Zeta,29,VERB,уходить слезать сознавать искриться возвышать завещать поникать склонять стоять дышать
Tjutchev,Zeta,30,ADJ,незримый былой большой грозный роковой бурный безотрадный господний женский первоначальный
Tjutchev,Zeta,30,NOUN,земля россия ветер слово высота цветок дар птица струя день
Tjutchev,Zeta,30,VERB,скользить молчать бежать верить дышать проходить разливать смотреть плыть смущать
Tjutchev,Zeta,31,ADJ,морской отрадный грозный кровавый отчаянный пророческий жизненный неземной русский великий
Tjutchev,Zeta,31,NOUN,глава лист море тень дым река лицо окно хаос бог
Tjutchev,Zeta,31,VERB,петь увлекать играть воздвигать прощать взвиваться дремать побеждать приходить тяготеть
Tjutchev,Zeta,32,ADJ,огневой железный безоблачный духовный лазурный сырой полуденный сочувственный русский божий
Tjutchev,Zeta,32,NOUN,народ звук конец пора судьба вид жертва путь душа год
Tjutchev,Zeta,32,VERB,оживать бросать болеть замирать бороться дерзать глядеть дышать играть верить
Tjutchev,Zeta,33,ADJ,целый чуждый былой бессмертный всемогущий людской младенческий славянский державный незабвенный
Tjutchev,Zeta,33,NOUN,правда ночь луч год звук край брег власть сок строй
Tjutchev,Zeta,33,VERB,служить вставать бледнеть литься обвевать бывать повеять чувствовать уходить светить
Tjutchev,Zeta,34,ADJ,русский духовный лазурный глубокий голубой морской воздушный строгий звучный льдистый
Tjutchev,Zeta,34,NOUN,весна струя солнце луч луна время глава злак нога сок
Tjutchev,Zeta,34,VERB,улетать слышать светить внимать принимать рдеть гибнуть обвевать свершать смущать
Tjutchev,Zeta,35,ADJ,голубой лазурный морской бодрый братский женский лунный победный смиренный снеговой
Tjutchev,Zeta,35,NOUN,земля облако дело высота воля долина лето поток дар россия
Tjutchev,Zeta,35,VERB,уходить вставать объять разливать бродить касаться освящать служить смущать дымиться
Tjutchev,Zeta,36,ADJ,бессмертный блаженный летний чудный всесильный воздушный тощий западный земнородный православный
Tjutchev,Zeta,36,NOUN,час высота дело бог год весна край век звезда лист
Tjutchev,Zeta,36,VERB,бороться светить встречать течь улетать бушевать ведать спасать томиться блистать
Tjutchev,Zeta,37,ADJ,людской бедный былой всесильный заветный слышный строгий влажный женский верный
Tjutchev,Zeta,37,NOUN,глава тень земля гроза лазурь предел восток дерево молчание память
Tjutchev,Zeta,37,VERB,жаждать сливаться смущать почить зреть служить вернуться крыть обвевать обходить
Tjutchev,Zeta,38,ADJ,целый морской родимый голубой буйный воздушный державный огневой славянский царственный
Tjutchev,Zeta,38,NOUN,мир глава правда голос дорога плод кубок стихия край природа
Tjutchev,Zeta,38,VERB,уходить понимать проходить освящать крыть оставаться потухать разливать рыть свершаться
Tjutchev,Zeta,39,ADJ,братский теплый русский белый злой безлюдный державный пророческий сырой небесный
Tjutchev,Zeta,39,NOUN,гроза дно цветок дело буйство зима призрак равнина света сын
Tjutchev,Zeta,39,VERB,переживать спасать веять касаться слезать обвевать тревожить блестеть служить держать
Tjutchev,Zeta,40,ADJ,всесильный голубой роковой русский лазурный безмолвный большой тусклый дневной знойный
Tjutchev,Zeta,40,NOUN,век весна кубок месяц лес муза сияние смерть снег мир
Tjutchev,Zeta,40,VERB,понимать бить дышать светить касаться сливаться смущать бывать переживать пламенеть
Tjutchev,Zeta,41,ADJ,голубой морской кровавый чудный людской дымный воздушный роскошный роковой великий
Tjutchev,Zeta,41,NOUN,край блеск народ меч воздух грохот кубок птичка холм пора
Tjutchev,Zeta,41,VERB,склонять трепетать гласить блестеть воскресать обвевать парить прикрывать развивать свершать
Tjutchev,Zeta,42,ADJ,державный роковой высокий хороший былой глубокий людской морской внезапный душевный
Tjutchev,Zeta,42,NOUN,жизнь долина строй бой вид плен плод день сила век
Tjutchev,Zeta,42,VERB,дремать бродить греметь литься вести проходить обвевать влетать жаждать разливать
Tjutchev,Zeta,43,ADJ,высокий добрый целый строгий таинственный морской всесильный зловещий летний влажный
Tjutchev,Zeta,43,NOUN,мир воздух дух дым раз утро пора солнце луч море
Tjutchev,Zeta,43,VERB,рваться молчать литься даваться смущать наставать повеять подымать предавать скользить
Tjutchev,Zeta,44,ADJ,божий горний воздушный голубой поздний братский цветущий чуткий безбрежный женский
Tjutchev,Zeta,44,NOUN,глас долина кровь сон море вера семья конец кубок сияние
Tjutchev,Zeta,44,VERB,литься вставать уходить веять нести побеждать вступать достигать оживать окружать
Tjutchev,Zeta,45,ADJ,морской долгий младенческий отрадный бледный единый легкий подземный былой чудный
Tjutchev,Zeta,45,NOUN,весна бог россия судьба поток вера град дым естество труп
Tjutchev,Zeta,45,VERB,белеть веять вкушать касаться сознавать сиять греметь будить жаждать служить
Tjutchev,Zeta,46,ADJ,знойный русский поздний благой внезапный всесильный незримый женский славянский сочувственный
Tjutchev,Zeta,46,NOUN,свет край весна дым испытание мир земля дух луч лес
Tjutchev,Zeta,46,VERB,освящать чувствовать чуять брести будить обливать прощаться творить забывать смотреть
Tjutchev,Zeta,47,ADJ,пророческий славянский морской слышный последний чудный мрачный благой воздушный людской
Tjutchev,Zeta,47,NOUN,весна век народ поэт солнце высота сила вода голос лист
Tjutchev,Zeta,47,VERB,блистать приветствовать веять увлекать волновать томиться влетать лить поить рождаться
Tjutchev,Zeta,48,ADJ,ночной благодатный роковой таинственный русский чистый поздний лазурный густой заветный
Tjutchev,Zeta,48,NOUN,бог волна восток край правда природа бой камень сумрак челн
Tjutchev,Zeta,48,VERB,рыть лежать слезать блестеть бродить достигать жить молчать литься губить
Tjutchev,Zeta,49,ADJ,морской лазурный роскошный огневой волшебный страстный божественный легкий светозарный славный
Tjutchev,Zeta,49,NOUN,раз пора бой природа брат движение снег ангел россия луч
Tjutchev,Zeta,49,VERB,спасать уходить чуять плыть молчать гореть идти покидать приносить дышать
Tjutchev,Zeta,50,ADJ,злой страстный чудный победный божественный туманный воздушный торжественный виноградный мировой
Tjutchev,Zeta,50,NOUN,народ вода пора простор роза сияние угол солнце тень высота
Tjutchev,Zeta,50,VERB,касаться гласить воскресать завещать молиться одолевать освящать приносить играть уходить
Tjutchev,Zeta,51,ADJ,великий морской таинственный младенческий тихий воздушный дождевой западный сумрачный божий
Tjutchev,Zeta,51,NOUN,луч природа солнце высота отрада кубок лазурь снег струна ночь
Tjutchev,Zeta,51,VERB,веять приносить прощаться сиять биться катиться гласить протекать светиться торжествовать
Tjutchev,Zeta,52,ADJ,ночной морской пламенный ненавистный женский летний праздный торжественный великий роковой
Tjutchev,Zeta,52,NOUN,дым солнце россия человек гора гроза строй дар мир око
Tjutchev,Zeta,52,VERB,обвевать смотреть дышать белеть спасать блестеть зеленеть рваться шуметь доходить
Tjutchev,Zeta,53,ADJ,сырой благой женский незримый цветущий железный пышный всесильный дождевой первоначальный
Tjutchev,Zeta,53,NOUN,земля природа ночь солнце год звезда кубок ложь нога бог
Tjutchev,Zeta,53,VERB,уметь веять уходить приносить греть достигать обвевать светить страдать белеть
Tjutchev,Zeta,54,ADJ,незримый благой жизненный безобразный нетленный праздный христов роковой целый пламенный
Tjutchev,Zeta,54,NOUN,солнце роза свод струя гроза конец русский жизнь кровь народ
Tjutchev,Zeta,54,VERB,литься обвевать сиять слезать входить переходить повеять томиться уносить смотреть
Tjutchev,Zeta,55,ADJ,целый ночной русский таинственный бессмертный царский неведомый общий отчаянный бледный
Tjutchev,Zeta,55,NOUN,голос труд ланит покров стихия бог глава тень народ вера
Tjutchev,Zeta,55,VERB,почить уступать молчать течь довершать сиять служить белеть воздвигаться вставать
Tjutchev,Zeta,56,ADJ,большой поздний лазурный роскошный всемирный господний нетленный неугасимый цветущий целый
Tjutchev,Zeta,56,NOUN,высота струя луна вал зной мгла молитва раздумье создание любовь
Tjutchev,Zeta,56,VERB,спасать уходить нести слезать страдать влетать гласить держать касаться погружать
Tjutchev,Zeta,57,ADJ,родной целый чуждый таинственный ужасный чудный свободный страстный лазурный незабвенный
Tjutchev,Zeta,57,NOUN,высота свет бог дело друг день звук тьма венец горе
Tjutchev,Zeta,57,VERB,верить стоять касаться наставать обвевать обнимать освящать презирать развиваться рыть
Tjutchev,Zeta,58,ADJ,всесильный праздный целый чуждый воздушный лазурный братский кроткий летучий палящий
Tjutchev,Zeta,58,NOUN,земля глас молчание кончина жизнь край мысль вода восток прах
Tjutchev,Zeta,58,VERB,смущать петь молчать оставаться греть разливать даровать рассекать схватывать мочь
Tjutchev,Zeta,59,ADJ,знойный хороший дикий летний общий лазурный людской ужасный единый буйный
Tjutchev,Zeta,59,NOUN,весна тень свобода солнце звезда лист значение красота покров призрак
Tjutchev,Zeta,59,VERB,завещать почить уходить свершать расти течь спасать дохнуть катиться объять
Tjutchev,Zeta,60,ADJ,минувший ранний рад влажный воздушный осенний тусклый человеческий чистый былой
Tjutchev,Zeta,60,NOUN,мгла время глава природа лист звук молитва плен холм луч
Tjutchev,Zeta,60,VERB,скользить жаждать ложиться наставать сознавать изнемогать рыть спасать просыпаться склонять
Tjutchev,Zeta,61,ADJ,людской благодатный большой непостижимый строгий цветущий всесильный дождевой звездный зловещий
Tjutchev,Zeta,61,NOUN,время солнце весна зло кубок сияние ангел гений дым лазурь
Tjutchev,Zeta,61,VERB,покидать спешить ликовать покрывать потухать протекать цвести молчать бродить лежать
Tjutchev,Zeta,62,ADJ,туманный роковой братский тяжкий теплый всемогущий лазурный благой доступный свежий
Tjutchev,Zeta,62,NOUN,вера строй вал россия тревога земля свет раз русь век
Tjutchev,Zeta,62,VERB,уходить понимать служить будить литься пламенеть скользить вскармливать дохнуть крыть
Tjutchev,Zeta,63,ADJ,глубокий чуждый неземной русский далекий отрадный строгий бесконечный болезненный горний
Tjutchev,Zeta,63,NOUN,струя правда россия лазурь год бог сила земля лето отрада
Tjutchev,Zeta,63,VERB,проходить уметь катиться обвевать уходить отстоять дышать видеть вспомнить молчать
Tjutchev,Zeta,64,ADJ,поздний великий морской бедный былой высокий русский тихий летний одинокий
Tjutchev,Zeta,64,NOUN,одр камень место память раз тревога дух свет луч звезда
Tjutchev,Zeta,64,VERB,повеять дремать будить спасать пасть решать служить тяготеть давать сиять
Tjutchev,Zeta,65,ADJ,божий золотой благовонный всесильный отчаянный славянский соседний целый русский вечный
Tjutchev,Zeta,65,NOUN,край гром чело вера россия любовь весна народ волна гроза
Tjutchev,Zeta,65,VERB,вставать мочь лежать пить обвевать взбираться судить чуять слышать звучать
Tjutchev,Zeta,66,ADJ,роковой чудный тихий родимый двойной знойный лунный льдистый младенческий могучий
Tjutchev,Zeta,66,NOUN,луч солнце пора народ прах привет видение поэт день свет
Tjutchev,Zeta,66,VERB,литься белеть довершать сходить губить пасть разливаться судить стоять смотреть
Tjutchev,Zeta,67,ADJ,благодатный добрый общий пустой отчаянный братский неземной страшный теплый божий
Tjutchev,Zeta,67,NOUN,мир солнце воздух долина высота глава огонь человек восток ложь
Tjutchev,Zeta,67,VERB,дремать молчать понимать уходить блистать бороться жаждать звучать ловить обвевать
Tjutchev,Zeta,68,ADJ,младенческий хороший ночной воздушный блаженный радужный благодатный благовонный благосклонный голубой
Tjutchev,Zeta,68,NOUN,тень пора солнце вера звук мрак мир друг край луч
Tjutchev,Zeta,68,VERB,литься рыть следить веять губить нести создавать тронуть стоять дремать
Tjutchev,Zeta,69,ADJ,великий незримый роковой пламенный воздушный огневой дневной отцов отчаянный послушный
Tjutchev,Zeta,69,NOUN,земля народ грудь венец глас тоска вера сияние борьба вино
Tjutchev,Zeta,69,VERB,делить понимать сознавать входить предавать сливать чуять стоять жить давать
Tjutchev,Zeta,70,ADJ,пламенный людской роскошный тусклый тяжкий человеческий бесконечный земной последний роковой
Tjutchev,Zeta,70,NOUN,юг жизнь правда гроза пучина россия стан струя мир бог
Tjutchev,Zeta,70,VERB,веять играть понимать извергать потухать разливать сливаться стоять дышать уходить
Tjutchev,Zeta,71,ADJ,морской пламенный вечный единый лазурный всемирный бесконечный тусклый дикий страшный
Tjutchev,Zeta,71,NOUN,луч тень край лицо весна движение лето народ порог дорога
Tjutchev,Zeta,71,VERB,смущать верить глядеть биться вечереть озаряться подавать решать свершать следить
Tjutchev,Zeta,72,ADJ,морской незримый железный роковой голубой славянский слышный сумрачный теплый младенческий
Tjutchev,Zeta,72,NOUN,солнце уста рука дерево месяц вера отвага строй мир бог
Tjutchev,Zeta,72,VERB,томиться обвевать сходить будить касаться светить уносить возносить греметь литься
Tjutchev,Zeta,73,ADJ,хороший целый морской лазурный глухой звучный железный западный милосердый победный
Tjutchev,Zeta,73,NOUN,луч час солнце слово сон кровь поэт борьба мгла конец
Tjutchev,Zeta,73,VERB,покрывать видеть литься уходить мужаться гаснуть свершать скудеть смущать устаивать
Tjutchev,Zeta,74,ADJ,морской звездный сонный хороший поздний неземной ненавистный огневой целый роковой
Tjutchev,Zeta,74,NOUN,луч солнце борьба человек бездна берег бог страсть дух струя
Tjutchev,Zeta,74,VERB,слышать рыть рдеть сиять судить ударять видеть спать идти молчать
Tjutchev,Zeta,75,ADJ,роковой глубокий страстный безмолвный незримый огневой долгий душевный единый минутный
Tjutchev,Zeta,75,NOUN,струя буря воздух дух дно европа раздумье сияние тень земля
Tjutchev,Zeta,75,VERB,обвевать греметь завещать лишать молиться создавать тяготеть глядеть верить молчать
Tjutchev,Zeta,76,ADJ,всесильный воздушный отчаянный духовный неистовый страстный внезапный кровный отцов славный
Tjutchev,Zeta,76,NOUN,мысль бог судьба тень сияние вершина глас свет лист весна
Tjutchev,Zeta,76,VERB,сиять грянуть веять молиться уходить гнать обвевать служить кричать блистать
Tjutchev,Zeta,77,ADJ,голубой летний лазурный божий дикий блаженный морской общий таинственный хороший
Tjutchev,Zeta,77,NOUN,лист свет звезда путь правда зло россия залог крыло природа
Tjutchev,Zeta,77,VERB,будить молчать стоять веять оживать побеждать греметь смотреть возвещать греть
Tjutchev,Zeta,78,ADJ,славянский лунный целый последний бессмертный всесильный морской дикий благодатный неистовый
Tjutchev,Zeta,78,NOUN,волна народ свет ум движение видение воздух облако стихия струна
Tjutchev,Zeta,78,VERB,дышать сберегать светить молчать склонять чуять светлеть лежать блистать слышать
Tjutchev,Zeta,79,ADJ,цветущий блаженный голубой русский неземной незримый поздний достойный жизненный полдневный
Tjutchev,Zeta,79,NOUN,век круг мука облако дар нега смысл толпа тень струя
Tjutchev,Zeta,79,VERB,стоять плыть понимать почить уметь создавать дышать играть литься уходить
Tjutchev,Zeta,80,ADJ,морской ночной отчаянный благой безоблачный бесконечный духовный душевный ранний теплый
Tjutchev,Zeta,80,NOUN,минута облако стезя столп сердце бог народ глава год кровь
Tjutchev,Zeta,80,VERB,светить судить уметь желать мужаться обвевать пройти расставаться являть мочь
Tjutchev,Zeta,81,ADJ,минувший поздний непостижимый морской всесильный легкий чуткий блаженный кроткий отчаянный
Tjutchev,Zeta,81,NOUN,кровь кубок край память глубина пол рим творение эфир жизнь
Tjutchev,Zeta,81,VERB,бросать молиться обвевать белеть бить касаться одевать удаваться умилять стоять
Tjutchev,Zeta,82,ADJ,всесильный таинственный божий былой зеленый радужный чуткий вечерний темный воздушный
Tjutchev,Zeta,82,NOUN,долина вера природа тень борьба конец лицо рок мир человек
Tjutchev,Zeta,82,VERB,сходить касаться молчать обвевать творить умолкать вкушать замирать подниматься предстоять
Tjutchev,Zeta,83,ADJ,целый бурный блаженный воздушный всесильный густой звездный морской теплый горний
Tjutchev,Zeta,83,NOUN,народ плод борьба вал дым аромат христос тень грудь свет
Tjutchev,Zeta,83,VERB,литься сходить вернуться просыпаться гласить отходить почить расти реветь увлекать
Tjutchev,Zeta,84,ADJ,неравный вещий всесильный братский горний неистовый птичий светозарный славянский бедный
Tjutchev,Zeta,84,NOUN,бог край вера высота долина подвиг правда бездна брег ложь
Tjutchev,Zeta,84,VERB,свершать зреть блестеть заснуть ложиться освящать рыть глядеть бросать дремать
Tjutchev,Zeta,85,ADJ,морской былой воздушный высокий одинокий поздний радужный вражий дождевой западный
Tjutchev,Zeta,85,NOUN,луч дым зелень цвет край сияние конец толпа цепь мир
Tjutchev,Zeta,85,VERB,дышать спасать наставать обвевать переживать пройти чувствовать стоять светить слышать
Tjutchev,Zeta,86,ADJ,былой великий целый лазурный безымянный слышный звездный неземной незримый неистовый
Tjutchev,Zeta,86,NOUN,бог солнце князь вера воитель глубина свет ночь око рука
Tjutchev,Zeta,86,VERB,литься искать молиться входить обвевать рыть следить мочь дышать стоять
Tjutchev,Zeta,87,ADJ,земной русский злой младенческий былой современный всемогущий ранний слышный смелый
Tjutchev,Zeta,87,NOUN,волна солнце раз человек воля брег сумрак воздух господь гул
Tjutchev,Zeta,87,VERB,звать ведать воскресать вспомнить грянуть слетать совершать спасать умчать становиться
Tjutchev,Zeta,88,ADJ,великий последний божий братский враждебный ранний старый слышный кровный православный
Tjutchev,Zeta,88,NOUN,солнце глубина пора сияние роса благодать год свод юг мир
Tjutchev,Zeta,88,VERB,верить свершать спасать судить изнемогать объять оставаться пройти реветь сиять
Tjutchev,Zeta,89,ADJ,воздушный божий свободный лазурный морской бессмертный чуждый безымянный рыцарский небесный
Tjutchev,Zeta,89,NOUN,брат тень вера тьма борьба дыхание луч равнина раз дно
Tjutchev,Zeta,89,VERB,вставать уходить будить нудить оправдывать рыть сберегать сливаться умолкать любить
Tjutchev,Zeta,90,ADJ,незримый лазурный морской былой отцов дорогой глубокий благой игривый свежий
Tjutchev,Zeta,90,NOUN,луч сила пора вьюга вершина камень лед облак русский тайна
Tjutchev,Zeta,90,VERB,обвевать литься вставать звучать светить будить касаться тяготеть ударять блистать
Tjutchev,Zeta,91,ADJ,высокий бессмертный божий русский чудный душевный слышный лазурный славный внезапный
Tjutchev,Zeta,91,NOUN,солнце глас мгла пора призрак сумрак божество гений память подвиг
Tjutchev,Zeta,91,VERB,веять разливать уходить слышать течь сиять входить обвевать покрывать потухать
Tjutchev,Zeta,92,ADJ,целый божий таинственный свежий сонный благовонный восторженный морской неотразимый неравный
Tjutchev,Zeta,92,NOUN,час взор весна зелень сияние цвет страдание солнце ночь волна
Tjutchev,Zeta,92,VERB,молчать опустеть рдеть дышать смотреть уходить блестеть взять дремать плыть
Tjutchev,Zeta,93,ADJ,морской чудный воздушный душевный отчаянный благой железный лазурный праздный слышный
Tjutchev,Zeta,93,NOUN,россия луч царь кровь год воля гроза озеро русский небо
Tjutchev,Zeta,93,VERB,светить спасать наставать вставать переживать томиться лелеять пронзать прощать разливать
Tjutchev,Zeta,94,ADJ,вечный неземной всемогущий всесильный людской всемирный послушный светлый небесный великий
Tjutchev,Zeta,94,NOUN,бог весна солнце строй ум царь жила молния толпа мир
Tjutchev,Zeta,94,VERB,дышать уходить оживать обнимать следить гласить грянуть верить литься веять
Tjutchev,Zeta,95,ADJ,свежий целый блаженный жизненный торжественный бессмертный влажный державный неземной правый
Tjutchev,Zeta,95,NOUN,солнце высота народ время глава вера человек зелень молчание пыль
Tjutchev,Zeta,95,VERB,молчать обвевать дышать дремать узнавать уметь достигать оживать смущать белеть
Tjutchev,Zeta,96,ADJ,божий густой людской родной высокий железный божественный летний слышный дорогой
Tjutchev,Zeta,96,NOUN,мир венец сияние муза россия вера весна луч бог народ
Tjutchev,Zeta,96,VERB,воздвигать пламенеть роптать свершать уметь брызнуть изнывать разливаться спешить глядеть
Tjutchev,Zeta,97,ADJ,чудный страстный минувший теплый незримый бессмертный отчаянный тяжкий цветущий чуткий
Tjutchev,Zeta,97,NOUN,воля огонь труд минута сумрак ночь тень пора поэт глава
Tjutchev,Zeta,97,VERB,пить уходить касаться дремать приподымать вернуться греметь замирать прикрывать смущать
Tjutchev,Zeta,98,ADJ,благодатный божий морской свежий бурный влажный духовный мглистый милосердый пророческий
Tjutchev,Zeta,98,NOUN,мгла небо тень борьба клич цветок день жизнь дух край
Tjutchev,Zeta,98,VERB,уходить молчать будить покрывать сознавать вернуться обвевать служить блистать петь
Tjutchev,Zeta,99,ADJ,кровавый глухой всесильный легкий неравный очарованный огневой цветущий великий бедный
Tjutchev,Zeta,99,NOUN,край дух лист ложь одр стезя тень век солнце пора
Tjutchev,Zeta,99,VERB,молчать касаться светить проходить спать сливаться смущать рваться отстоять служить
Tjutchev,Zeta,100,ADJ,великий морской золотой роковой ночной былой первоначальный безотрадный неотразимый поздний
Tjutchev,Zeta,100,NOUN,пора воздух звезда голос греза залог море нога озеро искра
Tjutchev,Zeta,100,VERB,веять служить понимать благословлять влетать вспомнить гаснуть касаться обвевать одолевать
Fet,Guiraud,1,ADJ,лунный больной неподвижный нетленный пахучий вешний серый причудливый пытливый явный
Fet,Guiraud,1,NOUN,брамин пифия расцвет шорох пчела рододендрон пар брама владычица крошка
Fet,Guiraud,1,VERB,ронять поведывать раскидывать задушить приказывать пыхать скользить прильнуть выносить заслышать
Fet,Guiraud,2,ADJ,несбыточный причудливый влюбленный вешний колючий невыразимый лунный горный желтый золотистый
Fet,Guiraud,2,NOUN,овца саконтал головка сабина зрачок облик солнышко липа греза няня
Fet,Guiraud,2,VERB,раскидывать отдаваться впивать лгать мерещиться прибывать приподымать умолять хватить унимать
Fet,Guiraud,3,ADJ,вешний бессонный колючий грубый гулкий непорочный лунный обычный кудрявый мечтательный
Fet,Guiraud,3,NOUN,русы наташа балкон няня аллея гафиз бриллиант глубь ручка тучка
Fet,Guiraud,3,VERB,овевать прильнуть пахнуть погасить стыдиться чудиться отдаваться качаться раскрывать вернуться
Fet,Guiraud,4,ADJ,вешний несбыточный заревой упругий ревнивый колючий ласкательный плакучий душистый пестрый
Fet,Guiraud,4,NOUN,няня глазок сабина ива окошко анубис аллея серебро крыса греза
Fet,Guiraud,4,VERB,наклонять отказывать проситься различать пронестись хотеться сниться нисходить пахнуть сквозить
Fet,Guiraud,5,ADJ,больной вешний тоскливый лунный пахучий детский неподвижный соловьиный влюбленный пугливый
Fet,Guiraud,5,NOUN,овца аллея сабина глазок зов греза извив плющ рододендрон ива
Fet,Guiraud,5,VERB,раскидывать задрожать сжиматься стараться следить безумствовать потянуться смежать увидеться царить
Fet,Guiraud,6,ADJ,грубый тоскливый несбыточный причудливый серебристый алмазный колючий кроткий розовый серый
Fet,Guiraud,6,NOUN,овца брамин гафиз русы саконтал бриллиант головка балкон брама сатурнин
Fet,Guiraud,6,VERB,заглядывать нисходить отдаваться разгадывать пыхать измерять здравствовать увидать загораться сетовать
Fet,Guiraud,7,ADJ,больной колючий вешний бестелесный бесцветный заревой ласкательный пахучий причудливый случайный
Fet,Guiraud,7,NOUN,русы тучка балкон липка бриллиант вереница глазок наташа овца дрожь
Fet,Guiraud,7,VERB,раскидывать раскрывать поведывать посадить пропеть чуять возвещать колыхаться наклонять поджидать
Fet,Guiraud,8,ADJ,заревой медный мечтательный старческий влюбленный жемчужный бессонный неясный слезный алмазный
Fet,Guiraud,8,NOUN,няня тучка птичка овца побег сестрица петух крыса вереница дрожь
Fet,Guiraud,8,VERB,дождаться сниться раскрывать млеть признавать сжиматься пропеть впивать дразнить охватывать
Fet,Guiraud,9,ADJ,лунный серый колючий несбыточный тоскливый душистый бессонный бесстрастный девичий пугливый
Fet,Guiraud,9,NOUN,малютка тучка глазок бриллиант письмо няня береза тепло бред ручка
Fet,Guiraud,9,VERB,проситься овевать следить стараться увидать сниться раскидывать вернуться гнуться лгать
Fet,Guiraud,10,ADJ,колючий несбыточный нетленный жгучий влюбленный шаткий давнишний неподвижный трескучий лунный
Fet,Guiraud,10,NOUN,брамин русы рододендрон наташа помысел ресница брама дрожь глазок липа
Fet,Guiraud,10,VERB,ронять хотеться заглядывать задрожать отказывать следить посадить увидеться царить раскидывать
Fet,Guiraud,11,ADJ,вешний жгучий благовонный кудрявый серый лунный недавний причудливый сквозной душистый
Fet,Guiraud,11,NOUN,наташа русы саконтал бал корзинка брамин зов липа истома флейта
Fet,Guiraud,11,VERB,раскрывать прибывать тянуться унимать безмолвствовать гименеть задушить зеленеть окаймлять превозмогать
Fet,Guiraud,12,ADJ,неподвижный колючий непорочный серый кудрявый беззаветный виноградный ласкательный несбыточный пахучий
Fet,Guiraud,12,NOUN,наташа гафиз няня саконтал речка соседка греза брамин обаяние убор
Fet,Guiraud,12,VERB,увидать пыхать ронять отдаваться отыскивать следить сетовать уронить заслышать измерять
Fet,Guiraud,13,ADJ,горный тоскливый лунный причудливый кудрявый томительный серый вешний понятный кроткий
Fet,Guiraud,13,NOUN,русы гафиз наташа балкон бриллиант няня овца зов тепло смущение
Fet,Guiraud,13,VERB,увидать зеленеть ронять чуять гименеть заплакать поглядеть царить касаться дорожить
Fet,Guiraud,14,ADJ,желтый мягкий серебристый больной заревой сиротливый вешний недавний приветливый кроткий
Fet,Guiraud,14,NOUN,наташа брамин русы речка бриллиант глазок корзинка расцвет локон стекло
Fet,Guiraud,14,VERB,остыть различать раскрывать вернуться мерещиться развиваться поведывать овевать мигать отдаваться
Fet,Guiraud,15,ADJ,вешний мечтательный тоскливый несбыточный колючий садовый больной заревой виноградный неподвижный
Fet,Guiraud,15,NOUN,русы наташа брамин ива брама клетка мироздание примета смущение узор
Fet,Guiraud,15,VERB,ронять овевать проситься раскидывать пахнуть хотеться гнуться заглохнуть меркнуть набегать
Fet,Guiraud,16,ADJ,кудрявый лунный кроткий вешний золотистый пленный язвительный незримый тоскливый душистый
Fet,Guiraud,16,NOUN,гафиз аллея саконтал рододендрон русы наташа крыша липка брамин петух
Fet,Guiraud,16,VERB,овевать мерещиться раскрывать суметь гименеть набегать поведывать поливать потянуться пропеть
Fet,Guiraud,17,ADJ,вешний несбыточный собственный тоскливый кудрявый больной серебристый нетленный лунный влюбленный
Fet,Guiraud,17,NOUN,наташа аллея няня рододендрон брама камин зов брамин липка навес
Fet,Guiraud,17,VERB,раскидывать овевать лезть погасить увидать прильнуть хотеться выбирать выносить поминать
Fet,Guiraud,18,ADJ,лунный серебристый южный несбыточный случайный упругий колючий тоскливый кроткий душистый
Fet,Guiraud,18,NOUN,саконтал рододендрон аллея гафиз корзинка обаяние рожь няня крыша сатурнин
Fet,Guiraud,18,VERB,пахнуть отзываться отыскивать лезть охватывать переноситься шататься дорожить колыхать набегать
Fet,Guiraud,19,ADJ,шаткий несбыточный душистый колючий серый соловьиный больной вешний влюбленный безжалостный
Fet,Guiraud,19,NOUN,гафиз аллея петух рододендрон помысел овца глазок диана камин сознание
Fet,Guiraud,19,VERB,дождаться приподымать ронять следить таять гименеть поведывать поникать увидать потухать
Fet,Guiraud,20,ADJ,золотистый тоскливый вешний вседневный недавний чернобровый серебристый зимний истомленный кованый
Fet,Guiraud,20,NOUN,наташа истома рододендрон ива аллея петух брамин головка липка крыша
Fet,Guiraud,20,VERB,затрепетать собираться отказывать поливать праздновать ронять запевать выносить заглядывать посадить
Fet,Guiraud,21,ADJ,бессонный кудрявый вешний шаткий жгучий тоскливый влюбленный лунный неподвижный благовонный
Fet,Guiraud,21,NOUN,няня гафиз саконтал балкон брама глазок навес сестрица складка истома
Fet,Guiraud,21,VERB,дождаться колыхать наклонять проситься отдаваться приникать пускать чудиться раскрывать возрастать
Fet,Guiraud,22,ADJ,соловьиный вешний влюбленный заревой колючий давнишний лесной недавний розовый случайный
Fet,Guiraud,22,NOUN,брамин аллея саконтал овца вереница сабина овраг греза тепло глазок
Fet,Guiraud,22,VERB,отказывать признавать приникать раскидывать мерещиться приподымать увидеться взрезывать спрятать следить
Fet,Guiraud,23,ADJ,несбыточный благовонный ревнивый заревой колючий соловьиный живительный неподвижный обычный душистый
Fet,Guiraud,23,NOUN,ветка красавец глазок саконтал няня истома пифия помысел трель украшение
Fet,Guiraud,23,VERB,позвать хотеться вернуться овевать ронять отдаваться заслышать нисходить провидеть спрятать
Fet,Guiraud,24,ADJ,лунный тоскливый влюбленный колючий пахучий бессонный вешний душистый кудрявый неподвижный
Fet,Guiraud,24,NOUN,наташа гафиз фея анубис глазок журавль тучка липка ива няня
Fet,Guiraud,24,VERB,различать раскрывать благоухать заплакать колыхать мерещиться дождаться проситься погасить позвать
Fet,Guiraud,25,ADJ,приветливый тоскливый вешний истомленный мимолетный схожий упругий лунный душистый колючий
Fet,Guiraud,25,NOUN,отрок сабина саконтал наташа русы брамин зов пифия зал петух
Fet,Guiraud,25,VERB,млеть зеленеть наклонять овевать нисходить развиваться следить баять позвать прибывать
Fet,Guiraud,26,ADJ,вешний золотистый несбыточный упругий лунный душистый розовый неподвижный причудливый соловьиный
Fet,Guiraud,26,NOUN,отрок аллея ива рододендрон фея корзина петух няня ручка тучка
Fet,Guiraud,26,VERB,раскидывать дождаться пугаться расточать скатиться суметь уезжать проситься сетовать успевать
Fet,Guiraud,27,ADJ,тоскливый влюбленный упругий золотистый старческий грубый заревой проворный пугливый мгновенный
Fet,Guiraud,27,NOUN,наташа липка рододендрон пчела зов аллея отрок русы саконтал овца
Fet,Guiraud,27,VERB,раскидывать спаться увидать хотеться лезть разгораться увидеться загораться приникать расточать
Fet,Guiraud,28,ADJ,недавний тоскливый лунный неподвижный золотистый человеческий кроткий серебристый жгучий желтый
Fet,Guiraud,28,NOUN,балкон дуновение ящик плющ зов оттенок бред ива отрок баркас
Fet,Guiraud,28,VERB,увидать сниться раскрывать меркнуть поглядеть приникать проситься сетовать раскидывать измерять
Fet,Guiraud,29,ADJ,зимний серебристый лунный влюбленный вешний резкий тоскливый алмазный бесстрастный бестрепетный
Fet,Guiraud,29,NOUN,русы наташа аллея отрок анубис беседка истома лесна ива липка
Fet,Guiraud,29,VERB,хотеться сетовать позвать припоминать разгонять прильнуть витать дозволять заглядывать увидеться
Fet,Guiraud,30,ADJ,больной вешний тоскливый жгучий случайный упругий серый млечный пахучий приветливый
Fet,Guiraud,30,NOUN,саконтал наташа русы глазок брама истома тучка фонтан больной ива
Fet,Guiraud,30,VERB,сниться умолять раскрывать теплиться раскидывать выносить допускать заныть заплакать колыхаться
Fet,Guiraud,31,ADJ,лунный серый соловьиный кроткий вешний влюбленный душистый больной непорочный воздушный
Fet,Guiraud,31,NOUN,овца саконтал вереница навес речка сабина ветка помысел брамин беседка
Fet,Guiraud,31,VERB,хотеться сниться раскрывать впивать наклонять поглядеть провидеть смежать шептать безумствовать
Fet,Guiraud,32,ADJ,бессонный старческий розовый шаткий колючий затаенный причудливый душистый чуткий жгучий
Fet,Guiraud,32,NOUN,фея помысел сабина анубис бриллиант беседка ива возлюбленная извив император
Fet,Guiraud,32,VERB,раскрывать погасить чудиться уронить царить проситься колыхаться лгать окаймлять покатиться
Fet,Guiraud,33,ADJ,лунный несбыточный серебряный пленный ревнивый пугливый душистый томительный вешний жгучий
Fet,Guiraud,33,NOUN,гафиз овца мороз фея глазок овраг лоб нептун сатурнин тропинка
Fet,Guiraud,33,VERB,увидать раскрывать суметь проситься баять набегать царить собираться постоять возвышать
Fet,Guiraud,34,ADJ,серебристый колючий кроткий золотистый прохладный шаткий пахучий жизненный несбыточный млечный
Fet,Guiraud,34,NOUN,овца брамин гафиз саконтал тучка фонтан няня извив крыса овраг
Fet,Guiraud,34,VERB,проситься теплиться раскрывать влетать позвать пробираться мерцать набегать болтать выступать
Fet,Guiraud,35,ADJ,вешний колючий несбыточный упругий серебристый заревой причудливый лунный неподвижный плакучий
Fet,Guiraud,35,NOUN,головка саконтал стремление сатурнин тополь трель пчела тепло сестрица солнышко
Fet,Guiraud,35,VERB,остыть отыскивать отдаваться различать раскидывать увидать возрастать мерещиться окаймлять опускаться
Fet,Guiraud,36,ADJ,серебристый лунный старческий тонкий вешний непостижимый ревнивый томительный тоскливый кроткий
Fet,Guiraud,36,NOUN,наташа русы аллея саконтал балкон гафиз пруд зов корзинка брамин
Fet,Guiraud,36,VERB,раскрывать царить отказывать льнуть мерещиться превозмогать спаться уронить млеть безумствовать
Fet,Guiraud,37,ADJ,вешний несбыточный лазурный лунный заревой колючий просветленный влюбленный соловьиный рад
Fet,Guiraud,37,NOUN,русы фея наташа гафиз локон балкон глазок малютка брамин крыша
Fet,Guiraud,37,VERB,раскрывать заплакать набегать раскидывать проситься приподымать пронести увидеться овевать окрылять
Fet,Guiraud,38,ADJ,жгучий больной грубый колючий старческий тоскливый вешний невыразимый несказанный сиротливый
Fet,Guiraud,38,NOUN,гафиз наташа глазок рододендрон русы ива беседка огонек участие овца
Fet,Guiraud,38,VERB,овевать лгать поведывать постоять уезжать царить раскидывать баять гименеть засвечиваться
Fet,Guiraud,39,ADJ,лунный шаткий тоскливый ненаглядный причудливый колючий несбыточный бесстрастный невыразимый проворный
Fet,Guiraud,39,NOUN,наташа гафиз овца брамин балкон фея юг комната крыша лизиас
Fet,Guiraud,39,VERB,погасить уронить дорожить засвечиваться содрогаться заплакать таять раскрывать различать взрезывать
Fet,Guiraud,40,ADJ,дружный колючий тоскливый вешний ликующий непорочный обычный пахучий соловьиный душистый
Fet,Guiraud,40,NOUN,рододендрон балкон глазок пчела истома головка овца аллея ива фея
Fet,Guiraud,40,VERB,поведывать впивать сквозить суметь овевать отдаваться блюсти гименеть задушить зайти
Fet,Guiraud,41,ADJ,тоскливый лунный серебристый несносный звездный серый виноградный заревой пахучий человеческий
Fet,Guiraud,41,NOUN,наташа русы глазок саконтал брамин анубис локон фея балкон запой
Fet,Guiraud,41,VERB,млеть раскидывать доходить баять отыскивать поведывать позвать сжиматься царить чудиться
Fet,Guiraud,42,ADJ,золотистый кудрявый горячий бессонный розовый заревой пугливый сквозной упругий бестелесный
Fet,Guiraud,42,NOUN,наташа русы балкон овца брамин беседка трель рододендрон ворот глазок
Fet,Guiraud,42,VERB,сетовать чуять наклонять суметь услыхать ронять различать вернуться жужжать задушить
Fet,Guiraud,43,ADJ,бессонный влюбленный тоскливый несбыточный непостижимый ребяческий чернобровый вешний колючий мечтательный
Fet,Guiraud,43,NOUN,саконтал головка залив крыша трель весло брамин ручка истома украшение
Fet,Guiraud,43,VERB,различать овевать унимать проноситься царить чуять отдаваться выносить сжиматься склонить
Fet,Guiraud,44,ADJ,приветливый причудливый вешний лунный безжалостный мудрый пленный душистый томительный жгучий
Fet,Guiraud,44,NOUN,наташа саконтал балкон спина брамин брама зов возлюбленная прошлое сестрица
Fet,Guiraud,44,VERB,различать раскрывать следить здравствовать царить хотеться проситься выносить миновать намекать
Fet,Guiraud,45,ADJ,соловьиный звездный проворный влюбленный цветной степной жгучий кудрявый душистый лавровый
Fet,Guiraud,45,NOUN,овца фея греза беседка огонек ручка няня аллея головка тучка
Fet,Guiraud,45,VERB,овевать пыхать раскрывать поливать свиваться скорбеть вдыхать лгать посадить уезжать
Fet,Guiraud,46,ADJ,чуткий безжалостный серебряный всепобедный давнишний кленовый грубый вешний звездный бестелесный
Fet,Guiraud,46,NOUN,наташа русы гафиз тучка фея саконтал глазок овца брамин дымка
Fet,Guiraud,46,VERB,различать прильнуть ронять занимать млеть следить гименеть пахнуть качаться заслышать
Fet,Guiraud,47,ADJ,несбыточный серебристый серый просветленный душистый вешний благоуханный голосистый непостижимый пушистый
Fet,Guiraud,47,NOUN,ива гафиз русы наташа ветка няня овца ресница греза вереница
Fet,Guiraud,47,VERB,раскидывать сниться признавать увидать зайти проноситься уезжать хотеться чуять вернуться
Fet,Guiraud,48,ADJ,обычный шаткий прозрачный непостижимый душистый несбыточный мгновенный влюбленный причудливый упругий
Fet,Guiraud,48,NOUN,русы гафиз овца липка наташа больной мороз овраг сабина фея
Fet,Guiraud,48,VERB,проситься отдаваться сжиматься уезжать раскрывать набегать пленяться пугаться собираться хватить
Fet,Guiraud,49,ADJ,лунный соловьиный мечтательный вешний нетленный проворный блаженный жгучий звездный горячий
Fet,Guiraud,49,NOUN,няня русы гафиз наташа глазок овца стекло зов соседка тополь
Fet,Guiraud,49,VERB,позвать чудиться отказывать вернуться взрезывать колыхать нисходить помиловать прибывать приподымать
Fet,Guiraud,50,ADJ,несбыточный лунный нетленный давнишний изменчивый неподвижный причудливый ребяческий упругий желтый
Fet,Guiraud,50,NOUN,русы гафиз овца сестрица пчела брамин бриллиант ласточка ива стекло
Fet,Guiraud,50,VERB,раскрывать ронять прибывать различать набегать проситься вдыхать впивать задушить лезть
Fet,Guiraud,51,ADJ,несбыточный пугливый серебристый душистый кроткий шаткий больной заревой утомленный степной
Fet,Guiraud,51,NOUN,русы ресница овца сабина мироздание тучка мунд павел побег речка
Fet,Guiraud,51,VERB,набегать отказывать навевать поцеловать хотеться грезиться задышать колебаться меркнуть подыматься
Fet,Guiraud,52,ADJ,влюбленный душистый томительный вешний благовонный больной затаенный истомленный несказанный причудливый
Fet,Guiraud,52,NOUN,няня брамин наташа глазок гафиз балкон ива сабина липка овца
Fet,Guiraud,52,VERB,раскидывать поведывать раскрывать мешать поглядеть пахнуть потянуться скатиться сквозить тянуться
Fet,Guiraud,53,ADJ,колючий вешний бессонный жгучий безбрежный прозрачный отвесный сиротливый сквозной лунный
Fet,Guiraud,53,NOUN,наташа брамин саконтал сабина фея няня балкон глазок корзина липка
Fet,Guiraud,53,VERB,раскидывать раскрывать набегать подыматься сетовать засвечиваться обдавать прибывать прилегать сказываться
Fet,Guiraud,54,ADJ,лунный ненаглядный неподвижный упругий душистый тоскливый пестрый алмазный бестелесный бесцветный
Fet,Guiraud,54,NOUN,аллея рододендрон няня брамин зал ковер греза вереница гафиз извив
Fet,Guiraud,54,VERB,вернуться прибывать проситься склонить раскрывать отдаваться овевать поглядеть ронять заплакать
Fet,Guiraud,55,ADJ,вешний душистый лунный степной томительный шаткий недавний несказанный просветленный упругий
Fet,Guiraud,55,NOUN,наташа саконтал тучка тепло крошка рододендрон фея ива жрица извив
Fet,Guiraud,55,VERB,сетовать овевать скорбеть наклонять ронять раскрывать безумствовать гасить заплакать мерещиться
Fet,Guiraud,56,ADJ,вешний упругий нетленный пахучий тоскливый серый душистый колючий молитвенный садовый
Fet,Guiraud,56,NOUN,зов овца наташа гафиз липка крыша трель фея ветка глазок
Fet,Guiraud,56,VERB,проситься овевать увидать отдаваться увидеться мерцать набегать приказывать тянуться уезжать
Fet,Guiraud,57,ADJ,колючий вешний жемчужный томительный бессонный звездный проворный прозрачный золотистый душистый
Fet,Guiraud,57,NOUN,зов брамин аллея саконтал наташа овраг смущение украшение ящик липка
Fet,Guiraud,57,VERB,приникать гименеть набегать услыхать вернуться загораться засвечиваться поведывать пробираться пропеть
Fet,Guiraud,58,ADJ,несбыточный влюбленный кудрявый колючий мимолетный лунный тоскливый горячий пахучий язвительный
Fet,Guiraud,58,NOUN,ветка аллея береза отдаление глазок беседка пар сатурнин ящик пчела
Fet,Guiraud,58,VERB,приникать погасить проситься выступать глянуть млеть овевать скатиться царить высказывать
Fet,Guiraud,59,ADJ,грубый тоскливый лунный пугливый томительный неподвижный нетленный ребяческий бессонный золотистый
Fet,Guiraud,59,NOUN,русы наташа головка саконтал аллея няня зов дуновение фея май
Fet,Guiraud,59,VERB,ронять увидать уронить поведывать раскрывать баять глянуть оглянуться ползти чудиться
Fet,Guiraud,60,ADJ,вешний томительный лунный серебристый несбыточный влюбленный шаткий больной недавний причудливый
Fet,Guiraud,60,NOUN,наташа гафиз русы аллея ива рожь тучка речка няня рододендрон
Fet,Guiraud,60,VERB,отыскивать млеть овевать приподымать тянуться ронять выносить высказывать раскидывать слать
Fet,Guiraud,61,ADJ,соловьиный жгучий влюбленный несбыточный серебристый недавний горный сухой вешний колючий
Fet,Guiraud,61,NOUN,гафиз няня саконтал овца крыша дрожь украшение глазок ручка мороз
Fet,Guiraud,61,VERB,сквозить отдаваться сетовать нисходить пахнуть млеть возвещать надеяться превозмогать проноситься
Fet,Guiraud,62,ADJ,золотистый смущенный приветливый давнишний колючий несбыточный пахучий просветленный благовонный вешний
Fet,Guiraud,62,NOUN,наташа фея русы балкон пчела ресница ива вход навес глазок
Fet,Guiraud,62,VERB,отдаваться унимать овевать постоять различать колыхать пахнуть сетовать пронестись ронять
Fet,Guiraud,63,ADJ,несбыточный колючий приветливый вешний мечтательный мимолетный недавний человеческий душистый детский
Fet,Guiraud,63,NOUN,гафиз няня брамин бриллиант истома корзинка сестрица солнышко ива бред
Fet,Guiraud,63,VERB,отдаваться увидать унимать наклонять раскидывать задрожать мерещиться приезжать пробираться развиваться
Fet,Guiraud,64,ADJ,влюбленный бессонный соловьиный серебристый вешний звездный виноградный просветленный алый тоскливый
Fet,Guiraud,64,NOUN,беседка балкон гафиз стекло овца лоб трель тепло анубис благоухание
Fet,Guiraud,64,VERB,отдаваться проситься заслышать наклонять раскидывать овевать признавать ронять сжиматься царить
Fet,Guiraud,65,ADJ,звездный несбыточный соловьиный больной неизмеримый пленный сквозной жгучий вешний горный
Fet,Guiraud,65,NOUN,овца дрожь навес гафиз ручка греза анубис девочка лизиас аллея
Fet,Guiraud,65,VERB,пыхать посмотреть овевать отдаваться различать увидать ронять упоить следить закрывать
Fet,Guiraud,66,ADJ,несбыточный кудрявый душистый заревой непостижимый ласкательный слезный неподвижный жгучий колючий
Fet,Guiraud,66,NOUN,русы наташа липка аллея окошко липа пчела сабина тополь овца
Fet,Guiraud,66,VERB,раскидывать раскрывать поведывать наклонять спаться суметь лгать заглядывать помолиться потушить
Fet,Guiraud,67,ADJ,вешний золотистый серебристый соловьиный томительный кудрявый истомленный мечтательный пахучий алмазный
Fet,Guiraud,67,NOUN,наташа гафиз саконтал липка беседка трель корзинка лодка брамин ветка
Fet,Guiraud,67,VERB,зеленеть осыпать увидать опрокидывать приподымать овевать будить глянуть мерещиться прядать
Fet,Guiraud,68,ADJ,шаткий причудливый томительный вешний ревнивый бестелесный золотистый пленный степной живительный
Fet,Guiraud,68,NOUN,русы наташа няня малютка липа беседка тучка хозяйка брамин факел
Fet,Guiraud,68,VERB,поведывать отказывать раскрывать раскидывать чуять выносить заплакать разбирать переходить допускать
Fet,Guiraud,69,ADJ,вешний жгучий кроткий колючий лунный заревой тонкий серебристый соловьиный целебный
Fet,Guiraud,69,NOUN,наташа ива аллея няня пифия спина трель солнышко балкон крошка
Fet,Guiraud,69,VERB,сетовать раскрывать отыскивать позвать уронить чудиться раскидывать чуять выносить гадать
Fet,Guiraud,70,ADJ,вешний тоскливый кудрявый кроткий ребяческий причудливый лунный жемчужный колючий душистый
Fet,Guiraud,70,NOUN,гафиз рододендрон овца сабина мороз свеча истома ветка жрица клетка
Fet,Guiraud,70,VERB,овевать уронить проситься прошептать дождаться сжиматься скатиться торчать успевать задушить
Fet,Guiraud,71,ADJ,несбыточный томительный тоскливый бессонный лунный мгновенный истомленный лилейный непостижимый пугливый
Fet,Guiraud,71,NOUN,липка глазок пень диана журавль пчела овца рододендрон стекло гафиз
Fet,Guiraud,71,VERB,проситься ронять увидать впивать погасить чудиться раскрывать гименеть надоедать пахнуть
Fet,Guiraud,72,ADJ,пахучий заревой ребяческий колючий вешний золотистый недавний мелкий жемчужный жгучий
Fet,Guiraud,72,NOUN,брамин пчела тучка балкон брама няня журавль стекло губа письмо
Fet,Guiraud,72,VERB,окрылять ползти теплиться царить чудиться пропеть целовать высказывать задушить колебаться
Fet,Guiraud,73,ADJ,колючий вешний лунный бессонный соловьиный кроткий шаткий приветливый просветленный прозрачный
Fet,Guiraud,73,NOUN,русы тучка сабина греза крыша узор няня липка анубис пчела
Fet,Guiraud,73,VERB,увидать приникать отдаваться заплакать зеленеть наклонять опаздывать приседать пронести склонить
Fet,Guiraud,74,ADJ,тоскливый душистый недавний нескромный серый горный воздушный алмазный серебристый шаткий
Fet,Guiraud,74,NOUN,аллея петух брамин глазок пальма трель зов брама ветка возлюбленная
Fet,Guiraud,74,VERB,раскрывать отказывать унимать раскидывать пропеть запрещать погасить сжиматься шевелиться отдаваться
Fet,Guiraud,75,ADJ,колючий серебристый тоскливый влюбленный виноградный вседневный невыразимый старческий прозрачный упругий
Fet,Guiraud,75,NOUN,русы наташа брамин больной ветка рододендрон пчела ива овца помысел
Fet,Guiraud,75,VERB,отдаваться заплакать уезжать раскрывать безумствовать изнемогать наносить овевать раскрываться рассыпать
Fet,Guiraud,76,ADJ,бессонный серебристый кроткий вешний упругий томительный лунный мгновенный заревой коленопреклоненный
Fet,Guiraud,76,NOUN,наташа гафиз ива саконтал липка овца брамин вереница аллея беседка
Fet,Guiraud,76,VERB,овевать приходиться отказывать млеть теплиться блюсти меркнуть пересказывать поведывать позвать
Fet,Guiraud,77,ADJ,звездный лунный вешний душистый желтый восточный старческий упругий розовый бестелесный
Fet,Guiraud,77,NOUN,овца гафиз саконтал няня липка брамин бриллиант солнышко трель фея
Fet,Guiraud,77,VERB,чуять набегать навевать подумать хотеться погасить сквозить дорожить увидать сниться
Fet,Guiraud,78,ADJ,вешний колючий душистый причудливый сочный старческий тоскливый явный девичий зеркальный
Fet,Guiraud,78,NOUN,русы наташа рододендрон саконтал брама помысел овца дрожь дуновение крошка
Fet,Guiraud,78,VERB,овевать увидать зеленеть наклонять ронять пронестись выбирать гнуться заплакать обдавать
Fet,Guiraud,79,ADJ,душистый вешний колючий серый заревой упругий горячий горный благовонный несбыточный
Fet,Guiraud,79,NOUN,наташа няня липка гафиз русы трель мунд солнышко ива огонек
Fet,Guiraud,79,VERB,сниться лгать окрылять сетовать увидать овевать поведывать различать хотеться прибывать
Fet,Guiraud,80,ADJ,упругий тоскливый чуткий больной серый пахучий благовонный душистый непостижимый янтарный
Fet,Guiraud,80,NOUN,русы малютка письмо няня наташа анубис гафиз ива брамин овца
Fet,Guiraud,80,VERB,чудиться раскрывать мерцать млеть навевать увидать вернуться глянуть пахнуть приподымать
Fet,Guiraud,81,ADJ,несбыточный соловьиный упругий благовонный больной влюбленный кудрявый давнишний ликующий молитвенный
Fet,Guiraud,81,NOUN,брамин саконтал беседка зрачок крошка кустарник аллея обаяние няня зов
Fet,Guiraud,81,VERB,овевать заслышать ронять раскидывать отыскивать прилегать различать собираться стараться мигать
Fet,Guiraud,82,ADJ,благоуханный степной жгучий тоскливый безжалостный давнишний золотистый неподвижный упругий томительный
Fet,Guiraud,82,NOUN,гафиз крыша няня залив корзинка лизиас навес брамин греза рожь
Fet,Guiraud,82,VERB,овевать признавать ронять пронестись суметь пыхать сжиматься спаться приказывать прошептать
Fet,Guiraud,83,ADJ,лунный несбыточный больной кроткий золотистый соловьиный шаткий колючий непорочный сиротливый
Fet,Guiraud,83,NOUN,липка наташа рододендрон саконтал глазок сабина брамин греза пифия трель
Fet,Guiraud,83,VERB,постоять проситься баять овевать потопать теплиться уноситься увидать хотеться пронести
Fet,Guiraud,84,ADJ,лунный вешний тоскливый живительный золотистый кудрявый неподвижный жгучий девичий несбыточный
Fet,Guiraud,84,NOUN,гафиз тучка русы рододендрон ласточка брамин балкон бархат воробей навес
Fet,Guiraud,84,VERB,раскидывать млеть позвать постоять набегать ронять отдаваться проситься оглянуться ползти
Fet,Guiraud,85,ADJ,жгучий бестелесный отвесный полуночный пытливый душистый алый лунный колючий несбыточный
Fet,Guiraud,85,NOUN,рододендрон глазок помысел гафиз ручка ива больной греза тополь ворот
Fet,Guiraud,85,VERB,различать лгать набегать заплакать пропеть слать измерять мерещиться овевать пахнуть
Fet,Guiraud,86,ADJ,тоскливый шаткий ласкательный пахучий вешний больной виноградный грубый отвесный соловьиный
Fet,Guiraud,86,NOUN,наташа русы липка больной пень речка трель крыша нептун рододендрон
Fet,Guiraud,86,VERB,пронестись уронить обдавать позвать пропеть суметь царить постоять млеть отдаваться
Fet,Guiraud,87,ADJ,пестрый вешний влюбленный серый благовонный душистый коленопреклоненный пугливый жгучий колючий
Fet,Guiraud,87,NOUN,наташа гафиз русы овца корзинка тучка окошко пифия название отдаление
Fet,Guiraud,87,VERB,отыскивать уезжать сквозить отдаваться ронять дождаться доходить наклонять поглядеть распалять
Fet,Guiraud,88,ADJ,жгучий тоскливый зимний ласкательный старческий душистый розовый бестелесный коленопреклоненный чернобровый
Fet,Guiraud,88,NOUN,русы наташа рододендрон ручка головка беседка брамин тучка аллея истома
Fet,Guiraud,88,VERB,позвать пугаться ронять хотеться окрылять безумствовать вернуться посмотреть закинуть озираться
Fet,Guiraud,89,ADJ,упругий серебристый розовый вешний давнишний левый жгучий прозрачный голый истомленный
Fet,Guiraud,89,NOUN,зов сабина саконтал вереница истома недуг анубис крыша балкон ветка
Fet,Guiraud,89,VERB,овевать зеленеть наклонять загораться меркнуть отыскивать пахнуть ползти увидать подавать
Fet,Guiraud,90,ADJ,лунный вешний душистый непостижимый кроткий серый алмазный упругий звездный тонкий
Fet,Guiraud,90,NOUN,овца клетка липка сабина саконтал глазок головка ива стекло навес
Fet,Guiraud,90,VERB,ронять хотеться сниться заплакать мерещиться спеть гадать обдавать статься проситься
Fet,Guiraud,91,ADJ,кудрявый душистый мечтательный непостижимый прибрежный вешний ликующий язвительный чуткий неподвижный
Fet,Guiraud,91,NOUN,овца фея ресница овраг ласточка беседка бриллиант няня окошко аллея
Fet,Guiraud,91,VERB,раскрывать позвать пропеть отыскивать овевать раскидывать целовать остыть унимать отказывать
Fet,Guiraud,92,ADJ,вешний бестелесный жемчужный пахучий трескучий целебный шаткий влюбленный мгновенный собственный
Fet,Guiraud,92,NOUN,русы липка ива мироздание наташа аллея крошка сатурнин брамин головка
Fet,Guiraud,92,VERB,наклонять сквозить дождаться беспокоить посадить рассыпать суметь торчать улечься различать
Fet,Guiraud,93,ADJ,вешний жгучий упругий нетленный несбыточный кроткий серебристый жемчужный обычный приветливый
Fet,Guiraud,93,NOUN,овца наташа гафиз глазок ива ресница пень балкон аллея пифия
Fet,Guiraud,93,VERB,проситься раскидывать отыскивать пропеть мерещиться заплакать погасить спаться стыдиться зеленеть
Fet,Guiraud,94,ADJ,грубый лунный колючий несносный неподвижный приветливый несбыточный бесконечный невыразимый пахучий
Fet,Guiraud,94,NOUN,наташа русы овца липка мальчик балкон бриллиант пифия уступ рододендрон
Fet,Guiraud,94,VERB,зеленеть отдаваться поведывать ронять отказывать колыхать появляться раскрывать приемлить просиять
Fet,Guiraud,95,ADJ,упругий больной жгучий алмазный кудрявый вешний тоскливый душистый звездный лунный
Fet,Guiraud,95,NOUN,наташа аллея саконтал гафиз брамин малютка брама журавль благоухание глубь
Fet,Guiraud,95,VERB,чудиться дождаться теплиться ронять уносить вернуться впивать колыхаться мерещиться нисходить
Fet,Guiraud,96,ADJ,упругий прозрачный колючий обычный несносный соловьиный грубый ненаглядный пленный цветной
Fet,Guiraud,96,NOUN,саконтал балкон греза истома пифия аллея фея пальма больной няня
Fet,Guiraud,96,VERB,увидать отдаваться раскидывать заливать набегать приподымать содрогаться унимать лгать намекать
Fet,Guiraud,97,ADJ,тоскливый кроткий бархатный безжалостный ласкательный мечтательный звездный золотистый лавровый обычный
Fet,Guiraud,97,NOUN,русы ветка зов саконтал гафиз пчела девочка трель головка наташа
Fet,Guiraud,97,VERB,проситься всплывать выносить позвать поцеловать сжиматься шевелиться ронять впивать ползти
Fet,Guiraud,98,ADJ,колючий несбыточный причудливый неподвижный нетленный больной вешний прозрачный лунный жгучий
Fet,Guiraud,98,NOUN,русы наташа аллея липка сабина греза мунд стекло ресница зов
Fet,Guiraud,98,VERB,наклонять овевать раскидывать заслышать зеленеть навевать окрылять отдаваться поминать ронять
Fet,Guiraud,99,ADJ,вешний лунный виноградный причудливый влюбленный прозрачный давнишний заревой истомленный пугливый
Fet,Guiraud,99,NOUN,наташа русы тепло липка истома пифия благоухание плита балкон няня
Fet,Guiraud,99,VERB,раскрывать окрылять поведывать царить пронестись влетать гасить заслышать льнуть прильнуть
Fet,Guiraud,100,ADJ,вешний лунный влюбленный бесцветный виноградный мечтательный приветливый старческий жгучий розовый
Fet,Guiraud,100,NOUN,наташа липка фея глазок анубис коса овца ива решетка рожь
Fet,Guiraud,100,VERB,позвать уронить осыпать сквозить овевать дождаться мястись надоедать пахнуть раздражать
Fet,Log odds,1,ADJ,несбыточный вешний прозрачный старый кроткий каменный невыразимый чернобровый яркий рад
Fet,Log odds,1,NOUN,в гафиз ночь роза заря к наташа брама окно с
Fet,Log odds,1,VERB,сниться разгадывать овевать знать спать любить уносить вернуться окаймлять проноситься
Fet,Log odds,2,ADJ,соловьиный весенний душистый золотистый чернобровый ночной воздушный светлый вешний нежный
Fet,Log odds,2,NOUN,наташа в к ночь липка с губа мунд лист звук
Fet,Log odds,2,VERB,знать дрожать понимать любить проноситься слышать колыхать пахнуть просиять спаться
Fet,Log odds,3,ADJ,несбыточный душистый колючий тоскливый яркий вешний всепобедный ласкательный отвесный влюбленный
Fet,Log odds,3,NOUN,в ночь заря окно звук цветок наташа к с сердце
Fet,Log odds,3,VERB,становиться овевать дрожать спать слышать заплакать распалять суметь чудиться раскрывать
Fet,Log odds,4,ADJ,ночной вешний ласкательный ребяческий тоскливый нежный серый душистый беззаветный конский
Fet,Log odds,4,NOUN,в ночь рододендрон вереница сердце заря звук брама глаз к
Fet,Log odds,4,VERB,различать знать смотреть взрезывать задышать пронизывать видеть любить становиться понимать
Fet,Log odds,5,ADJ,яркий несбыточный мечтательный душистый кленовый обычный соловьиный сочный упругий прозрачный
Fet,Log odds,5,NOUN,в рододендрон ночь звезда звук брама окно с сердце к
Fet,Log odds,5,VERB,любить гнуться овевать сжиматься понимать окаймлять пахнуть становиться дрожать прильнуть
Fet,Log odds,6,ADJ,тоскливый вешний яркий непорочный соловьиный душистый серый больной кроткий ночной
Fet,Log odds,6,NOUN,в головка саконтал цветок ночь к балкон сабина роза звук
Fet,Log odds,6,VERB,млеть дрожать овевать уносить искать смотреть стоять любить потянуть пронести
Fet,Log odds,7,ADJ,вешний истомленный душистый воздушный нежный весенний рад больной жгучий полный
Fet,Log odds,7,NOUN,в русы ночь брамин рододендрон наташа анубис цветок звук сабина
Fet,Log odds,7,VERB,знать мерещиться переноситься позвать пробираться провидеть рассматривать сказываться упоминать плакать
Fet,Log odds,8,ADJ,тоскливый душистый нежный блаженный безжалостный истомленный влюбленный ночной яркий воздушный
Fet,Log odds,8,NOUN,в русы ночь к окно саконтал заря глаз лист сестрица
Fet,Log odds,8,VERB,пахнуть знать понимать свиваться становиться дышать спать смотреть помнить уносить
Fet,Log odds,9,ADJ,колючий вешний сквозной светлый душистый прозрачный старый воздушный богомольный истомленный
Fet,Log odds,9,NOUN,в аллея заря ночь цветок окно звук греза глаз звезда
Fet,Log odds,9,VERB,чудиться понимать дрожать слышать расточать спать дышать обдавать спаться хватить
Fet,Log odds,10,ADJ,душистый ночной истомленный пытливый сиротливый влюбленный лунный серый яркий вешний
Fet,Log odds,10,NOUN,в ночь русы к с звук ку соловей звезда наташа
Fet,Log odds,10,VERB,любить дрожать задушить заплакать затрепетать понимать безумствовать уезжать становиться ждать
Fet,Log odds,11,ADJ,влюбленный душистый вешний истомленный сиротливый яркий рад серый весенний светлый
Fet,Log odds,11,NOUN,русы в рододендрон к наташа ночь с грудь липка звук
Fet,Log odds,11,VERB,дорожить проситься тянуться уронить знать дрожать заплакать мерещиться спать любить
Fet,Log odds,12,ADJ,тоскливый собственный вешний душистый влюбленный беззаветный бестелесный истомленный полный нежный
Fet,Log odds,12,NOUN,наташа в к звук ночь цветок роза бриллиант сабина глаз
Fet,Log odds,12,VERB,любить дрожать безумствовать ронять спать опаздывать проноситься раскидываться царить знать
Fet,Log odds,13,ADJ,тоскливый душистый вешний виноградный нежный золотистый вечерний прозрачный блаженный ночной
Fet,Log odds,13,NOUN,в брамин рододендрон звук ночь сердце к корзина расцвет царица
Fet,Log odds,13,VERB,знать спаться пропеть слышать дрожать смотреть лезть оглянуться шевелиться видеть
Fet,Log odds,14,ADJ,горячий соловьиный тоскливый вешний истомленный сиротливый яркий воздушный душистый белый
Fet,Log odds,14,NOUN,в ночь няня лист аллея к наташа окно сердце грудь
Fet,Log odds,14,VERB,наклонять пленяться приподымать дрожать понимать дышать смотреть выносить мерещиться обдавать
Fet,Log odds,15,ADJ,яркий соловьиный душистый золотой беззаветный коленопреклоненный влюбленный прозрачный нежный вешний
Fet,Log odds,15,NOUN,в брамин ночь цветок аллея сердце к роза звук глаз
Fet,Log odds,15,VERB,любить видеть ждать знать мерещиться пахнуть скатиться царить дрожать понимать
Fet,Log odds,16,ADJ,вешний яркий прозрачный лунный ночной золотой всепобедный истомленный кривой ликующий
Fet,Log odds,16,NOUN,в ночь гафиз рододендрон заря наташа к глаз сердце с
Fet,Log odds,16,VERB,любить проситься спать слышать посадить безумствовать проноситься суметь ждать дышать
Fet,Log odds,17,ADJ,золотистый вешний яркий несбыточный душистый чистый беззаветный гулкий затаенный сиротливый
Fet,Log odds,17,NOUN,в ночь заря роза звук окно гафиз извив огонек к
Fet,Log odds,17,VERB,постоять знать понимать окаймлять услыхать чудиться дрожать смотреть видеть сниться
Fet,Log odds,18,ADJ,колючий золотистый прозрачный душистый чистый старый вешний благовонный лунный золотой
Fet,Log odds,18,NOUN,в ночь заря звезда пифия цветок к брама сабина глаз
Fet,Log odds,18,VERB,спать дрожать знать мерещиться певать поглядеть любить слышать задышать заныть
Fet,Log odds,19,ADJ,яркий душистый вешний светлый голубой нежный вожделенный матовый непокорный сквозной
Fet,Log odds,19,NOUN,в липка пифия цветок наташа глаз к окно сердце рододендрон
Fet,Log odds,19,VERB,пахнуть любить беспокоить потушить провидеть спать слышать глядеть дрожать дышать
Fet,Log odds,20,ADJ,душистый коленопреклоненный яркий прозрачный ласкательный сиротливый чернобровый чистый старый воздушный
Fet,Log odds,20,NOUN,в ночь заря няня глаз брама роза окно день звезда
Fet,Log odds,20,VERB,дрожать наклонять овевать знать задушить потянуться понимать любить вернуться ронять
Fet,Log odds,21,ADJ,упругий душистый несбыточный вешний ласкательный неясный золотой лунный влюбленный нежный
Fet,Log odds,21,NOUN,в ночь наташа роза звук заря глаз к сердце звезда
Fet,Log odds,21,VERB,поглядеть ронять поливать чудиться видеть знать дождаться любить беспокоить гименеть
Fet,Log odds,22,ADJ,душистый яркий старый вешний пахучий лунный нетленный ночной прозрачный виноградный
Fet,Log odds,22,NOUN,ночь в лист звук к гафиз заря звезда окно цветок
Fet,Log odds,22,VERB,стараться млеть дрожать любить смотреть торчать знать загрустить измучивать переноситься
Fet,Log odds,23,ADJ,яркий недавний вешний душистый давнишний рад золотой светлый заревой затаенный
Fet,Log odds,23,NOUN,в русы ночь наташа заря звук пифия с к роза
Fet,Log odds,23,VERB,овевать ронять сетовать смотреть знать выступать понимать любить взрезывать низойти
Fet,Log odds,24,ADJ,душистый колючий неподвижный светлый бестелесный всепобедный вешний горячий кроткий вечерний
Fet,Log odds,24,NOUN,в ночь русы окно наташа лист заря звук мунд звезда
Fet,Log odds,24,VERB,знать любить ронять уезжать ждать дрожать взрезывать заплакать мерещиться пронести
Fet,Log odds,25,ADJ,яркий несбыточный сквозной золотой тоскливый чистый белый прозрачный горячий вешний
Fet,Log odds,25,NOUN,в ночь гафиз рододендрон заря наташа аллея сабина окно звук
Fet,Log odds,25,VERB,ронять спать гименеть меркнуть обдавать оглянуться покраснеть приседать дышать дрожать
Fet,Log odds,26,ADJ,несбыточный душистый тоскливый пахучий розовый вешний яркий благовонный вечерний ночной
Fet,Log odds,26,NOUN,в ночь саконтал наташа балкон рододендрон к дыхание окно брама
Fet,Log odds,26,VERB,ронять понимать пахнуть знать спать стоять дрожать беспокоить влюблять возрастать
Fet,Log odds,27,ADJ,ласкательный несбыточный несказанный прозрачный кроткий яркий благовонный рад беззаветный освежительный
Fet,Log odds,27,NOUN,русы в гафиз глаз с лист извив звук наташа ночь
Fet,Log odds,27,VERB,овевать знать пробираться уезжать понимать любить раскидывать уснуть пленяться поджидать
Fet,Log odds,28,ADJ,несбыточный душистый жгучий ночной благовонный полный всепобедный затаенный отдельный потухший
Fet,Log odds,28,NOUN,в наташа ночь брама липка рододендрон к с заря журавль
Fet,Log odds,28,VERB,ронять царить знать любить смотреть заплакать спать жужжать окаймлять ждать
Fet,Log odds,29,ADJ,бессонный тоскливый яркий вешний причудливый душистый кленовый несбыточный нежный золотой
Fet,Log odds,29,NOUN,в брамин ночь саконтал сердце заря к брама ветка звук
Fet,Log odds,29,VERB,пахнуть понимать любить выносить спрятать знать смотреть становиться грезиться унимать
Fet,Log odds,30,ADJ,душистый беззаветный истомленный недавний сиротливый вечерний светлый больной яркий чистый
Fet,Log odds,30,NOUN,наташа ночь брамин в окно рододендрон звук цветок лизиас с
Fet,Log odds,30,VERB,знать понимать дрожать любить замолкать наклонять отыскивать стяжать спать становиться
Fet,Log odds,31,ADJ,вешний чистый бесконечный затаенный влюбленный яркий горячий серебристый полный кроткий
Fet,Log odds,31,NOUN,в гафиз ночь беседка лист роза окно бриллиант рододендрон глаз
Fet,Log odds,31,VERB,проситься дрожать овевать любить царить знать понимать беспокоить потянуться провидеть
Fet,Log odds,32,ADJ,тоскливый обычный несбыточный недавний вешний яркий чистый беззаветный затаенный истомленный
Fet,Log odds,32,NOUN,в ночь сабина наташа звук сердце звезда роза к овца
Fet,Log odds,32,VERB,знать любить понимать взрезывать дозволять скатиться царить видеть слышать чуять
Fet,Log odds,33,ADJ,душистый сиротливый вешний яркий золотистый коленопреклоненный золотой нежный молодой левый
Fet,Log odds,33,NOUN,в звук заря ночь балкон узор роза к лист звезда
Fet,Log odds,33,VERB,спать поведывать спаться ждать знать оседать пахнуть приникать смежать понимать
Fet,Log odds,34,ADJ,лунный душистый влюбленный вечерний яркий благовонный детский молодой ночной полный
Fet,Log odds,34,NOUN,в гафиз ночь сабина саконтал липка с звук к глаз
Fet,Log odds,34,VERB,суметь поцеловать чудиться знать дышать взрезывать запрещать окаймлять сквозить скорбеть
Fet,Log odds,35,ADJ,колючий тоскливый душистый благоуханный нежный влюбленный вешний давнишний сиротливый ночной
Fet,Log odds,35,NOUN,наташа в ночь головка звук роза крошка мунд тополь грудь
Fet,Log odds,35,VERB,знать задушить понимать спать уносить поливать потянуть рассматривать дрожать слышать
Fet,Log odds,36,ADJ,причудливый ребяческий душистый яркий вешний нетленный недавний плакучий схожий ночной
Fet,Log odds,36,NOUN,в ночь рододендрон звук пифия к наташа избушка извив лист
Fet,Log odds,36,VERB,развиваться понимать любить слышать спать становиться допускать низойти склонить спаться
Fet,Log odds,37,ADJ,серебристый вешний тоскливый горячий золотой нежный несказанный язвительный весенний душистый
Fet,Log odds,37,NOUN,в ночь рододендрон роза лист наташа звезда окно улыбка заря
Fet,Log odds,37,VERB,овевать раскрывать любить знать хватить оседать пахнуть приказывать увидеться царить
Fet,Log odds,38,ADJ,душистый яркий полный кроткий бестелесный ласкательный недавний плакучий кленовый ненаглядный
Fet,Log odds,38,NOUN,в ночь крыша сабина к глаз окно корзина пифия помысел
Fet,Log odds,38,VERB,любить наклонять овевать знать становиться блюсти мигать поливать свиваться склонить
Fet,Log odds,39,ADJ,упругий яркий нежный душистый ласкательный прозрачный вешний беззаветный недалекий непорочный
Fet,Log odds,39,NOUN,в балкон ночь рододендрон звук сердце заря к крыша цветок
Fet,Log odds,39,VERB,глянуть любить дрожать стоять ждать безумствовать измерять спаться стяжать спать
Fet,Log odds,40,ADJ,упругий вешний сиротливый душистый ласкательный яркий рад полный прозрачный золотой
Fet,Log odds,40,NOUN,в ночь к заря дыхание лизиас глаз сердце калитка с
Fet,Log odds,40,VERB,понимать пахнуть стоять смотреть заплакать приподымать раздражать любить знать ждать
Fet,Log odds,41,ADJ,душистый старый яркий соловьиный пахучий сквозной чистый вешний кроткий гулкий
Fet,Log odds,41,NOUN,в ночь рододендрон брама звук заря крыша петух с корзина
Fet,Log odds,41,VERB,царить слышать становиться любить смотреть дрожать мерещиться окаймлять сердиться сжиматься
Fet,Log odds,42,ADJ,душистый колючий сиротливый прозрачный ребяческий упругий влюбленный нежный ночной белый
Fet,Log odds,42,NOUN,в гафиз саконтал ночь звезда заря звук окно цветок роза
Fet,Log odds,42,VERB,мерещиться прибывать становиться подыматься поливать любить дрожать гасить доверять окаймлять
Fet,Log odds,43,ADJ,душистый колючий истомленный вешний нежный прозрачный благовонный ночной затаенный кленовый
Fet,Log odds,43,NOUN,в ночь брамин роза звук цветок звезда наташа окно лист
Fet,Log odds,43,VERB,овевать дрожать суметь любить понимать слышать видеть безумствовать блюсти нарисовать
Fet,Log odds,44,ADJ,прозрачный золотой полный душистый вечерний яркий истомленный ласкательный сиротливый сквозной
Fet,Log odds,44,NOUN,в ночь звезда цветок сердце заря к ку соловей окно
Fet,Log odds,44,VERB,дрожать знать любить засвечиваться ронять понимать слышать безумствовать льнуть пахнуть
Fet,Log odds,45,ADJ,несбыточный душистый яркий светлый невыразимый ребяческий вешний влюбленный хороший вечерний
Fet,Log odds,45,NOUN,в гафиз ночь к роза звук лист сердце заря дыхание
Fet,Log odds,45,VERB,понимать дрожать овевать пронести любить знать впивать провидеть стяжать спать
Fet,Log odds,46,ADJ,горячий чистый влюбленный явный душистый яркий прозрачный вешний полный жгучий
Fet,Log odds,46,NOUN,в ночь звук окно сабина наташа цветок саконтал к сердце
Fet,Log odds,46,VERB,знать любить овевать царить дрожать загрустить запрещать засвечиваться пахнуть появляться
Fet,Log odds,47,ADJ,грубый вешний душистый нежный горячий яркий беззаветный заревой сиротливый тоскливый
Fet,Log odds,47,NOUN,в ночь саконтал заря глазок корзинка лик звук брама крыса
Fet,Log odds,47,VERB,ронять знать понимать позвать дрожать спать безмолвствовать засвечиваться обдавать оглянуться
Fet,Log odds,48,ADJ,тоскливый душистый вешний прозрачный причудливый пугливый сиротливый схожий вечерний звездный
Fet,Log odds,48,NOUN,в ночь липка наташа к звезда сестрица звук роза окно
Fet,Log odds,48,VERB,овевать слышать знать царить скатиться понимать видеть следить смотреть любить
Fet,Log odds,49,ADJ,тоскливый колючий ласкательный вешний недавний душистый влюбленный виноградный истомленный просветленный
Fet,Log odds,49,NOUN,в саконтал звезда сабина роза ночь звук цветок к лик
Fet,Log odds,49,VERB,знать смотреть болтать загрустить льнуть окаймлять раскрываться распалять сдаваться любить
Fet,Log odds,50,ADJ,душистый вешний бестелесный соловьиный прозрачный яркий кудрявый изменчивый разверстый покорный
Fet,Log odds,50,NOUN,в ночь овца заря брамин сердце глаз звук сабина саконтал
Fet,Log odds,50,VERB,овевать сетовать любить дрожать гименеть погасить поджидать поливать пробираться раскрываться
Fet,Log odds,51,ADJ,лунный вешний прозрачный яркий душистый истомленный ласкательный молитвенный чистый кудрявый
Fet,Log odds,51,NOUN,в ночь гафиз саконтал заря лист лик к наташа нога
Fet,Log odds,51,VERB,овевать увидать спать знать проситься распалять дрожать сетовать говорить глядеть
Fet,Log odds,52,ADJ,яркий соловьиный больной старый горячий вешний ночной лунный душистый благовонный
Fet,Log odds,52,NOUN,в ночь звук рододендрон к сабина тучка звезда анубис грудь
Fet,Log odds,52,VERB,спать приподымать мерещиться любить отыскивать поливать пронести спрятать дрожать смотреть
Fet,Log odds,53,ADJ,тоскливый душистый вешний прозрачный старый молодой золотой беззаветный июльский конский
Fet,Log odds,53,NOUN,в звук к наташа ночь липка заря весна глаз корзина
Fet,Log odds,53,VERB,сжиматься слышать понимать любить становиться заныть осыпаться смежать знать искать
Fet,Log odds,54,ADJ,тоскливый нежный душистый проворный яркий громогласный ликующий отдельный плакучий пытливый
Fet,Log odds,54,NOUN,в звук гафиз пифия ночь наташа липка сердце окно брама
Fet,Log odds,54,VERB,знать овевать ронять дрожать смотреть загрустить пронизывать проноситься сознавать суметь
Fet,Log odds,55,ADJ,тоскливый светлый горячий яркий серый душистый прозрачный кривой млечный прилежный
Fet,Log odds,55,NOUN,в ночь саконтал грудь заря сердце к звук звезда день
Fet,Log odds,55,VERB,становиться знать понимать любить мерещиться дышать спаться искать овевать болтать
Fet,Log odds,56,ADJ,влюбленный вешний прозрачный душистый пытливый лунный яркий застенчивый левый матовый
Fet,Log odds,56,NOUN,в ночь русы брамин липка к окно наташа роза ручка
Fet,Log odds,56,VERB,любить понимать окаймлять появляться безумствовать гадать упоминать дрожать ждать говорить
Fet,Log odds,57,ADJ,вешний влюбленный грубый яркий прозрачный лунный рад душистый бойкий всепобедный
Fet,Log odds,57,NOUN,в ночь заря роза окно к звук сердце анубис бриллиант
Fet,Log odds,57,VERB,дрожать любить различать смотреть спать понимать знать уносить безумствовать задышать
Fet,Log odds,58,ADJ,истомленный душистый светлый невыразимый ночной молодой вешний воздушный весенний больной
Fet,Log odds,58,NOUN,в ночь саконтал к звезда заря лист звук роза крыша
Fet,Log odds,58,VERB,понимать увидать ронять дрожать любить промолчать склонить знать смотреть ждать
Fet,Log odds,59,ADJ,прозрачный душистый яркий ласкательный ликующий млечный непорочный плакучий нежный вешний
Fet,Log odds,59,NOUN,в гафиз ночь к звук окно брама роза заря цветок
Fet,Log odds,59,VERB,пахнуть унимать становиться понимать знать безумствовать загрустить лезть оседать потянуть
Fet,Log odds,60,ADJ,душистый вешний упругий ночной яркий бесстрастный садовый светлый вечерний ревнивый
Fet,Log odds,60,NOUN,в глазок ночь саконтал заря к наташа звук грудь цветок
Fet,Log odds,60,VERB,сжиматься понимать заплакать льнуть прибывать раздражать сквозить знать спать дрожать
Fet,Log odds,61,ADJ,колючий вешний пахучий властный тоскливый душистый яркий золотой серый бесцветный
Fet,Log odds,61,NOUN,в русы гафиз сердце ночь липка звук глаз анубис трель
Fet,Log odds,61,VERB,овевать нисходить позвать сетовать понимать любить пахнуть знать смотреть беспокоить
Fet,Log odds,62,ADJ,яркий душистый влюбленный благовонный золотой богомольный занятый затаенный невыразимый отдельный
Fet,Log odds,62,NOUN,в гафиз ночь глаз вереница липка сабина заря лист сердце
Fet,Log odds,62,VERB,прибывать понимать любить взрезывать чудиться смотреть знать глядеть уснуть вдыхать
Fet,Log odds,63,ADJ,душистый несбыточный ночной яркий нежный вечерний розовый звездный возможный затаенный
Fet,Log odds,63,NOUN,в рододендрон наташа с заря анубис к сердце роза ночь
Fet,Log odds,63,VERB,знать плакать выносить позвать прибывать понимать взрезывать переноситься провидеть спалить
Fet,Log odds,64,ADJ,вешний тоскливый душистый отвесный молодой влюбленный серый прозрачный больной лунный
Fet,Log odds,64,NOUN,в ночь звук заря брама саконтал роза к бриллиант навес
Fet,Log odds,64,VERB,знать любить становиться зайти обдавать прибывать разбирать свиваться смежать понимать
Fet,Log odds,65,ADJ,душистый вешний ночной всепобедный молодой полный благовонный яркий кроткий влюбленный
Fet,Log odds,65,NOUN,в ночь окно наташа сабина глаз улыбка с анубис брама
Fet,Log odds,65,VERB,любить знать понимать становиться уснуть пахнуть потянуться прибывать пронизывать царить
Fet,Log odds,66,ADJ,вешний гулкий истомленный садовый влюбленный ночной душистый нетленный левый невыразимый
Fet,Log odds,66,NOUN,в крыша ночь заря наташа звук сердце пифия с глаз
Fet,Log odds,66,VERB,прильнуть понимать слышать раскрываться любить становиться вернуться крыть пробираться услыхать
Fet,Log odds,67,ADJ,душистый рад пушистый влюбленный кроткий яркий лунный бестелесный всепобедный заревой
Fet,Log odds,67,NOUN,в ночь рододендрон заря к расцвет звук окно овца дыхание
Fet,Log odds,67,VERB,знать чудиться понимать любить дрожать слышать приезжать раскрываться спать дышать
Fet,Log odds,68,ADJ,душистый блаженный всепобедный тоскливый полный вешний золотой светлый яркий прозрачный
Fet,Log odds,68,NOUN,в ночь лист корзинка заря звук сердце сабина песня к
Fet,Log odds,68,VERB,овевать сквозить чудиться понимать дрожать знать слышать окаймлять разбирать суметь
Fet,Log odds,69,ADJ,душистый влюбленный молодой плакучий рад безгласный беззаветный гнилой ласкательный ликующий
Fet,Log odds,69,NOUN,в ночь звук саконтал вереница сердце истома заря окно глаз
Fet,Log odds,69,VERB,овевать позвать дрожать знать дышать развиваться хватить сниться обдавать осыпаться
Fet,Log odds,70,ADJ,несбыточный тоскливый душистый яркий млечный плакучий рад кроткий нежный ночной
Fet,Log odds,70,NOUN,в ночь аллея звук окно пифия к наташа сердце бриллиант
Fet,Log odds,70,VERB,ронять знать склонить царить любить задушить пахнуть белеть слышать гореть
Fet,Log odds,71,ADJ,душистый тоскливый вешний яркий молитвенный прибрежный человеческий больной белый горячий
Fet,Log odds,71,NOUN,в гафиз липка звук ночь заря к наташа брама красавец
Fet,Log odds,71,VERB,любить выносить смотреть беспокоить задушить просиять царить шевелиться понимать дрожать
Fet,Log odds,72,ADJ,душистый тоскливый яркий вешний горячий гулкий пытливый сиротливый больной вертлявый
Fet,Log odds,72,NOUN,в гафиз ночь саконтал заря к звезда сердце роза окно
Fet,Log odds,72,VERB,понимать овевать навевать шевелиться спать любить знать раскидываться сжиматься уснуть
Fet,Log odds,73,ADJ,золотистый душистый ночной кроткий серый вешний прозрачный всепобедный ласкательный матовый
Fet,Log odds,73,NOUN,в русы ночь наташа окно роза к лик расцвет заря
Fet,Log odds,73,VERB,мерещиться уносить оседать потянуться свиваться любить знать ждать слышать раскрывать
Fet,Log odds,74,ADJ,грубый яркий садовый сиротливый чистый лунный вешний душистый детский истомленный
Fet,Log odds,74,NOUN,в ночь звук пифия глаз окно заря с наташа сабина
Fet,Log odds,74,VERB,понимать спаться царить любить смотреть дрожать заслышать прибывать промолчать стоять
Fet,Log odds,75,ADJ,золотистый истомленный тоскливый вешний коленопреклоненный душистый прозрачный рад кленовый мечтательный
Fet,Log odds,75,NOUN,в саконтал ночь звук роза грудь сатурнин с лист звезда
Fet,Log odds,75,VERB,любить гнуться пахнуть прибывать слышать дрожать изведывать потянуть раздражать видеть
Fet,Log odds,76,ADJ,душистый нежный золотой прозрачный сиротливый вешний яркий благовонный вертлявый всепобедный
Fet,Log odds,76,NOUN,ночь в заря рододендрон саконтал звук лист цветок пифия глаз
Fet,Log odds,76,VERB,знать овевать спать льнуть спаться любить молчать дышать смотреть безумствовать
Fet,Log odds,77,ADJ,яркий вешний маленький несбыточный сиротливый соловьиный серый рад прозрачный белый
Fet,Log odds,77,NOUN,русы в брамин саконтал к пифия ночь дыхание заря наташа
Fet,Log odds,77,VERB,позвать тянуться любить знать понимать дрожать смежать спать смотреть ронять
Fet,Log odds,78,ADJ,яркий колючий душистый кроткий благовонный чистый пахучий старческий прозрачный нежный
Fet,Log odds,78,NOUN,в русы ночь наташа заря брамин с цветок роза звук
Fet,Log odds,78,VERB,овевать высказывать понимать слышать знать прибывать содрогаться спать мерещиться спаться
Fet,Log odds,79,ADJ,недавний утомленный влюбленный душистый истомленный пушистый ночной вешний яркий молодой
Fet,Log odds,79,NOUN,в ночь к с окно крыша пифия заря луна наташа
Fet,Log odds,79,VERB,ронять любить овевать позвать спаться становиться дрожать задушить поливать учиться
Fet,Log odds,80,ADJ,лунный вешний золотистый светлый кроткий ласкательный просветленный душистый яркий весенний
Fet,Log odds,80,NOUN,в ночь глазок брамин овца рододендрон звезда заря к сердце
Fet,Log odds,80,VERB,понимать заплакать окаймлять позвать пронести дрожать вернуться спаться становиться молчать
Fet,Log odds,81,ADJ,вешний римский старческий тоскливый душистый рад вертлявый кленовый коленопреклоненный крошечный
Fet,Log odds,81,NOUN,ночь в заря аллея саконтал сердце брама звук к грудь
Fet,Log odds,81,VERB,дрожать любить неметь распалять слышать становиться спать знать дразнить охватывать
Fet,Log odds,82,ADJ,тоскливый душистый яркий грубый причудливый ребяческий садовый вешний благовонный беспристрастный
Fet,Log odds,82,NOUN,в ночь заря к извив пифия сабина звук звезда окно
Fet,Log odds,82,VERB,засвечиваться набегать понимать становиться мигать разгонять связывать спрятать видеть знать
Fet,Log odds,83,ADJ,тоскливый душистый яркий больной нежный вешний прозрачный старый светлый коленопреклоненный
Fet,Log odds,83,NOUN,в ночь к заря окно брама наташа лист звук сатурнин
Fet,Log odds,83,VERB,позвать увидеться любить овевать смотреть понимать знать взрезывать проноситься спать
Fet,Log odds,84,ADJ,яркий вешний душистый прозрачный полный старый ночной затаенный кленовый конский
Fet,Log odds,84,NOUN,ночь в наташа брамин корзинка заря к сердце улыбка крыша
Fet,Log odds,84,VERB,любить дрожать понимать дозволять прибывать просиять стыдиться суметь знать смотреть
Fet,Log odds,85,ADJ,причудливый яркий затаенный ласкательный мечтательный душистый ночной лунный вешний серый
Fet,Log odds,85,NOUN,в саконтал ночь к отрок сабина брама заря лизиас пифия
Fet,Log odds,85,VERB,пахнуть дрожать позвать любить следить понимать уснуть безумствовать мигать сказываться
Fet,Log odds,86,ADJ,душистый прозрачный несбыточный яркий всепобедный блаженный влюбленный горячий серый нежный
Fet,Log odds,86,NOUN,в ночь гафиз звезда заря пруд окно ручка глаз к
Fet,Log odds,86,VERB,проситься увидеться приподымать знать слышать шататься смотреть спать становиться хотеться
Fet,Log odds,87,ADJ,нежный заревой вешний горячий истомленный плакучий сиротливый благовонный рад вчерашний
Fet,Log odds,87,NOUN,в саконтал ночь сердце беседка мох звезда звук заря к
Fet,Log odds,87,VERB,овевать увидеться слышать знать мерещиться ронять дрожать смотреть вернуться царить
Fet,Log odds,88,ADJ,колючий тоскливый душистый лунный вешний плакучий полный горячий влюбленный яркий
Fet,Log odds,88,NOUN,в сабина ночь заря к глазок наташа брама ящик царица
Fet,Log odds,88,VERB,овевать впивать ждать становиться знать потрясать пронести умолять любить дрожать
Fet,Log odds,89,ADJ,тоскливый сиротливый вешний недавний нежный яркий полный благовонный золотой горячий
Fet,Log odds,89,NOUN,в ночь липка саконтал наташа к цветок крыша заря сердце
Fet,Log odds,89,VERB,понимать охватывать знать любить низойти распалять смежать шататься хотеться различать
Fet,Log odds,90,ADJ,тоскливый душистый яркий бестелесный властный пытливый вешний прозрачный рад больной
Fet,Log odds,90,NOUN,в ночь саконтал заря глазок пифия рододендрон сабина звук к
Fet,Log odds,90,VERB,овевать знать понимать видеть любить дрожать заплакать сказать горячить засвечиваться
Fet,Log odds,91,ADJ,тоскливый золотой коленопреклоненный садовый сиротливый соловьиный душистый вешний горячий голубой
Fet,Log odds,91,NOUN,в гафиз ночь рододендрон корзинка пифия звук сердце к лист
Fet,Log odds,91,VERB,овевать любить загрустить заплакать мерещиться проноситься просиять хватить знать плакать
Fet,Log odds,92,ADJ,яркий душистый затаенный истомленный молитвенный сквозной воздушный вешний светлый лунный
Fet,Log odds,92,NOUN,в ночь сердце окно наташа заря звук к звезда грудь
Fet,Log odds,92,VERB,мерещиться смежать чудиться любить ждать глянуть заплакать осыпаться упоминать понимать
Fet,Log odds,93,ADJ,тоскливый вешний золотистый душистый яркий всепобедный пахучий садовый старческий чернобровый
Fet,Log odds,93,NOUN,в гафиз русы ночь сабина наташа с звук глаз к
Fet,Log odds,93,VERB,понимать ронять дрожать любить видеть оседать царить сниться слышать дышать
Fet,Log odds,94,ADJ,душистый яркий ласкательный вешний сиротливый тоскливый полный весенний молодой возможный
Fet,Log odds,94,NOUN,в ночь брамин русы саконтал сердце к заря роза брама
Fet,Log odds,94,VERB,знать царить заплакать дрожать мерещиться пронести смежать видеть любить понимать
Fet,Log odds,95,ADJ,тоскливый душистый яркий ласкательный пугливый старый ночной вешний томительный затаенный
Fet,Log odds,95,NOUN,в ночь окно звук сестрица к глаз с брама заря
Fet,Log odds,95,VERB,мерещиться понимать пахнуть любить взрезывать льнуть раскидываться дрожать смотреть прильнуть
Fet,Log odds,96,ADJ,душистый соловьиный прозрачный полный вешний яркий тоскливый приветливый пытливый ребяческий
Fet,Log odds,96,NOUN,в ночь сердце заря звезда к брама корзинка лизиас сестрица
Fet,Log odds,96,VERB,дрожать понимать знать любить намекать певать уезжать уснуть слышать становиться
Fet,Log odds,97,ADJ,яркий жгучий соловьиный прозрачный гулкий левый ребяческий тоскливый вешний вечный
Fet,Log odds,97,NOUN,в саконтал ночь рододендрон аллея цветок наташа звук брама заря
Fet,Log odds,97,VERB,раскрывать знать потянуться смотреть спать охватывать стяжать уносить слышать любить
Fet,Log odds,98,ADJ,тоскливый влюбленный прозрачный ночной вешний яркий душистый рад полный всепобедный
Fet,Log odds,98,NOUN,в балкон ночь к цветок лист пифия сердце наташа глаз
Fet,Log odds,98,VERB,любить хохотать понимать знать безумствовать вынести гименеть мигать царить становиться
Fet,Log odds,99,ADJ,вешний старый душистый яркий золотой лунный полный виноградный колючий светлый
Fet,Log odds,99,NOUN,в ночь гафиз сабина окно головка заря глаз звук тучка
Fet,Log odds,99,VERB,поведывать спать слышать окаймлять поливать провидеть стяжать понимать дышать любить
Fet,Log odds,100,ADJ,вешний душистый яркий горный плакучий пытливый прозрачный полный влюбленный светлый
Fet,Log odds,100,NOUN,в ночь русы звук к сердце корзинка окно девочка извив
Fet,Log odds,100,VERB,позвать пахнуть заплакать пронести стяжать выносить сознавать спать дышать проситься
Fet,Zeta,1,ADJ,старый блестящий душистый больной вешний радостный злой туманный блаженный невольный
Fet,Zeta,1,NOUN,глаз грудь человек вода луна венок плечо алтарь конец нога
Fet,Zeta,1,VERB,дышать улыбаться уснуть взглядывать смотреть шутить входить исполнять расставаться уметь
Fet,Zeta,2,ADJ,сладкий напрасный жгучий мелкий тоскливый глубокий золотистый любовный мгновенный пестрый
Fet,Zeta,2,NOUN,голова разлука слово лес глаз час взор день звук небо
Fet,Zeta,2,VERB,нести посмотреть трепетать доходить занимать озарять прерывать хвалить петь приходить
Fet,Zeta,3,ADJ,старый последний молодой рад полночный покорный жаркий нагой серебристый странный
Fet,Zeta,3,NOUN,улыбка стекло мороз ночь взор брат море нога песня тайна
Fet,Zeta,3,VERB,будить раскидывать сохранять лгать отказывать переходить раскрывать видеть понимать узнавать
Fet,Zeta,4,ADJ,слышный воздушный старый морской былой душистый нежданный лучезарный правый томный
Fet,Zeta,4,NOUN,огонь путь сад черта голова мать весна воздух желание головка
Fet,Zeta,4,VERB,привыкать уносить проходить верить блистать раскидывать узнавать бояться курить отзываться
Fet,Zeta,5,ADJ,рад роковой детский легкий больной открытый соловьиный летучий людской равный
Fet,Zeta,5,NOUN,заря взор красота ручей буря голова дом мгла сердце ночь
Fet,Zeta,5,VERB,уснуть взглядывать нести побеждать дождаться становиться спать узнавать прийти плакать
Fet,Zeta,6,ADJ,душистый серебряный добрый жаркий серебристый блестящий горный кудрявый сердитый теплый
Fet,Zeta,6,NOUN,улыбка звук красота цветок весна дитя лист грудь небо вздох
Fet,Zeta,6,VERB,смотреть понимать томиться приходить венчать нести показывать посмотреть приподымать дрожать
Fet,Zeta,7,ADJ,душистый благовонный голубой старый яркий невольный звездный целый безмолвный кроткий
Fet,Zeta,7,NOUN,волна конец звезда русы дом милая степь струя тепло сон
Fet,Zeta,7,VERB,искать верить нестись рассматривать находить дрожать хотеть бояться молчать биться
Fet,Zeta,8,ADJ,готовый незримый сонный близкий колючий кроткий ясный влюбленный прозрачный радостный
Fet,Zeta,8,NOUN,сила весна глаз звезда краса брамин митя напев няня песнь
Fet,Zeta,8,VERB,трепетать уходить вставать проситься узнавать улыбаться белеть изведывать молиться цвести
Fet,Zeta,9,ADJ,воздушный яркий веселый кроткий безумный больной звездный благовонный ревнивый ночной
Fet,Zeta,9,NOUN,краса грудь долина речь лик смертный веселие дитя миг тень
Fet,Zeta,9,VERB,звать спать светить скрывать сниться воскресать касаться молиться глядеть забывать
Fet,Zeta,10,ADJ,вечерний вешний мелкий рад кроткий влюбленный грустный былой румяный напрасный
Fet,Zeta,10,NOUN,ребенок грудь звук дыхание поэт пена весна дом красота крыло
Fet,Zeta,10,VERB,казаться понимать спать наставать сниться отказывать стоять становиться слезать забывать
Fet,Zeta,11,ADJ,душистый безумный безмолвный ревнивый вешний ласковый праздный томительный вечный заветный
Fet,Zeta,11,NOUN,красота весна мать блеск бездна венец утро жена лист улыбка
Fet,Zeta,11,VERB,умирать пойти уснуть признаваться уходить взглядывать осыпать помчаться проситься сиять
Fet,Zeta,12,ADJ,трепетный вешний девственный одинокий пышный звонкий широкий душистый равный бесцветный
Fet,Zeta,12,NOUN,берег взгляд слово вздох огонь песня весна пора блеск гора
Fet,Zeta,12,VERB,дремать дрожать узнавать обдавать отвечать приезжать признавать скользить сказать блистать
Fet,Zeta,13,ADJ,безумный яркий ночной старый кроткий лунный серебряный печальный правый влажный
Fet,Zeta,13,NOUN,песня бог миг цветок голова овца улыбка богиня дрожь урна
Fet,Zeta,13,VERB,ждать говорить искать плакать дышать понимать стучать высказывать занимать лезть
Fet,Zeta,14,ADJ,далекий старый легкий чудный душистый жестокий чуткий каменный людской поздний
Fet,Zeta,14,NOUN,слово слеза звук красота ребенок цветок нога ангел жертва шаг
Fet,Zeta,14,VERB,просить шуметь светить томиться манить мелькать подходить гореть спать понимать
Fet,Zeta,15,ADJ,пестрый рад вешний белый чудный блаженный серый благовонный слышный довольный
Fet,Zeta,15,NOUN,аромат коса звук глаз миг уста лик лицо окно ресница
Fet,Zeta,15,VERB,петь расти вставать уснуть мешать суметь сказать дрожать дышать слезать
Fet,Zeta,16,ADJ,вешний пестрый больной прозрачный душистый хороший благовонный детский отрадный скромный
Fet,Zeta,16,NOUN,звук голова кудри пора серебро ива песнь плечо царица огонь
Fet,Zeta,16,VERB,слышать искать плакать обвивать пропадать полюбить почить сходиться стоять спать
Fet,Zeta,17,ADJ,горячий душистый прозрачный должный усталый больной бессмертный неподвижный отрадный благовонный
Fet,Zeta,17,NOUN,весна звук миг лик брамин ветер друг человек песня сила
Fet,Zeta,17,VERB,следить взглядывать гореть уметь умирать понимать просить занимать приносить просыпаться
Fet,Zeta,18,ADJ,прозрачный прежний вешний детский лунный бессильный отрадный радостный далекий неизменный
Fet,Zeta,18,NOUN,дыхание грудь стих улыбка вихорь влага дым миг ресница стопа
Fet,Zeta,18,VERB,вздыхать уходить звать спать кричать приходиться смолкать спрашивать сиять узнавать
Fet,Zeta,19,ADJ,райский вешний прежний яркий злой послушный прозрачный томный тонкий больной
Fet,Zeta,19,NOUN,аллея звезда струя раз брамин греза мгла земля огонь заря
Fet,Zeta,19,VERB,дышать ждать понимать расти уносить мерцать открывать пленяться помнить склонять
Fet,Zeta,20,ADJ,готовый душистый тесный вешний рад горький колючий кудрявый нетленный старческий
Fet,Zeta,20,NOUN,лист звук счастие окно соловей вздох луна муза смерть день
Fet,Zeta,20,VERB,звать дрожать бывать вставать пойти выпускать дохнуть позвать следить твердить
Fet,Zeta,21,ADJ,бледный незримый покорный безумный больной вешний безмолвный прозрачный крылатый мелкий
Fet,Zeta,21,NOUN,свет звезда звук окно аллея ветвь рука волна муза счастие
Fet,Zeta,21,VERB,томить бояться ходить гаснуть прощать скрывать снимать сохранять спать давать
Fet,Zeta,22,ADJ,отрадный влюбленный детский волшебный прозрачный блестящий бессильный бледный высокий томительный
Fet,Zeta,22,NOUN,волна блеск жена скала луч ночь дева весна глаз певец
Fet,Zeta,22,VERB,пойти понимать просить постоять владеть нести склонять сметь стоять забывать
Fet,Zeta,23,ADJ,былой детский легкий кудрявый радостный лунный бестелесный вечерний напряженный слышный
Fet,Zeta,23,NOUN,красота конь молитва песня песнь краса птица восторг звук глубина
Fet,Zeta,23,VERB,уснуть звать гореть оставлять отвечать вздыхать биться уметь ждать смотреть
Fet,Zeta,24,ADJ,вешний мгновенный ясный далекий робкий детский напрасный житейский молчаливый резкий
Fet,Zeta,24,NOUN,год красота лик лобзание голос дорога мертвец мука грудь огонь
Fet,Zeta,24,VERB,гореть уносить кружиться понести пропеть ронять говорить спать понимать находить
Fet,Zeta,25,ADJ,злой золотой душистый должный прозрачный серый воздушный девственный дружный душный
Fet,Zeta,25,NOUN,цветок стих месяц звезда окно весна нос взор звук улыбка
Fet,Zeta,25,VERB,расти находить лепетать помчаться впивать сиять смотреть петь встречать дрожать
Fet,Zeta,26,ADJ,вешний ясный грустный душистый нетленный робкий серебристый влюбленный младенческий прохладный
Fet,Zeta,26,NOUN,звук звезда заря тайна раз ангел время тишина встреча значение
Fet,Zeta,26,VERB,чуять пойти слышать лететь нести воскресать смолкать уснуть зажигать отвечать
Fet,Zeta,27,ADJ,душистый теплый нежный яркий легкий блестящий вешний прозрачный пышный страстный
Fet,Zeta,27,NOUN,окно улыбка цветок лист царица королева мгла сад сестра стекло
Fet,Zeta,27,VERB,скрывать уносить спать плакать зеленеть расцветать белеть выходить нести страдать
Fet,Zeta,28,ADJ,вечерний весенний тяжелый ночной готовый свежий хороший благовонный полночный напрасный
Fet,Zeta,28,NOUN,нога заря улыбка красота лик мгла кудри птичка стекло огонь
Fet,Zeta,28,VERB,биться выходить светить качаться цвести напоминать привыкать забываться молчать навевать
Fet,Zeta,29,ADJ,душистый чистый рад румяный чудный звездный кроткий алмазный ветхий жгучий
Fet,Zeta,29,NOUN,больной лик окно цветок круг береза гроб капля красота пора
Fet,Zeta,29,VERB,гореть прийти посмотреть отыскивать прильнуть пройти считать тонуть уснуть спать
Fet,Zeta,30,ADJ,душистый покорный прозрачный большой вешний дорогой кудрявый мгновенный райский стихийный
Fet,Zeta,30,NOUN,миг счастие луч пора ива звук око крыло песня поэт
Fet,Zeta,30,VERB,приходить понимать проходить уходить думать звать спрашивать манить просить увидеть
Fet,Zeta,31,ADJ,чудный белый горячий влюбленный умный лунный понятный радужный собственный степной
Fet,Zeta,31,NOUN,лист мука заря роза счастие блеск огонь окно человек звезда
Fet,Zeta,31,VERB,идти понимать приходить гореть просыпаться ронять следить спрашивать тосковать ждать
Fet,Zeta,32,ADJ,вешний огненный свежий былой незримый влюбленный томительный безбрежный дальний лазурный
Fet,Zeta,32,NOUN,окно мечта мгла солнце око путь конец лик наташа луч
Fet,Zeta,32,VERB,окружать спать встречаться звать восходить желать уносить исполнять ползти раскрывать
Fet,Zeta,33,ADJ,обманчивый горячий вешний дальний незримый пышный былой зеленый свежий розовый
Fet,Zeta,33,NOUN,дыхание путь свет слеза глаз роза час царица конец жертва
Fet,Zeta,33,VERB,расти просить запевать наставать носиться звать идти мочь становиться искать
Fet,Zeta,34,ADJ,грубый нежный дорогой благовонный кроткий мгновенный прозрачный равный синий божественный
Fet,Zeta,34,NOUN,сила звук улыбка миг лист богиня головка рододендрон мечта ветер
Fet,Zeta,34,VERB,пойти уходить уснуть слышать встречать казаться проситься услышать плакать нестись
Fet,Zeta,35,ADJ,весенний яркий былой лазурный безумный вешний вольный глупый возможный ночной
Fet,Zeta,35,NOUN,слеза сторона весна земля луч ночь око грудь роза сила
Fet,Zeta,35,VERB,слушать выходить просить томить замечать раскидывать приходиться хотеть дрожать нестись
Fet,Zeta,36,ADJ,вечерний влюбленный легкий грустный безбрежный жемчужный звездный невольный прозрачный серебристый
Fet,Zeta,36,NOUN,солнце дыхание кудри том венок дружба зелень капля край малютка
Fet,Zeta,36,VERB,слезать прийти озарять плакать восходить подавать чернеть забывать дрожать стоять
Fet,Zeta,37,ADJ,прозрачный свежий целый больной вешний горячий девственный железный общий суровый
Fet,Zeta,37,NOUN,ночь глаз звезда улыбка год окно судьба око дева стена
Fet,Zeta,37,VERB,писать смотреть встрепенуться безумствовать лить отвечать отдаваться потопать целовать понимать
Fet,Zeta,38,ADJ,душистый строгий бледный голубой кроткий ревнивый блаженный детский дружный нетленный
Fet,Zeta,38,NOUN,роза лист нога звук трава блеск стопа тишь волна лик
Fet,Zeta,38,VERB,глядеть дрожать лежать молить молчать признавать наставать отыскивать случаться смотреть
Fet,Zeta,39,ADJ,умный высокий одинокий младенческий безумный благовонный дорогой благородный всепобедный знойный
Fet,Zeta,39,NOUN,речь буря движение луч красота лик окно зной зуб грудь
Fet,Zeta,39,VERB,идти звать пойти отвечать будить улыбаться уметь забываться страшиться хотеть
Fet,Zeta,40,ADJ,кроткий блаженный душистый незримый нетленный звездный красивый обычный блестящий больной
Fet,Zeta,40,NOUN,песнь восток толпа счастие звезда мать круг лист соловей тень
Fet,Zeta,40,VERB,искать просить выходить прийти хотеться целовать становиться верить встречать жечь
Fet,Zeta,41,ADJ,яркий ясный душистый прозрачный пестрый вечерний воздушный детский незримый пышный
Fet,Zeta,41,NOUN,луна мать ива создание тень храм юноша глаз мир земля
Fet,Zeta,41,VERB,молиться звать петь верить уронить мешать молчать переходить следить стоять
Fet,Zeta,42,ADJ,воздушный пестрый вечерний лунный яркий вешний напрасный серый страстный целый
Fet,Zeta,42,NOUN,ночь миг лес путь глаз роза цветок краса стих жар
Fet,Zeta,42,VERB,дрожать просыпаться трепетать помнить упасть владеть засвечиваться пробираться увидеться глядеть
Fet,Zeta,43,ADJ,голубой райский яркий злой рад вольный горячий младенческий прозрачный серебряный
Fet,Zeta,43,NOUN,пора раз сын слеза окно ряд вечер конь пена пчела
Fet,Zeta,43,VERB,бояться отказывать дрожать казаться проситься мерещиться напоминать отвечать плыть смеяться
Fet,Zeta,44,ADJ,блаженный благовонный напрасный нетленный колючий мгновенный душистый нежный рад суровый
Fet,Zeta,44,NOUN,миг наташа дерево стекло земля взор бездна образ птица аллея
Fet,Zeta,44,VERB,бросать дышать скрывать молчать понести белеть писать подъять проситься разгадывать
Fet,Zeta,45,ADJ,робкий воздушный рад безумный видный голубой благородный общий пышный томный
Fet,Zeta,45,NOUN,красота кудри уста лист птица старик цветок поле звук крыло
Fet,Zeta,45,VERB,смотреть дрожать улыбаться расти веять двигаться мелькать ненавидеть стыдиться тосковать
Fet,Zeta,46,ADJ,душистый прозрачный дорогой усталый горячий тяжелый жаркий прощальный римский томительный
Fet,Zeta,46,NOUN,ночь вода роза глаз воздух мать ручей дождь долина конец
Fet,Zeta,46,VERB,смотреть уносить взглядывать искать пойти вздыхать беседовать отвечать раскрывать спеть
Fet,Zeta,47,ADJ,кроткий яркий вечный душистый весенний прозрачный сладкий невольный ревнивый алмазный
Fet,Zeta,47,NOUN,лист пора весна гений голос ответ путь сторона влага красота
Fet,Zeta,47,VERB,встречаться дрожать спать бояться уснуть дремать выходить жить ждать молчать
Fet,Zeta,48,ADJ,золотистый сладкий широкий видный кроткий понятный печальный вешний вольный грубый
Fet,Zeta,48,NOUN,заря песня звук речь лицо соловей наташа ребенок день ночь
Fet,Zeta,48,VERB,понимать искать называть ложиться дремать навевать просыпаться прочитывать говорить звать
Fet,Zeta,49,ADJ,душистый невольный прекрасный волшебный послушный девственный весенний детский душный могучий
Fet,Zeta,49,NOUN,лес окно поэт раз глаз греза корабль лист человек ночь
Fet,Zeta,49,VERB,проходить взять садиться замечать объять писать раскидывать бывать лелеять молиться
Fet,Zeta,50,ADJ,горячий покорный яркий напрасный лунный общий несбыточный душистый дальний полночный
Fet,Zeta,50,NOUN,окно крыло лик борьба брат заря пчела поэт звук стих
Fet,Zeta,50,VERB,становиться забывать свистать восходить называть привыкать присниться трепетать любить петь
Fet,Zeta,51,ADJ,душистый блаженный белый видный хороший вешний больной дальний неподвижный слышный
Fet,Zeta,51,NOUN,огонь поэт звук роза стена венок голос мгла окно слово
Fet,Zeta,51,VERB,понимать шуметь бояться наставать цвести минуть различать петь проходить искать
Fet,Zeta,52,ADJ,осенний богатый прозрачный яркий весенний жадный нетленный серебристый соловьиный упругий
Fet,Zeta,52,NOUN,цветок око год соловей царица зов лик мольба пора тень
Fet,Zeta,52,VERB,молчать нести садиться понимать уносить выходить подходить входить смущать спрашивать
Fet,Zeta,53,ADJ,голубой вешний странный весенний покорный южный степной теплый благовонный болезненный
Fet,Zeta,53,NOUN,слеза блеск глаз сестра луна прах судьба язык тропа земля
Fet,Zeta,53,VERB,бояться проходить встречать сидеть просить расти колыхать мелькать прилетать раскидывать
Fet,Zeta,54,ADJ,яркий румяный душистый покорный грозный видный ветхий восточный горный прозрачный
Fet,Zeta,54,NOUN,краса глаз круг лист мука сестра мать песнь небо любовь
Fet,Zeta,54,VERB,биться целовать верить дрожать запевать слезать отказывать расти рваться поведывать
Fet,Zeta,55,ADJ,далекий нетленный рад душистый детский кроткий старый тонкий незримый звездный
Fet,Zeta,55,NOUN,уста ночь кудри царица аллея луч тайна чайка роза год
Fet,Zeta,55,VERB,повторять стремиться пойти вздыхать понимать молчать бояться плыть казаться подходить
Fet,Zeta,56,ADJ,пышный тяжелый горький душистый пытливый утренний золотой вечный голубой божий
Fet,Zeta,56,NOUN,звук мир блеск тень дом колено мороз день рука ночь
Fet,Zeta,56,VERB,дрожать лежать лелеять помнить приходиться мелькать нести поникать смотреть искать
Fet,Zeta,57,ADJ,серебристый темный незримый вешний серый напрасный райский больной строгий горний
Fet,Zeta,57,NOUN,лицо стих луна няня память сердце жизнь звезда миг волна
Fet,Zeta,57,VERB,бояться смотреть гореть подходить белеть доходить писать будить наставать посылать
Fet,Zeta,58,ADJ,вешний прозрачный яркий густой отрадный больной воздушный тонкий блестящий близкий
Fet,Zeta,58,NOUN,весна душа год луна крыло кладбище отрок сон цветок звук
Fet,Zeta,58,VERB,стоять нести выходить ложиться улыбаться высказывать таить гореть видеть дышать
Fet,Zeta,59,ADJ,холодный былой единый незримый грустный кудрявый младенческий житейский мучительный нетленный
Fet,Zeta,59,NOUN,цветок звезда солнце юноша круг зов миг отрок сияние рука
Fet,Zeta,59,VERB,дрожать помнить нести прощать ехать замечать замолкать стараться толковать смотреть
Fet,Zeta,60,ADJ,двойной рад белый блестящий влюбленный одинокий серый колючий кроткий мелкий
Fet,Zeta,60,NOUN,мгла заря лампа луч год лес смерть солнце сад слеза
Fet,Zeta,60,VERB,взглядывать уносить слышать уходить дрожать расти приникать навевать нисходить уснуть
Fet,Zeta,61,ADJ,блаженный голубой ночной вешний алый бледный влюбленный горький усталый дальний
Fet,Zeta,61,NOUN,влага песня блеск весна заря лицо кудри дума нимфа раз
Fet,Zeta,61,VERB,дрожать стоять звать слезать нестись томить загораться овевать подъять раскрывать
Fet,Zeta,62,ADJ,томительный вечерний должный покорный понятный звездный прозрачный больной могильный ревнивый
Fet,Zeta,62,NOUN,ночь весна глаз роза струя добро ласточка жизнь заря тень
Fet,Zeta,62,VERB,мочь стремиться выходить будить опочить повеять указывать уронить слышать плакать
Fet,Zeta,63,ADJ,пленительный бледный пышный голубой прелестный прозрачный ревнивый холодный звездный чуткий
Fet,Zeta,63,NOUN,ночь речь час волк нога грудь рука певец страсть вечер
Fet,Zeta,63,VERB,приходить белеть улыбаться поглядеть уснуть шуметь гореть идти взглядывать жить
Fet,Zeta,64,ADJ,ночной заветный тяжелый хороший белый вешний весенний горячий обычный дальний
Fet,Zeta,64,NOUN,звук лист сад змея речь снег воля гора дым красавец
Fet,Zeta,64,VERB,молчать встречать нести уносить подымать лелеять манить понимать уходить становиться
Fet,Zeta,65,ADJ,черный прозрачный блаженный вечерний влюбленный благовонный воздушный девичий злой мечтательный
Fet,Zeta,65,NOUN,грудь заря дым шум краса наташа тайна дитя зверь знакомый
Fet,Zeta,65,VERB,спать приносить выходить касаться нестись заплакать отвечать стремиться ждать вставать
Fet,Zeta,66,ADJ,яркий вечерний воздушный больной таинственный густой душный жаркий коленопреклоненный подобный
Fet,Zeta,66,NOUN,ночь сила глаз круг лето тоска ланита малютка ответ право
Fet,Zeta,66,VERB,понимать нести замолкать лгать пойти спать гореть смотреть умирать дрожать
Fet,Zeta,67,ADJ,золотой чуждый безмолвный кроткий жгучий жемчужный каменный полночный понятный невольный
Fet,Zeta,67,NOUN,лето смерть весна улыбка заря звезда привет грудь голова звук
Fet,Zeta,67,VERB,хотеться отвечать взглядывать посылать приходить нисходить следить сохранять учить мочь
Fet,Zeta,68,ADJ,теплый белый прозрачный душистый лунный минутный рад вешний огненный яркий
Fet,Zeta,68,NOUN,гора царица дыхание лист шаг нога струя день глаз пора
Fet,Zeta,68,VERB,ждать нести вставать хотеться дерзать засыпать манить обвивать объять склонить
Fet,Zeta,69,ADJ,должный легкий былой крылатый вешний долгий томный райский слышный девственный
Fet,Zeta,69,NOUN,цветок долина слово блеск ручей аллея греза окно роза рыдание
Fet,Zeta,69,VERB,искать смотреть понимать уносить подымать поведывать проситься раскидывать владеть скользить
Fet,Zeta,70,ADJ,горячий воздушный белый молодой отрадный душистый весенний вечный летучий густой
Fet,Zeta,70,NOUN,речь берег снег пруд птица ночь друг звезда лес пора
Fet,Zeta,70,VERB,звать бояться узнавать искать спать нестись свистать затихать видеть гореть
Fet,Zeta,71,ADJ,прозрачный блаженный румяный блестящий бессонный видный лунный грустный страстный заревой
Fet,Zeta,71,NOUN,звезда уста глаз заря восторг лик сознание долина месяц света
Fet,Zeta,71,VERB,слышать петь различать вести трепетать давать спать греметь нестись улыбаться
Fet,Zeta,72,ADJ,вешний стройный ночной детский кроткий надменный прозрачный хороший лунный широкий
Fet,Zeta,72,NOUN,счастие глаз песня грудь стих крыло куст голова дитя зелень
Fet,Zeta,72,VERB,улыбаться искать светить слушать бояться манить следить хотеть стоять забывать
Fet,Zeta,73,ADJ,старый блестящий воздушный лукавый стройный упругий легкий весенний горячий бессонный
Fet,Zeta,73,NOUN,заря луна цветок дорога образ окно роза глаз горе молчание
Fet,Zeta,73,VERB,бояться помнить кинуть ложиться посылать внимать встречаться сиять уснуть нести
Fet,Zeta,74,ADJ,чудный хороший нежный отрадный прозрачный заветный серебряный дальний могильный серебристый
Fet,Zeta,74,NOUN,ночь грудь улыбка зверь тепло рука взор весна ветер дух
Fet,Zeta,74,VERB,чуять смотреть бояться выходить давать искать покрывать раскидывать снимать слать
Fet,Zeta,75,ADJ,сонный весенний крылатый рад яркий безмолвный блаженный влюбленный голубой покорный
Fet,Zeta,75,NOUN,заря роза звук весна ветер балкон краса лес колокольчик сад
Fet,Zeta,75,VERB,уходить глядеть верить сиять дрожать пойти звать выдавать защищать подходить
Fet,Zeta,76,ADJ,яркий блаженный умный блестящий заветный кудрявый непонятный огненный осенний упругий
Fet,Zeta,76,NOUN,лист песня птица трава цвет воздух вход капля место восторг
Fet,Zeta,76,VERB,дрожать хотеть цвести уснуть взлетать забывать дышать взглядывать бояться внимать
Fet,Zeta,77,ADJ,прозрачный душистый томительный голубой гордый вечерний кудрявый лунный бессильный кроткий
Fet,Zeta,77,NOUN,весна песнь речь глаз желание колено май счастие певец слеза
Fet,Zeta,77,VERB,ждать встречать умирать хотеться понимать приходить упасть называть смущать чудиться
Fet,Zeta,78,ADJ,ночной сладкий душистый блаженный лунный ясный вешний горячий зеркальный страстный
Fet,Zeta,78,NOUN,блеск дыхание царица ангел влага грусть ночь сердце око пора
Fet,Zeta,78,VERB,плакать сетовать шептать призывать пойти умирать находить подымать уносить биться
Fet,Zeta,79,ADJ,добрый горький румяный серый звездный лазурный усталый больной вдохновенный лунный
Fet,Zeta,79,NOUN,час песня греза счастие шум дума облако птица мир око
Fet,Zeta,79,VERB,полюбить славить миновать отдаваться улыбаться петь встречать понимать приходить взглядывать
Fet,Zeta,80,ADJ,рад весенний былой покорный блестящий радужный летний мгновенный напряженный душистый
Fet,Zeta,80,NOUN,роза песня ребенок храм звук мечта заря лицо убор конец
Fet,Zeta,80,VERB,помнить манить уметь уносить безумствовать желать скользить стремиться видеть идти
Fet,Zeta,81,ADJ,вешний душистый снежный блаженный влюбленный маленький бледный горький пестрый полночный
Fet,Zeta,81,NOUN,трава любовь огонь солнце заря блеск звезда дым женщина вино
Fet,Zeta,81,VERB,понимать дремать расти прильнуть сверкать смущать говорить забывать мочь верить
Fet,Zeta,82,ADJ,влюбленный рад серый безумный поздний вешний звездный должный медный летучий
Fet,Zeta,82,NOUN,счастие роза цветок крыса лист мать стена грудь любовь земля
Fet,Zeta,82,VERB,заглядываться раздаваться сетовать скользить уносить шептать хотеть ждать мелькать бывать
Fet,Zeta,83,ADJ,легкий божественный черный яркий дорогой благовонный любимый вешний больной воздушный
Fet,Zeta,83,NOUN,пора путь тень голова стих ключ лик любовь песня рука
Fet,Zeta,83,VERB,раскидывать нести объять поесть сниться спать унимать мочь ждать обнимать
Fet,Zeta,84,ADJ,пышный голубой старый воздушный благовонный нетленный бессильный больной лавровый приветливый
Fet,Zeta,84,NOUN,грудь речь звук земля кудри луна миг голос сияние стремление
Fet,Zeta,84,VERB,слезать понимать дышать изнемогать просыпаться повеять припоминать раскидывать хвалить шуметь
Fet,Zeta,85,ADJ,старый безмолвный вешний зеленый больной безумный душистый детский кудрявый несбыточный
Fet,Zeta,85,NOUN,роза звук красота улыбка вечер месяц песнь венец заря крыло
Fet,Zeta,85,VERB,ждать дрожать расти выходить нести склоняться мелькать верить поглядеть скрываться
Fet,Zeta,86,ADJ,нетленный пустой старый рад вешний целый голубой долгий чудный больной
Fet,Zeta,86,NOUN,лист звук око цветок год звезда краса генерал греза ласточка
Fet,Zeta,86,VERB,молчать мочь вставать томить склоняться входить ложиться раскидывать стараться сказать
Fet,Zeta,87,ADJ,дальний больной злой весенний влюбленный ненужный поздний живительный нескромный прочий
Fet,Zeta,87,NOUN,раз звук лицо взор лик ангел восторг мгла песнь балкон
Fet,Zeta,87,VERB,уходить спать бояться уснуть бить чуять влечь кружиться полагать сказать
Fet,Zeta,88,ADJ,голубой странный прозрачный душистый вечерний звонкий рад благовонный божий каменный
Fet,Zeta,88,NOUN,сияние дитя саконтал весна дева птичка радость ночь огонь глаз
Fet,Zeta,88,VERB,дрожать понести плакать осыпать прощать встречать отказывать сквозить скрывать слышать
Fet,Zeta,89,ADJ,рад густой весенний серебряный звездный полночный лазурный маленький целебный безмолвный
Fet,Zeta,89,NOUN,сон заря нога песня хор конец порыв привет пчела пыль
Fet,Zeta,89,VERB,гореть дрожать просыпаться подниматься давать петь становиться внимать дышать искать
Fet,Zeta,90,ADJ,мгновенный рад хороший благовонный подобный легкий могучий тонкий туманный богатый
Fet,Zeta,90,NOUN,глаз значение месяц порыв угол око песня заря краса ребенок
Fet,Zeta,90,VERB,молчать нестись уносить плакать сиять цвести бояться объять дождаться страдать
Fet,Zeta,91,ADJ,яркий готовый прозрачный роковой голубой нежданный победный праздничный сумрачный холодный
Fet,Zeta,91,NOUN,мать голова поэт голос больной восток гений дух крыло к
Fet,Zeta,91,VERB,подходить видеть хотеть находить садиться вставать дышать плакать взглядывать искать
Fet,Zeta,92,ADJ,невольный далекий золотой злой большой вешний дальний горный лукавый яркий
Fet,Zeta,92,NOUN,блеск голова сад сияние соловей том земля море счастие звук
Fet,Zeta,92,VERB,прощать стоять подходить страдать дрожать бледнеть ложиться молчать слушать смолкать
Fet,Zeta,93,ADJ,душистый влюбленный жаркий надменный прелестный детский божий восточный летний серебристый
Fet,Zeta,93,NOUN,окно камень солнце заря лист ива петух привет тишь трепет
Fet,Zeta,93,VERB,расти ждать находить бледнеть сниться упасть спешить спать гореть искать
Fet,Zeta,94,ADJ,ясный вешний родимый розовый безбрежный воздушный печальный правый влюбленный девичий
Fet,Zeta,94,NOUN,солнце весна сон ветер греза камень вечер миг тройка огонь
Fet,Zeta,94,VERB,выходить затихать нестись представать давить зеленеть писать понимать посылать сетовать
Fet,Zeta,95,ADJ,душистый пышный заветный вешний избранный понятный ночной бледный таинственный прежний
Fet,Zeta,95,NOUN,лес нога песня весна сад крыло заря раз ребенок стекло
Fet,Zeta,95,VERB,успевать дрожать молчать светить сниться ложиться стыдиться забываться звучать давать
Fet,Zeta,96,ADJ,влюбленный ночной весенний душистый прозрачный сухой чудный шумный пестрый тесный
Fet,Zeta,96,NOUN,голос ночь поэт туча раз мгла речь утро сон счастие
Fet,Zeta,96,VERB,спать пойти вставать наставать млеть набегать понести спрашивать стараться уснуть
Fet,Zeta,97,ADJ,вечерний лунный серый весенний прозрачный пышный душистый хороший зеленый былой
Fet,Zeta,97,NOUN,вздох дыхание лик вечер заря кольцо снег ночь весна сила
Fet,Zeta,97,VERB,сниться служить хотеть понимать хранить признаваться взять взглядывать виться оставаться
Fet,Zeta,98,ADJ,душистый детский весенний могучий прохладный больной влюбленный жестокий благородный благоуханный
Fet,Zeta,98,NOUN,роза цветок блеск заря сад хор ночь сон глаз звук
Fet,Zeta,98,VERB,дрожать узнавать веять сниться нестись отказывать позвать пойти отвечать верить
Fet,Zeta,99,ADJ,готовый сонный горячий душистый рад вешний влюбленный нетленный благовонный серебристый
Fet,Zeta,99,NOUN,заря звук ребенок храм няня пруд путь пора глаз море
Fet,Zeta,99,VERB,озарять приходить спрашивать будить вспомнить дремать мучить следить стыдиться угасать
Fet,Zeta,100,ADJ,золотой прозрачный вешний благовонный последний усталый безжалостный белый тяжелый далекий
Fet,Zeta,100,NOUN,звук грудь окно солнце отец храм аллея дыхание лист сон
Fet,Zeta,100,VERB,следить нести понимать биться манить гореть стоять ждать слышать звать
