author,run,pos,word_list
Lermontov M.Ju.,1,ADJ,целый проливной цветущий летний незримый высокий ночной волнистый гордый угрюмый
Lermontov M.Ju.,2,ADJ,прекрасный старый зеленый тяжелый счастливый усталый простой секретный гуслярный хороший
Lermontov M.Ju.,3,ADJ,отдаленный молодой сырой мрачный пуховой некрасивый большой погибший готовый готовый
Lermontov M.Ju.,4,ADJ,неведомый зыбкий мрачный минутный горячий возможный грозный пасмурный степной чудный
Lermontov M.Ju.,5,ADJ,благодарный верный молодой обычный белый французский нежный невнятный крутой сладкий
Lermontov M.Ju.,6,ADJ,густой столпообразный слышный дряхлый прекрасный дорогой полночный телесный гибельный мучительный
Lermontov M.Ju.,7,ADJ,роковой чудесный немой пустой спаянный смешной смуглый бледный милый женский
Lermontov M.Ju.,8,ADJ,единый напрасный измученный случайный высокий прежний летучий вековечный земной беспечный
Lermontov M.Ju.,9,ADJ,высокий монашеский глупый свежий седой прежний пышный сильный врожденный чуждый
Lermontov M.Ju.,10,ADJ,готовый боевой жестокий святой большой нежный прекрасный вольный юный прелестный
Lermontov M.Ju.,11,ADJ,близкий гремучий царский родной земной могильный прозрачный давнишний обиженный темный
Lermontov M.Ju.,12,ADJ,площадной презренный золотой чудесный вольный бедный царский бесчувственный седой злой
Lermontov M.Ju.,13,ADJ,горький свежий недвижный видный глубокий последний заботливый неизменный полночный женский
Lermontov M.Ju.,14,ADJ,немой страшный яркий вечный кубанский радужный заржавый прозрачный безгласный славный
Lermontov M.Ju.,15,ADJ,земной чуждый настоящий свободный своевольный минувший вековой широкий смешной немой
Lermontov M.Ju.,16,ADJ,орлиный дикий молчаливый розовый бледный красноречивый воздушный прежний демонский речной
Lermontov M.Ju.,17,ADJ,непрочный ничтожный красивый сыпучий родной безумный глубокий вечный нежный ненавистный
Lermontov M.Ju.,18,ADJ,немой правый влюбчивый тяжелый бесчувственный грустный хладный спокойный сырой голубой
Lermontov M.Ju.,19,ADJ,печальный курьерский молодой глубокий мирный бедный страшный ледяный превосходный вечный
Lermontov M.Ju.,20,ADJ,божественный достойный похожий сырой тучный удалой беспечный печальный бледный неприличный
Lermontov M.Ju.,21,ADJ,поганый молодой пьяный молодой людской трепетный прозрачный ночной невыразимый хранительный
Lermontov M.Ju.,22,ADJ,грозный прилежный правый шелковый незнакомый бледный зеленый священный настоящий грозный
Lermontov M.Ju.,23,ADJ,неосторожный родной тайный тяжелый бурный слышный покровенный веселый мусульманский немой
Lermontov M.Ju.,24,ADJ,новый милый морской звучный мертвый немой гордый единый одинокий немой
Lermontov M.Ju.,25,ADJ,безбожный трепетный ржавый прекрасный старый благодетельный немой невинный безвестный бледный
Lermontov M.Ju.,26,ADJ,ненастный любимый падший прежний дикий строгий высокий сырой молодой угрюмый
Lermontov M.Ju.,27,ADJ,служебный полузавядший дорогой чуждый золотой железный счастливый священный седой проворный
Lermontov M.Ju.,28,ADJ,любимый прославленный зимний недалекий тайный пламенный счастливый бледный южный мерный
Lermontov M.Ju.,29,ADJ,страшный странный чужой наружный весенний крутой смертельный бессмертный черный резвый
Lermontov M.Ju.,30,ADJ,родимый близкий слабый девственный стальной бедный неземной грозный неизвестный богатый
Lermontov M.Ju.,31,ADJ,стальной круговой строгий сырой неведомый божий божественный боярский ужасный цветущий
Lermontov M.Ju.,32,ADJ,милый открытный сладостный гордый белый страшный черный былой узкий свинцовый
Lermontov M.Ju.,33,ADJ,молодой чуждый нестерпимый дикий нежный отцовский общий глубокий равный воздушный
Lermontov M.Ju.,34,ADJ,верный пустынный жемчужный полный удалый худощавый ранний беспрестанный бледный волшебный
Lermontov M.Ju.,35,ADJ,пустой ужасный длинный душистый опасный прямой мудрый полный последний полный
Lermontov M.Ju.,36,ADJ,неисполнимый бледный живой привычный былой лихой завистливый дальний приветственный жестокий
Lermontov M.Ju.,37,ADJ,вечный безмолвный легковерный скучный широкий бойкий непокорный молодой бледный роковой
Lermontov M.Ju.,38,ADJ,уединенный чуждый лишний грустный внимательный юный лишенный должный закрытый пышный
Lermontov M.Ju.,39,ADJ,незванный игривый согбенный бездыханный родной новый сходный худой косматый безобразный
Lermontov M.Ju.,40,ADJ,царский довольный седой погибший прекрасный молодой благородный любезный гостеприимный летучий
Lermontov M.Ju.,41,ADJ,прежний былой бесплодный далекий шумный нечестивый красивый молодой судорожный счастливый
Lermontov M.Ju.,42,ADJ,пустынный немой немой чистый душистый кочевой гордый дальний усастый тяжкий
Lermontov M.Ju.,43,ADJ,пустой семейный белый небесный влажный сизый тесный лишенный тягостный небесный
Lermontov M.Ju.,44,ADJ,полный верный хороший младой поздний широкий тихий невозвратный прекрасный стройный
Lermontov M.Ju.,45,ADJ,бесконечный свободный былой людской светский волнистый модный темный праздный свободный
Lermontov M.Ju.,46,ADJ,чуждый твердый летний грустный светлый былой глубокий святой горький вечный
Lermontov M.Ju.,47,ADJ,младой жалкий нагой высокий густой резвый бесчувственный чужой покинутый золотой
Lermontov M.Ju.,48,ADJ,густой шаткий златой полный таинственный опрометчивый росистый тучный благодарный незримый
Lermontov M.Ju.,49,ADJ,недвижимый посредственный острый молодой горный нелюдимый свежий коварный иностранный крутой
Lermontov M.Ju.,50,ADJ,немытый бледный парчевой спокойный сухой святой серебряный младой готовый заржавленный
Lermontov M.Ju.,51,ADJ,мрачный глубокий уверенный ночной рад печальный дикий розовый горький ничтожный
Lermontov M.Ju.,52,ADJ,синий мертвый скупой суровый поздний набатный знойный сладкий далекий дорогой
Lermontov M.Ju.,53,ADJ,мрачный святой надземный сладкий неземной гробовой слоновый обычный молодой дальний
Lermontov M.Ju.,54,ADJ,гордый ничтожный московский драгоценный вечный смелый одинокий слабый божественный бесплодный
Lermontov M.Ju.,55,ADJ,рассыпчатый последний глубокий ужасный неземной прихотливый милый молодой зубчатый бедный
Lermontov M.Ju.,56,ADJ,давний отважный готовый грозный дорогой тяжелый порывной милый гонимый опричный
Lermontov M.Ju.,57,ADJ,синий боязненный старинный опасный видный старый серебряный грозный чистый голубой
Lermontov M.Ju.,58,ADJ,святой осенний бледный противный видный последний вечный великий милый живой
Lermontov M.Ju.,59,ADJ,пустой смиренный неведомый неловкий дедовский конский строгий достойный тяжкий бестолковый
Lermontov M.Ju.,60,ADJ,прекрасный серебристый бедный степной покорный прибережный душистый чужой собственный старинный
Lermontov M.Ju.,61,ADJ,бобковский жадный смешной ужасный белый глубокий бедный ласковый милый гремучий
Lermontov M.Ju.,62,ADJ,пустой парчевой деятельный тихий необузданный непримиримый тяжкий гладкий таинственный румяный
Lermontov M.Ju.,63,ADJ,серый мрачный темный должный прошлый знакомый северный белый хороший лишенный
Lermontov M.Ju.,64,ADJ,легковерный ночной достойный достойный роскошный громкий небесный острый лихой видный
Lermontov M.Ju.,65,ADJ,чудесный бледный железнойзмеиный милый грозный строгий черный юный спокойный холодный
Lermontov M.Ju.,66,ADJ,хладный чужой согбенный земной нежный бледный черный невольный ничтожный честный
Lermontov M.Ju.,67,ADJ,божий последний краткий южный странный враждебный чудный неспокойный тайный счастливый
Lermontov M.Ju.,68,ADJ,крутой гордый милый скучный морской плодовитый покорный старый живой видный
Lermontov M.Ju.,69,ADJ,седой бойкий гостиный угрюмый горный свирепый темный неутомимый беспокойный счастливый
Lermontov M.Ju.,70,ADJ,протекший жаркий неизвестный законный безмолвный близкий багряный последний больной нахмуренный
Lermontov M.Ju.,71,ADJ,подобный безжизненный седой сердечный зимний молодой золотой дальний вечерний прекрасный
Lermontov M.Ju.,72,ADJ,сносный полдневный бешеный узкий туманный святой простой произвольный грустный ослушный
Lermontov M.Ju.,73,ADJ,легкий пустой парчевой невинный серебряный российский суровый победный пустынный простой
Lermontov M.Ju.,74,ADJ,грозный живой дикий прежний туманный робкий дикий неведомый последний сребристый
Lermontov M.Ju.,75,ADJ,неземной длинный бездушный роковой невредимый святой твов добрый смущенный бесконечный
Lermontov M.Ju.,76,ADJ,черный безбожный крепкий немой милый храбрый беспокойный пустой большой меткий
Lermontov M.Ju.,77,ADJ,безымянный давишний вечерний вечный великий летучий неведомый младой мягкий печальный
Lermontov M.Ju.,78,ADJ,модный жаркий звучномерный зеркальный тихий гордый обманчивый здешний смелый беспечный
Lermontov M.Ju.,79,ADJ,единый походный прежний безымянный чудный молодой небесный торжественный любезный златой
Lermontov M.Ju.,80,ADJ,полный шаткий зеленый прекрасный светлый бледный неотступный голубой старый всемогущий
Lermontov M.Ju.,81,ADJ,незабытый счастливый бесплотный роковой хладный изумрудный зеленый новый прежний юный
Lermontov M.Ju.,82,ADJ,живой золотой виноватый сходный любимый похожий тайный нестройный разрозненный людской
Lermontov M.Ju.,83,ADJ,хладный рад милый краткий жалкий хладный красный счастливый родной молодой
Lermontov M.Ju.,84,ADJ,ужасный земной джематский красный гордый новый бледный пошлый бедный счастливый
Lermontov M.Ju.,85,ADJ,казацкий голый милый дорогой древесный немой туманный златой гибельный немой
Lermontov M.Ju.,86,ADJ,мирный полный мрачный последний вольный дорогой вялый страстный черный серебряный
Lermontov M.Ju.,87,ADJ,непривычный женский одинокий одинаковый единый злой долголетний сильный беспокойный морской
Lermontov M.Ju.,88,ADJ,грустный мертвый хладный высокий безотрадный широкий готовый прекрасный милосердый прохладный
Lermontov M.Ju.,89,ADJ,сирый ничтожный полновесный заветный народный счастливый страшный великодушный бостонный немой
Lermontov M.Ju.,90,ADJ,черный нежный северный высокий душный веселый случайный унылый туманный залетный
Lermontov M.Ju.,91,ADJ,полуживой вкопаный немой золотой важный фатальный кровавый последний бесчувственный добрый
Lermontov M.Ju.,92,ADJ,роковой мертвый скрытый свободный молчаливый отцов солидный осиновый грубый золотой
Lermontov M.Ju.,93,ADJ,холодный рад прекрасный невинный лазурный лунный дивный живой степной живой
Lermontov M.Ju.,94,ADJ,северный широкий людской добрый облупленный верный родной последний большой татарский
Lermontov M.Ju.,95,ADJ,жестокий минувший ледяной голубой нескромный надежный сердечный пуховый нежный высокий
Lermontov M.Ju.,96,ADJ,вечный нежный быстрый роковой проворный тайный цимлянский бессмертный узорный влажный
Lermontov M.Ju.,97,ADJ,вольный пустой неравнодушный новый робкий безмолвный дерзновенный недвижимый высокий покорный
Lermontov M.Ju.,98,ADJ,дорогой смрадный бледный зеленый добрый сырой незлобный славный орлиный готовый
Lermontov M.Ju.,99,ADJ,проворный немой печальный хладный молодой верный предсмертный прежний пустынный глубокий
Lermontov M.Ju.,100,ADJ,женатый ужасный душевный дальний богатый живой признанный тайный пестрый незабвенный
Lermontov M.Ju.,1,NOUN,бровь в скала тьма в с с в след святыня
Lermontov M.Ju.,2,NOUN,смерть в в свет тень байран брат надежда монго сила
Lermontov M.Ju.,3,NOUN,день кавказ крик комод круг брат стыд лилова день красавица
Lermontov M.Ju.,4,NOUN,жизнь дым колесница сожаление страдалец свет окно рука взгляд дунай
Lermontov M.Ju.,5,NOUN,утро око с слуга плаш мечта бессмертие герой грива скакун
Lermontov M.Ju.,6,NOUN,с к небо улыбка восток в тень душа высота роща
Lermontov M.Ju.,7,NOUN,холм участие ремень врата желание гость прага зло обычай том
Lermontov M.Ju.,8,NOUN,пирушка беседа валун страдание тьма любимый в сон век измаил
Lermontov M.Ju.,9,NOUN,страх грудь в горечь нелживость боязнь блеск час мука уста
Lermontov M.Ju.,10,NOUN,копыто взгляд с удача спальня желание час трава булат вольность
Lermontov M.Ju.,11,NOUN,сомнение кровь время пришлец правда узор год надежда отец стыд
Lermontov M.Ju.,12,NOUN,ряд конь кирибеевич прыжок в цепь слеза литвинка птица сжималася
Lermontov M.Ju.,13,NOUN,к дева дыхание борьба чело в внимание подобие воля сосед
Lermontov M.Ju.,14,NOUN,память счастие фарис школа покой тибр голова в степь мщение
Lermontov M.Ju.,15,NOUN,высота наказание мучение витязь час волк раз окно игралище в
Lermontov M.Ju.,16,NOUN,поле призрак демон ратник дело винтовка холод родина в мука
Lermontov M.Ju.,17,NOUN,улыбка н гитара счастие в знак мысль тропа мечта чудо
Lermontov M.Ju.,18,NOUN,уста бог ничтожество к чело бог средство холод в череда
Lermontov M.Ju.,19,NOUN,порыв с в александрыч в в свидание земля товарищ дух
Lermontov M.Ju.,20,NOUN,черта дальный человек тишина с утро лев глубина туман новегород
Lermontov M.Ju.,21,NOUN,в проклятие слеза брат песнь мечта час товарищ курган вид
Lermontov M.Ju.,22,NOUN,в с век набег гнездо сердце подобие гроза наряд голова
Lermontov M.Ju.,23,NOUN,в час орша свидетель голова кровь огонь звезда кончина к
Lermontov M.Ju.,24,NOUN,к мастак огонь иван вдохновение с честь блаженство взгляд река
Lermontov M.Ju.,25,NOUN,земля в стена шайка плод удар путник небо в название
Lermontov M.Ju.,26,NOUN,спутник уста татарин рассвет в создание в душа булат с
Lermontov M.Ju.,27,NOUN,заря небылица беспамятство с лакей неделя жребий народ черкесск в
Lermontov M.Ju.,28,NOUN,трепет страдание улан сердце езуит головка пол евгений радость повесть
Lermontov M.Ju.,29,NOUN,любовь дело течение взгляд в сердце нога с с небо
Lermontov M.Ju.,30,NOUN,волна совесть в в казак гроб честие погибель речь платье
Lermontov M.Ju.,31,NOUN,шаль слово грудь ласточка произвол ран жилище дыхание душа вечер
Lermontov M.Ju.,32,NOUN,маяк берег воин честь небо вой мертвый бездна шапка друг
Lermontov M.Ju.,33,NOUN,святыня в народ вольность знак волна толпа в герой ковер
Lermontov M.Ju.,34,NOUN,грусть ветер грузин дом купец неаполь пелена покой с к
Lermontov M.Ju.,35,NOUN,вино жизнь всадник черкес утес дымка терек в шум друг
Lermontov M.Ju.,36,NOUN,гора тучка сабля властелин призрак судья беда мир в человек
Lermontov M.Ju.,37,NOUN,доска к душа мулла разговор круг украдь в кость черкес
Lermontov M.Ju.,38,NOUN,великан женися зной земля кудри толпа подруга пустыня влага герой
Lermontov M.Ju.,39,NOUN,сторона в казна спасение тень с сознание земля плач веселие
Lermontov M.Ju.,40,NOUN,вата рука предсказание опричник знакомый в отставка корень зораим жизнь
Lermontov M.Ju.,41,NOUN,жизнь в время погибель причина к венец будущее лучина нынеча
Lermontov M.Ju.,42,NOUN,день грот скука счастие сердце звон упрек в отзыв с
Lermontov M.Ju.,43,NOUN,цвет казак кисть зло советник конь миг воспоминание лед звук
Lermontov M.Ju.,44,NOUN,в раскаяние узор ржавчина забвение вселенная ложе звук измаил глаз
Lermontov M.Ju.,45,NOUN,рой народ бог жизнь прах награждение кость страх стадо шиш
Lermontov M.Ju.,46,NOUN,спина глаз пленница света суд сожаление прощение небо вид с
Lermontov M.Ju.,47,NOUN,морщина честь вина в признание казак дно тетрадь в земля
Lermontov M.Ju.,48,NOUN,облако эфир калитка маяк день тревога печаль толпа бой грудь
Lermontov M.Ju.,49,NOUN,образ в дно в береза человек царь млада укор в
Lermontov M.Ju.,50,NOUN,дыхание сон мир чернь звук ангел небо конь скука отец
Lermontov M.Ju.,51,NOUN,надежда алтарь в жалость пустыня с след радость пустота сеча
Lermontov M.Ju.,52,NOUN,случайность в в царь враг младость закон рок казбек дерево
Lermontov M.Ju.,53,NOUN,сайгак холм в измена волна стремя чувство жалость лесть пещера
Lermontov M.Ju.,54,NOUN,поцелуй в сердце в драка конь важность вечность чело с
Lermontov M.Ju.,55,NOUN,певец в конец закат слово время тишина леля признательность друг
Lermontov M.Ju.,56,NOUN,пальма москва арсений к дерево чело грудь место тоска слово
Lermontov M.Ju.,57,NOUN,слово солнце ожидание разлука сердце хоровод название боль земля луна
Lermontov M.Ju.,58,NOUN,ладья паясо странник счастие сага добро гений всадник мотылек женщина
Lermontov M.Ju.,59,NOUN,колчан объятие с свет слово счастие чувство страх в к
Lermontov M.Ju.,60,NOUN,погибель к народ в аул печаль клетка край русский мелина
Lermontov M.Ju.,61,NOUN,корабль беспечность игра жизнь позор орда в лука день год
Lermontov M.Ju.,62,NOUN,п туман слушатель дело злоба век тишина час пустыня отчаяние
Lermontov M.Ju.,63,NOUN,луна участие иван с свод с дверь радость враг год
Lermontov M.Ju.,64,NOUN,пламень мысль выстрел дом башмачок вадим кудри голос борьба столетие
Lermontov M.Ju.,65,NOUN,воин с царь купец дом молоток звезда бастион любовь путь
Lermontov M.Ju.,66,NOUN,горе горе голос жизнь небо раб кудри с песня глас
Lermontov M.Ju.,67,NOUN,судьба мир взор муж хвала слово терек скала свет жемчуг
Lermontov M.Ju.,68,NOUN,солнце с огонь день лик день в свод душа сердце
Lermontov M.Ju.,69,NOUN,изменилось плетка порыв молитва жизнь сродник берег корнет глупец вечность
Lermontov M.Ju.,70,NOUN,муж кольцо развалины в кинжал с конец свод любовь в
Lermontov M.Ju.,71,NOUN,глаз орел любовь суждение метеор одежда зерцало в надежда поле
Lermontov M.Ju.,72,NOUN,муж яд волнение досада река чужбина беседка человек лесна головка
Lermontov M.Ju.,73,NOUN,витязь ряд друг восклицание русский пыл след вияся жребий взор
Lermontov M.Ju.,74,NOUN,буря подозрение любовь око забвение отец друг страница покров слава
Lermontov M.Ju.,75,NOUN,мысль сердце с с союзник блеск литвинка ум творец раз
Lermontov M.Ju.,76,NOUN,печать собрание счастие груда в черкес пленник дух вечность чувство
Lermontov M.Ju.,77,NOUN,сакля с победитель конь царь с повалилася боярин дом дева
Lermontov M.Ju.,78,NOUN,семья подножие раскаяние молнья зала воин часть укор брат земля
Lermontov M.Ju.,79,NOUN,волокита игра в день портрет зло поле владение записка любовь
Lermontov M.Ju.,80,NOUN,мука мечтание собака поверхность искусство в грудь поклон рубец слово
Lermontov M.Ju.,81,NOUN,брат песня взгляд сила гробница в пора речь праздник звук
Lermontov M.Ju.,82,NOUN,слава грядущее странник океан грудь дама собака шорох веселие час
Lermontov M.Ju.,83,NOUN,толпа в цель час скала беспечность печать дорога желание сакля
Lermontov M.Ju.,84,NOUN,день соловей курица караван труд вода струя приказ прошлец страстие
Lermontov M.Ju.,85,NOUN,брат сын небо диво с стан султан в щека отчаяние
Lermontov M.Ju.,86,NOUN,враг мука конь луч небо человек ягненочек взгляд нравилися разрешение
Lermontov M.Ju.,87,NOUN,витязь банк хребет в к день цветок дух песня памятник
Lermontov M.Ju.,88,NOUN,рука убийца образ в луна жизнь опыт тоска птица перстень
Lermontov M.Ju.,89,NOUN,долг кровь могила мгновение глаз веселие вечность москва с искуситель
Lermontov M.Ju.,90,NOUN,в игра рука душа свобода рука год кинжал невежество душа
Lermontov M.Ju.,91,NOUN,кров век с васильевич степь бубен голос дым аул раскаяние
Lermontov M.Ju.,92,NOUN,день липа стихия зло любовь день в душа с в
Lermontov M.Ju.,93,NOUN,лицо грудь дым топот мука простофиля дух гул конь мефистофель
Lermontov M.Ju.,94,NOUN,стон мечта дерево радость пушка случай ада быстрота нога безбожник
Lermontov M.Ju.,95,NOUN,всевышний час день пара война полежаев ангел волна зло природа
Lermontov M.Ju.,96,NOUN,трава дитя кровля холм судья в ветвь ружье душа зал
Lermontov M.Ju.,97,NOUN,чело ключ небо кровь любовь волна счастие параша испуг в
Lermontov M.Ju.,98,NOUN,отец место улыбка с мрак юность жизнь название стон небо
Lermontov M.Ju.,99,NOUN,тайна нога взор лист вдохновение раз в крамола товарищ пятно
Lermontov M.Ju.,100,NOUN,око покой уста ветер маскерад уста свеча кровь корпия кровь
Lermontov M.Ju.,1,VERB,собирать искать быть мочь просить восставать сливаться порхнуть казалисить видать
Lermontov M.Ju.,2,VERB,рассевать увидеть кипеть пробегать бушевать случаться иссякать лететь провожать стучать
Lermontov M.Ju.,3,VERB,уснуть шелестеть вверяться домчаться сгнивать переступать лепетать отнимать расчесть любить
Lermontov M.Ju.,4,VERB,слыхать покрываться видеть скользить поправлять желать грустить смеяться попадаться бежать
Lermontov M.Ju.,5,VERB,подходить похвастаться отсекать дрожать проходить придавать потерять напевать идти хотеть
Lermontov M.Ju.,6,VERB,сжалиться расти освящать разрумянивать смеркаться лететь заливать проникать расцветать плакать
Lermontov M.Ju.,7,VERB,возвращаться отгонять увидеть мириться венчать отвозить приходить говорить бродить знавать
Lermontov M.Ju.,8,VERB,отворачивать встречать дробиться лежать влезать помнить храпеть бить позабывать знать
Lermontov M.Ju.,9,VERB,наряжать успокаивать плыть рожать обкладывать подымать прийти любить молодеть давать
Lermontov M.Ju.,10,VERB,шутить отравлять спасать говорить желтеть пренебрегать мутиться пойти молвить спать
Lermontov M.Ju.,11,VERB,верить говорить окидывать всходить купить искать оставаться обрызгивать качать позорить
Lermontov M.Ju.,12,VERB,дорожить говорить испытывать уснуть быть становиться любить останавливаться наслаждаться умирать
Lermontov M.Ju.,13,VERB,одеваться касалисить бояться глядеть требовать излечивать дышать выкидывать летать грустить
Lermontov M.Ju.,14,VERB,измучивать казаться давать давать умирать сражаться давать разрываться чувствовать пробегать
Lermontov M.Ju.,15,VERB,любить палить молвить делать продолжаться переменять убивать понуждать усыплять дремать
Lermontov M.Ju.,16,VERB,любить бродить клясться сидеть тесниться вскипать глядеть уверять угасать побледнеть
Lermontov M.Ju.,17,VERB,повеселить кричать осквернять прощаться переживать мочь дремать виться понестись чувствовать
Lermontov M.Ju.,18,VERB,огорчать принимать мниться чувствовать гнуть видеть спать подлетать петь мочь
Lermontov M.Ju.,19,VERB,пировать прощать проигрывать вступать мелькать осыпать кинуть пройти переселять стучать
Lermontov M.Ju.,20,VERB,наклонить спать освещать лепетать затверживать питаться сказать ласкаться занимать остыть
Lermontov M.Ju.,21,VERB,доживать уноситься понимать действовать считаться лежать разуметь отвечать видеть потерять
Lermontov M.Ju.,22,VERB,сплетаться полагать ждать иметь играть бежать блестеть опускать засуетиться исчезать
Lermontov M.Ju.,23,VERB,увидеть сжалиться закрывать покрывать ждать проникать касаться убирать скрыпивать помнить
Lermontov M.Ju.,24,VERB,получать помнить позабывать наморщивать вырастать нести стоять поражать кусать расписывать
Lermontov M.Ju.,25,VERB,догнивать находить желать холодить лелеять спать пролететь кинуть льстить преследовать
Lermontov M.Ju.,26,VERB,бежать быть бледнеть бросать становиться вторить играть верить попробовать кипеть
Lermontov M.Ju.,27,VERB,сжалиться получать замечать браниться тревожить становиться страшиться послушать прибавлять краснеть
Lermontov M.Ju.,28,VERB,забываться быть затрепетать пойти взлетать размышлять омрачать мочь давать видеть
Lermontov M.Ju.,29,VERB,вздрагивать примечать дарить послушать размышлять почитать поцеловать храпеть затягивать доставать
Lermontov M.Ju.,30,VERB,уносить раздаваться желать обманывать говорить нестись видеть озарять присылать сжимать
Lermontov M.Ju.,31,VERB,свершать замечать опозорить блистать мелькать знать допевать идти напечатлевать спать
Lermontov M.Ju.,32,VERB,выливать видеть мочь быть спеть слышать говорить владеть карать заставлять
Lermontov M.Ju.,33,VERB,внимать обманывать взять молчать мочь рыдать взирать вспомнить развеселиться вскатиться
Lermontov M.Ju.,34,VERB,видеть разрывать ждать искать склоняться решаться быть толпиться сидеть знать
Lermontov M.Ju.,35,VERB,искать напечатлевать выбирать измерять сливать гоняться молить быть жить хотеть
Lermontov M.Ju.,36,VERB,приближаться прощать бывать тащить посметь бросать испугать идти нарумянивать странствовать
Lermontov M.Ju.,37,VERB,петь взъерошивать мочь быть перекреститься уводить приходить быть лежать узнавать
Lermontov M.Ju.,38,VERB,видеть поставлять кивать рождать согреваться благословлять изорвать убивать знать проходить
Lermontov M.Ju.,39,VERB,бунтовать дымиться находить приготавливать бежать питать захотеть пролетать курить быть
Lermontov M.Ju.,40,VERB,возбуждать жертвовать являться быть тревожить видеть клубить помогать сыпать вверять
Lermontov M.Ju.,41,VERB,свистать взглядывать блуждать исчезать быть озарять угадывать говорить желать давать
Lermontov M.Ju.,42,VERB,стыдиться расставаться обманывать уснуть полюбить вникать зарывать вздыхать глядеть рассаживаться
Lermontov M.Ju.,43,VERB,ходить быть замерзать ждать получать погибать являться презирать раздаваться томить
Lermontov M.Ju.,44,VERB,вскакивать играть постынуть ведать встревожить хоронить погодить дрожать очнуться быть
Lermontov M.Ju.,45,VERB,прилипнуть разглядеть ловить быть желать взять клясться быть пускаться отгонять
Lermontov M.Ju.,46,VERB,хранить повисать выскочить кипеть смущать захотеть посметь читать решаться любить
Lermontov M.Ju.,47,VERB,забывать принимать сказывать давать снимать достигать ночевать кидать давать желать
Lermontov M.Ju.,48,VERB,надевать мочь взмахивать течь сыскивать кадить склоняться отвергать отпрядывать заглохнуть
Lermontov M.Ju.,49,VERB,гореть думать становиться радовать хотеть одевать становиться бросать входить быть
Lermontov M.Ju.,50,VERB,сажать стоять лгать молиться заглушать журчать быть прийти прочитывать длиться
Lermontov M.Ju.,51,VERB,называть склоняться посылать успевать помнить быть шипеть говорить виться воскресать
Lermontov M.Ju.,52,VERB,любоваться выть колебать гульливать отдавать лежать быть опаздывать склонять снести
Lermontov M.Ju.,53,VERB,схватывать представляться пойти видеть служить парить быть жить подымать лететь
Lermontov M.Ju.,54,VERB,любить клясться прочитывать признавать слышать молить быть обвивать быть сбирать
Lermontov M.Ju.,55,VERB,ликовать стоять сливаться метать испугать упасть гореть быть искать приходить
Lermontov M.Ju.,56,VERB,мучить слезать утопать толкнуть видеть иметь верить взглядывать жалеть схватываться
Lermontov M.Ju.,57,VERB,просить полусгнивать зреть объяснять заслуживать уступать лететь забывать играть оставаться
Lermontov M.Ju.,58,VERB,слезать испытывать вылетать называть лежать быть лишаться уверять заплатить лежать
Lermontov M.Ju.,59,VERB,быть бежать звучать послушать раскаиваться зваться жить быть говорить быть
Lermontov M.Ju.,60,VERB,бежать любить прощаться уступать молчать покрывать идти отдавать погружать обнимать
Lermontov M.Ju.,61,VERB,просыпаться уснуть преходить измучивать примечать помогать задумываться принуждать помешать равняться
Lermontov M.Ju.,62,VERB,схватывать мочь блеснуть иметь слезать держать быть извинять собираться просыпаться
Lermontov M.Ju.,63,VERB,пожертвовать смеяться быть становиться подымать умчать дышать отпускать взять влечь
Lermontov M.Ju.,64,VERB,судить знать обижать обманывать курить голубить искать вылетать быть посмеяться
Lermontov M.Ju.,65,VERB,быть кликать любить говорить скользнуть тяготить мочь являться вслушиваться ласкать
Lermontov M.Ju.,66,VERB,твердить давать приносить пасть оставлять любить получать уметь познакомить говорить
Lermontov M.Ju.,67,VERB,влачить скакать возвращаться разгадывать заключать статься раздаваться потерять прочитывать сжалиться
Lermontov M.Ju.,68,VERB,решаться совершать возносить любить ведать пролагать опоминаться быть свистать храниться
Lermontov M.Ju.,69,VERB,пугать блистать встречать ныть показываться отделяться прощать кинуть течь твердить
Lermontov M.Ju.,70,VERB,звучать обещать забывать пасть презирать белеть пениться валить пойти быть
Lermontov M.Ju.,71,VERB,смотреться ценить отворотиться пойти гибнуть любить любить врать сказать вытверживать
Lermontov M.Ju.,72,VERB,выходить видеть любить подражать видеть быть живить выпадать давать сказать
Lermontov M.Ju.,73,VERB,синеть приносить пойти катиться рисковать рождаться говорить наказывать лицемерить блестеть
Lermontov M.Ju.,74,VERB,идти тряхнуть понимать петь прийти сверкать обрывать удушать ехать побелеть
Lermontov M.Ju.,75,VERB,разуверять зевать переходить видеть украшать отлетать быть быть быть быть
Lermontov M.Ju.,76,VERB,внимать благодарить блистать освежать молвить наливать быть сказать тешить переживать
Lermontov M.Ju.,77,VERB,связывать синеть раздаваться пробудиться захлопывать прощать слышать любить узнавать мочь
Lermontov M.Ju.,78,VERB,кидать бороться быть поехать греметь бросать тревожить сулить быть подымать
Lermontov M.Ju.,79,VERB,быть присваивать мочь быть отвечать смачивать помчаться умирать услышать любить
Lermontov M.Ju.,80,VERB,вспархивать казаться услаждать стремить отдыхать проникать решаться играть спускать молвить
Lermontov M.Ju.,81,VERB,рассказывать позабывать сказать прийти возмущать пройти жить блестеть промелькнуть сидеть
Lermontov M.Ju.,82,VERB,говорить быть шипеть отталкивать изменять слышать смеяться знать быть шуметь
Lermontov M.Ju.,83,VERB,быть избегать давать молчать глядеть расти приносить угасать краснеть быть
Lermontov M.Ju.,84,VERB,находить знать услыхать внимать встречать быть помогать струиться проникать сказать
Lermontov M.Ju.,85,VERB,быть оставлять бывать бежать краснеть схоронить пожелтеть презирать осуждать внимать
Lermontov M.Ju.,86,VERB,жить сказать поспорить отвертываться смотреть взволноваться играть заживлять осмеивать ведать
Lermontov M.Ju.,87,VERB,играть сгорать решаться назначать гореть садиться мрачить идти исцелять обманывать
Lermontov M.Ju.,88,VERB,пробивать забывать вернуться кланяться быть плавать отыскивать идти разводить струиться
Lermontov M.Ju.,89,VERB,жить вставать прийти обнажать избивать сплетаться мешаться взглядывать встречать плескать
Lermontov M.Ju.,90,VERB,оставаться узнавать пасть рыться унижать видать быть забывать быть спорить
Lermontov M.Ju.,91,VERB,оставлять вести укрывать причинять тянуться быть раздаваться оставлять доказывать приходить
Lermontov M.Ju.,92,VERB,стоять поцеловать плакать ждать становиться спать обманывать мочь напоминать летать
Lermontov M.Ju.,93,VERB,начинать просить катиться садиться оцепенеть глядеть блеснуть просить последовать дышать
Lermontov M.Ju.,94,VERB,осквернять встречать звенеть запрещать видеть наставать сидеть звенеть приклонять узнавать
Lermontov M.Ju.,95,VERB,находить плыть раздеваться наставать возвратиться падать страдать приходить переносить мочь
Lermontov M.Ju.,96,VERB,знать достигать смотреть хотеть быть грянуть омывать просить блистать быть
Lermontov M.Ju.,97,VERB,хотеть слыхать узнавать вставать потухать восходить быть затаптывать быть казнить
Lermontov M.Ju.,98,VERB,любить списывать слыхать подкрадываться верить понимать блестеть готовиться мочь страдать
Lermontov M.Ju.,99,VERB,плакать уменьшать ударять окружать прятаться вручать жалеть лежать беречь любить
Lermontov M.Ju.,100,VERB,очинить вступать петь глядеть оставлять понимать лежать верить мочь описывать
Baratynskij E.A.,1,ADJ,пленительный заботливый розовый готовый холодный снотворный небрежный вечный прекрасный обратный
Baratynskij E.A.,2,ADJ,родной пристойный вечерний полный веселый безотчетный русский гневный немой будущий
Baratynskij E.A.,3,ADJ,голубой созвучный пленительный пригодный беззаботный подлунный сердечный колкий глухой униженный
Baratynskij E.A.,4,ADJ,болезненный грустный густой прощальный страшный испытанный причастный злой ужасный ведомый
Baratynskij E.A.,5,ADJ,просвещенный скрытный обыкновенный молодой праздный роковой большой ласковый нежный прилежный
Baratynskij E.A.,6,ADJ,пасмурный видный безвестный современный полуночный небесный сердечный новый дивный давний
Baratynskij E.A.,7,ADJ,немой милый счастливый расчетливый печальный душевный ревнивый великий одинокий сладостный
Baratynskij E.A.,8,ADJ,женский страстный важный чужой шумный легкий печальный вечный прекрасный влажный
Baratynskij E.A.,9,ADJ,легкий шаловливый старательный безумный хороший виновный простой глухой небесный своеобразный
Baratynskij E.A.,10,ADJ,тонкий докучный вышний ободрительный бедный обреченный философический тайный счастливый брюзгливый
Baratynskij E.A.,11,ADJ,веселый худой густой мудреный елецкий веселый родной тягостный гробовой новый
Baratynskij E.A.,12,ADJ,младой живой новый живой давний модный раболепный живой душевный усердный
Baratynskij E.A.,13,ADJ,безумный немой веселый священный милый златой свободный спасительный начальный могучий
Baratynskij E.A.,14,ADJ,заметный любовный прямой мирный нетленный веселонравный родной острый полный известный
Baratynskij E.A.,15,ADJ,туманный благословенный плоский строгий заздравный славный мирный охотный безнаградный лестный
Baratynskij E.A.,16,ADJ,безлюдный должный елецкий темный старый сладкий жгучий ненастливый грубый строгий
Baratynskij E.A.,17,ADJ,дивный сладкий незнакомый ненастливый уязвимый бесплодный легкий сладкий новый кроткий
Baratynskij E.A.,18,ADJ,полный преумиленный милый манящий грустный счастливый людской мятежный шумный нерусский
Baratynskij E.A.,19,ADJ,неверный белый шумный угрюмый лютый ясный ветренный бедный неблагодарный тяжелый
Baratynskij E.A.,20,ADJ,милый истинный дивный веселый равнодушный тогдашний тихий радостный пленительный правый
Baratynskij E.A.,21,ADJ,цветущий блистательный снисходительный нежданный непринужденный вечный прежний южный крутой прежний
Baratynskij E.A.,22,ADJ,редкий яростный немой нежный одиновый задумчивый широкий нестерпимый дольний зримый
Baratynskij E.A.,23,ADJ,беспечный кровавый счастливый приятный невинный молодой трубный случайный мятежный последний
Baratynskij E.A.,24,ADJ,болезненный веселый живой приветный живой мертвый минувший живой роковой юдольный
Baratynskij E.A.,25,ADJ,данный благоуханный счастливый свободный досужий жадный скромный правый шумный благодатный
Baratynskij E.A.,26,ADJ,чистый роскошный желанный смешной глухой магический тихий небольшой доступный необходимый
Baratynskij E.A.,27,ADJ,непогодный бывалый утесистый громкий плодородный вечерний роковой замерзлый счастливый подземный
Baratynskij E.A.,28,ADJ,пенистый ясный великий угрюмый строгий суровый безглагольный тяжкий красноречивый суровый
Baratynskij E.A.,29,ADJ,сребристый готовый жизненный смущенный чудный римский неправый мятежный мировой опасный
Baratynskij E.A.,30,ADJ,чуждый старинный безумный ненадежный звучный грядущий зоркий далекий глубокий новый
Baratynskij E.A.,31,ADJ,негаснущий глухой морской дневной ветреный прилежный сухой бесценный земной непреклонный
Baratynskij E.A.,32,ADJ,живительный прежний суровый далекий осанистый колыбельный добродушный родной заочный веселый
Baratynskij E.A.,33,ADJ,ясный необщий рассеянный задумчивый полный родной юный веселый милый непривычный
Baratynskij E.A.,34,ADJ,невольный мирный властный чистый зоркий дружный упадший роскошный бесценный здравый
Baratynskij E.A.,35,ADJ,желтоликий летучий живой благой учтивый полный срочный летучий немой злачный
Baratynskij E.A.,36,ADJ,свистящий отборный безумный младенческий новый неотразимый былой дикий свободный пленный
Baratynskij E.A.,37,ADJ,переходный падший вечный томительный светлый юный черный небесный немой милый
Baratynskij E.A.,38,ADJ,чувствительный безужинный краткий священный полезный бессонный сребристый прекрасный громкий воздержный
Baratynskij E.A.,39,ADJ,томный черный правый безродный тяжелый творческий способный юный богатый немой
Baratynskij E.A.,40,ADJ,неизменный седой счастливый прекрасный возвратный открытый родной мирный степной хладный
Baratynskij E.A.,41,ADJ,рассеянный поспешный счастливый счастливый милый тошный лазурный ранний долгий душевный
Baratynskij E.A.,42,ADJ,прямой широколиственный неясный минутный счастливый тяжелый заветный дикий итальянский морской
Baratynskij E.A.,43,ADJ,блестящий торжественный блестящий завистливый мрачный златой разборчивый общий отцов таинственный
Baratynskij E.A.,44,ADJ,томительный мечтательный нежный летийский яркий счастливый глухой холодный мощный лукавый
Baratynskij E.A.,45,ADJ,мертвый скудный итальянский золотой страшный молодой полный несвязный сердитый плодоносный
Baratynskij E.A.,46,ADJ,годовой молодой гармонический нескромный творческий молодой молодой обетованный великодушный тяжелый
Baratynskij E.A.,47,ADJ,полдневный долгий живописный блестящий новый синий лесной ядовитый чуждый равнодушный
Baratynskij E.A.,48,ADJ,непонятный бедный сладкопоющий младой мрачный добрый легкий святой волшебный поздний
Baratynskij E.A.,49,ADJ,пригожий блистательный сладкий спальный упорный прежний мертвый страстный немой незаконный
Baratynskij E.A.,50,ADJ,немой глубокий молодой мягкий томный своенравный неприязненный людской суровый пышный
Baratynskij E.A.,51,ADJ,дикий святой разочарованный довольный немой хороший глубокий жилой бедный неизвинительный
Baratynskij E.A.,52,ADJ,унылый неравный нежный скучный красный поспешный веселый добрый докучный скорый
Baratynskij E.A.,53,ADJ,новинский несчастливый седой убогий русский умиленный чуждый слепой бедный дальный
Baratynskij E.A.,54,ADJ,холодный пошлый томный очарованный тупой златой разный безмятежный живой пылкий
Baratynskij E.A.,55,ADJ,прекрасный злой незначущий должный шумный веселый светлый долгий грозный неведомый
Baratynskij E.A.,56,ADJ,вечный смешной сердечный красноречивый причудливый нескромный ближний новый заемный блестящий
Baratynskij E.A.,57,ADJ,добрый самолюбивый отважный милый незнаемый скорбный чудный досадный счастливый молодой
Baratynskij E.A.,58,ADJ,нежный древний деятельный звучный живой открытый богатый божий падучий необузданный
Baratynskij E.A.,59,ADJ,мятежный лютый милый лавровый немой свежий елецкий прекрасный сходный счастливый
Baratynskij E.A.,60,ADJ,достойный слышный одинокий младенческий мутный легкокрылый праздный пылкий ясный ненужный
Baratynskij E.A.,61,ADJ,гордый чуждый самолюбивый чужой опытный пылкий страшный буйный немой ветренный
Baratynskij E.A.,62,ADJ,бесстыдный длинный всегдашний нежный живой народный уединенный ночной верховный пошлый
Baratynskij E.A.,63,ADJ,небесный глубокий могучий финский тяжелый мирской знакомый буйный беспечный веселый
Baratynskij E.A.,64,ADJ,мятежный добрый тесный пенистый спокойный беспокойный неопытный удобный безропотный известный
Baratynskij E.A.,65,ADJ,сладкий сильный томный доступный дружеский детский печальный пышный молодой деятельный
Baratynskij E.A.,66,ADJ,ревностный сосновый равный приятный дорогой грозный мутный златой хладный запоздалый
Baratynskij E.A.,67,ADJ,жестокий боевой великолепный упрямый молодой слепой слабый обманчивый тоскливый бурный
Baratynskij E.A.,68,ADJ,добрый роскошный бодрый критический запутанный полный прежний ручной пламенный нежный
Baratynskij E.A.,69,ADJ,добрый пленительный каменный готовый полный целый живой кастальский впалый епендорфский
Baratynskij E.A.,70,ADJ,дружеский равнодушный земной страстный черный прекрасный знойный близкий гробовой светский
Baratynskij E.A.,71,ADJ,хороший яркий прекрасный царский прекрасный мрачный новый круглый румяный большой
Baratynskij E.A.,72,ADJ,густой приятельский садовый длинный чудесный нужный ясный сердечный превыспренний драгоценный
Baratynskij E.A.,73,ADJ,нужный лукавый достойный страждущий старый бесстыдный безрассудный последний радостный телесный
Baratynskij E.A.,74,ADJ,подлунный пылкий верный полный ненастный тяжелый юный родимый суровый прежний
Baratynskij E.A.,75,ADJ,строгий могучий лазоревый бедный женский любимый божественный догадливый ликующий минувший
Baratynskij E.A.,76,ADJ,обворожительный общий нужный глубокий морской мохнатый нежный милый счастливый утонченный
Baratynskij E.A.,77,ADJ,краткий ничтожный ночной молодой плохой добрый притворный золотой порывистый милый
Baratynskij E.A.,78,ADJ,нужный сладкий огромный мятежный хороший холодный ледяной лицый музыкальный горний
Baratynskij E.A.,79,ADJ,большой неверный преданный темный правый свободный надежный родной общий здоровый
Baratynskij E.A.,80,ADJ,черный виновный хладный полуоткрытый свободный тяжелый немой чудный благой дикий
Baratynskij E.A.,81,ADJ,добрый стриженый верховный новый поздний верный милый дорогой нагой согласный
Baratynskij E.A.,82,ADJ,пустынный торжественный почтенный смешной томный губительный бесплодный старый усыпленный злословный
Baratynskij E.A.,83,ADJ,притворный гигантский тверской земной свежий старый полезный важный вдохновенный нужный
Baratynskij E.A.,84,ADJ,хлопотливый алчный прелестный хладный страстный святой записной былой дикий потешный
Baratynskij E.A.,85,ADJ,ратоборный густой раскошный полный бесценный лишенный городской строгий продолжительный надобный
Baratynskij E.A.,86,ADJ,недобрый кроткий подражательный грустный милый предубежденный самовластный последний молодой беззаботный
Baratynskij E.A.,87,ADJ,лукавый краткий веселый безобразный высохший нежный высокий изнеженный задумчивый благостный
Baratynskij E.A.,88,ADJ,весенний благодатный надменный внятный внимательный северный мутный сердечный резкий волнистый
Baratynskij E.A.,89,ADJ,смиренный напрасный темный сладкий несчетный блистательный суровый немой злобный прямой
Baratynskij E.A.,90,ADJ,тароватый каменный веселый полный душевный миролюбивый зеленый блестящий печной полный
Baratynskij E.A.,91,ADJ,новый тупой привычный брадатый враждебный красивый буйный хороший тесный внезапный
Baratynskij E.A.,92,ADJ,лазурный ланитный известный блестящий полный родной седой немой страстный звучный
Baratynskij E.A.,93,ADJ,храбрый хлебный дружеский легкий последний должный глубокий прекрасный великий оживленный
Baratynskij E.A.,94,ADJ,скромный веселый смелый восторженный мшистый немой сладкий белый святой превратный
Baratynskij E.A.,95,ADJ,светлый целебный дикий младой городской молодецкий пустынный дикий верный коварный
Baratynskij E.A.,96,ADJ,пышный едкий тибуллов тяжкий здешний детский своенравный легкий здешний каменный
Baratynskij E.A.,97,ADJ,летучий разгульный полный томный седой богатый пасмурный своенравный неподкупный прямой
Baratynskij E.A.,98,ADJ,должный неясный младой чужой полный отрадный небрежный веселый нежданный младой
Baratynskij E.A.,99,ADJ,ледяной старый просвещенный радостный послушный первобытный прельстительный предвечный всевидящий немецкий
Baratynskij E.A.,100,ADJ,резвый могильный сомнительный древний пошлый горделивый священный земной свободный зрелый
Baratynskij E.A.,1,NOUN,отрада досуг пир супруга одр в с цапля мила толпа
Baratynskij E.A.,2,NOUN,смущение с наряд магдалина сын земля вино метель канон в
Baratynskij E.A.,3,NOUN,мечтание день в судьбина пора рука счастие дух с с
Baratynskij E.A.,4,NOUN,ладия творение в екатерина луг геликон человек мальчишка пир тоска
Baratynskij E.A.,5,NOUN,в поэт одежда в труд гроза язык в к порог
Baratynskij E.A.,6,NOUN,доля сурова вера судьба нега стол муза злато цветок свет
Baratynskij E.A.,7,NOUN,рука судьба гнев в вера крыло дух жизнь мир лентяй
Baratynskij E.A.,8,NOUN,одеяние дарование румянец доля в рука приезжий перо восторг неизвестность
Baratynskij E.A.,9,NOUN,синьор делий наука вера лира гирлянда свет голос мука душа
Baratynskij E.A.,10,NOUN,звук с с ластюся человек спор лицо персей рука фантазия
Baratynskij E.A.,11,NOUN,в мысль жуковский рука роскошь услада стул пруд воображение источник
Baratynskij E.A.,12,NOUN,молчание дессерт мнение дитя друг крыло звук размышление суд нега
Baratynskij E.A.,13,NOUN,держава свет огонь око власть земля изменница счастие друг страница
Baratynskij E.A.,14,NOUN,беседа пыл разговор к цветок лицо ложе дух душа око
Baratynskij E.A.,15,NOUN,толпа душа нетерпение старик вздох муж аполлон память повторение рука
Baratynskij E.A.,16,NOUN,к цена танец небо властелин душа жар равнина лазорев в
Baratynskij E.A.,17,NOUN,произвол в свобода слово в полет круг сара поле горе
Baratynskij E.A.,18,NOUN,в предел струя миг улыбка душа петр юноша свидетель воин
Baratynskij E.A.,19,NOUN,орфей перестрелка поле встреча камень зло с лавр одалиска ответ
Baratynskij E.A.,20,NOUN,око нина скала ум глас благословение с дядя в душа
Baratynskij E.A.,21,NOUN,нога в страна стезя мечта пята эмпирей стезя в к
Baratynskij E.A.,22,NOUN,в тропа призрак человек с око труд свет торкват в
Baratynskij E.A.,23,NOUN,соименница слух в поклонник сладость забота святыня счастливец воображение красотка
Baratynskij E.A.,24,NOUN,восторг герой слеза отечество локон с грех человек мечтание дума
Baratynskij E.A.,25,NOUN,царь резец голос град перси ток звезда родилася прозаик раздумье
Baratynskij E.A.,26,NOUN,молодец притворство восклицание сон ряд грудь гранит пленник в в
Baratynskij E.A.,27,NOUN,жизнь рифма время дарование жребий с свод примета любовь обед
Baratynskij E.A.,28,NOUN,природа спасибо предел внушение стук стих безумство сияние свет к
Baratynskij E.A.,29,NOUN,колено в корм заблуждение кара пора переход имя вельможа жизнь
Baratynskij E.A.,30,NOUN,облако в лава к природа душа душа алина сон в
Baratynskij E.A.,31,NOUN,рояль радость ручка поцелуй звезда взор в ласка пафос дева
Baratynskij E.A.,32,NOUN,победа палец мир мечта берег дубрава невзгода обитель море ниэта
Baratynskij E.A.,33,NOUN,молчание в италия мальчик мечта к с вино вышина навоз
Baratynskij E.A.,34,NOUN,дочь красота событие в гражданин роща мелочь в небо дружба
Baratynskij E.A.,35,NOUN,заведение грудь веселие река птичка княгиня в цветок в струна
Baratynskij E.A.,36,NOUN,поток остроумие кольцо глаз в сладострастие презрение братец вражда расспрос
Baratynskij E.A.,37,NOUN,счастие стих в любовь чело капля дыхание миг страсть успех
Baratynskij E.A.,38,NOUN,поэт печаль сокрываяся брег звук туман стол мечтание смятение ум
Baratynskij E.A.,39,NOUN,кондотьери луч размышление враг икона метла страсть песня рука сон
Baratynskij E.A.,40,NOUN,память в час смирение ключ скука возвращение эпиграмма к в
Baratynskij E.A.,41,NOUN,впечатление тишина гуляка желание ярмо ложа христос стих советник око
Baratynskij E.A.,42,NOUN,непостоянство княгиня мир поэт щека с с досуг дева к
Baratynskij E.A.,43,NOUN,поэт с господин заря имя ступа измена пир луч дева
Baratynskij E.A.,44,NOUN,журнал желание поклон в бес вино сила мера согласилася новоселье
Baratynskij E.A.,45,NOUN,день горе сердце земля в сердце жемчуг деяние рим управа
Baratynskij E.A.,46,NOUN,поколение звук к любовь жребий библия рот лицо упование рука
Baratynskij E.A.,47,NOUN,струна благо клеон мир княгиня время вина время век счастие
Baratynskij E.A.,48,NOUN,грация в в усердие цирцея наслаждение с подсудимый диван к
Baratynskij E.A.,49,NOUN,в балагур день муж благодарность пир душа склоняяся сновидение конец
Baratynskij E.A.,50,NOUN,покорство воспоминание ночь слово труп товарищ счастие бездействие листок человек
Baratynskij E.A.,51,NOUN,раз покой свет чувство надежда отзыв буря москва человек любовь
Baratynskij E.A.,52,NOUN,страдалец судьбина колено уста душа в с любовь в улыбка
Baratynskij E.A.,53,NOUN,беда поучение в в дума ряд предрассудок в мгла забава
Baratynskij E.A.,54,NOUN,в беда восход свет в могущество час душа арсений домашние
Baratynskij E.A.,55,NOUN,в взор мир тень игрушка год вера душа вихорь руины
Baratynskij E.A.,56,NOUN,с в волна климена литавры смех стена туча сон с
Baratynskij E.A.,57,NOUN,расин брег вода чад земля уста в эпоха весна зов
Baratynskij E.A.,58,NOUN,солнце тоска гроб взор дыхание след словцо маска в мнение
Baratynskij E.A.,59,NOUN,дом горнило мир длань рука труд маска зеница гений тень
Baratynskij E.A.,60,NOUN,взор лицо миг забвение отрада ответ толковит длань душа питомица
Baratynskij E.A.,61,NOUN,век поле слуга петух зоил куст туман обман забава стан
Baratynskij E.A.,62,NOUN,грудь к цветок утеха блеск в красота огонь движение упование
Baratynskij E.A.,63,NOUN,в блеск игра сила племя дверь гора сон бой огонь
Baratynskij E.A.,64,NOUN,волнение в тень заря раз в бог поэт мошка гость
Baratynskij E.A.,65,NOUN,речь взор крик благо дверь сила путь с сердце обломок
Baratynskij E.A.,66,NOUN,чувство примирение друг мечта создание ветер вода в птичка толки
Baratynskij E.A.,67,NOUN,дружина конец промысл послание год с рассеяние благодарение в грудь
Baratynskij E.A.,68,NOUN,к друг цель в пора к день сын чудо предок
Baratynskij E.A.,69,NOUN,в катилися лес заблуждение град певец язык стенание кибитка позор
Baratynskij E.A.,70,NOUN,ток завистник роща рвение взор грусть лицо жена с удел
Baratynskij E.A.,71,NOUN,разлука взгляд певец крыло глаз питомец нега сживуся счастие румянец
Baratynskij E.A.,72,NOUN,сон склонность буря слава степь горе речь перст житие предел
Baratynskij E.A.,73,NOUN,жатва буря в темя день море к согражданин творец василий
Baratynskij E.A.,74,NOUN,судьба в с нега греза долг камень веселие друг бокал
Baratynskij E.A.,75,NOUN,сердце прага судьба откровение роскошь дурачество град любимый мольба тополь
Baratynskij E.A.,76,NOUN,в мечта луна в дно ночь чувство несходство москва луг
Baratynskij E.A.,77,NOUN,град опасение с досуг пора в цыганка голос с наследие
Baratynskij E.A.,78,NOUN,день посланница огонь угол тайна год свобода враг полусвет сон
Baratynskij E.A.,79,NOUN,кюмень ночь мера к любовия судьба узел ненастье опасение океан
Baratynskij E.A.,80,NOUN,счастие ряд в недоумение смерть надежда даль забвение милая сердце
Baratynskij E.A.,81,NOUN,договор молюся полубог чет девство в око бытие богиня забава
Baratynskij E.A.,82,NOUN,глушь душа пустыня кровь гнев угол друг лицо глаз в
Baratynskij E.A.,83,NOUN,жених шея день земля очарование друг корабль сын резец паллада
Baratynskij E.A.,84,NOUN,мечта бубен сатира речь ипитимья в дочь вина в столица
Baratynskij E.A.,85,NOUN,птичка мнение друг мрак цветок с брег рука подвиг солдатов
Baratynskij E.A.,86,NOUN,песня в в струна почесть в знамение диван судья тление
Baratynskij E.A.,87,NOUN,семья лес сочувствие содрогнулася картина к с рука хата в
Baratynskij E.A.,88,NOUN,тоска цветок мошка разделение потачка мудрец улыбка речь сентябрь друг
Baratynskij E.A.,89,NOUN,к с глаз заступ кров в глаз крыло след миг
Baratynskij E.A.,90,NOUN,ручей тень гул любовь вой лик ком в потомство в
Baratynskij E.A.,91,NOUN,образ князь лобзание имя лилет слава безнадежность чертог друг кротостия
Baratynskij E.A.,92,NOUN,в нужда праздник закон плуг нега эда вера межа везувий
Baratynskij E.A.,93,NOUN,труд конец глагол душонка в рука прелесть вера вестница небо
Baratynskij E.A.,94,NOUN,пенелопа весна судьба олинька пальмира рука весна роза егоза звук
Baratynskij E.A.,95,NOUN,вода любовь суета веселость друг болтание приобресть мечта справка с
Baratynskij E.A.,96,NOUN,затея в власы бытие мотылек лицо шалун краса юноша око
Baratynskij E.A.,97,NOUN,гора к отец сено скала миг душа отец в анахорет
Baratynskij E.A.,98,NOUN,лист сластолюбец мысль чудо сердяся в сердце в душа в
Baratynskij E.A.,99,NOUN,уныние рифма мошка брег возвыся вдохновение доля воображение в жара
Baratynskij E.A.,100,NOUN,в сестра певец воспоминание душа пена гость храм кумир сберемтесь
Baratynskij E.A.,1,VERB,быть летать быть насаждать проходить оживать пробуждать удаляться слезать разрешаться
Baratynskij E.A.,2,VERB,рожать изменять быть шуметь зажигать подниматься уснуть терпеть рыть чуждаться
Baratynskij E.A.,3,VERB,просыпаться тронуться сходить умирать приводить блуждать говорить взглядывать постигнуть воздевать
Baratynskij E.A.,4,VERB,искупать онемевать знать сказать потакать погасать смочь раздаваться полагать быть
Baratynskij E.A.,5,VERB,оправдываться решаться синеть остриться садиться утихать сверкать быть желать смеяться
Baratynskij E.A.,6,VERB,носить дождаться принимать утешать смотреть вступать ночевать подъяться взвиваться заглохнуть
Baratynskij E.A.,7,VERB,погибать глядеть отворять слышать умолкать размножиться желать блистать изменять заслонять
Baratynskij E.A.,8,VERB,хранить узнавать открывать быть грозить озарять бывать дремать взрывать согревать
Baratynskij E.A.,9,VERB,хлопотать обнимать сказать привесть быть порабощать молить видеть миновать покрывать
Baratynskij E.A.,10,VERB,любить вырастать отодвигать зажмуривать останавливать подражать идти открываться томиться хвалить
Baratynskij E.A.,11,VERB,приносить кипеть быть представать кипеть дурачить пить быть утучнять поручать
Baratynskij E.A.,12,VERB,забывать встречать одевать являть служить желать быть потуплять отягчать облегчать
Baratynskij E.A.,13,VERB,ласкать подавать жалеть утомлять влачить пить тлеть пробуждать вставать отыскивать
Baratynskij E.A.,14,VERB,поплясать показывать поверять роптать заснуть проговаривать нравиться бояться лить быть
Baratynskij E.A.,15,VERB,предугадывать мыслить позабываться сжимать миновать пленять запениться ведать выть примечать
Baratynskij E.A.,16,VERB,затмевать возмущать прощаться сидеть крыться петь быть сводить трепетать давать
Baratynskij E.A.,17,VERB,заменять молить дышать забывать оставлять изливать находить верить сказать владеть
Baratynskij E.A.,18,VERB,мочь становиться хранить увлекаться пестреть быть лобзать развивать страшиться гореть
Baratynskij E.A.,19,VERB,быть уразуметь расточать думать презирать терять сиять быть завянуть бежать
Baratynskij E.A.,20,VERB,упоить отводить оставлять воспевать открывать прощать беседовать быть возвращать сиять
Baratynskij E.A.,21,VERB,облегать пить встречать длиться быть любоваться хохотать удаляться искушать посвящать
Baratynskij E.A.,22,VERB,твердить испускать сказать попачкать скрывалисить осмеливаться осенять предвидеть кушать шуметь
Baratynskij E.A.,23,VERB,сживаться покрывать увлекать заслуживать преследовать быть пылать набросать останавливаться надевать
Baratynskij E.A.,24,VERB,лететь чувствовать представлять дивиться бывать блистать смущать обвиваться оборачивать чесать
Baratynskij E.A.,25,VERB,приставать позабывать спать шагать воздерживать гнать знать любить хмурить креститься
Baratynskij E.A.,26,VERB,учиться приводить приять возлегать наставлять быть озарять быть усыплять уходить
Baratynskij E.A.,27,VERB,петь склоняться изменять покорствовать улыбаться восхищать измениться казаться обращать творить
Baratynskij E.A.,28,VERB,возгреметь поклясться становиться быть мочь блистать терзать знать поражать сказать
Baratynskij E.A.,29,VERB,испытывать вдаваться испивать заснуть славить покидать оставлять нагонять сиять пролетать
Baratynskij E.A.,30,VERB,подымать видаться думать чтить жить улыбаться поглощать рожать смеяться молвить
Baratynskij E.A.,31,VERB,любить пойти изменяться оставлять знать любить томиться думать вянуть расставаться
Baratynskij E.A.,32,VERB,петь отдыхать учиться забывать прощать блистать быть слышать ловить заликовать
Baratynskij E.A.,33,VERB,бежать дряхлеть мелить вставать верить рушить совершать стеснять шептать раздувать
Baratynskij E.A.,34,VERB,затоплять испортиться выходить пребыть позабывать доверяться думать знать лежать затрепетать
Baratynskij E.A.,35,VERB,оставаться зайти клевать приять проводить качаться смущать сливаться носить крыть
Baratynskij E.A.,36,VERB,окогтить воскармливать плакать изображать сумасбродить оставаться виться страдать опускать владеть
Baratynskij E.A.,37,VERB,позлащать пить существовать светлеть прощать воскреснуть сморкаться ведать покорять понимать
Baratynskij E.A.,38,VERB,поглядеть шептать произносить быть уничтожать шептать быть быть скрываться умирать
Baratynskij E.A.,39,VERB,посещать изменять отражать упасть подарить мечтать знать владеть скучать потоплять
Baratynskij E.A.,40,VERB,вздыхать охватывать исчезать мочь бесить внимать попадать останавливать наслаждаться смотреть
Baratynskij E.A.,41,VERB,усыплять вверять приходить силиться пестреть вещать влечь быть дышать гнать
Baratynskij E.A.,42,VERB,становиться играть спать глядеть входить становиться исчезать говорить увенчивать видеть
Baratynskij E.A.,43,VERB,скрываться бежать восскорблять засыпать стоять видеть хвалить целовать звать быть
Baratynskij E.A.,44,VERB,улавливать развеселяться налетать сердиться сказать быть мыслить произносить шутить приходить
Baratynskij E.A.,45,VERB,слать приводить пролетать исполнять указывать целовать глядеть предстоять пролететь понимать
Baratynskij E.A.,46,VERB,быть блестеть грустить метать исчезнуть напоминать улыбалисить любить быть искать
Baratynskij E.A.,47,VERB,переходить представать посинеть вертеться искать погружаться прибавлять суетиться таить согревать
Baratynskij E.A.,48,VERB,призывать быть отдавать глядеть сбросить мочь даровать прикрывать желать назначать
Baratynskij E.A.,49,VERB,быть слушать убирать изображать приводить мешать приять пожить пыхать рожать
Baratynskij E.A.,50,VERB,оставить жаться блистать восставать подымать исчезать читать воскресать вверяться обрадовать
Baratynskij E.A.,51,VERB,останавливаться любоваться быть отдавать давать блажить похищать достигать угадывать оживать
Baratynskij E.A.,52,VERB,наводить ждать ответствовать восстонать мелькать возмущать согнать одарять дремать читать
Baratynskij E.A.,53,VERB,граничить забывать жалеть возводить молчать прийти просыпаться обретать уподоблять петь
Baratynskij E.A.,54,VERB,очутиться становиться слышать встречать выражать увлекаться изнемогать смыкать постигать хотеть
Baratynskij E.A.,55,VERB,останавливать решаться смеяться погребать влечь приобретать давать кончать знать бежать
Baratynskij E.A.,56,VERB,забывать забывать грустить видеть лететь написать заплатить являть погашать сжимать
Baratynskij E.A.,57,VERB,исчезать усыплять входить пасть быть чувствовать забывать сидеть нестись околевать
Baratynskij E.A.,58,VERB,скропать пасть полагать находить идти приемлить стучаться пить отбывать сводить
Baratynskij E.A.,59,VERB,вести полететь называть поехать помогать смеяться сказать говорить надеяться посылать
Baratynskij E.A.,60,VERB,бледнеть жить воспламеняться быть доходить прощать находить исчезнуть будить шуметь
Baratynskij E.A.,61,VERB,глядеть обнажать окружать дышать становиться умножать зашалить сказать быть довершать
Baratynskij E.A.,62,VERB,освобождать лететь верить быть быть восхищать лишать зевать пошатнуть раскрывать
Baratynskij E.A.,63,VERB,служить завидовать обвораживать раздавать опрокидывать приметать становиться выключать давать обретать
Baratynskij E.A.,64,VERB,блажить склоняться махнуть получать шествовать окружать обедать понимать пророчить спрашивать
Baratynskij E.A.,65,VERB,остывать погубить являться приставать научать сказать покидать завывать поймать звучать
Baratynskij E.A.,66,VERB,платить отдавать видеть узнавать находить ждать взять доходить протягивать оживляться
Baratynskij E.A.,67,VERB,сажать набросить пахать умолкать губить слушать откатать проведывать трепетать пламенеть
Baratynskij E.A.,68,VERB,произносить сказать плясать быть говорить томить сходиться покидать расставаться расти
Baratynskij E.A.,69,VERB,стучать любить крутить бояться согнать свершаться сокрыть видеть садиться летать
Baratynskij E.A.,70,VERB,твердить зарождать делить отходить постигать очаровывать пожелать становиться поспешить прощать
Baratynskij E.A.,71,VERB,продолжать назначать останавливаться выражать опережать винить быть умащать увенчивать быть
Baratynskij E.A.,72,VERB,принимать сниться бежать источать ждать кипеть влечь лить балагурить наставлять
Baratynskij E.A.,73,VERB,гласить грозить тешить глядеть ложиться пениться пробуждаться помнить погребать озарять
Baratynskij E.A.,74,VERB,пылать овладевать мнить восставать пылать занимать взроиться изведывать сокрыть обманывать
Baratynskij E.A.,75,VERB,дышать постигать совершать пить жить закрывать думать питать слышать давать
Baratynskij E.A.,76,VERB,разводить сказать увидеть делить догорать слетать останавливать сказать почить надеяться
Baratynskij E.A.,77,VERB,восхвалять знать искать обретать шуметь тосковать прилегать быть любить рдеть
Baratynskij E.A.,78,VERB,попадать заговаривать окружать казаться походить стучать притаивать слагать оставаться согнать
Baratynskij E.A.,79,VERB,выговаривать напечатлевать послушать винить забывать поверять напенить владеть шататься лобзать
Baratynskij E.A.,80,VERB,журчать жить плыть задумываться держаться обливать скрывалисить давать петь слезать
Baratynskij E.A.,81,VERB,спать изменять следить глядеть любить лелеять окунать слышать любить открываться
Baratynskij E.A.,82,VERB,обманывать любить седеть дурачить смущаться запечатлевать оставаться бежать иметь становиться
Baratynskij E.A.,83,VERB,цвести складываться отогнать озабочиваться быть успокаивать начернять внимать выть умолкать
Baratynskij E.A.,84,VERB,даровать быть прийти прийти быть быть понимать мечтать похоронить забывать
Baratynskij E.A.,85,VERB,забывать мечтать изменять возобновляться сказать жаждать взглядывать завыть окружать восставать
Baratynskij E.A.,86,VERB,приемлить доставлять перечитывать приходиться видеть мрачить отворачивать любить быть быть
Baratynskij E.A.,87,VERB,видеть оставлять спать переводить знать отделяться трудиться взять расставаться сидеть
Baratynskij E.A.,88,VERB,бежать оставаться слушать сидеть потухать являть сходить просить опровергать вещать
Baratynskij E.A.,89,VERB,сорвать забывать видать дивиться наводить верить служить проводить разлучиться казать
Baratynskij E.A.,90,VERB,петь находить полюбить сказать служить спасаться отвыкнуть навевать уверяться пойти
Baratynskij E.A.,91,VERB,обновлять ссылаться узнавать называть говорить принимать давать мыслить признаваться велеть
Baratynskij E.A.,92,VERB,обманывать находить даровать владеть мочь молчать неметь верить мочь бушевать
Baratynskij E.A.,93,VERB,пасть быть качать откладывать пресекать тужить заглохнуть умолкать говорить влюбляться
Baratynskij E.A.,94,VERB,живиться открывать гнать узреть петь покоряться быть становиться сбирать любить
Baratynskij E.A.,95,VERB,отъять желать иссыхать быть висеть оживать идти стоять прийти кривить
Baratynskij E.A.,96,VERB,сжимать погубить восклицать веселить молить молчать незреть рассуждать гореть быть
Baratynskij E.A.,97,VERB,посещать бросать поплестись жить идти разлюблять взять поверить бродить бежать
Baratynskij E.A.,98,VERB,поглядеть уврачевать лишать освобождаться смотреть утекать изменять дохнуть гореть мочь
Baratynskij E.A.,99,VERB,приставать любить возводить знать владеть остыть крутить осушать разбрасывать любить
Baratynskij E.A.,100,VERB,быть становиться приглашать взглядывать преклонять лобзать извиваться возникать бродить принимать
Tjutchev F.I.,1,ADJ,одинокий жалкий внешний докучный русский разноголосный высокий широкий стройный желтистый
Tjutchev F.I.,2,ADJ,усиленный стихийный злой присущий буйный хороший трепещущий разумный влиятельный стеклянный
Tjutchev F.I.,3,ADJ,младой здравый смешной торжественный земной послушный огнецветный небесный молнийный последний
Tjutchev F.I.,4,ADJ,дневной земной смелый летний небывалый бедный божий послушный туманный петропавловский
Tjutchev F.I.,5,ADJ,неутомимый беспредельный нелицемерный постижимый новый святой целый плавный туманный утомленный
Tjutchev F.I.,6,ADJ,тайный вседробящий милосердый вавилонский горний огненный мглистый живой влажный свинцовый
Tjutchev F.I.,7,ADJ,пустынный младой кровный лесной вековой любвеобильный дождевой обширный безымянный томный
Tjutchev F.I.,8,ADJ,живой царскосельский роковой прелестный земной багрянородный неподвижный многомощный немецкий бессмертный
Tjutchev F.I.,9,ADJ,бесцветный мрачный понятный премудрый железный божественный родной душный пустой слышный
Tjutchev F.I.,10,ADJ,златой страдальческий большой большой маловерный гармонический земной неугасимый ненавистный славянский
Tjutchev F.I.,11,ADJ,разнообразный спасительный обаянный удельный последний ледяной дневной невнятный новорожденный бедный
Tjutchev F.I.,12,ADJ,лазурный сочувственный младой дивный чудный пророческий светлый лазурный златоцветный бедный
Tjutchev F.I.,13,ADJ,страшный прекрасный злой христианский великий колокольный таинственный заветный беспечный простой
Tjutchev F.I.,14,ADJ,дивный севастопольский роковой русский голубой тяжкий дружеский невыразимый нездешний последний
Tjutchev F.I.,15,ADJ,прекрасный девственный живой своенравный современный неистощимый глубокий обнаженный волшебный яркий
Tjutchev F.I.,16,ADJ,былой двойной сладкий последний последний угрюмый волшебный пламенный тиховейный последний
Tjutchev F.I.,17,ADJ,приветный славный речной раскаленный таинственный слышный разумный потаенный жертвенный скудный
Tjutchev F.I.,18,ADJ,смутный бессмертный полный заветный туманный эфирный русский погибший благодушный суетный
Tjutchev F.I.,19,ADJ,жестокий чудесный светозарный порывистый теплый скромный счастливый горестный близкий бессильный
Tjutchev F.I.,20,ADJ,должный верный последний русский божий величавый земной безнадежный крестьянский мрачный
Tjutchev F.I.,21,ADJ,умильный волшебный преданный страстный огромный небесный народный всесильный божественный прекрасный
Tjutchev F.I.,22,ADJ,злой удушливый дружеский томительный долгий заздравный древний душистый стозвучный земной
Tjutchev F.I.,23,ADJ,весенний новый земной невский неисчислимый светлый мрачный полный бледный священный
Tjutchev F.I.,24,ADJ,праздничный ночной чудесный холодный счастливый полный морской злосчастный черный летний
Tjutchev F.I.,25,ADJ,палящий полный быстрый богатырский державный праздный царский благоговейный прекрасный преступный
Tjutchev F.I.,26,ADJ,хороший стальной роскошный незабвенный спокойный необоримый дождевой лирный белый целый
Tjutchev F.I.,27,ADJ,зловещий сладкий лазурный тонкий грядущий строгий священный песчаный желтый темный
Tjutchev F.I.,28,ADJ,инистый сладкогласный живой утомительный вечный сердитый журавлиный рдяный живой роковой
Tjutchev F.I.,29,ADJ,очарованный прочий чистый неправый рад важный небесный неизменный земной бесчисленный
Tjutchev F.I.,30,ADJ,неподвижный отдельный правый золотой багровый печальный длинный целый милый условленный
Tjutchev F.I.,31,ADJ,всесильный бурный жестокий новый тихоструйный звездный древний глубокий мирный мутный
Tjutchev F.I.,32,ADJ,зловещий всесильный созвучный безнаказанный злой узкий жадный верный британский легкий
Tjutchev F.I.,33,ADJ,грозный развитый ночной чудный родной дневной злой родимый лютый свежий
Tjutchev F.I.,34,ADJ,неизбежный живой чуткий утлый юный красивый всепоглощающий рьяный божий тесный
Tjutchev F.I.,35,ADJ,простой благовонный благодушный хороший грозный белый неподвластный сановитый ярый нежданный
Tjutchev F.I.,36,ADJ,русский былой духовный теплый былой усыпительный безмолвный русский ночной поздний
Tjutchev F.I.,37,ADJ,отеческий закоснелый зубастый бурный добрый неудержный целый вешний светозарный беглый
Tjutchev F.I.,38,ADJ,минувший земной божий медовый лихорадочный пламенный дорогой голубой последний родимый
Tjutchev F.I.,39,ADJ,целый ясный безрассудный теплый полный связанный подводный священный красноречивый великий
Tjutchev F.I.,40,ADJ,немощный благодатный правый девственный хороший праздный волшебный высокий живой свинцовый
Tjutchev F.I.,41,ADJ,теплый забвенный заветный смиренный золотой старческий родной живой полный светлый
Tjutchev F.I.,42,ADJ,железный свежий волшебный всесильный скудный гуманный меньший дождевой грозный теплый
Tjutchev F.I.,43,ADJ,житейский повелительный первоначальный роскошный мирный милосердый добрый отцов самовластный снеговой
Tjutchev F.I.,44,ADJ,генеральский живой живой небесный безмолвный милый призванный тревожный ненавистный непорочный
Tjutchev F.I.,45,ADJ,греховный бедный австрийский милый глубокий высокий старый тысячелетний страшный безотрадный
Tjutchev F.I.,46,ADJ,ветхозаветный бедный господний ретивый далекий белый подобный родной отживший чистый
Tjutchev F.I.,47,ADJ,благой молодой чопорный мостовой первоначальный прямой теплый шальной молодой целебный
Tjutchev F.I.,48,ADJ,колыбельный счастливый последний праздный дольний цветущий чужой дневной морской доблестный
Tjutchev F.I.,49,ADJ,русский поздний смертный тощий одинокий чудный ночной великий светлый великий
Tjutchev F.I.,50,ADJ,злой летний большой божий честный торжественный ясный целебный прекрасный строгий
Tjutchev F.I.,51,ADJ,бранный живой очарованный собственный жестокий блаженный постыдный бурный божий осьмимесячный
Tjutchev F.I.,52,ADJ,египетский гениальный былой светлый горний бледный ужасный чудный древний самоуправный
Tjutchev F.I.,53,ADJ,русский тяжкий ночной соседний поздний живой сонный неподкупный земной сонный
Tjutchev F.I.,54,ADJ,завидный печальный зимний почетный роскошный ученый роскошный мирный австрийский незнакомый
Tjutchev F.I.,55,ADJ,дольный голый чужой грубый верный нетленный златой полусонный тихий ужасный
Tjutchev F.I.,56,ADJ,былой кровный верный поздний неясный приятный злой мирный лазурный ужасный
Tjutchev F.I.,57,ADJ,золотой дикий трудовой ночной душевный внятный летний таинственный баснословный современный
Tjutchev F.I.,58,ADJ,сладостный божественный бледный дорогой молодой земной огневой лазурный полный беспечный
Tjutchev F.I.,59,ADJ,ненавистный святой высокий былой безмолвный обычный чудный ночной прекрасный чудный
Tjutchev F.I.,60,ADJ,тесный волшебный бледный пространный таможенный неравный тайный свежий новый готовый
Tjutchev F.I.,61,ADJ,заветный чистый двойной чистый свежий морской своевольный передовой властный ночной
Tjutchev F.I.,62,ADJ,гранитный глухой младенческий румяный великий мирской досужий древний слышный веселый
Tjutchev F.I.,63,ADJ,царственный сочувственный крайний июльский земной всеобщий священный благодарный воздушный болезненный
Tjutchev F.I.,64,ADJ,непогрешимый стройный истомительный случайный божий римский всемирный скромный лишенный безобразный
Tjutchev F.I.,65,ADJ,заветный слышный природный пронзительный огромный тяжкий свежий буриданов вечный великий
Tjutchev F.I.,66,ADJ,роковой ночной грядущий могучий волшебный спокойный убогий неизменный одинокий заколдованный
Tjutchev F.I.,67,ADJ,тихий роковой враждебный янтарный тиховейный дивный английский подземный печальный немой
Tjutchev F.I.,68,ADJ,роковой отцов круглообразный тихий ночной злой слабый недоступный скорый милый
Tjutchev F.I.,69,ADJ,бурный всемирный верный пошлый суровый пенистый ревнивый славный глухой довольный
Tjutchev F.I.,70,ADJ,бесполезный изнуренный родимый тощий бедный поздний неустанный недвижный златой непреложный
Tjutchev F.I.,71,ADJ,прощальный чужой мглистый особенный родимый вековой обиженный пламенный страстный милый
Tjutchev F.I.,72,ADJ,родной злой воздушный богохульный ужасный восторженный чистый сладкий вечный необозримый
Tjutchev F.I.,73,ADJ,железный божий светлый далекий потухший всемогущий людской полдневный ранний игривый
Tjutchev F.I.,74,ADJ,непробужденный воинственный благодатный богоподобный приятный веселый возвышенный неравный живой горячий
Tjutchev F.I.,75,ADJ,справедливый небесный возжженный беззащитный нетленный собранный немой варварский сладкий золотой
Tjutchev F.I.,76,ADJ,кровавый неизменный полдневный безобразный бледный стальной тонкий пустой неотразимый невыносимый
Tjutchev F.I.,77,ADJ,высокий бесчеловечный ложный духовный мрачный родимый долгий грозный бесконечный вольнорожденный
Tjutchev F.I.,78,ADJ,вопиющий милый пенный богомерзкий неизбежный сладкий кроткий стихийный минутный земной
Tjutchev F.I.,79,ADJ,вселенский чудный воспитанный ужасный беспомощный живой общий стихийный слепой земной
Tjutchev F.I.,80,ADJ,последний жадный вражий бледный небесный розовый недвижный светлый слышный золотистый
Tjutchev F.I.,81,ADJ,последний могучий бренный вещий животворный родной чужой земной дымный первородный
Tjutchev F.I.,82,ADJ,буйный славянский погребальный женский влюбленный всемогущий пустой ночной победоносный радушный
Tjutchev F.I.,83,ADJ,задумчивый божий всеобъемлющий собранный родной светлый ловчий великий злой свежий
Tjutchev F.I.,84,ADJ,православный строгий гнусный родной холодный уродливый усталый полный древний последний
Tjutchev F.I.,85,ADJ,призрачный жизненный волшебный знакомый непреклонный отмстительный счастливый праведный незримый милый
Tjutchev F.I.,86,ADJ,петров бестолковый белокрылый российский роковой великий минувший пышный вожделенный глухой
Tjutchev F.I.,87,ADJ,неосторожный упругий немой почетный таинственный чуткий святой земнородный огнекрылатый небесный
Tjutchev F.I.,88,ADJ,отцов заветный чистый звездный алчный подобный волшебный противный народный чистый
Tjutchev F.I.,89,ADJ,далекий дикий внезапный нахальный чуткий незримый божий неверный великий бестелесный
Tjutchev F.I.,90,ADJ,былой живой недвижный благовонный безответный страшный женский горемычный пошлый звучный
Tjutchev F.I.,91,ADJ,целый смелый душевный вечный голубой дивный братский внезапный светлый бесценный
Tjutchev F.I.,92,ADJ,сокрушенный дивный ночной грозный большой ненарушимый веселый гробовой угодный роковой
Tjutchev F.I.,93,ADJ,чужой обительский хилый живой московский морской цветущий сердитый солнечный ночной
Tjutchev F.I.,94,ADJ,преступный истинный живой осенний густой пустынный львиный тусклый золотой незримый
Tjutchev F.I.,95,ADJ,страшный светлый мимолетный поздний волшебный вековой знакомый родной свежий далекий
Tjutchev F.I.,96,ADJ,безымянный чудесный старый русский торжественный незримый святой эфирный верховный дикий
Tjutchev F.I.,97,ADJ,немой таинственный волшебный святой волшебный жестокий таинственный взложивший сребристый христов
Tjutchev F.I.,98,ADJ,младенческий священный долголетний верный надменный высокий цветущий чудотворящий родной мрачный
Tjutchev F.I.,99,ADJ,тихий ранний холодный всеславянский безбрежный короткий тайный исступленный прибрежный роковой
Tjutchev F.I.,100,ADJ,золотой полный божественный молодой невредимый сладострастный одинокий хвалебный страшный святой
Tjutchev F.I.,1,NOUN,чета сознание глубина тень дыхание река гора спор неаполь в
Tjutchev F.I.,2,NOUN,стенание туман пергам привет обида руль величие с закон оплот
Tjutchev F.I.,3,NOUN,питомец повесть глас лик блаженство слава вода след крест фетиш
Tjutchev F.I.,4,NOUN,глава царь столп жилица зыбь запас дружина веселость простор запад
Tjutchev F.I.,5,NOUN,в благосердие в в рыцарь в година коран в доносилися
Tjutchev F.I.,6,NOUN,в река друг глас создание равнина сень ангел в мгла
Tjutchev F.I.,7,NOUN,народ клеймо грудь жизнь ночь щит преграда имя гора зеркало
Tjutchev F.I.,8,NOUN,удила друг в гроздие миллион лето родина видение с луч
Tjutchev F.I.,9,NOUN,в взор начертание пора диво душа упоение сердце замок грудь
Tjutchev F.I.,10,NOUN,господь кадило цитадель венец щит горесть вера собеседник жизнь поле
Tjutchev F.I.,11,NOUN,сонм год царь стих мир имя рождение стихия божество полюс
Tjutchev F.I.,12,NOUN,олень могила в край к волхв тревога волна стая заря
Tjutchev F.I.,13,NOUN,обрыв царь земля меч порог с забава усопшая вера честность
Tjutchev F.I.,14,NOUN,оборона движение в мир убеждение душа в душа с ресница
Tjutchev F.I.,15,NOUN,с град к пора руины сейм бог предчувствие минута бой
Tjutchev F.I.,16,NOUN,струя жена чувствование месяц равнина меч цареубийца тартар волна круг
Tjutchev F.I.,17,NOUN,любовь свод тень бой день лед гроздие с польша любовь
Tjutchev F.I.,18,NOUN,день лес удача святыня бездействие рука крушение куща жизнь смертный
Tjutchev F.I.,19,NOUN,ночь небо жизнь в муза труп лазурь глаз час ученый
Tjutchev F.I.,20,NOUN,лама бегство лист цветок дура в день в струя грохот
Tjutchev F.I.,21,NOUN,судьба кубок труд венок ель мир польша время с пушка
Tjutchev F.I.,22,NOUN,упоение гафица грех влага в дар колыхание часы сестра к
Tjutchev F.I.,23,NOUN,довольство роги струна копье родина мир весна мост весна затмение
Tjutchev F.I.,24,NOUN,трепет лира восклицание мать мир рог брег кубок год бог
Tjutchev F.I.,25,NOUN,птичка день небо одр гам вина наследие волна запустение врач
Tjutchev F.I.,26,NOUN,с дело царь гроза в утро русь смерть дар ночь
Tjutchev F.I.,27,NOUN,огонь верх мир жалоба полжизни жизнь обаяние коршун ожесточение вера
Tjutchev F.I.,28,NOUN,судьба наследство мир горсть лицо добродетель земля любовь сентябрь полночь
Tjutchev F.I.,29,NOUN,блаженство провидение пловец воля судьба в глава мгла брань лакейская
Tjutchev F.I.,30,NOUN,суесловие храмина стих возрождение усопший ручей стопа солнце жар солнце
Tjutchev F.I.,31,NOUN,певец тень подпись пламень состав стог хлябь гора ум враг
Tjutchev F.I.,32,NOUN,шаг прелесть сердце фонтан лес движение дух брань конь в
Tjutchev F.I.,33,NOUN,в в в в с красота забытье порыв скиптр россия
Tjutchev F.I.,34,NOUN,хаос победа мечта пора в месть беседа нектар жизнь ветвь
Tjutchev F.I.,35,NOUN,смех гонение семья душа борьба мир к с воззрение кончина
Tjutchev F.I.,36,NOUN,искра страна в жизнь голос смена бред восток сок дальный
Tjutchev F.I.,37,NOUN,милость плоть бой чародей честь среда колокол сын камень к
Tjutchev F.I.,38,NOUN,земля очарование рать правда зима меч век с время тьма
Tjutchev F.I.,39,NOUN,разлука воспоминание дочь борьба друг гул посмешище светило суд в
Tjutchev F.I.,40,NOUN,храм испуг прадед имя хлад стан с сердце ангел день
Tjutchev F.I.,41,NOUN,кубок кустарник раздумье в перун минута дым меч тень жизнь
Tjutchev F.I.,42,NOUN,вечер здравие день конклав сила жизнь пристрастие глаз след сострадание
Tjutchev F.I.,43,NOUN,юг старец христос фонтан конец природа конь жизнь доблия нега
Tjutchev F.I.,44,NOUN,молитва рука демон искушение резня век узор завеса в ночь
Tjutchev F.I.,45,NOUN,вдова с безнадежность снег сладкогласие к уста стезя судья доблесть
Tjutchev F.I.,46,NOUN,шаг петел с народ тундра страсть любовь в видение память
Tjutchev F.I.,47,NOUN,ночь дубров с долготерпение божество бытие жена нега дух недоумение
Tjutchev F.I.,48,NOUN,дар век облако раз свобода сирота стон аромат сон к
Tjutchev F.I.,49,NOUN,в волна звук улыбка огласися луч пылинка в свет порыв
Tjutchev F.I.,50,NOUN,волга с экипаж бог поле законодатель высь приговор разлад взор
Tjutchev F.I.,51,NOUN,лишась жизнь мир в парение лист душа дух вечер ветерок
Tjutchev F.I.,52,NOUN,дно слава воздух стезя видение ресница ветрило благовест звезда река
Tjutchev F.I.,53,NOUN,в пол сумрак восшествие луговина баскак к с жизнь любовь
Tjutchev F.I.,54,NOUN,сын воля небо красота взор с в плен рекло господь
Tjutchev F.I.,55,NOUN,поле в сердце река морщина в тень время царство рука
Tjutchev F.I.,56,NOUN,русь весна с меч небо к урания дым в нога
Tjutchev F.I.,57,NOUN,небо знамение в ложь шум смелость день душа врата в
Tjutchev F.I.,58,NOUN,мир горе с глас ввыспрь тайна луч день тризна мурава
Tjutchev F.I.,59,NOUN,полжизни господь в свет жизнь ум навет люд в волна
Tjutchev F.I.,60,NOUN,предчувствие жизнь с муза народ калхас вопль день в день
Tjutchev F.I.,61,NOUN,олимп сладость висящ в любовь гвоздика струна окно с в
Tjutchev F.I.,62,NOUN,любовь владычество стамбул колено сердце опыт день в вожжа крик
Tjutchev F.I.,63,NOUN,разлука пир в предзнаменование звезда недра чудо полдень пэанин рим
Tjutchev F.I.,64,NOUN,в столп лист лето надежда жизнь колесница отповедь польза огонь
Tjutchev F.I.,65,NOUN,в сон железо гора олимп креуз око душа страсть отделение
Tjutchev F.I.,66,NOUN,родство господь ангел с игра в в леопард лавиринф год
Tjutchev F.I.,67,NOUN,жизнь к том тьма искушение пора небо сомнение безумец друг
Tjutchev F.I.,68,NOUN,глава жена болящий пар олимпиец толк в гений дело в
Tjutchev F.I.,69,NOUN,зефир душа визг в палуба глава с народ бессмертие мир
Tjutchev F.I.,70,NOUN,россия начало муза в богомолец дым в ласка пора пена
Tjutchev F.I.,71,NOUN,держава зной скиптр погибель награда пошлость зола радость искариот плен
Tjutchev F.I.,72,NOUN,сердце поле подданный с краса зло луч в желчь мир
Tjutchev F.I.,73,NOUN,поэтовой вражда волнение флаг швейцария свод бедняк италия юг час
Tjutchev F.I.,74,NOUN,сок с призрак плен стопа с ресница кубок тень час
Tjutchev F.I.,75,NOUN,любовия фея елена сон лицеприятие столица язык замок море камень
Tjutchev F.I.,76,NOUN,сила колесница хранитель с ветер элизиум с кубок в река
Tjutchev F.I.,77,NOUN,с дубрава скорбь с лоно пыль поэт мусикий тень весна
Tjutchev F.I.,78,NOUN,в любовь свет насильство к дол старость к поклоняюся роза
Tjutchev F.I.,79,NOUN,кровь согласие в цена с мрак край высота сон завет
Tjutchev F.I.,80,NOUN,чертог вождь день с измена конец аракчеев в свод шум
Tjutchev F.I.,81,NOUN,дымка нить вода луч в царство комната в тронулася караул
Tjutchev F.I.,82,NOUN,с пепл цветок келья цветок гнетомый вкус вершина в зеркало
Tjutchev F.I.,83,NOUN,признание добро в жупел колесо победитель волна отчизна с в
Tjutchev F.I.,84,NOUN,в свод к революция подвиг век затвор холм земля служение
Tjutchev F.I.,85,NOUN,сердце огонь песнь прок волна мечта цвет суд в любовь
Tjutchev F.I.,86,NOUN,союз перл молот вера дух восток утро молния слово зависть
Tjutchev F.I.,87,NOUN,язва стенание луч день шаг сумрак заря солнце завет жизнь
Tjutchev F.I.,88,NOUN,день сок вино с в в перекресток стиксов жертва престол
Tjutchev F.I.,89,NOUN,умиление с пушка рыцарь в цвет бог сонм заточение любовь
Tjutchev F.I.,90,NOUN,пепл отзыв муза народ монарх страдание душа страж заря алтарь
Tjutchev F.I.,91,NOUN,казак дело нога вой предание с к эполет в цареграда
Tjutchev F.I.,92,NOUN,крест кара пристань заклание кастор берег жила константинов раз в
Tjutchev F.I.,93,NOUN,вселенная прах к ум восток север рука душа буря призвание
Tjutchev F.I.,94,NOUN,сила друг сердце в в небо брат восклицание мгла с
Tjutchev F.I.,95,NOUN,чувство петрополь мысль целость устраня конец день спорщик песня в
Tjutchev F.I.,96,NOUN,день мох в илион человек тревога прогресс мила в звук
Tjutchev F.I.,97,NOUN,море с христос мирт кровь бремя заклеп земля свежесть в
Tjutchev F.I.,98,NOUN,сила цензура в грудь колыбель бред любовь в слово часы
Tjutchev F.I.,99,NOUN,зыбь в пожарище первенец победа стезя любовь отблеск оправдание заря
Tjutchev F.I.,100,NOUN,вольность тако жизнь зима душа пригоршня друг свет цепь душа
Tjutchev F.I.,1,VERB,глядеть обстановиться насаждать узреть тмить откликаться манить быть раздаваться пробежать
Tjutchev F.I.,2,VERB,подымать ступать воскресать любить смущать сметь петь искать сыпать стоять
Tjutchev F.I.,3,VERB,блистать пасть посмотреть одряхнуть быть просветлеть быть веять жить катиться
Tjutchev F.I.,4,VERB,возмужать умолкать идти будить играть оглушать похоронить тяготеть ждать узнавать
Tjutchev F.I.,5,VERB,благоухать отцветать любить хлопотать обхватить сторожить раздаваться петь очаровывать золотить
Tjutchev F.I.,6,VERB,замирать забывать пьянствовать петь сорвать ныть быть нести веять праздновать
Tjutchev F.I.,7,VERB,просить быть быть знать почить миновать покрывать любить проводить исходить
Tjutchev F.I.,8,VERB,разрываться сквозить понимать нарушать смущать погибать соблюдать слышаться греть раскладывать
Tjutchev F.I.,9,VERB,уходить дышать косить блестеть быть сооружаться принимать давать мочь всеуслаждать
Tjutchev F.I.,10,VERB,изгонять исторгнуться обливать оправлять касаться проходить взволновать расставаться побеждать хлынуть
Tjutchev F.I.,11,VERB,прядать страдать иссушать служить завоевывать ликовать быть воспрянуть смотреть парить
Tjutchev F.I.,12,VERB,блистать чуять течь хлопотать оставлять поносить гнать откликаться прощать встрепенуться
Tjutchev F.I.,13,VERB,смущать расторгать открываться гибнуть сберегать клясть скрыпивать приводить избегать веять
Tjutchev F.I.,14,VERB,плыть молвить обнимать быть дрожать оцепенеть ложиться грохотать признавать бушевать
Tjutchev F.I.,15,VERB,осенять продлиться надоедать оглашать любить называть преодолевать проходить смотреть дремать
Tjutchev F.I.,16,VERB,пройти негодовать ограждать блистать рождаться бороться упасть слышать смотреть короновать
Tjutchev F.I.,17,VERB,садиться ложиться благословлять быть похищать таиться жить воспевать скрываться излечивать
Tjutchev F.I.,18,VERB,водворяться рождаться стоять одолевать скитаться шагать быть исчезать бредить вставать
Tjutchev F.I.,19,VERB,манить восставать влечь казаться возлегать почевать вспомянуть мочь скрывать ехать
Tjutchev F.I.,20,VERB,влетать свивать втаптывать дремать одолевать образовывать кричать слышать презирать пасть
Tjutchev F.I.,21,VERB,зреть становиться обнажать быть быть быть зреть сквозить вверять засвечивать
Tjutchev F.I.,22,VERB,клеймить говорить рыть сливаться прийти пробуждаться проясниваться взрывать литься грянуться
Tjutchev F.I.,23,VERB,оскорблять сливаться озарять оглашать благоговеть быть лететь служить смутиться дымиться
Tjutchev F.I.,24,VERB,будить греть обличиваться смирять скреплять бросать греметь стоять вертеть глядеть
Tjutchev F.I.,25,VERB,смотреть раздалисить давать хотеть творить чтить быть жить обождать баюкать
Tjutchev F.I.,26,VERB,жить идти осенять зыбиться быть убегать уметь отягчать сказать крепиться
Tjutchev F.I.,27,VERB,обворожать купаться быть дохнуть раскалять проступать ковать петь бить сметь
Tjutchev F.I.,28,VERB,таить приносить всходить просветлеть ныть быть взрывать полететь воздвигать обнимать
Tjutchev F.I.,29,VERB,решаться ценить расшибаться вкушать светиться смотреть гласить зажимать ловить предходить
Tjutchev F.I.,30,VERB,белеть принимать оскудевать убегать садиться оскорблять обозревать гневить побеждать внимать
Tjutchev F.I.,31,VERB,измерять играть свершать находить воспомянуть служить доходить сеять разливать быть
Tjutchev F.I.,32,VERB,опаливать погибать нести верить ударять вонзать распростирать входить присмиреть привыкать
Tjutchev F.I.,33,VERB,делить возникать укрываться тосковать страдать строить прикрывать осенять крыть кипеть
Tjutchev F.I.,34,VERB,учить дремать странствовать прославлять сметь верить воспрещать свершать извергать сидеть
Tjutchev F.I.,35,VERB,нарушать повисать быть томить спрашивать допрянуть стоять переплывать становиться восставать
Tjutchev F.I.,36,VERB,вынимать рыть проходить пробежать светить бежать потерять повеять зачинать впадать
Tjutchev F.I.,37,VERB,убаюкивать гласить закрываться совершать витать осиять глядеть смягчать спешить вспомнить
Tjutchev F.I.,38,VERB,делить томить подымать шептать двинуть кинуться грянуть сознавать красться верить
Tjutchev F.I.,39,VERB,переживать торчать сходить повторять ждать веять видать бодрствовать быть устранять
Tjutchev F.I.,40,VERB,дышать пламенеть облегчать быть подливать разверзаться блестеть литься колыхать слушаться
Tjutchev F.I.,41,VERB,утешать яснеть потухать опоминаться оковывать спать зреть совмещать цвести понимать
Tjutchev F.I.,42,VERB,тревожить звать нудить изменять блестеть обхватить литься отравлять свевать блистать
Tjutchev F.I.,43,VERB,быть восстанавливать будить быть оживать молчать любить лежать повеять разбиваться
Tjutchev F.I.,44,VERB,зареветь захватить погружать петь накинуть кипеть зеленеть воспевать пылать вспомнить
Tjutchev F.I.,45,VERB,блистать чуять подымать слезать завидеть подергиваться стонать стыть издыхать приутихать
Tjutchev F.I.,46,VERB,пробуждаться лететь гореть честить забывать доказывать очаровывать презирать обворожать пировать
Tjutchev F.I.,47,VERB,отвращать спать спасать величать впиваться гореть предугадывать дышать померкнуть быть
Tjutchev F.I.,48,VERB,нести молчать чувствовать стоять глядеть велеть упадать смиряться шевелить жить
Tjutchev F.I.,49,VERB,приставлять возмущать мириться благословлять делить обожать приносить держаться потухать прикрывать
Tjutchev F.I.,50,VERB,останавливаться склонять быть окутывать оставлять играть щебетать слезать порабощать молчать
Tjutchev F.I.,51,VERB,пойти быть греметь гореть благословлять съединять светлеть петь знать пойти
Tjutchev F.I.,52,VERB,волновать освящать лить оттаивать пить жить глядеть подавать быть идти
Tjutchev F.I.,53,VERB,оторопеть искать торжествовать спасать сниться витать пыхать собираться колыхать исходить
Tjutchev F.I.,54,VERB,виться судить утешать рдеть подавать молиться круговращаться веять взлелеять лишать
Tjutchev F.I.,55,VERB,крутить стоять вспомнить прислонить верить быть расцветать реветь расти видеть
Tjutchev F.I.,56,VERB,веять быть прилетать пленять верить отбрызнуть слетать овладевать разрастаться расторгать
Tjutchev F.I.,57,VERB,уходить катить прерывать ходить возглашать вытекать колоть спешить жаждать обозревать
Tjutchev F.I.,58,VERB,иссушать быть величать окидывать благословлять быть мести таять приветствовать благоухать
Tjutchev F.I.,59,VERB,взрывать ликовать проходить лететь узнавать проходить быть сказать справлять быть
Tjutchev F.I.,60,VERB,просить заглядывать катиться сдвигать гласить рухнуть быть протекать сидеть обжигать
Tjutchev F.I.,61,VERB,звать быть верить оковывать освящать приосенять выдавать призревать жить воплощать
Tjutchev F.I.,62,VERB,обновляться звучать спасать исслеживать говорить верить выжигать ловить угадывать взять
Tjutchev F.I.,63,VERB,выстрадать переживать быть блистать приносить стоять быть полюбить давать быть
Tjutchev F.I.,64,VERB,свергать развеиваться слыхать греметь возносить рвать свершать утихать подстреливать сплетать
Tjutchev F.I.,65,VERB,помнить верить толочься сбивать стоять реветь уходить молиться возобновлять поверять
Tjutchev F.I.,66,VERB,быть длиться вечереть давать звучать мочь ведать коснеть вырываться тосковать
Tjutchev F.I.,67,VERB,скатить рассыпаться предстоять мести звать забавить сметь быть вручать отражать
Tjutchev F.I.,68,VERB,отъять теряться гордиться пробыть рисовать собирать кинуть тревожить быть вязать
Tjutchev F.I.,69,VERB,провещать повивать петь провозглашать лететь обольщать сказать сгибать дышать благовестить
Tjutchev F.I.,70,VERB,потухать быть пожелать освящать голосить любить озаряться нудить скрывать бывать
Tjutchev F.I.,71,VERB,примирять крыть вспомнить жить сорвать срамить быть отбрасывать быть вещать
Tjutchev F.I.,72,VERB,пламенять сберегать смешать вырывать быть отдыхать истощить быть блюсти послышать
Tjutchev F.I.,73,VERB,быть чуять уяснять стоять промолвить желать дышать воздвигаться утрачивать мочь
Tjutchev F.I.,74,VERB,слезать торчать стремиться увивать литься смущать рождаться грянуть поникать хотеть
Tjutchev F.I.,75,VERB,купать быть издыхать тонуть играть создавать сетовать знать издыхать упиваться
Tjutchev F.I.,76,VERB,мутиться обертываться изрекать дремать обвевать сдерживать вставать гнать уходить клокотать
Tjutchev F.I.,77,VERB,приветствовать обниматься жить протекать завыть звать изменять приять бросать быть
Tjutchev F.I.,78,VERB,посещать тревожить давать обходить возвышаться доходить рваться вступать сидеть утрачивать
Tjutchev F.I.,79,VERB,греть взять быть шуметь сливаться вставать вести покрывать клубиться ложиться
Tjutchev F.I.,80,VERB,кипеть подниматься услышать глядеть знать обходить хотеть растерзывать желтеть приютиться
Tjutchev F.I.,81,VERB,чувствовать хотеть исполнять жаждать омрачаться заволакивать растреснуть проходить разливать быть
Tjutchev F.I.,82,VERB,быть бить негодовать быть идти лететь перенести приковывать разгонять смотреть
Tjutchev F.I.,83,VERB,вековать сгрустнуться садиться скрывать разливаться рваться разрешать расцветать встречать славить
Tjutchev F.I.,84,VERB,звучать любить возбуждать видеть молиться уметь давать сзывать оживать рассевать
Tjutchev F.I.,85,VERB,прозревать мочь быть являться уходить приносить сосать прощаться заснуть дрожать
Tjutchev F.I.,86,VERB,видеть опускаться говорить наставать храниться блистать влетать вставать пройти литься
Tjutchev F.I.,87,VERB,злиться цвести быть прощать погружаться видать вздыхать быть пасть призывать
Tjutchev F.I.,88,VERB,царить сознавать быть отходить погибать создавать литься гореть давать заговаривать
Tjutchev F.I.,89,VERB,расти сближать верить шуметь уврачевать стоять идти шуметь освобождать грезиться
Tjutchev F.I.,90,VERB,знать покидать оставаться замыкать ждать славить дерзать хотеть прерывать быть
Tjutchev F.I.,91,VERB,алеть разрешать услаждать увлекать есть затрепетать спать быть верить улыбаться
Tjutchev F.I.,92,VERB,прощать хвалить породниться любить вскармливать мнить владеть бороться свершать любить
Tjutchev F.I.,93,VERB,орудовать звучать воспрянуть быть переходить сторожить шуметь лететь дохнуть мелькать
Tjutchev F.I.,94,VERB,приходить помчаться обманывать веять ждать зарычать течь давать пировать прильнуть
Tjutchev F.I.,95,VERB,дорожить становиться дышать вспомнить быть исчезать садиться воскресать жить вдыхать
Tjutchev F.I.,96,VERB,сливать пить согревать белеть вернуться скользить царствовать обнажать тлиться гнать
Tjutchev F.I.,97,VERB,восходить погулять готовить свершаться почить смеяться твердить юродствовать помнить клубиться
Tjutchev F.I.,98,VERB,вкушать наступать расторгать молиться опустеть глядеть склонять вступать багрить скрываться
Tjutchev F.I.,99,VERB,молчать испаряться бродить срываться жить казнить усыплять веселиться сеять рассуждать
Tjutchev F.I.,100,VERB,мниться жаждать течь уходить привыкать водворяться раздаваться плыть красоваться видеть
Fet A.A.,1,ADJ,больший вечный кособокий предсмертный яркий тяжелый самовластный правый могучий чистый
Fet A.A.,2,ADJ,причудливый сокрушенный печальный воинский тусклый тонкий сладкий древний сиротливый белый
Fet A.A.,3,ADJ,чудотворный пьяный лесной золотой дальний безумный весенний плетеный тихий потный
Fet A.A.,4,ADJ,голосистый лобный алмазный кроткий широкий седой пышный горький томный умиленный
Fet A.A.,5,ADJ,полевой обнаженный единый сладкий живой сродный былой трепетный сдержанный родной
Fet A.A.,6,ADJ,золотой ясный непобедимый пустынный злой возможный волоковой тоскующий шаткий убогий
Fet A.A.,7,ADJ,земной прежний яркий обманчивый кроткий новый беспредельный юный странный простой
Fet A.A.,8,ADJ,прозрачный смущенный милый немой гнилой пустой живой дерзкий забытый блаженный
Fet A.A.,9,ADJ,готовый железный честный прежний полный небесный бестрепетный тайный свежий одинокий
Fet A.A.,10,ADJ,виноградный вешний прозрачный весенний дивный постоянный минувший страстный угрюмый бесцветный
Fet A.A.,11,ADJ,пушечный светлый земной бесчинный румяный золотой горький юный поспешный собственный
Fet A.A.,12,ADJ,безгрешный железный родимый глухой больной грозный золотой целебный округленный легкий
Fet A.A.,13,ADJ,жаркий туманный далекий безвестный золотой бескрылый светлый великий крылатый черный
Fet A.A.,14,ADJ,румяный безмолвный замедленный очаровательный усталый милый народный отлогий радостный златоволосый
Fet A.A.,15,ADJ,благодатный земной дивный ревнивый чистый легкий страшный девственный необычайный таинственный
Fet A.A.,16,ADJ,бескрылый ночной буйный верный бледный шаловливый молодой алмазный обманчивый отважный
Fet A.A.,17,ADJ,большой ровный милый особый младой чистый кипарисный верный шумный острый
Fet A.A.,18,ADJ,живой грешный звездный заливный серебристый былой прекрасный сладостный мгновенный волшебный
Fet A.A.,19,ADJ,настроенный ненаглядный старый трепетный страшный сладострастный грустный теплый ясный бурный
Fet A.A.,20,ADJ,заветный отрадный нагой любимый влюбленный бледный беспомощный хороший золотой готовый
Fet A.A.,21,ADJ,небесный блудный брачный белый влажный безумный знакомый прекрасный державный желтый
Fet A.A.,22,ADJ,мнимый родной злой сладкий сладостный безумный тихий покорный детский слезный
Fet A.A.,23,ADJ,чуждый тайный чудный чистый крылатый намерен затаенный милый махровый воздушный
Fet A.A.,24,ADJ,видный яркий томный белый злой нежный ясный понятный безоблачный нежный
Fet A.A.,25,ADJ,упорный большой рад больной блаженный лунный живой томительный общий отрадный
Fet A.A.,26,ADJ,старинный печальный белый полудикий неприступный самовластный пышный грошовый теплый белый
Fet A.A.,27,ADJ,молодой девственный огненный необъятный старший последний милый благовонный готовый прежний
Fet A.A.,28,ADJ,послушный душистый печальный влюбленный плаксивый домашний ребяческий одаренный томительный добрый
Fet A.A.,29,ADJ,далекий желтый звонкий рабский светлый смертельный разный черный рад прохладительный
Fet A.A.,30,ADJ,ветвистый неясный свежий голубой быстрый белый милый равный безумный светлый
Fet A.A.,31,ADJ,расслабленный незаметный непостижимый горестный былой фаетонов сокровенный обширный соприсущий южный
Fet A.A.,32,ADJ,мрачный беззаветный гулливый влюбленный старый чуждый нежный сырой колючий бесчувственный
Fet A.A.,33,ADJ,небесный влюбленный трепетный лесистый рыбачий темный пышный женский живой немой
Fet A.A.,34,ADJ,могучий овечий ночной светлый румяный шипучий трактирный серебряный детский милый
Fet A.A.,35,ADJ,трезвый несбыточный лунный вечерний немолчный волшебный памятный мелкий гробовой молодой
Fet A.A.,36,ADJ,страшный тайный полный бессильный вешний чудный забавный вешний всеобщий голубой
Fet A.A.,37,ADJ,молодой последний бродячий безлиственный злой темный пушистый грубоватый отрадный единственный
Fet A.A.,38,ADJ,лазурный серебряный житейский заревой чужой боевой неслышимый невинный утренний голубой
Fet A.A.,39,ADJ,гробовой полный ужасный розовый цветущий вечерний вещий бархатный ненужный больной
Fet A.A.,40,ADJ,теплый гордый звездный теплый далекий тяжелый пышный отдаленный прелестный должный
Fet A.A.,41,ADJ,живительный вечный утомленный убогий вечерний далекий молодой ясный правый мелкий
Fet A.A.,42,ADJ,юный алчный мимолетный кроткий ласкательный хрустальный прозрачный немой кудрявый прекрасный
Fet A.A.,43,ADJ,последний вечный ужасный игривый веселый веселый упоительный серый мелкий напрасный
Fet A.A.,44,ADJ,плохой светлый райский пухлый мужнин вечерний покорный незапятнанный последний душистый
Fet A.A.,45,ADJ,случайный неведомый розовый вечерний вешний кристальный полный таинственный светлый сладкий
Fet A.A.,46,ADJ,поздний медлительный горный греховный полный полуразрушенный блаженный необъятный княжой бездонный
Fet A.A.,47,ADJ,лавровый безумный священный разноцветный чудный бедный невозможный проворный серебряный упругий
Fet A.A.,48,ADJ,многосложный умный близкий народный бархатный земной одинокий безумный вечерний светлый
Fet A.A.,49,ADJ,правый молчаливый нежный дорогой жаркий собачий измученный злой молодой царский
Fet A.A.,50,ADJ,усталый белый живой немой ночной молодой невластный благодатный живой мертвый
Fet A.A.,51,ADJ,белый видный пышный молодой июльский страшный робкий роскошный вечный чуждый
Fet A.A.,52,ADJ,кровавый серый полный незримый любовный генеральский минувший стыдливый пустой полдневный
Fet A.A.,53,ADJ,обреченный белый прозрачный видный благочестивый воздушный резкий темный вечный больной
Fet A.A.,54,ADJ,бедный непробудный неприступный мирный пречистый скудельный юный голубой последний ревностный
Fet A.A.,55,ADJ,хилый молодой письменный родной хохлатый бумажный целый нынешний ночной осребренный
Fet A.A.,56,ADJ,ночной кованый тихий безмолвный ужасный неизмеримый могильный хороший отдаленный страшный
Fet A.A.,57,ADJ,седовласый гулкий простой цезарский живой былой годный слышный свежий больной
Fet A.A.,58,ADJ,усталый полночный колючий зимний бессвязный недвижимый нетонущий ночной белый веселый
Fet A.A.,59,ADJ,отрадный тяжкий бессонный бесплотный освежительный божий горючий дерзкий ночной золотой
Fet A.A.,60,ADJ,полный несбыточный общий немой дикий губительный богоравный непослушный ясный чужой
Fet A.A.,61,ADJ,прекрасный старый послушный земной сонный старый вечный милый злой воздушный
Fet A.A.,62,ADJ,садовый молодой блаженный угрюмый уютный резной чудесный горький густолистый вечерний
Fet A.A.,63,ADJ,нежный заветный минувший молочный минувший нужный лиловый блаженный нелепый несчастный
Fet A.A.,64,ADJ,большой горький душистый немой кочевой юный детский широкий блаженный зеленый
Fet A.A.,65,ADJ,непонятный дальний вечерний общий светлый нежный крестный прежний прекрасный гордый
Fet A.A.,66,ADJ,кудрявый двойной священный чуждый тихий неверный святой золотой лишний летний
Fet A.A.,67,ADJ,важный вавилонский властный хороший полуобнаженный немой преданный пышный лунный зимний
Fet A.A.,68,ADJ,лунный прочий седой жестокий тяжкий скрытый почетный девственный пышный вешний
Fet A.A.,69,ADJ,земной млечный сладкий безмолвный яркий блестящий легкий пустынный бронзовый проклятый
Fet A.A.,70,ADJ,летний алмазный полудикий понятный тенистый просветленный огненный плачущий преданный родной
Fet A.A.,71,ADJ,победный неробкий обязанный жестокий безумный звонкий милый счастливый виновный мистический
Fet A.A.,72,ADJ,поздний золотой палящий поздний молодой приветный зыбучий светлый причудливый последний
Fet A.A.,73,ADJ,родной одинокий немой дерзкий далекий эолов врожденный тяжелый сухой миртовый
Fet A.A.,74,ADJ,напрасный насмешливый праздничный осенний изумленный бледный речной должный седой прелестный
Fet A.A.,75,ADJ,чужой зеркальный шаткий дерзкий родной румяный лирический ежеминутный роскошный нежданный
Fet A.A.,76,ADJ,отсталый ласковый напевный живой трепетный золотой минувший целебный отвесный равный
Fet A.A.,77,ADJ,новый вековой яркий ясный новый отважный послушный злой ласкательный коленопреклоненный
Fet A.A.,78,ADJ,немой счастливый зеленый безбрежный бесчувственный розовый последний каменный больной светлый
Fet A.A.,79,ADJ,смущенный близкий священный звездный царский мрачный полный сердечный полуденный шаткий
Fet A.A.,80,ADJ,благородный юный непорочный скрытый великий красивый золотой бессмертный порывистый готовый
Fet A.A.,81,ADJ,мытищинский голубой хороший внимательный подвластный напрасный шаткий женин напрасный живой
Fet A.A.,82,ADJ,строгий звездный морской недвижимый падший роковой полусонный истомленный старый немой
Fet A.A.,83,ADJ,старый праздный бедный нынешний забывчивый милый пурпурный мощный вредный крутой
Fet A.A.,84,ADJ,крылатый собственный прекрасный измученный чужой пахучий счастливый близкий молодой безотчетный
Fet A.A.,85,ADJ,родной немой недавний лукавый звонкий горячий безбрежный дорожный скользкий радужный
Fet A.A.,86,ADJ,прохладный пламенный широкий понятный светлый немой обильный страстный золотистый холодный
Fet A.A.,87,ADJ,тихий двоякий горячий немой упругий невидимый неизмеримый одинокий достойный алый
Fet A.A.,88,ADJ,немой восхищенный бурный вешний земной надзвездный быстрый добрый отдельный просветленный
Fet A.A.,89,ADJ,бледный суровый бессмертный яркий далекий девственный приветливый счастливый женский немой
Fet A.A.,90,ADJ,полный прозрачный дальний текущий старый волнистый господский полный гордый легкий
Fet A.A.,91,ADJ,живой вольный вешний земной осиротелый звездный смертный умный святой приморский
Fet A.A.,92,ADJ,яркий знакомый явный чужой неугомонный благоуханный должный бессмертный готовый эфирный
Fet A.A.,93,ADJ,светлый шумливый вечный дружный целый жизненный очарованный избранный восторженный последний
Fet A.A.,94,ADJ,ночной бессонный младенческий жгучий весенний несчастный окровавленный игривый сговорчивый плакучий
Fet A.A.,95,ADJ,безотрадный прекрасный сочный золотой богатый горький красивый темный легкий темный
Fet A.A.,96,ADJ,вечерний золотой приветливый разнообразный чугунный лиственный фосфорный несчастный плавучий лунный
Fet A.A.,97,ADJ,черный тихий искушенный грустный манящий неотразимый отдаленный хитрый серый благовонный
Fet A.A.,98,ADJ,венчальный скромный солнечный прекрасный незримый майский живой рад серебристый синий
Fet A.A.,99,ADJ,внутренний доступный ветреный мечтательный чистый приподнятый ясный усердный заветный молодой
Fet A.A.,100,ADJ,готовый черный утомленный старый злой заметный светлый счастливый неверный горний
Fet A.A.,1,NOUN,утро братия друг грудь соль иней отдаваяся язык пес зарев
Fet A.A.,2,NOUN,жизнь лес душа свежесть роща с дева земля звезда душа
Fet A.A.,3,NOUN,уранида крик рука туча цена лоб слуга геликон жажда очаг
Fet A.A.,4,NOUN,блеск в пучок гром воздух четверть плеск взор дружба бой
Fet A.A.,5,NOUN,ангел скрип кудри эрот кровля роща отрок с ошибка память
Fet A.A.,6,NOUN,поле кров порог шелом в дорожка страдание свист тайник к
Fet A.A.,7,NOUN,с можжевельник к привет залив громада в тоска гладь в
Fet A.A.,8,NOUN,дорога покушение в ухо дятел краса восток тепло юноша друг
Fet A.A.,9,NOUN,радость дитя в ключ весть чело встреча толпа поклон прощение
Fet A.A.,10,NOUN,шаль цветок дыхание подруга жизнь золото наслаждение мука вода лебедин
Fet A.A.,11,NOUN,небо обаяние земля фимиам дыхание в с роскошь к обида
Fet A.A.,12,NOUN,улей сила тело тишина тень в сухарь лобзание ночь в
Fet A.A.,13,NOUN,душа дух блаженство жена струна лобзание туча милая кормчий в
Fet A.A.,14,NOUN,ошибка лист лицо смертный юность оковы звук тень боб чехол
Fet A.A.,15,NOUN,с зов вечер рифма в к берег кровь толпа свист
Fet A.A.,16,NOUN,воля с хвост трава отец воробей берег в река мгла
Fet A.A.,17,NOUN,в черт сумрак голубь камень равнодушие рыбка локоть краса лицо
Fet A.A.,18,NOUN,фея прохлада извоз гул власть сестра луна смертный новое цветник
Fet A.A.,19,NOUN,день грудь чайка ночь ужас буря смех стенание в женщина
Fet A.A.,20,NOUN,душа шум эшафот тень деревня слово в амимона дар плечо
Fet A.A.,21,NOUN,намек истома горе дань ель лоза груда сахар дождь родитель
Fet A.A.,22,NOUN,рафаэль минута ход сомнение злоба святой гора больной струна мгновение
Fet A.A.,23,NOUN,бог голова в ласка голова гера друг жена мысль сердце
Fet A.A.,24,NOUN,вольность запас лента ива свет утро звезда в ночь фарфор
Fet A.A.,25,NOUN,строфа наслаждение с в в тоска богиня сияние песок дитя
Fet A.A.,26,NOUN,жемчуг скорбь колдун око цветок тайна жук раз в переход
Fet A.A.,27,NOUN,век рука палатка мир прелесть дыхание порука небо свод стих
Fet A.A.,28,NOUN,складка в печаль печаль ус поток в спор удел клик
Fet A.A.,29,NOUN,труба черта ночь человек рана кровь гражданин с час глубина
Fet A.A.,30,NOUN,взор бред чайка нога с лик чувство в яд ада
Fet A.A.,31,NOUN,глаз земля сила брат огонь старость имя луч заводь кровь
Fet A.A.,32,NOUN,молитва творец жена чело душа весна с старик том скала
Fet A.A.,33,NOUN,жизнь в дом сила чувство с душа в марш дружба
Fet A.A.,34,NOUN,день друг старушка речь в саламанка вьюга равнина к старина
Fet A.A.,35,NOUN,тень сходство с признаюся нагота песков торжество правнук в молитва
Fet A.A.,36,NOUN,мать вздох апельсин ограда ветерок поток рука теша в крыло
Fet A.A.,37,NOUN,облако тень пустынька пора пища народ денница удар ипокрена воробей
Fet A.A.,38,NOUN,закон сторона младость миг союз табун подушка ночь бочка горячее
Fet A.A.,39,NOUN,день в в ангел дочь колодец в лес в барон
Fet A.A.,40,NOUN,даль волна плющ день к солнышко певец косогор с поднебесье
Fet A.A.,41,NOUN,слабость в дева близкие звезда весна птица в вздох мироздание
Fet A.A.,42,NOUN,счастливец месяц в звезда душа тоска ночь шаг звук в
Fet A.A.,43,NOUN,стачка богиня в богиня свет запад зыбь смерть тишина в
Fet A.A.,44,NOUN,сон глубина пора ночь страсть милая могила друг киприда улыбка
Fet A.A.,45,NOUN,пещера ребенок привет толпа с лист беда нога земля факел
Fet A.A.,46,NOUN,претензия стыд любовь бездна ум с повесть тень крик радость
Fet A.A.,47,NOUN,чудилось коса в в истина в новобрачная пух лед день
Fet A.A.,48,NOUN,в союз надежда с деревня кринолин глаз тишина краса друг
Fet A.A.,49,NOUN,липа тоска звук привет пламень ветер мечта больной глаз вода
Fet A.A.,50,NOUN,звезда мольба буря толпа барашков брамин час простор волна ночь
Fet A.A.,51,NOUN,зверь с ограда к слеза дыхание земля благо пчела калач
Fet A.A.,52,NOUN,одалиска туча в змея убийство муж край лик детство в
Fet A.A.,53,NOUN,замок небо прах звезда пифия око час ночь грудь в
Fet A.A.,54,NOUN,к вал луч коршун в забвение рана нрав дуновение к
Fet A.A.,55,NOUN,искупление гений могила лицо день убор расцветание в рододендрон взор
Fet A.A.,56,NOUN,румянец в цитра в кисть затишье дева трезубец саконтал выражение
Fet A.A.,57,NOUN,пруд нега мотылек к проповедник малютка радость цветок берег запах
Fet A.A.,58,NOUN,в безмолвие душа изображение в ку в привет царица ворот
Fet A.A.,59,NOUN,канва прелесть язык вопрос гранит облако зависть копыто дыхание русский
Fet A.A.,60,NOUN,род ночь рука корень суд с смерть сон душа в
Fet A.A.,61,NOUN,опушка лоб жемчуг гордость в с рука лизиас душа луч
Fet A.A.,62,NOUN,смерть пловец пир посев свеча солнце тысяча раз сердце голова
Fet A.A.,63,NOUN,слеза кисть франция дрожь рука движение с жених таможня любовь
Fet A.A.,64,NOUN,луна плач мир в в владычица ночь русы солнышко тайна
Fet A.A.,65,NOUN,земля место мгла тайна полинезия ветер ворот журавль чело отдаление
Fet A.A.,66,NOUN,зов радость вызов рассвет липа решетка конец вафилл мольба дитя
Fet A.A.,67,NOUN,буйство денщик любовь букет гробница глава идея день помысел шея
Fet A.A.,68,NOUN,ночлег пар одежда неслася мир умиление в цвет жемчуг кисть
Fet A.A.,69,NOUN,эфир каша сладость щека в в русь близнец река моряк
Fet A.A.,70,NOUN,солнце равнина камена искра лебедь с кудри с пот тень
Fet A.A.,71,NOUN,жизнь желание заря в луч в пал чудо локон глаз
Fet A.A.,72,NOUN,око сабина в пора дума к месяц в калиф лес
Fet A.A.,73,NOUN,с день сердце видение привет в потемки звук река мечта
Fet A.A.,74,NOUN,раздолье рыбачка крыло чаша безмолвие смерть признание ложа вечер в
Fet A.A.,75,NOUN,долг песнопение с зло млада ода растение восторг сено грустие
Fet A.A.,76,NOUN,рука разум сумрак ком роза генерал в язык стих овраг
Fet A.A.,77,NOUN,жизнь свет колено улыбка в с поэзия дион вихорь богиня
Fet A.A.,78,NOUN,сатана муж в кровь день царство лира конь кровь око
Fet A.A.,79,NOUN,природа зверь свод сосед пестрота лист свеча образ мель тепло
Fet A.A.,80,NOUN,свод в дева значение зелень лилея ручей волна взор амур
Fet A.A.,81,NOUN,кудри утес капитан гнев взор снасть царь юноша дитя лесть
Fet A.A.,82,NOUN,заря грудь в глаз с лицо судьба в очерк селение
Fet A.A.,83,NOUN,серебро рука запах заря мечта в в закон скорбь перил
Fet A.A.,84,NOUN,юность в ночь лебедь уста в беспорядок свет корона пчела
Fet A.A.,85,NOUN,друг венок барка ветер рыдание селение с день месяц орел
Fet A.A.,86,NOUN,глаз чалма влага скала восторг заря сон нежность луна прихоть
Fet A.A.,87,NOUN,любовь икар рука сын берег заря сон узел воевода глава
Fet A.A.,88,NOUN,ланит цепь день путь в узел природа конец расставание ив
Fet A.A.,89,NOUN,пора с народ хитон женщина мука страсть любовь рука изгиб
Fet A.A.,90,NOUN,солнце любовь хлад молитва в лавр земля ветка роза кудри
Fet A.A.,91,NOUN,образ зал птица ночь мельница в кашемир богиня прилив бремя
Fet A.A.,92,NOUN,сердце душа в разлука звук бездонность день волос душа сердце
Fet A.A.,93,NOUN,мать радость дитя бог царица дитя вилы ребенок теодора вера
Fet A.A.,94,NOUN,грудь собака в полоса место грех рука песня заря ковер
Fet A.A.,95,NOUN,сомнение благость мир решение луч ветер огонь помощь с имение
Fet A.A.,96,NOUN,гармония новое струя грудь с сила знакомый звук земля лик
Fet A.A.,97,NOUN,психея природа весло кошка середа мунд с с сестра прохлада
Fet A.A.,98,NOUN,пара задор жизнь вой ножка благовоние цветок король долина кольцо
Fet A.A.,99,NOUN,мир ночь земля в порфира восторг снег гроб гость пол
Fet A.A.,100,NOUN,кровь дорога с в альбом дремота тепло пора гроб прихоть
Fet A.A.,1,VERB,ждать стремиться дразнить быть видеть простонать становиться принимать стоять хотеть
Fet A.A.,2,VERB,подымать испещрять исполнять возвещать сказать примиряться вернуть давать ложиться любить
Fet A.A.,3,VERB,лететь разлучиться припрядывать веять судить петь любить стоять вздыхать прийти
Fet A.A.,4,VERB,начинать восседать обнимать колыхать сказать истомлять забывать зваться веять вставать
Fet A.A.,5,VERB,разделять славить говорить сплывалисить ползти меняться говорить синеть заставлять прорастать
Fet A.A.,6,VERB,скрываться стоять знать выносить опускаться рассортировывать сохранять раздаваться увянуть взять
Fet A.A.,7,VERB,окунаться прикрывать мерещиться проникать приникать светить мниться быть крыть помешать
Fet A.A.,8,VERB,делать подымать погорать дорожить ворчать любить влюблять наставать владеть согревать
Fet A.A.,9,VERB,пить быть запрягать страдать замолкать припоминать стоять светить пожимать укалывать
Fet A.A.,10,VERB,объяснять хотеть прославлять притаить таять спешить признавать впивать приветствовать манить
Fet A.A.,11,VERB,садиться закипать шевелиться смотреть наставать услышать вызывать отбивать выбирать озарять
Fet A.A.,12,VERB,наклоняться идти чудиться давать рваться любить узнавать идти рдеть становиться
Fet A.A.,13,VERB,навевать ревновать высказывать видеть летать улетать высказывать литься быть увидеть
Fet A.A.,14,VERB,становиться приходить ощущать обещать подымать здравствовать стараться встречать помиловать цвести
Fet A.A.,15,VERB,изменять обливать облегчаться растворяться понимать обратить кропать оставаться взглядывать становиться
Fet A.A.,16,VERB,продыхать подниматься видеть пересыпать пылать упиваться спать писать вставать писать
Fet A.A.,17,VERB,замечать гордиться пенять помогать опережать признавать жаться волновать слышать поздравлять
Fet A.A.,18,VERB,различать видеть крушиться спугивать блуждать дышать давать подходить находиться надоедать
Fet A.A.,19,VERB,гнать промчаться зашататься сказать понимать славить подарить ехать принимать жить
Fet A.A.,20,VERB,заиграть сдерживать стоять смыслить знать вперять всплывать парить любить быть
Fet A.A.,21,VERB,млеть придавать встречать называть наставать спрашивать расточать тонуть быть печатать
Fet A.A.,22,VERB,хотеться стоять осыпать искать миновать тесниться улетать вспархивать встречаться застыть
Fet A.A.,23,VERB,поесть хотеть раздвигать опускать лететь благословлять лететь мочь потянуться мочь
Fet A.A.,24,VERB,скрывать поехать потревожить уцелеть знать светиться искать побелеть свозить быть
Fet A.A.,25,VERB,прощаться молотить вспыхивать пыхать горевать сказать знать скруглять обливать хотеться
Fet A.A.,26,VERB,мучить чуять округляться выхваляться жить проклинать запевать стоять томить встречаться
Fet A.A.,27,VERB,побывать сохранять подъять схватываться знать ступать прижиматься буйствовать помчать покатиться
Fet A.A.,28,VERB,опускать вспомнить расставаться приходить знать забурлить приходить говорить учить глядеться
Fet A.A.,29,VERB,исполнять плакать сидеть садиться искать помнить класть покрывать украшать пролетать
Fet A.A.,30,VERB,спать сыпать помчаться мчаться превозмогать узнавать потопать дышать морщить говорить
Fet A.A.,31,VERB,смеяться быть заслышать быть остужать смеяться взламывать высказывать дивиться доводиться
Fet A.A.,32,VERB,качаться лететь свиваться ходить дивиться глядеть стремиться стоять низойти любить
Fet A.A.,33,VERB,хиреть спать жить помогать слышать прерывать кобениться быть плыть воспламенять
Fet A.A.,34,VERB,расцвечивать блеснуть представать говорить быть затапливать преклонять блистать торчать умолкать
Fet A.A.,35,VERB,быть посылать отзываться сказать приносить нести приманивать забываться хитрить гибнуть
Fet A.A.,36,VERB,стремиться гореть прощать трепетать плакать раскрывать помазать делиться забывать раздувать
Fet A.A.,37,VERB,ниспосылать быть кружиться сказать сходиться петь растаивать слышать плакать узнавать
Fet A.A.,38,VERB,проступать прогрезить приподниматься встречаться дремать видать помнить замирать столпиться сидеть
Fet A.A.,39,VERB,проживать лить шуметь говорить трубить вручать привыкать шибнуть возражать кидать
Fet A.A.,40,VERB,клясться миновать знать покрываться восходить очеркивать затериваться смеркаться любить прятаться
Fet A.A.,41,VERB,засыпать засыхать клониться тонуть взывать глядеть переписывать исчезать поставлять сводить
Fet A.A.,42,VERB,изменяться смущать хозяйничать сбегать сверкать набегать идти развенчивать приходить входить
Fet A.A.,43,VERB,восходить видеть разгонять перегибаться сыпать слать звучать напрягать доставать вынести
Fet A.A.,44,VERB,видеть колыхать сметь пищать налетать взять поражать раскидывать обливаться забывать
Fet A.A.,45,VERB,быть лгать слезать цвести знать являться засыпать сбираться быть наставать
Fet A.A.,46,VERB,петь подходить сказать светить слышать казаться скользить досылать возвращаться впадать
Fet A.A.,47,VERB,любить рвать блеснуть запевать попросить быть нести стяжать просить скрывать
Fet A.A.,48,VERB,изваять увольнять покидать пилить давать спархивать мелькать обращать хотеть убирать
Fet A.A.,49,VERB,светить извлекать любить наступать хвалить опочить любить изорвать тлеть смотреть
Fet A.A.,50,VERB,рвать мелькать нести говорить уносить смолкать бежать лелеять ждать спать
Fet A.A.,51,VERB,подгибать давать тонуть сомневаться дрожать шить представать зажигать быть воскурять
Fet A.A.,52,VERB,находить цвести зашевелиться раздаваться спать внимать чувствовать обнимать стыдиться держать
Fet A.A.,53,VERB,ускользать поправлять заблестеть родиться давить знать обращаться забываться колебаться держать
Fet A.A.,54,VERB,вторить знать бояться торчать дрожать шептать жить хотеть мучить сорвать
Fet A.A.,55,VERB,переплетаться трогать пить трещать заниматься любить понимать затонуть являться идти
Fet A.A.,56,VERB,сменять становиться сжимать сказать делиться делать слышаться веять гнить забывать
Fet A.A.,57,VERB,приходить написать наливать заставлять сетовать тучнеть трепетать озарять рождаться блистать
Fet A.A.,58,VERB,проходить принимать взглядывать звать смывать говорить затмевать любить давать петь
Fet A.A.,59,VERB,дышать слышать говорить говорить сорвать тосковать дивиться бежать являться ждать
Fet A.A.,60,VERB,кричать забывать посинеть называть освещать юркнуть любить приходить напугаться двигаться
Fet A.A.,61,VERB,угасать нисходить дышать приезжать ловить огибать взяться быть праздновать пожимать
Fet A.A.,62,VERB,называть посадить дорожить помышлять колыхать помогать слышать улыбаться раскидывать возвышать
Fet A.A.,63,VERB,давать дрожать молчать петь твердить влечь звать восклицать спускаться слать
Fet A.A.,64,VERB,находить тесниться писать услышать стоять привыкать обвивать уносить таять мочь
Fet A.A.,65,VERB,ходить восставать зайти носиться просыпаться целовать склонить дрожать закрываться управлять
Fet A.A.,66,VERB,обмелеть татуировать подъять потечь бывать хотеть мучить лететь говорить желать
Fet A.A.,67,VERB,суметь шататься скатиться быть связувать быть вести спешить задрожать бояться
Fet A.A.,68,VERB,пить отходить оседать раскрываться просыпаться молчать касаться обдавать воскрешать проситься
Fet A.A.,69,VERB,нести подмечать жить поверять быть поминать избавить ползти чуять давать
Fet A.A.,70,VERB,быть поникать осквернять бояться вонзаться сиять уснуть признаваться внимать понимать
Fet A.A.,71,VERB,приходить видеть гореть кликать раскрывать подниматься упархивать шагать бояться смотреть
Fet A.A.,72,VERB,приставать спешить передавать видеть слушать видеть целовать смотреть увидать приносить
Fet A.A.,73,VERB,уснуть зарождаться влачить увлекать отказывать любить нестись звать давать хлопотать
Fet A.A.,74,VERB,оставаться светить подслушивать поспешить петь свистать поплыть отражать поторопиться пробираться
Fet A.A.,75,VERB,находить закипать напоминать сравнивать качать плакать начинать звать лежать стремиться
Fet A.A.,76,VERB,прийти прощать быть почтить высказывать раскидывать глядеть нашептывать видеть оставлять
Fet A.A.,77,VERB,потерять сорвать метать ликовать красться садиться искать провожать срубать склонять
Fet A.A.,78,VERB,расписываться зыбить быть сказать стыдиться менять молиться поторопиться сиять роптать
Fet A.A.,79,VERB,уходить видеть мелькать стекаться плеснуть давать изволить пронестись домчать заскрипеть
Fet A.A.,80,VERB,стеснять открывать подживать торопить гордиться нахлынуть прощаться представать просиживать превращать
Fet A.A.,81,VERB,дождаться прильнуть заныть распускаться писать слезать поставлять приходить теснить возмущать
Fet A.A.,82,VERB,креститься томить оседать белеть даровать митилить лететь смеркаться умирать счесть
Fet A.A.,83,VERB,сказать манить томиться видеть свистать читать трепетать идти жить пропеть
Fet A.A.,84,VERB,любить дождаться нестись водить утопать крыть просыпаться говорить сидеть отдыхать
Fet A.A.,85,VERB,наклонять уносить верить повеселиться обновляться уносить быть знать раскидывать покидать
Fet A.A.,86,VERB,разгораться разгораться хотеть утешаться оставлять устаивать называть давать чудиться подождать
Fet A.A.,87,VERB,видеть плевать вещать увидать отдаваться становиться слезать видеть измерять утратить
Fet A.A.,88,VERB,покрывать засиять уносить расталкивать молиться снести забывать просить слышать темнеть
Fet A.A.,89,VERB,повстречать колыхаться смыкаться завыть давать поглядеть позаметать находить услыхать становиться
Fet A.A.,90,VERB,скатиться надламывать колебаться гименеть негодовать умилиться мочь оставаться мочь цвести
Fet A.A.,91,VERB,убегать струиться прокрадываться вздыхать считать молиться биться сливаться сказать пахнуть
Fet A.A.,92,VERB,любить видеть провидеть быть светлеть слать веселиться согреваться гнать говорить
Fet A.A.,93,VERB,упасть стоять удаляться прорвать стлаться даровать подыматься промчаться оставлять верить
Fet A.A.,94,VERB,лететь брызнуть набирать стоять томить взглядывать валиться испещрять лететь просыпаться
Fet A.A.,95,VERB,велеть объять держаться гласить приподымать заводить дрожать наклонять вздрагивать приникать
Fet A.A.,96,VERB,изнывать согревать быть служить мчаться ощущать обещать завершить вбегать потопать
Fet A.A.,97,VERB,внимать полюбить входить быть миновать затаиваться спать уловлять терпеть знать
Fet A.A.,98,VERB,простереть опочить напевать поучать наставать быть улыбаться обнимать спать петь
Fet A.A.,99,VERB,мерещиться обретать испытывать помышлять погодить желать смыкаться сводить дрожать шататься
Fet A.A.,100,VERB,дерзать изнемогать прельщаться продлять ширяться заглядывать закладывать выводить начинать смотреть
